<?xml version="1.0" ?><component loc="7:SerialToRadioC.nc" nicename="SerialToRadioC" qname="SerialToRadioC">
      <module/>
    <specification><interface loc="11:SerialToRadioC.nc" name="Timer0" provided="0" ref="0x40728010">
      <component-ref nicename="SerialToRadioC" qname="SerialToRadioC"/>
      <type-interface alignment="I:2" size="I:2"><interface-ref name="Timer0" ref="0x40728010" scoped=""/></type-interface>
      <instance>
        <interfacedef-ref nicename="tos.lib.timer.Timer" qname="Timer"/>
        <arguments>
          <type-tag alignment="I:2" size="I:2"><struct-ref ref="0x40614868"/>
            <typename><typedef-ref name="TMilli" ref="0x40614a30"/></typename>
          </type-tag>
        </arguments>
      </instance>
      <interface-functions>
        <function-ref name="getNow" ref="0x40727b00" scoped=""/>
        <function-ref name="fired" ref="0x40728d90" scoped=""/>
        <function-ref name="startPeriodicAt" ref="0x407274c0" scoped=""/>
        <function-ref name="isOneShot" ref="0x40727268" scoped=""/>
        <function-ref name="getdt" ref="0x40721010" scoped=""/>
        <function-ref name="gett0" ref="0x40727d58" scoped=""/>
        <function-ref name="isRunning" ref="0x40727010" scoped=""/>
        <function-ref name="startPeriodic" ref="0x40728638" scoped=""/>
        <function-ref name="startOneShotAt" ref="0x407277e0" scoped=""/>
        <function-ref name="startOneShot" ref="0x407288b8" scoped=""/>
        <function-ref name="stop" ref="0x40728b38" scoped=""/>
      </interface-functions>
    </interface><interface loc="12:SerialToRadioC.nc" name="AMControl" provided="0" ref="0x40732370">
      <component-ref nicename="SerialToRadioC" qname="SerialToRadioC"/>
      <type-interface alignment="I:2" size="I:2"><interface-ref name="AMControl" ref="0x40732370" scoped=""/></type-interface>
      <instance>
        <interfacedef-ref nicename="tos.interfaces.SplitControl" qname="SplitControl"/>
      </instance>
      <interface-functions>
        <function-ref name="startDone" ref="0x40732548" scoped=""/>
        <function-ref name="stopDone" ref="0x40732628" scoped=""/>
        <function-ref name="start" ref="0x40732708" scoped=""/>
        <function-ref name="stop" ref="0x407327e8" scoped=""/>
      </interface-functions>
    </interface><interface loc="10:SerialToRadioC.nc" name="Boot" provided="0" ref="0x407131a8">
      <component-ref nicename="SerialToRadioC" qname="SerialToRadioC"/>
      <type-interface alignment="I:2" size="I:2"><interface-ref name="Boot" ref="0x407131a8" scoped=""/></type-interface>
      <instance>
        <interfacedef-ref nicename="tos.interfaces.Boot" qname="Boot"/>
      </instance>
      <interface-functions>
        <function-ref name="booted" ref="0x40713380" scoped=""/>
      </interface-functions>
    </interface><interface loc="13:SerialToRadioC.nc" name="SerialControl" provided="0" ref="0x40732a50">
      <component-ref nicename="SerialToRadioC" qname="SerialToRadioC"/>
      <type-interface alignment="I:2" size="I:2"><interface-ref name="SerialControl" ref="0x40732a50" scoped=""/></type-interface>
      <instance>
        <interfacedef-ref nicename="tos.interfaces.SplitControl" qname="SplitControl"/>
      </instance>
      <interface-functions>
        <function-ref name="startDone" ref="0x40732c28" scoped=""/>
        <function-ref name="stopDone" ref="0x40732d08" scoped=""/>
        <function-ref name="start" ref="0x40732de8" scoped=""/>
        <function-ref name="stop" ref="0x40732ec8" scoped=""/>
      </interface-functions>
    </interface><interface loc="14:SerialToRadioC.nc" name="Packet" provided="0" ref="0x4071f010">
      <component-ref nicename="SerialToRadioC" qname="SerialToRadioC"/>
      <type-interface alignment="I:2" size="I:2"><interface-ref name="Packet" ref="0x4071f010" scoped=""/></type-interface>
      <instance>
        <interfacedef-ref nicename="tos.interfaces.Packet" qname="Packet"/>
      </instance>
      <interface-functions>
        <function-ref name="clear" ref="0x4071f1e8" scoped=""/>
        <function-ref name="payloadLength" ref="0x4071f2c8" scoped=""/>
        <function-ref name="getPayload" ref="0x4071f3a8" scoped=""/>
        <function-ref name="maxPayloadLength" ref="0x4071f488" scoped=""/>
        <function-ref name="setPayloadLength" ref="0x4071f568" scoped=""/>
      </interface-functions>
    </interface><interface loc="15:SerialToRadioC.nc" name="AMSend" provided="0" ref="0x407657d0">
      <component-ref nicename="SerialToRadioC" qname="SerialToRadioC"/>
      <type-interface alignment="I:2" size="I:2"><interface-ref name="AMSend" ref="0x407657d0" scoped=""/></type-interface>
      <instance>
        <interfacedef-ref nicename="tos.interfaces.AMSend" qname="AMSend"/>
      </instance>
      <interface-functions>
        <function-ref name="send" ref="0x407659a8" scoped=""/>
        <function-ref name="getPayload" ref="0x40765a88" scoped=""/>
        <function-ref name="maxPayloadLength" ref="0x40765b68" scoped=""/>
        <function-ref name="cancel" ref="0x40765c48" scoped=""/>
        <function-ref name="sendDone" ref="0x40765d28" scoped=""/>
      </interface-functions>
    </interface><interface loc="17:SerialToRadioC.nc" name="SerialPacket" provided="0" ref="0x40760d98">
      <component-ref nicename="SerialToRadioC" qname="SerialToRadioC"/>
      <type-interface alignment="I:2" size="I:2"><interface-ref name="SerialPacket" ref="0x40760d98" scoped=""/></type-interface>
      <instance>
        <interfacedef-ref nicename="tos.interfaces.Packet" qname="Packet"/>
      </instance>
      <interface-functions>
        <function-ref name="clear" ref="0x40769010" scoped=""/>
        <function-ref name="payloadLength" ref="0x407690f0" scoped=""/>
        <function-ref name="getPayload" ref="0x407691d0" scoped=""/>
        <function-ref name="maxPayloadLength" ref="0x407692b0" scoped=""/>
        <function-ref name="setPayloadLength" ref="0x40769390" scoped=""/>
      </interface-functions>
    </interface><interface loc="16:SerialToRadioC.nc" name="SerialReceive" provided="0" ref="0x407609a0">
      <component-ref nicename="SerialToRadioC" qname="SerialToRadioC"/>
      <type-interface alignment="I:2" size="I:2"><interface-ref name="SerialReceive" ref="0x407609a0" scoped=""/></type-interface>
      <instance>
        <interfacedef-ref nicename="tos.interfaces.Receive" qname="Receive"/>
      </instance>
      <interface-functions>
        <function-ref name="receive" ref="0x40760b78" scoped=""/>
      </interface-functions>
    </interface></specification><referenced/></component>