<?xml version="1.0" ?><component loc="37:/home/zly/tinyos-main/tos/chips/msp430/usart/HplMsp430I2C0P.nc" nicename="tos.chips.msp430.usart.HplMsp430I2C0P" qname="HplMsp430I2C0P" safe="">
      <documentation loc="32:/home/zly/tinyos-main/tos/chips/msp430/usart/HplMsp430I2C0P.nc">
        <short>
 </short>
        <long>
 @author Jonathan Hui &lt;jhui@archrock.com&gt;
 @version $Revision: 1.5 $ $Date: 2008-06-24 05:32:31 $
</long>
      </documentation>
      <module/>
    <specification><interface loc="41:/home/zly/tinyos-main/tos/chips/msp430/usart/HplMsp430I2C0P.nc" name="HplUsart" provided="0" ref="0x40d80c58">
      <component-ref nicename="tos.chips.msp430.usart.HplMsp430I2C0P" qname="HplMsp430I2C0P"/>
      <type-interface alignment="I:2" size="I:2"><interface-ref name="HplUsart" ref="0x40d80c58" scoped=""/></type-interface>
      <instance>
        <interfacedef-ref nicename="tos.chips.msp430.usart.HplMsp430Usart" qname="HplMsp430Usart"/>
      </instance>
      <interface-functions>
        <function-ref name="isTxEmpty" ref="0x40d80e30" scoped=""/>
        <function-ref name="enableUartRx" ref="0x40d80f10" scoped=""/>
        <function-ref name="setUctl" ref="0x40daf010" scoped=""/>
        <function-ref name="enableUart" ref="0x40daf0f0" scoped=""/>
        <function-ref name="setUrctl" ref="0x40daf1d0" scoped=""/>
        <function-ref name="enableRxIntr" ref="0x40daf2b0" scoped=""/>
        <function-ref name="clrRxIntr" ref="0x40daf390" scoped=""/>
        <function-ref name="getUtctl" ref="0x40daf470" scoped=""/>
        <function-ref name="getUrctl" ref="0x40daf550" scoped=""/>
        <function-ref name="resetUsart" ref="0x40daf630" scoped=""/>
        <function-ref name="getUmctl" ref="0x40daf710" scoped=""/>
        <function-ref name="disableIntr" ref="0x40daf7f0" scoped=""/>
        <function-ref name="setUtctl" ref="0x40daf8d0" scoped=""/>
        <function-ref name="getUbr" ref="0x40dafa30" scoped=""/>
        <function-ref name="enableTxIntr" ref="0x40dafb10" scoped=""/>
        <function-ref name="setUmctl" ref="0x40dafbf0" scoped=""/>
        <function-ref name="isUartRx" ref="0x40dafcd0" scoped=""/>
        <function-ref name="isUart" ref="0x40dafdb0" scoped=""/>
        <function-ref name="disableRxIntr" ref="0x40dafe90" scoped=""/>
        <function-ref name="isSpi" ref="0x40dae010" scoped=""/>
        <function-ref name="enableUartTx" ref="0x40dae0f0" scoped=""/>
        <function-ref name="disableTxIntr" ref="0x40dae1d0" scoped=""/>
        <function-ref name="disableUartRx" ref="0x40dae2b0" scoped=""/>
        <function-ref name="enableIntr" ref="0x40dae390" scoped=""/>
        <function-ref name="getMode" ref="0x40dae470" scoped=""/>
        <function-ref name="isTxIntrPending" ref="0x40dae650" scoped=""/>
        <function-ref name="clrIntr" ref="0x40dae730" scoped=""/>
        <function-ref name="setUbr" ref="0x40dae810" scoped=""/>
        <function-ref name="tx" ref="0x40dae8f0" scoped=""/>
        <function-ref name="getUctl" ref="0x40dae9d0" scoped=""/>
        <function-ref name="disableUart" ref="0x40daeab0" scoped=""/>
        <function-ref name="enableSpi" ref="0x40daeb90" scoped=""/>
        <function-ref name="setModeUart" ref="0x40daec70" scoped=""/>
        <function-ref name="setModeSpi" ref="0x40daed50" scoped=""/>
        <function-ref name="rx" ref="0x40daee30" scoped=""/>
        <function-ref name="isRxIntrPending" ref="0x40daef10" scoped=""/>
        <function-ref name="isUartTx" ref="0x40dad010" scoped=""/>
        <function-ref name="clrTxIntr" ref="0x40dad0f0" scoped=""/>
        <function-ref name="disableSpi" ref="0x40dad1d0" scoped=""/>
        <function-ref name="disableUartTx" ref="0x40dad2b0" scoped=""/>
      </interface-functions>
    </interface><interface loc="43:/home/zly/tinyos-main/tos/chips/msp430/usart/HplMsp430I2C0P.nc" name="UCLK" provided="0" ref="0x40dac678">
      <component-ref nicename="tos.chips.msp430.usart.HplMsp430I2C0P" qname="HplMsp430I2C0P"/>
      <type-interface alignment="I:2" size="I:2"><interface-ref name="UCLK" ref="0x40dac678" scoped=""/></type-interface>
      <instance>
        <interfacedef-ref nicename="tos.chips.msp430.pins.HplMsp430GeneralIO" qname="HplMsp430GeneralIO"/>
      </instance>
      <interface-functions>
        <function-ref name="makeInput" ref="0x40dac850" scoped=""/>
        <function-ref name="isInput" ref="0x40dac930" scoped=""/>
        <function-ref name="setResistor" ref="0x40daca10" scoped=""/>
        <function-ref name="toggle" ref="0x40dacaf0" scoped=""/>
        <function-ref name="isOutput" ref="0x40dacbd0" scoped=""/>
        <function-ref name="getResistor" ref="0x40daccb0" scoped=""/>
        <function-ref name="makeOutput" ref="0x40dacd90" scoped=""/>
        <function-ref name="get" ref="0x40dace70" scoped=""/>
        <function-ref name="selectIOFunc" ref="0x40dab010" scoped=""/>
        <function-ref name="getRaw" ref="0x40dab0f0" scoped=""/>
        <function-ref name="set" ref="0x40dab1d0" scoped=""/>
        <function-ref name="selectModuleFunc" ref="0x40dab2b0" scoped=""/>
        <function-ref name="isIOFunc" ref="0x40dab390" scoped=""/>
        <function-ref name="isModuleFunc" ref="0x40dab4f0" scoped=""/>
        <function-ref name="clr" ref="0x40dab5d0" scoped=""/>
      </interface-functions>
    </interface><interface loc="39:/home/zly/tinyos-main/tos/chips/msp430/usart/HplMsp430I2C0P.nc" name="HplI2C" provided="1" ref="0x40d83030">
      <component-ref nicename="tos.chips.msp430.usart.HplMsp430I2C0P" qname="HplMsp430I2C0P"/>
      <type-interface alignment="I:2" size="I:2"><interface-ref name="HplI2C" ref="0x40d83030" scoped=""/></type-interface>
      <instance>
        <interfacedef-ref nicename="tos.chips.msp430.usart.HplMsp430I2C" qname="HplMsp430I2C"/>
      </instance>
      <interface-functions>
        <function-ref name="disableOwnAddress" ref="0x40d83208" scoped=""/>
        <function-ref name="getStartByte" ref="0x40d832e8" scoped=""/>
        <function-ref name="setSlaveAddress" ref="0x40d833c8" scoped=""/>
        <function-ref name="setMasterMode" ref="0x40d834a8" scoped=""/>
        <function-ref name="disableTransmitReady" ref="0x40d83588" scoped=""/>
        <function-ref name="getClockPrescaler" ref="0x40d83668" scoped=""/>
        <function-ref name="setTransmitMode" ref="0x40d83748" scoped=""/>
        <function-ref name="getStopBit" ref="0x40d83828" scoped=""/>
        <function-ref name="setClockSource" ref="0x40d83908" scoped=""/>
        <function-ref name="getRepeatMode" ref="0x40d839e8" scoped=""/>
        <function-ref name="getData" ref="0x40d83ac8" scoped=""/>
        <function-ref name="enableStartDetect" ref="0x40d83ba8" scoped=""/>
        <function-ref name="enableAccessReady" ref="0x40d83c88" scoped=""/>
        <function-ref name="getSlaveAddress" ref="0x40d83de8" scoped=""/>
        <function-ref name="isGeneralCallPending" ref="0x40d83ec8" scoped=""/>
        <function-ref name="getIV" ref="0x40d82010" scoped=""/>
        <function-ref name="enableI2C" ref="0x40d820f0" scoped=""/>
        <function-ref name="setStartBit" ref="0x40d821d0" scoped=""/>
        <function-ref name="getTransferByteCount" ref="0x40d822b0" scoped=""/>
        <function-ref name="getTransmitReceiveMode" ref="0x40d82390" scoped=""/>
        <function-ref name="clearModeI2C" ref="0x40d82470" scoped=""/>
        <function-ref name="setOwnAddress" ref="0x40d82550" scoped=""/>
        <function-ref name="isI2C" ref="0x40d82630" scoped=""/>
        <function-ref name="enableGeneralCall" ref="0x40d82710" scoped=""/>
        <function-ref name="enableOwnAddress" ref="0x40d827f0" scoped=""/>
        <function-ref name="isAccessReadyPending" ref="0x40d829d0" scoped=""/>
        <function-ref name="isArbitrationLostPending" ref="0x40d82ab0" scoped=""/>
        <function-ref name="disableReceiveReady" ref="0x40d82b90" scoped=""/>
        <function-ref name="disableNoAck" ref="0x40d82c70" scoped=""/>
        <function-ref name="disableStartDetect" ref="0x40d82d50" scoped=""/>
        <function-ref name="enableArbitrationLost" ref="0x40d82e30" scoped=""/>
        <function-ref name="disableI2C" ref="0x40d82f10" scoped=""/>
        <function-ref name="getShiftClock" ref="0x40d81010" scoped=""/>
        <function-ref name="disableArbitrationLost" ref="0x40d810f0" scoped=""/>
        <function-ref name="disableAccessReady" ref="0x40d811d0" scoped=""/>
        <function-ref name="setTransferByteCount" ref="0x40d812b0" scoped=""/>
        <function-ref name="isOwnAddressPending" ref="0x40d81390" scoped=""/>
        <function-ref name="getOwnAddress" ref="0x40d81470" scoped=""/>
        <function-ref name="enableTransmitReady" ref="0x40d81550" scoped=""/>
        <function-ref name="setModeI2C" ref="0x40d81630" scoped=""/>
        <function-ref name="getStartBit" ref="0x40d81710" scoped=""/>
        <function-ref name="setWordMode" ref="0x40d817f0" scoped=""/>
        <function-ref name="setData" ref="0x40d818d0" scoped=""/>
        <function-ref name="isStartDetectPending" ref="0x40d819b0" scoped=""/>
        <function-ref name="getClockSource" ref="0x40d81a90" scoped=""/>
        <function-ref name="getWordMode" ref="0x40d81b70" scoped=""/>
        <function-ref name="setShiftClock" ref="0x40d81c50" scoped=""/>
        <function-ref name="setSlaveMode" ref="0x40d81d30" scoped=""/>
        <function-ref name="enableNoAck" ref="0x40d81e10" scoped=""/>
        <function-ref name="enableReceiveReady" ref="0x40d80210" scoped=""/>
        <function-ref name="disableGeneralCall" ref="0x40d802f0" scoped=""/>
        <function-ref name="setClockPrescaler" ref="0x40d803d0" scoped=""/>
        <function-ref name="setStopBit" ref="0x40d804b0" scoped=""/>
        <function-ref name="setReceiveMode" ref="0x40d80590" scoped=""/>
        <function-ref name="isNoAckPending" ref="0x40d80670" scoped=""/>
        <function-ref name="setRepeatMode" ref="0x40d80750" scoped=""/>
        <function-ref name="isTransmitReadyPending" ref="0x40d80830" scoped=""/>
        <function-ref name="setStartByte" ref="0x40d80910" scoped=""/>
        <function-ref name="isReceiveReadyPending" ref="0x40d809f0" scoped=""/>
      </interface-functions>
    </interface><interface loc="42:/home/zly/tinyos-main/tos/chips/msp430/usart/HplMsp430I2C0P.nc" name="SIMO" provided="0" ref="0x40dad518">
      <component-ref nicename="tos.chips.msp430.usart.HplMsp430I2C0P" qname="HplMsp430I2C0P"/>
      <type-interface alignment="I:2" size="I:2"><interface-ref name="SIMO" ref="0x40dad518" scoped=""/></type-interface>
      <instance>
        <interfacedef-ref nicename="tos.chips.msp430.pins.HplMsp430GeneralIO" qname="HplMsp430GeneralIO"/>
      </instance>
      <interface-functions>
        <function-ref name="makeInput" ref="0x40dad6f0" scoped=""/>
        <function-ref name="isInput" ref="0x40dad7d0" scoped=""/>
        <function-ref name="setResistor" ref="0x40dad8b0" scoped=""/>
        <function-ref name="toggle" ref="0x40dad990" scoped=""/>
        <function-ref name="isOutput" ref="0x40dada70" scoped=""/>
        <function-ref name="getResistor" ref="0x40dadb50" scoped=""/>
        <function-ref name="makeOutput" ref="0x40dadc30" scoped=""/>
        <function-ref name="get" ref="0x40dadd10" scoped=""/>
        <function-ref name="selectIOFunc" ref="0x40daddf0" scoped=""/>
        <function-ref name="getRaw" ref="0x40daded0" scoped=""/>
        <function-ref name="set" ref="0x40dac010" scoped=""/>
        <function-ref name="selectModuleFunc" ref="0x40dac0f0" scoped=""/>
        <function-ref name="isIOFunc" ref="0x40dac1d0" scoped=""/>
        <function-ref name="isModuleFunc" ref="0x40dac330" scoped=""/>
        <function-ref name="clr" ref="0x40dac410" scoped=""/>
      </interface-functions>
    </interface></specification><referenced/></component>