<?xml version="1.0" ?><component loc="74:/home/zly/tinyos-main/tos/chips/msp430/usart/HplMsp430Usart0C.nc" nicename="tos.chips.msp430.usart.HplMsp430Usart0C" qname="HplMsp430Usart0C">
      <documentation loc="31:/home/zly/tinyos-main/tos/chips/msp430/usart/msp430usart.h">
        <short>
 </short>
        <long>
 @author Vlado Handziski &lt;handzisk@tkn.tu-berlin.de&gt;
 @author Philipp Huppertz &lt;huppertz@tkn.tu-berlin.de&gt;
</long>
      </documentation>
      <configuration/>
      <wiring>
        <wire loc="87:/home/zly/tinyos-main/tos/chips/msp430/usart/HplMsp430Usart0C.nc">
          <from><interface-ref name="HplMsp430I2CInterrupts" ref="0x40c90230" scoped=""/></from>
          <to><interface-ref name="I2CInterrupts" ref="0x40c8deb0" scoped=""/></to>
        </wire>
        <wire loc="86:/home/zly/tinyos-main/tos/chips/msp430/usart/HplMsp430Usart0C.nc">
          <from><interface-ref name="HplMsp430UsartInterrupts" ref="0x40c945e8" scoped=""/></from>
          <to><interface-ref name="Interrupts" ref="0x40c8d910" scoped=""/></to>
        </wire>
        <wire loc="85:/home/zly/tinyos-main/tos/chips/msp430/usart/HplMsp430Usart0C.nc">
          <from><interface-ref name="HplMsp430Usart" ref="0x40c99cb8" scoped=""/></from>
          <to><interface-ref name="Usart" ref="0x40c8f010" scoped=""/></to>
        </wire>
        <wire loc="90:/home/zly/tinyos-main/tos/chips/msp430/usart/HplMsp430Usart0C.nc">
          <from><interface-ref name="SIMO" ref="0x40c9fd38" scoped=""/></from>
          <to><interface-ref name="SIMO0" ref="0x409ebd80" scoped=""/></to>
        </wire>
        <wire loc="91:/home/zly/tinyos-main/tos/chips/msp430/usart/HplMsp430Usart0C.nc">
          <from><interface-ref name="SOMI" ref="0x40ccae58" scoped=""/></from>
          <to><interface-ref name="SOMI0" ref="0x409e8068" scoped=""/></to>
        </wire>
        <wire loc="92:/home/zly/tinyos-main/tos/chips/msp430/usart/HplMsp430Usart0C.nc">
          <from><interface-ref name="UCLK" ref="0x40cc8010" scoped=""/></from>
          <to><interface-ref name="UCLK0" ref="0x409e71a0" scoped=""/></to>
        </wire>
        <wire loc="93:/home/zly/tinyos-main/tos/chips/msp430/usart/HplMsp430Usart0C.nc">
          <from><interface-ref name="URXD" ref="0x40cc7168" scoped=""/></from>
          <to><interface-ref name="URXD0" ref="0x409e4680" scoped=""/></to>
        </wire>
        <wire loc="94:/home/zly/tinyos-main/tos/chips/msp430/usart/HplMsp430Usart0C.nc">
          <from><interface-ref name="UTXD" ref="0x40cc6280" scoped=""/></from>
          <to><interface-ref name="UTXD0" ref="0x409e54c0" scoped=""/></to>
        </wire>
      </wiring>
    <specification><interface loc="78:/home/zly/tinyos-main/tos/chips/msp430/usart/HplMsp430Usart0C.nc" name="HplMsp430I2CInterrupts" provided="1" ref="0x40c90230">
      <component-ref nicename="tos.chips.msp430.usart.HplMsp430Usart0C" qname="HplMsp430Usart0C"/>
      <type-interface alignment="I:2" size="I:2"><interface-ref name="HplMsp430I2CInterrupts" ref="0x40c90230" scoped=""/></type-interface>
      <instance>
        <interfacedef-ref nicename="tos.chips.msp430.usart.HplMsp430I2CInterrupts" qname="HplMsp430I2CInterrupts"/>
      </instance>
      <interface-functions>
        <function-ref name="fired" ref="0x40c90408" scoped=""/>
      </interface-functions>
    </interface><interface loc="77:/home/zly/tinyos-main/tos/chips/msp430/usart/HplMsp430Usart0C.nc" name="HplMsp430UsartInterrupts" provided="1" ref="0x40c945e8">
      <component-ref nicename="tos.chips.msp430.usart.HplMsp430Usart0C" qname="HplMsp430Usart0C"/>
      <type-interface alignment="I:2" size="I:2"><interface-ref name="HplMsp430UsartInterrupts" ref="0x40c945e8" scoped=""/></type-interface>
      <instance>
        <interfacedef-ref nicename="tos.chips.msp430.usart.HplMsp430UsartInterrupts" qname="HplMsp430UsartInterrupts"/>
      </instance>
      <interface-functions>
        <function-ref name="rxDone" ref="0x40c947c0" scoped=""/>
        <function-ref name="txDone" ref="0x40c948a0" scoped=""/>
      </interface-functions>
    </interface><interface loc="76:/home/zly/tinyos-main/tos/chips/msp430/usart/HplMsp430Usart0C.nc" name="HplMsp430Usart" provided="1" ref="0x40c99cb8">
      <component-ref nicename="tos.chips.msp430.usart.HplMsp430Usart0C" qname="HplMsp430Usart0C"/>
      <type-interface alignment="I:2" size="I:2"><interface-ref name="HplMsp430Usart" ref="0x40c99cb8" scoped=""/></type-interface>
      <instance>
        <interfacedef-ref nicename="tos.chips.msp430.usart.HplMsp430Usart" qname="HplMsp430Usart"/>
      </instance>
      <interface-functions>
        <function-ref name="isTxEmpty" ref="0x40c99e90" scoped=""/>
        <function-ref name="enableUartRx" ref="0x40c96010" scoped=""/>
        <function-ref name="setUctl" ref="0x40c960f0" scoped=""/>
        <function-ref name="enableUart" ref="0x40c961d0" scoped=""/>
        <function-ref name="setUrctl" ref="0x40c962b0" scoped=""/>
        <function-ref name="enableRxIntr" ref="0x40c96390" scoped=""/>
        <function-ref name="clrRxIntr" ref="0x40c96470" scoped=""/>
        <function-ref name="getUtctl" ref="0x40c96550" scoped=""/>
        <function-ref name="getUrctl" ref="0x40c96630" scoped=""/>
        <function-ref name="resetUsart" ref="0x40c96710" scoped=""/>
        <function-ref name="getUmctl" ref="0x40c967f0" scoped=""/>
        <function-ref name="disableIntr" ref="0x40c968d0" scoped=""/>
        <function-ref name="setUtctl" ref="0x40c969b0" scoped=""/>
        <function-ref name="getUbr" ref="0x40c96b10" scoped=""/>
        <function-ref name="enableTxIntr" ref="0x40c96bf0" scoped=""/>
        <function-ref name="setUmctl" ref="0x40c96cd0" scoped=""/>
        <function-ref name="isUartRx" ref="0x40c96db0" scoped=""/>
        <function-ref name="isUart" ref="0x40c96e90" scoped=""/>
        <function-ref name="disableRxIntr" ref="0x40c95010" scoped=""/>
        <function-ref name="isSpi" ref="0x40c950f0" scoped=""/>
        <function-ref name="enableUartTx" ref="0x40c951d0" scoped=""/>
        <function-ref name="disableTxIntr" ref="0x40c952b0" scoped=""/>
        <function-ref name="disableUartRx" ref="0x40c95390" scoped=""/>
        <function-ref name="enableIntr" ref="0x40c95470" scoped=""/>
        <function-ref name="getMode" ref="0x40c95550" scoped=""/>
        <function-ref name="isTxIntrPending" ref="0x40c95730" scoped=""/>
        <function-ref name="clrIntr" ref="0x40c95810" scoped=""/>
        <function-ref name="setUbr" ref="0x40c958f0" scoped=""/>
        <function-ref name="tx" ref="0x40c959d0" scoped=""/>
        <function-ref name="getUctl" ref="0x40c95ab0" scoped=""/>
        <function-ref name="disableUart" ref="0x40c95b90" scoped=""/>
        <function-ref name="enableSpi" ref="0x40c95c70" scoped=""/>
        <function-ref name="setModeUart" ref="0x40c95d50" scoped=""/>
        <function-ref name="setModeSpi" ref="0x40c95e30" scoped=""/>
        <function-ref name="rx" ref="0x40c95f10" scoped=""/>
        <function-ref name="isRxIntrPending" ref="0x40c94010" scoped=""/>
        <function-ref name="isUartTx" ref="0x40c940f0" scoped=""/>
        <function-ref name="clrTxIntr" ref="0x40c941d0" scoped=""/>
        <function-ref name="disableSpi" ref="0x40c942b0" scoped=""/>
        <function-ref name="disableUartTx" ref="0x40c94390" scoped=""/>
      </interface-functions>
    </interface></specification><referenced><interface loc="144:/home/zly/tinyos-main/tos/chips/msp430/pins/HplMsp430GeneralIOC.nc" name="SIMO0" provided="1" ref="0x409ebd80">
      <component-ref nicename="tos.chips.msp430.pins.HplMsp430GeneralIOC" qname="HplMsp430GeneralIOC"/>
      <type-interface alignment="I:2" size="I:2"><interface-ref name="SIMO0" ref="0x409ebd80" scoped=""/></type-interface>
      <instance>
        <interfacedef-ref nicename="tos.chips.msp430.pins.HplMsp430GeneralIO" qname="HplMsp430GeneralIO"/>
      </instance>
      <interface-functions>
        <function-ref name="makeInput" ref="0x409ea010" scoped=""/>
        <function-ref name="isInput" ref="0x409ea0f0" scoped=""/>
        <function-ref name="setResistor" ref="0x409ea1d0" scoped=""/>
        <function-ref name="toggle" ref="0x409ea2b0" scoped=""/>
        <function-ref name="isOutput" ref="0x409ea390" scoped=""/>
        <function-ref name="getResistor" ref="0x409ea470" scoped=""/>
        <function-ref name="makeOutput" ref="0x409ea550" scoped=""/>
        <function-ref name="get" ref="0x409ea630" scoped=""/>
        <function-ref name="selectIOFunc" ref="0x409ea710" scoped=""/>
        <function-ref name="getRaw" ref="0x409ea7f0" scoped=""/>
        <function-ref name="set" ref="0x409ea8d0" scoped=""/>
        <function-ref name="selectModuleFunc" ref="0x409ea9b0" scoped=""/>
        <function-ref name="isIOFunc" ref="0x409eaa90" scoped=""/>
        <function-ref name="isModuleFunc" ref="0x409eabf0" scoped=""/>
        <function-ref name="clr" ref="0x409eacd0" scoped=""/>
      </interface-functions>
    </interface><interface loc="82:/home/zly/tinyos-main/tos/chips/msp430/usart/HplMsp430Usart0P.nc" name="UCLK" provided="0" ref="0x40cc8010">
      <component-ref nicename="tos.chips.msp430.usart.HplMsp430Usart0P" qname="HplMsp430Usart0P"/>
      <type-interface alignment="I:2" size="I:2"><interface-ref name="UCLK" ref="0x40cc8010" scoped=""/></type-interface>
      <instance>
        <interfacedef-ref nicename="tos.chips.msp430.pins.HplMsp430GeneralIO" qname="HplMsp430GeneralIO"/>
      </instance>
      <interface-functions>
        <function-ref name="makeInput" ref="0x40cc81e8" scoped=""/>
        <function-ref name="isInput" ref="0x40cc82c8" scoped=""/>
        <function-ref name="setResistor" ref="0x40cc83a8" scoped=""/>
        <function-ref name="toggle" ref="0x40cc8488" scoped=""/>
        <function-ref name="isOutput" ref="0x40cc8568" scoped=""/>
        <function-ref name="getResistor" ref="0x40cc8648" scoped=""/>
        <function-ref name="makeOutput" ref="0x40cc8728" scoped=""/>
        <function-ref name="get" ref="0x40cc8808" scoped=""/>
        <function-ref name="selectIOFunc" ref="0x40cc88e8" scoped=""/>
        <function-ref name="getRaw" ref="0x40cc89c8" scoped=""/>
        <function-ref name="set" ref="0x40cc8aa8" scoped=""/>
        <function-ref name="selectModuleFunc" ref="0x40cc8b88" scoped=""/>
        <function-ref name="isIOFunc" ref="0x40cc8c68" scoped=""/>
        <function-ref name="isModuleFunc" ref="0x40cc8dc8" scoped=""/>
        <function-ref name="clr" ref="0x40cc8ea8" scoped=""/>
      </interface-functions>
    </interface><interface loc="80:/home/zly/tinyos-main/tos/chips/msp430/usart/HplMsp430Usart0P.nc" name="SIMO" provided="0" ref="0x40c9fd38">
      <component-ref nicename="tos.chips.msp430.usart.HplMsp430Usart0P" qname="HplMsp430Usart0P"/>
      <type-interface alignment="I:2" size="I:2"><interface-ref name="SIMO" ref="0x40c9fd38" scoped=""/></type-interface>
      <instance>
        <interfacedef-ref nicename="tos.chips.msp430.pins.HplMsp430GeneralIO" qname="HplMsp430GeneralIO"/>
      </instance>
      <interface-functions>
        <function-ref name="makeInput" ref="0x40c9ff10" scoped=""/>
        <function-ref name="isInput" ref="0x40cca010" scoped=""/>
        <function-ref name="setResistor" ref="0x40cca0f0" scoped=""/>
        <function-ref name="toggle" ref="0x40cca1d0" scoped=""/>
        <function-ref name="isOutput" ref="0x40cca2b0" scoped=""/>
        <function-ref name="getResistor" ref="0x40cca390" scoped=""/>
        <function-ref name="makeOutput" ref="0x40cca470" scoped=""/>
        <function-ref name="get" ref="0x40cca550" scoped=""/>
        <function-ref name="selectIOFunc" ref="0x40cca630" scoped=""/>
        <function-ref name="getRaw" ref="0x40cca710" scoped=""/>
        <function-ref name="set" ref="0x40cca7f0" scoped=""/>
        <function-ref name="selectModuleFunc" ref="0x40cca8d0" scoped=""/>
        <function-ref name="isIOFunc" ref="0x40cca9b0" scoped=""/>
        <function-ref name="isModuleFunc" ref="0x40ccab10" scoped=""/>
        <function-ref name="clr" ref="0x40ccabf0" scoped=""/>
      </interface-functions>
    </interface><interface loc="147:/home/zly/tinyos-main/tos/chips/msp430/pins/HplMsp430GeneralIOC.nc" name="UCLK0" provided="1" ref="0x409e71a0">
      <component-ref nicename="tos.chips.msp430.pins.HplMsp430GeneralIOC" qname="HplMsp430GeneralIOC"/>
      <type-interface alignment="I:2" size="I:2"><interface-ref name="UCLK0" ref="0x409e71a0" scoped=""/></type-interface>
      <instance>
        <interfacedef-ref nicename="tos.chips.msp430.pins.HplMsp430GeneralIO" qname="HplMsp430GeneralIO"/>
      </instance>
      <interface-functions>
        <function-ref name="makeInput" ref="0x409e7378" scoped=""/>
        <function-ref name="isInput" ref="0x409e7458" scoped=""/>
        <function-ref name="setResistor" ref="0x409e7538" scoped=""/>
        <function-ref name="toggle" ref="0x409e7618" scoped=""/>
        <function-ref name="isOutput" ref="0x409e76f8" scoped=""/>
        <function-ref name="getResistor" ref="0x409e77d8" scoped=""/>
        <function-ref name="makeOutput" ref="0x409e78b8" scoped=""/>
        <function-ref name="get" ref="0x409e7998" scoped=""/>
        <function-ref name="selectIOFunc" ref="0x409e7a78" scoped=""/>
        <function-ref name="getRaw" ref="0x409e7b58" scoped=""/>
        <function-ref name="set" ref="0x409e7c38" scoped=""/>
        <function-ref name="selectModuleFunc" ref="0x409e7d18" scoped=""/>
        <function-ref name="isIOFunc" ref="0x409e7df8" scoped=""/>
        <function-ref name="isModuleFunc" ref="0x409e6010" scoped=""/>
        <function-ref name="clr" ref="0x409e60f0" scoped=""/>
      </interface-functions>
    </interface><interface loc="81:/home/zly/tinyos-main/tos/chips/msp430/usart/HplMsp430Usart0P.nc" name="SOMI" provided="0" ref="0x40ccae58">
      <component-ref nicename="tos.chips.msp430.usart.HplMsp430Usart0P" qname="HplMsp430Usart0P"/>
      <type-interface alignment="I:2" size="I:2"><interface-ref name="SOMI" ref="0x40ccae58" scoped=""/></type-interface>
      <instance>
        <interfacedef-ref nicename="tos.chips.msp430.pins.HplMsp430GeneralIO" qname="HplMsp430GeneralIO"/>
      </instance>
      <interface-functions>
        <function-ref name="makeInput" ref="0x40cc9050" scoped=""/>
        <function-ref name="isInput" ref="0x40cc9130" scoped=""/>
        <function-ref name="setResistor" ref="0x40cc9210" scoped=""/>
        <function-ref name="toggle" ref="0x40cc92f0" scoped=""/>
        <function-ref name="isOutput" ref="0x40cc93d0" scoped=""/>
        <function-ref name="getResistor" ref="0x40cc94b0" scoped=""/>
        <function-ref name="makeOutput" ref="0x40cc9590" scoped=""/>
        <function-ref name="get" ref="0x40cc9670" scoped=""/>
        <function-ref name="selectIOFunc" ref="0x40cc9750" scoped=""/>
        <function-ref name="getRaw" ref="0x40cc9830" scoped=""/>
        <function-ref name="set" ref="0x40cc9910" scoped=""/>
        <function-ref name="selectModuleFunc" ref="0x40cc99f0" scoped=""/>
        <function-ref name="isIOFunc" ref="0x40cc9ad0" scoped=""/>
        <function-ref name="isModuleFunc" ref="0x40cc9c30" scoped=""/>
        <function-ref name="clr" ref="0x40cc9d10" scoped=""/>
      </interface-functions>
    </interface><interface loc="75:/home/zly/tinyos-main/tos/chips/msp430/usart/HplMsp430Usart0P.nc" name="Usart" provided="1" ref="0x40c8f010">
      <component-ref nicename="tos.chips.msp430.usart.HplMsp430Usart0P" qname="HplMsp430Usart0P"/>
      <type-interface alignment="I:2" size="I:2"><interface-ref name="Usart" ref="0x40c8f010" scoped=""/></type-interface>
      <instance>
        <interfacedef-ref nicename="tos.chips.msp430.usart.HplMsp430Usart" qname="HplMsp430Usart"/>
      </instance>
      <interface-functions>
        <function-ref name="isTxEmpty" ref="0x40c8f1e8" scoped=""/>
        <function-ref name="enableUartRx" ref="0x40c8f2c8" scoped=""/>
        <function-ref name="setUctl" ref="0x40c8f3a8" scoped=""/>
        <function-ref name="enableUart" ref="0x40c8f488" scoped=""/>
        <function-ref name="setUrctl" ref="0x40c8f568" scoped=""/>
        <function-ref name="enableRxIntr" ref="0x40c8f648" scoped=""/>
        <function-ref name="clrRxIntr" ref="0x40c8f728" scoped=""/>
        <function-ref name="getUtctl" ref="0x40c8f808" scoped=""/>
        <function-ref name="getUrctl" ref="0x40c8f8e8" scoped=""/>
        <function-ref name="resetUsart" ref="0x40c8f9c8" scoped=""/>
        <function-ref name="getUmctl" ref="0x40c8faa8" scoped=""/>
        <function-ref name="disableIntr" ref="0x40c8fb88" scoped=""/>
        <function-ref name="setUtctl" ref="0x40c8fc68" scoped=""/>
        <function-ref name="getUbr" ref="0x40c8fdc8" scoped=""/>
        <function-ref name="enableTxIntr" ref="0x40c8fea8" scoped=""/>
        <function-ref name="setUmctl" ref="0x40c8e010" scoped=""/>
        <function-ref name="isUartRx" ref="0x40c8e0f0" scoped=""/>
        <function-ref name="isUart" ref="0x40c8e1d0" scoped=""/>
        <function-ref name="disableRxIntr" ref="0x40c8e2b0" scoped=""/>
        <function-ref name="isSpi" ref="0x40c8e390" scoped=""/>
        <function-ref name="enableUartTx" ref="0x40c8e470" scoped=""/>
        <function-ref name="disableTxIntr" ref="0x40c8e550" scoped=""/>
        <function-ref name="disableUartRx" ref="0x40c8e630" scoped=""/>
        <function-ref name="enableIntr" ref="0x40c8e710" scoped=""/>
        <function-ref name="getMode" ref="0x40c8e7f0" scoped=""/>
        <function-ref name="isTxIntrPending" ref="0x40c8e9d0" scoped=""/>
        <function-ref name="clrIntr" ref="0x40c8eab0" scoped=""/>
        <function-ref name="setUbr" ref="0x40c8eb90" scoped=""/>
        <function-ref name="tx" ref="0x40c8ec70" scoped=""/>
        <function-ref name="getUctl" ref="0x40c8ed50" scoped=""/>
        <function-ref name="disableUart" ref="0x40c8ee30" scoped=""/>
        <function-ref name="enableSpi" ref="0x40c8ef10" scoped=""/>
        <function-ref name="setModeUart" ref="0x40c8d010" scoped=""/>
        <function-ref name="setModeSpi" ref="0x40c8d0f0" scoped=""/>
        <function-ref name="rx" ref="0x40c8d1d0" scoped=""/>
        <function-ref name="isRxIntrPending" ref="0x40c8d2b0" scoped=""/>
        <function-ref name="isUartTx" ref="0x40c8d390" scoped=""/>
        <function-ref name="clrTxIntr" ref="0x40c8d470" scoped=""/>
        <function-ref name="disableSpi" ref="0x40c8d550" scoped=""/>
        <function-ref name="disableUartTx" ref="0x40c8d630" scoped=""/>
      </interface-functions>
    </interface><interface loc="146:/home/zly/tinyos-main/tos/chips/msp430/pins/HplMsp430GeneralIOC.nc" name="SOMI0" provided="1" ref="0x409e8068">
      <component-ref nicename="tos.chips.msp430.pins.HplMsp430GeneralIOC" qname="HplMsp430GeneralIOC"/>
      <type-interface alignment="I:2" size="I:2"><interface-ref name="SOMI0" ref="0x409e8068" scoped=""/></type-interface>
      <instance>
        <interfacedef-ref nicename="tos.chips.msp430.pins.HplMsp430GeneralIO" qname="HplMsp430GeneralIO"/>
      </instance>
      <interface-functions>
        <function-ref name="makeInput" ref="0x409e8240" scoped=""/>
        <function-ref name="isInput" ref="0x409e8320" scoped=""/>
        <function-ref name="setResistor" ref="0x409e8400" scoped=""/>
        <function-ref name="toggle" ref="0x409e84e0" scoped=""/>
        <function-ref name="isOutput" ref="0x409e85c0" scoped=""/>
        <function-ref name="getResistor" ref="0x409e86a0" scoped=""/>
        <function-ref name="makeOutput" ref="0x409e8780" scoped=""/>
        <function-ref name="get" ref="0x409e8860" scoped=""/>
        <function-ref name="selectIOFunc" ref="0x409e8940" scoped=""/>
        <function-ref name="getRaw" ref="0x409e8a20" scoped=""/>
        <function-ref name="set" ref="0x409e8b00" scoped=""/>
        <function-ref name="selectModuleFunc" ref="0x409e8be0" scoped=""/>
        <function-ref name="isIOFunc" ref="0x409e8cc0" scoped=""/>
        <function-ref name="isModuleFunc" ref="0x409e8e20" scoped=""/>
        <function-ref name="clr" ref="0x409e8f00" scoped=""/>
      </interface-functions>
    </interface><interface loc="83:/home/zly/tinyos-main/tos/chips/msp430/usart/HplMsp430Usart0P.nc" name="URXD" provided="0" ref="0x40cc7168">
      <component-ref nicename="tos.chips.msp430.usart.HplMsp430Usart0P" qname="HplMsp430Usart0P"/>
      <type-interface alignment="I:2" size="I:2"><interface-ref name="URXD" ref="0x40cc7168" scoped=""/></type-interface>
      <instance>
        <interfacedef-ref nicename="tos.chips.msp430.pins.HplMsp430GeneralIO" qname="HplMsp430GeneralIO"/>
      </instance>
      <interface-functions>
        <function-ref name="makeInput" ref="0x40cc7340" scoped=""/>
        <function-ref name="isInput" ref="0x40cc7420" scoped=""/>
        <function-ref name="setResistor" ref="0x40cc7500" scoped=""/>
        <function-ref name="toggle" ref="0x40cc75e0" scoped=""/>
        <function-ref name="isOutput" ref="0x40cc76c0" scoped=""/>
        <function-ref name="getResistor" ref="0x40cc77a0" scoped=""/>
        <function-ref name="makeOutput" ref="0x40cc7880" scoped=""/>
        <function-ref name="get" ref="0x40cc7960" scoped=""/>
        <function-ref name="selectIOFunc" ref="0x40cc7a40" scoped=""/>
        <function-ref name="getRaw" ref="0x40cc7b20" scoped=""/>
        <function-ref name="set" ref="0x40cc7c00" scoped=""/>
        <function-ref name="selectModuleFunc" ref="0x40cc7ce0" scoped=""/>
        <function-ref name="isIOFunc" ref="0x40cc7dc0" scoped=""/>
        <function-ref name="isModuleFunc" ref="0x40cc7f20" scoped=""/>
        <function-ref name="clr" ref="0x40cc6018" scoped=""/>
      </interface-functions>
    </interface><interface loc="77:/home/zly/tinyos-main/tos/chips/msp430/usart/HplMsp430Usart0P.nc" name="I2CInterrupts" provided="1" ref="0x40c8deb0">
      <component-ref nicename="tos.chips.msp430.usart.HplMsp430Usart0P" qname="HplMsp430Usart0P"/>
      <type-interface alignment="I:2" size="I:2"><interface-ref name="I2CInterrupts" ref="0x40c8deb0" scoped=""/></type-interface>
      <instance>
        <interfacedef-ref nicename="tos.chips.msp430.usart.HplMsp430I2CInterrupts" qname="HplMsp430I2CInterrupts"/>
      </instance>
      <interface-functions>
        <function-ref name="fired" ref="0x40c8c0c0" scoped=""/>
      </interface-functions>
    </interface><interface loc="76:/home/zly/tinyos-main/tos/chips/msp430/usart/HplMsp430Usart0P.nc" name="Interrupts" provided="1" ref="0x40c8d910">
      <component-ref nicename="tos.chips.msp430.usart.HplMsp430Usart0P" qname="HplMsp430Usart0P"/>
      <type-interface alignment="I:2" size="I:2"><interface-ref name="Interrupts" ref="0x40c8d910" scoped=""/></type-interface>
      <instance>
        <interfacedef-ref nicename="tos.chips.msp430.usart.HplMsp430UsartInterrupts" qname="HplMsp430UsartInterrupts"/>
      </instance>
      <interface-functions>
        <function-ref name="rxDone" ref="0x40c8dae8" scoped=""/>
        <function-ref name="txDone" ref="0x40c8dbc8" scoped=""/>
      </interface-functions>
    </interface><interface loc="84:/home/zly/tinyos-main/tos/chips/msp430/usart/HplMsp430Usart0P.nc" name="UTXD" provided="0" ref="0x40cc6280">
      <component-ref nicename="tos.chips.msp430.usart.HplMsp430Usart0P" qname="HplMsp430Usart0P"/>
      <type-interface alignment="I:2" size="I:2"><interface-ref name="UTXD" ref="0x40cc6280" scoped=""/></type-interface>
      <instance>
        <interfacedef-ref nicename="tos.chips.msp430.pins.HplMsp430GeneralIO" qname="HplMsp430GeneralIO"/>
      </instance>
      <interface-functions>
        <function-ref name="makeInput" ref="0x40cc6458" scoped=""/>
        <function-ref name="isInput" ref="0x40cc6538" scoped=""/>
        <function-ref name="setResistor" ref="0x40cc6618" scoped=""/>
        <function-ref name="toggle" ref="0x40cc66f8" scoped=""/>
        <function-ref name="isOutput" ref="0x40cc67d8" scoped=""/>
        <function-ref name="getResistor" ref="0x40cc68b8" scoped=""/>
        <function-ref name="makeOutput" ref="0x40cc6998" scoped=""/>
        <function-ref name="get" ref="0x40cc6a78" scoped=""/>
        <function-ref name="selectIOFunc" ref="0x40cc6b58" scoped=""/>
        <function-ref name="getRaw" ref="0x40cc6c38" scoped=""/>
        <function-ref name="set" ref="0x40cc6d18" scoped=""/>
        <function-ref name="selectModuleFunc" ref="0x40cc6df8" scoped=""/>
        <function-ref name="isIOFunc" ref="0x40cc6ed8" scoped=""/>
        <function-ref name="isModuleFunc" ref="0x40cc5090" scoped=""/>
        <function-ref name="clr" ref="0x40cc5170" scoped=""/>
      </interface-functions>
    </interface><interface loc="149:/home/zly/tinyos-main/tos/chips/msp430/pins/HplMsp430GeneralIOC.nc" name="UTXD0" provided="1" ref="0x409e54c0">
      <component-ref nicename="tos.chips.msp430.pins.HplMsp430GeneralIOC" qname="HplMsp430GeneralIOC"/>
      <type-interface alignment="I:2" size="I:2"><interface-ref name="UTXD0" ref="0x409e54c0" scoped=""/></type-interface>
      <instance>
        <interfacedef-ref nicename="tos.chips.msp430.pins.HplMsp430GeneralIO" qname="HplMsp430GeneralIO"/>
      </instance>
      <interface-functions>
        <function-ref name="makeInput" ref="0x409e5698" scoped=""/>
        <function-ref name="isInput" ref="0x409e5778" scoped=""/>
        <function-ref name="setResistor" ref="0x409e5858" scoped=""/>
        <function-ref name="toggle" ref="0x409e5938" scoped=""/>
        <function-ref name="isOutput" ref="0x409e5a18" scoped=""/>
        <function-ref name="getResistor" ref="0x409e5af8" scoped=""/>
        <function-ref name="makeOutput" ref="0x409e5bd8" scoped=""/>
        <function-ref name="get" ref="0x409e5cb8" scoped=""/>
        <function-ref name="selectIOFunc" ref="0x409e5d98" scoped=""/>
        <function-ref name="getRaw" ref="0x409e5e78" scoped=""/>
        <function-ref name="set" ref="0x409e4010" scoped=""/>
        <function-ref name="selectModuleFunc" ref="0x409e40f0" scoped=""/>
        <function-ref name="isIOFunc" ref="0x409e41d0" scoped=""/>
        <function-ref name="isModuleFunc" ref="0x409e4330" scoped=""/>
        <function-ref name="clr" ref="0x409e4410" scoped=""/>
      </interface-functions>
    </interface><interface loc="150:/home/zly/tinyos-main/tos/chips/msp430/pins/HplMsp430GeneralIOC.nc" name="URXD0" provided="1" ref="0x409e4680">
      <component-ref nicename="tos.chips.msp430.pins.HplMsp430GeneralIOC" qname="HplMsp430GeneralIOC"/>
      <type-interface alignment="I:2" size="I:2"><interface-ref name="URXD0" ref="0x409e4680" scoped=""/></type-interface>
      <instance>
        <interfacedef-ref nicename="tos.chips.msp430.pins.HplMsp430GeneralIO" qname="HplMsp430GeneralIO"/>
      </instance>
      <interface-functions>
        <function-ref name="makeInput" ref="0x409e4858" scoped=""/>
        <function-ref name="isInput" ref="0x409e4938" scoped=""/>
        <function-ref name="setResistor" ref="0x409e4a18" scoped=""/>
        <function-ref name="toggle" ref="0x409e4af8" scoped=""/>
        <function-ref name="isOutput" ref="0x409e4bd8" scoped=""/>
        <function-ref name="getResistor" ref="0x409e4cb8" scoped=""/>
        <function-ref name="makeOutput" ref="0x409e4d98" scoped=""/>
        <function-ref name="get" ref="0x409e4e78" scoped=""/>
        <function-ref name="selectIOFunc" ref="0x409e3010" scoped=""/>
        <function-ref name="getRaw" ref="0x409e30f0" scoped=""/>
        <function-ref name="set" ref="0x409e31d0" scoped=""/>
        <function-ref name="selectModuleFunc" ref="0x409e32b0" scoped=""/>
        <function-ref name="isIOFunc" ref="0x409e3390" scoped=""/>
        <function-ref name="isModuleFunc" ref="0x409e34f0" scoped=""/>
        <function-ref name="clr" ref="0x409e35d0" scoped=""/>
      </interface-functions>
    </interface><component loc="45:/home/zly/tinyos-main/tos/chips/msp430/pins/HplMsp430GeneralIOC.nc" nicename="tos.chips.msp430.pins.HplMsp430GeneralIOC" qname="HplMsp430GeneralIOC">
      <documentation loc="35:/home/zly/tinyos-main/tos/chips/msp430/pins/HplMsp430GeneralIOC.nc">
        <short>
 HPL for the TI MSP430 family of microprocessors.</short>
        <long>
 HPL for the TI MSP430 family of microprocessors. This provides an
 abstraction for general-purpose I/O.

 @author Joe Polastre
 @author Xavier Orduna &lt;xorduna@dexmatech.com&gt;
 @author Peter A. Bigot &lt;pab@peoplepowerco.com&gt;
 @author Eric B. Decker &lt;cire831@gmail.com&gt;
</long>
      </documentation>
      <configuration/>
      <wiring>
        <wire loc="442:/home/zly/tinyos-main/tos/chips/msp430/pins/HplMsp430GeneralIOC.nc">
          <from><interface-ref name="Port14" ref="0x4099fbc8" scoped=""/></from>
          <to><interface-ref name="IO" ref="0x40a10010" scoped=""/></to>
        </wire>
        <wire loc="455:/home/zly/tinyos-main/tos/chips/msp430/pins/HplMsp430GeneralIOC.nc">
          <from><interface-ref name="Port26" ref="0x409b3d88" scoped=""/></from>
          <to><interface-ref name="IO" ref="0x40a3bd68" scoped=""/></to>
        </wire>
        <wire loc="531:/home/zly/tinyos-main/tos/chips/msp430/pins/HplMsp430GeneralIOC.nc">
          <from><interface-ref name="SDA" ref="0x409eaf28" scoped=""/></from>
          <to><interface-ref name="IO" ref="0x40a335c8" scoped=""/></to>
        </wire>
        <wire loc="551:/home/zly/tinyos-main/tos/chips/msp430/pins/HplMsp430GeneralIOC.nc">
          <from><interface-ref name="ADC6" ref="0x409f6c98" scoped=""/></from>
          <to><interface-ref name="IO" ref="0x40a94d68" scoped=""/></to>
        </wire>
        <wire loc="532:/home/zly/tinyos-main/tos/chips/msp430/pins/HplMsp430GeneralIOC.nc">
          <from><interface-ref name="SOMI0" ref="0x409e8068" scoped=""/></from>
          <to><interface-ref name="IO" ref="0x40a31d68" scoped=""/></to>
        </wire>
        <wire loc="460:/home/zly/tinyos-main/tos/chips/msp430/pins/HplMsp430GeneralIOC.nc">
          <from><interface-ref name="Port30" ref="0x409b0178" scoped=""/></from>
          <to><interface-ref name="IO" ref="0x40a36d68" scoped=""/></to>
        </wire>
        <wire loc="473:/home/zly/tinyos-main/tos/chips/msp430/pins/HplMsp430GeneralIOC.nc">
          <from><interface-ref name="Port42" ref="0x409c53e8" scoped=""/></from>
          <to><interface-ref name="IO" ref="0x40a60d68" scoped=""/></to>
        </wire>
        <wire loc="486:/home/zly/tinyos-main/tos/chips/msp430/pins/HplMsp430GeneralIOC.nc">
          <from><interface-ref name="Port54" ref="0x409da4c8" scoped=""/></from>
          <to><interface-ref name="IO" ref="0x40a69d68" scoped=""/></to>
        </wire>
        <wire loc="497:/home/zly/tinyos-main/tos/chips/msp430/pins/HplMsp430GeneralIOC.nc">
          <from><interface-ref name="Port64" ref="0x409d1368" scoped=""/></from>
          <to><interface-ref name="IO" ref="0x40a76d68" scoped=""/></to>
        </wire>
        <wire loc="535:/home/zly/tinyos-main/tos/chips/msp430/pins/HplMsp430GeneralIOC.nc">
          <from><interface-ref name="UTXD0" ref="0x409e54c0" scoped=""/></from>
          <to><interface-ref name="IO" ref="0x40a4ed68" scoped=""/></to>
        </wire>
        <wire loc="545:/home/zly/tinyos-main/tos/chips/msp430/pins/HplMsp430GeneralIOC.nc">
          <from><interface-ref name="ADC0" ref="0x409fc280" scoped=""/></from>
          <to><interface-ref name="IO" ref="0x40a80d68" scoped=""/></to>
        </wire>
        <wire loc="557:/home/zly/tinyos-main/tos/chips/msp430/pins/HplMsp430GeneralIOC.nc">
          <from><interface-ref name="SVSIN" ref="0x409f1288" scoped=""/></from>
          <to><interface-ref name="IO" ref="0x40a915c8" scoped=""/></to>
        </wire>
        <wire loc="445:/home/zly/tinyos-main/tos/chips/msp430/pins/HplMsp430GeneralIOC.nc">
          <from><interface-ref name="Port17" ref="0x409bb178" scoped=""/></from>
          <to><interface-ref name="IO" ref="0x40a2b5c8" scoped=""/></to>
        </wire>
        <wire loc="536:/home/zly/tinyos-main/tos/chips/msp430/pins/HplMsp430GeneralIOC.nc">
          <from><interface-ref name="URXD0" ref="0x409e4680" scoped=""/></from>
          <to><interface-ref name="IO" ref="0x40a4b5c8" scoped=""/></to>
        </wire>
        <wire loc="450:/home/zly/tinyos-main/tos/chips/msp430/pins/HplMsp430GeneralIOC.nc">
          <from><interface-ref name="Port21" ref="0x409b84c8" scoped=""/></from>
          <to><interface-ref name="IO" ref="0x40a265c8" scoped=""/></to>
        </wire>
        <wire loc="463:/home/zly/tinyos-main/tos/chips/msp430/pins/HplMsp430GeneralIOC.nc">
          <from><interface-ref name="Port33" ref="0x409ad688" scoped=""/></from>
          <to><interface-ref name="IO" ref="0x40a505c8" scoped=""/></to>
        </wire>
        <wire loc="476:/home/zly/tinyos-main/tos/chips/msp430/pins/HplMsp430GeneralIOC.nc">
          <from><interface-ref name="Port45" ref="0x409c2928" scoped=""/></from>
          <to><interface-ref name="IO" ref="0x40a585c8" scoped=""/></to>
        </wire>
        <wire loc="489:/home/zly/tinyos-main/tos/chips/msp430/pins/HplMsp430GeneralIOC.nc">
          <from><interface-ref name="Port57" ref="0x409d7a08" scoped=""/></from>
          <to><interface-ref name="IO" ref="0x40a825c8" scoped=""/></to>
        </wire>
        <wire loc="500:/home/zly/tinyos-main/tos/chips/msp430/pins/HplMsp430GeneralIOC.nc">
          <from><interface-ref name="Port67" ref="0x409ce848" scoped=""/></from>
          <to><interface-ref name="IO" ref="0x40a915c8" scoped=""/></to>
        </wire>
        <wire loc="440:/home/zly/tinyos-main/tos/chips/msp430/pins/HplMsp430GeneralIOC.nc">
          <from><interface-ref name="Port12" ref="0x409a7848" scoped=""/></from>
          <to><interface-ref name="IO" ref="0x40a15140" scoped=""/></to>
        </wire>
        <wire loc="453:/home/zly/tinyos-main/tos/chips/msp430/pins/HplMsp430GeneralIOC.nc">
          <from><interface-ref name="Port24" ref="0x409b5a08" scoped=""/></from>
          <to><interface-ref name="IO" ref="0x40a1fde8" scoped=""/></to>
        </wire>
        <wire loc="466:/home/zly/tinyos-main/tos/chips/msp430/pins/HplMsp430GeneralIOC.nc">
          <from><interface-ref name="Port36" ref="0x409cabc8" scoped=""/></from>
          <to><interface-ref name="IO" ref="0x40a49d68" scoped=""/></to>
        </wire>
        <wire loc="530:/home/zly/tinyos-main/tos/chips/msp430/pins/HplMsp430GeneralIOC.nc">
          <from><interface-ref name="SIMO0" ref="0x409ebd80" scoped=""/></from>
          <to><interface-ref name="IO" ref="0x40a335c8" scoped=""/></to>
        </wire>
        <wire loc="548:/home/zly/tinyos-main/tos/chips/msp430/pins/HplMsp430GeneralIOC.nc">
          <from><interface-ref name="ADC3" ref="0x409f9758" scoped=""/></from>
          <to><interface-ref name="IO" ref="0x40a785c8" scoped=""/></to>
        </wire>
        <wire loc="555:/home/zly/tinyos-main/tos/chips/msp430/pins/HplMsp430GeneralIOC.nc">
          <from><interface-ref name="DAC1" ref="0x409f2168" scoped=""/></from>
          <to><interface-ref name="IO" ref="0x40a915c8" scoped=""/></to>
        </wire>
        <wire loc="541:/home/zly/tinyos-main/tos/chips/msp430/pins/HplMsp430GeneralIOC.nc">
          <from><interface-ref name="UCLK1" ref="0x409e0d80" scoped=""/></from>
          <to><interface-ref name="IO" ref="0x40a6b5c8" scoped=""/></to>
        </wire>
        <wire loc="471:/home/zly/tinyos-main/tos/chips/msp430/pins/HplMsp430GeneralIOC.nc">
          <from><interface-ref name="Port40" ref="0x409c7010" scoped=""/></from>
          <to><interface-ref name="IO" ref="0x40a44e68" scoped=""/></to>
        </wire>
        <wire loc="484:/home/zly/tinyos-main/tos/chips/msp430/pins/HplMsp430GeneralIOC.nc">
          <from><interface-ref name="Port52" ref="0x409dc178" scoped=""/></from>
          <to><interface-ref name="IO" ref="0x40a6ed68" scoped=""/></to>
        </wire>
        <wire loc="495:/home/zly/tinyos-main/tos/chips/msp430/pins/HplMsp430GeneralIOC.nc">
          <from><interface-ref name="Port62" ref="0x409d3010" scoped=""/></from>
          <to><interface-ref name="IO" ref="0x40a7bd68" scoped=""/></to>
        </wire>
        <wire loc="549:/home/zly/tinyos-main/tos/chips/msp430/pins/HplMsp430GeneralIOC.nc">
          <from><interface-ref name="ADC4" ref="0x409f8918" scoped=""/></from>
          <to><interface-ref name="IO" ref="0x40a76d68" scoped=""/></to>
        </wire>
        <wire loc="538:/home/zly/tinyos-main/tos/chips/msp430/pins/HplMsp430GeneralIOC.nc">
          <from><interface-ref name="STE1" ref="0x409e3838" scoped=""/></from>
          <to><interface-ref name="IO" ref="0x40a73d68" scoped=""/></to>
        </wire>
        <wire loc="443:/home/zly/tinyos-main/tos/chips/msp430/pins/HplMsp430GeneralIOC.nc">
          <from><interface-ref name="Port15" ref="0x4099ed88" scoped=""/></from>
          <to><interface-ref name="IO" ref="0x40a0e730" scoped=""/></to>
        </wire>
        <wire loc="456:/home/zly/tinyos-main/tos/chips/msp430/pins/HplMsp430GeneralIOC.nc">
          <from><interface-ref name="Port27" ref="0x409b1010" scoped=""/></from>
          <to><interface-ref name="IO" ref="0x40a385c8" scoped=""/></to>
        </wire>
        <wire loc="493:/home/zly/tinyos-main/tos/chips/msp430/pins/HplMsp430GeneralIOC.nc">
          <from><interface-ref name="Port60" ref="0x409d6bc8" scoped=""/></from>
          <to><interface-ref name="IO" ref="0x40a80d68" scoped=""/></to>
        </wire>
        <wire loc="461:/home/zly/tinyos-main/tos/chips/msp430/pins/HplMsp430GeneralIOC.nc">
          <from><interface-ref name="Port31" ref="0x409af368" scoped=""/></from>
          <to><interface-ref name="IO" ref="0x40a335c8" scoped=""/></to>
        </wire>
        <wire loc="474:/home/zly/tinyos-main/tos/chips/msp430/pins/HplMsp430GeneralIOC.nc">
          <from><interface-ref name="Port43" ref="0x409c45a8" scoped=""/></from>
          <to><interface-ref name="IO" ref="0x40a5d5c8" scoped=""/></to>
        </wire>
        <wire loc="487:/home/zly/tinyos-main/tos/chips/msp430/pins/HplMsp430GeneralIOC.nc">
          <from><interface-ref name="Port55" ref="0x409d9688" scoped=""/></from>
          <to><interface-ref name="IO" ref="0x40a665c8" scoped=""/></to>
        </wire>
        <wire loc="498:/home/zly/tinyos-main/tos/chips/msp430/pins/HplMsp430GeneralIOC.nc">
          <from><interface-ref name="Port65" ref="0x409d04c8" scoped=""/></from>
          <to><interface-ref name="IO" ref="0x40a965c8" scoped=""/></to>
        </wire>
        <wire loc="540:/home/zly/tinyos-main/tos/chips/msp430/pins/HplMsp430GeneralIOC.nc">
          <from><interface-ref name="SOMI1" ref="0x409e1bc0" scoped=""/></from>
          <to><interface-ref name="IO" ref="0x40a6ed68" scoped=""/></to>
        </wire>
        <wire loc="438:/home/zly/tinyos-main/tos/chips/msp430/pins/HplMsp430GeneralIOC.nc">
          <from><interface-ref name="Port10" ref="0x409a1558" scoped=""/></from>
          <to><interface-ref name="IO" ref="0x409ed220" scoped=""/></to>
        </wire>
        <wire loc="451:/home/zly/tinyos-main/tos/chips/msp430/pins/HplMsp430GeneralIOC.nc">
          <from><interface-ref name="Port22" ref="0x409b7688" scoped=""/></from>
          <to><interface-ref name="IO" ref="0x40a24d68" scoped=""/></to>
        </wire>
        <wire loc="464:/home/zly/tinyos-main/tos/chips/msp430/pins/HplMsp430GeneralIOC.nc">
          <from><interface-ref name="Port34" ref="0x409cc848" scoped=""/></from>
          <to><interface-ref name="IO" ref="0x40a4ed68" scoped=""/></to>
        </wire>
        <wire loc="477:/home/zly/tinyos-main/tos/chips/msp430/pins/HplMsp430GeneralIOC.nc">
          <from><interface-ref name="Port46" ref="0x409c1ae8" scoped=""/></from>
          <to><interface-ref name="IO" ref="0x40a56d68" scoped=""/></to>
        </wire>
        <wire loc="542:/home/zly/tinyos-main/tos/chips/msp430/pins/HplMsp430GeneralIOC.nc">
          <from><interface-ref name="UTXD1" ref="0x409de010" scoped=""/></from>
          <to><interface-ref name="IO" ref="0x40a49d68" scoped=""/></to>
        </wire>
        <wire loc="546:/home/zly/tinyos-main/tos/chips/msp430/pins/HplMsp430GeneralIOC.nc">
          <from><interface-ref name="ADC1" ref="0x409fb3d8" scoped=""/></from>
          <to><interface-ref name="IO" ref="0x40a7d5c8" scoped=""/></to>
        </wire>
        <wire loc="552:/home/zly/tinyos-main/tos/chips/msp430/pins/HplMsp430GeneralIOC.nc">
          <from><interface-ref name="ADC7" ref="0x409f5e58" scoped=""/></from>
          <to><interface-ref name="IO" ref="0x40a915c8" scoped=""/></to>
        </wire>
        <wire loc="482:/home/zly/tinyos-main/tos/chips/msp430/pins/HplMsp430GeneralIOC.nc">
          <from><interface-ref name="Port50" ref="0x409bfe68" scoped=""/></from>
          <to><interface-ref name="IO" ref="0x40a73d68" scoped=""/></to>
        </wire>
        <wire loc="543:/home/zly/tinyos-main/tos/chips/msp430/pins/HplMsp430GeneralIOC.nc">
          <from><interface-ref name="URXD1" ref="0x409dd170" scoped=""/></from>
          <to><interface-ref name="IO" ref="0x40a465c8" scoped=""/></to>
        </wire>
        <wire loc="441:/home/zly/tinyos-main/tos/chips/msp430/pins/HplMsp430GeneralIOC.nc">
          <from><interface-ref name="Port13" ref="0x409a0a08" scoped=""/></from>
          <to><interface-ref name="IO" ref="0x40a138a0" scoped=""/></to>
        </wire>
        <wire loc="454:/home/zly/tinyos-main/tos/chips/msp430/pins/HplMsp430GeneralIOC.nc">
          <from><interface-ref name="Port25" ref="0x409b4bc8" scoped=""/></from>
          <to><interface-ref name="IO" ref="0x40a3d5c8" scoped=""/></to>
        </wire>
        <wire loc="467:/home/zly/tinyos-main/tos/chips/msp430/pins/HplMsp430GeneralIOC.nc">
          <from><interface-ref name="Port37" ref="0x409c9d88" scoped=""/></from>
          <to><interface-ref name="IO" ref="0x40a465c8" scoped=""/></to>
        </wire>
        <wire loc="539:/home/zly/tinyos-main/tos/chips/msp430/pins/HplMsp430GeneralIOC.nc">
          <from><interface-ref name="SIMO1" ref="0x409e2a00" scoped=""/></from>
          <to><interface-ref name="IO" ref="0x40a705c8" scoped=""/></to>
        </wire>
        <wire loc="550:/home/zly/tinyos-main/tos/chips/msp430/pins/HplMsp430GeneralIOC.nc">
          <from><interface-ref name="ADC5" ref="0x409f7ad8" scoped=""/></from>
          <to><interface-ref name="IO" ref="0x40a965c8" scoped=""/></to>
        </wire>
        <wire loc="472:/home/zly/tinyos-main/tos/chips/msp430/pins/HplMsp430GeneralIOC.nc">
          <from><interface-ref name="Port41" ref="0x409c6288" scoped=""/></from>
          <to><interface-ref name="IO" ref="0x40a415c8" scoped=""/></to>
        </wire>
        <wire loc="485:/home/zly/tinyos-main/tos/chips/msp430/pins/HplMsp430GeneralIOC.nc">
          <from><interface-ref name="Port53" ref="0x409db368" scoped=""/></from>
          <to><interface-ref name="IO" ref="0x40a6b5c8" scoped=""/></to>
        </wire>
        <wire loc="496:/home/zly/tinyos-main/tos/chips/msp430/pins/HplMsp430GeneralIOC.nc">
          <from><interface-ref name="Port63" ref="0x409d2178" scoped=""/></from>
          <to><interface-ref name="IO" ref="0x40a785c8" scoped=""/></to>
        </wire>
        <wire loc="444:/home/zly/tinyos-main/tos/chips/msp430/pins/HplMsp430GeneralIOC.nc">
          <from><interface-ref name="Port16" ref="0x409bc010" scoped=""/></from>
          <to><interface-ref name="IO" ref="0x40a2edf8" scoped=""/></to>
        </wire>
        <wire loc="494:/home/zly/tinyos-main/tos/chips/msp430/pins/HplMsp430GeneralIOC.nc">
          <from><interface-ref name="Port61" ref="0x409d5d88" scoped=""/></from>
          <to><interface-ref name="IO" ref="0x40a7d5c8" scoped=""/></to>
        </wire>
        <wire loc="449:/home/zly/tinyos-main/tos/chips/msp430/pins/HplMsp430GeneralIOC.nc">
          <from><interface-ref name="Port20" ref="0x409ba368" scoped=""/></from>
          <to><interface-ref name="IO" ref="0x40a29d68" scoped=""/></to>
        </wire>
        <wire loc="462:/home/zly/tinyos-main/tos/chips/msp430/pins/HplMsp430GeneralIOC.nc">
          <from><interface-ref name="Port32" ref="0x409ae4c8" scoped=""/></from>
          <to><interface-ref name="IO" ref="0x40a31d68" scoped=""/></to>
        </wire>
        <wire loc="475:/home/zly/tinyos-main/tos/chips/msp430/pins/HplMsp430GeneralIOC.nc">
          <from><interface-ref name="Port44" ref="0x409c3768" scoped=""/></from>
          <to><interface-ref name="IO" ref="0x40a5bd68" scoped=""/></to>
        </wire>
        <wire loc="488:/home/zly/tinyos-main/tos/chips/msp430/pins/HplMsp430GeneralIOC.nc">
          <from><interface-ref name="Port56" ref="0x409d8848" scoped=""/></from>
          <to><interface-ref name="IO" ref="0x40a64d68" scoped=""/></to>
        </wire>
        <wire loc="499:/home/zly/tinyos-main/tos/chips/msp430/pins/HplMsp430GeneralIOC.nc">
          <from><interface-ref name="Port66" ref="0x409cf688" scoped=""/></from>
          <to><interface-ref name="IO" ref="0x40a94d68" scoped=""/></to>
        </wire>
        <wire loc="439:/home/zly/tinyos-main/tos/chips/msp430/pins/HplMsp430GeneralIOC.nc">
          <from><interface-ref name="Port11" ref="0x409a8688" scoped=""/></from>
          <to><interface-ref name="IO" ref="0x40a18918" scoped=""/></to>
        </wire>
        <wire loc="452:/home/zly/tinyos-main/tos/chips/msp430/pins/HplMsp430GeneralIOC.nc">
          <from><interface-ref name="Port23" ref="0x409b6848" scoped=""/></from>
          <to><interface-ref name="IO" ref="0x40a215c8" scoped=""/></to>
        </wire>
        <wire loc="465:/home/zly/tinyos-main/tos/chips/msp430/pins/HplMsp430GeneralIOC.nc">
          <from><interface-ref name="Port35" ref="0x409cba08" scoped=""/></from>
          <to><interface-ref name="IO" ref="0x40a4b5c8" scoped=""/></to>
        </wire>
        <wire loc="478:/home/zly/tinyos-main/tos/chips/msp430/pins/HplMsp430GeneralIOC.nc">
          <from><interface-ref name="Port47" ref="0x409c0ca8" scoped=""/></from>
          <to><interface-ref name="IO" ref="0x40a535c8" scoped=""/></to>
        </wire>
        <wire loc="534:/home/zly/tinyos-main/tos/chips/msp430/pins/HplMsp430GeneralIOC.nc">
          <from><interface-ref name="SCL" ref="0x409e6348" scoped=""/></from>
          <to><interface-ref name="IO" ref="0x40a505c8" scoped=""/></to>
        </wire>
        <wire loc="547:/home/zly/tinyos-main/tos/chips/msp430/pins/HplMsp430GeneralIOC.nc">
          <from><interface-ref name="ADC2" ref="0x409fa598" scoped=""/></from>
          <to><interface-ref name="IO" ref="0x40a7bd68" scoped=""/></to>
        </wire>
        <wire loc="533:/home/zly/tinyos-main/tos/chips/msp430/pins/HplMsp430GeneralIOC.nc">
          <from><interface-ref name="UCLK0" ref="0x409e71a0" scoped=""/></from>
          <to><interface-ref name="IO" ref="0x40a505c8" scoped=""/></to>
        </wire>
        <wire loc="483:/home/zly/tinyos-main/tos/chips/msp430/pins/HplMsp430GeneralIOC.nc">
          <from><interface-ref name="Port51" ref="0x409bd010" scoped=""/></from>
          <to><interface-ref name="IO" ref="0x40a705c8" scoped=""/></to>
        </wire>
        <wire loc="554:/home/zly/tinyos-main/tos/chips/msp430/pins/HplMsp430GeneralIOC.nc">
          <from><interface-ref name="DAC0" ref="0x409f3010" scoped=""/></from>
          <to><interface-ref name="IO" ref="0x40a94d68" scoped=""/></to>
        </wire>
        <wire loc="558:/home/zly/tinyos-main/tos/chips/msp430/pins/HplMsp430GeneralIOC.nc">
          <from><interface-ref name="SVSOUT" ref="0x409f03e8" scoped=""/></from>
          <to><interface-ref name="IO" ref="0x40a825c8" scoped=""/></to>
        </wire>
        <wire loc="529:/home/zly/tinyos-main/tos/chips/msp430/pins/HplMsp430GeneralIOC.nc">
          <from><interface-ref name="STE0" ref="0x409eca28" scoped=""/></from>
          <to><interface-ref name="IO" ref="0x40a36d68" scoped=""/></to>
        </wire>
      </wiring>
    </component><component loc="74:/home/zly/tinyos-main/tos/chips/msp430/usart/HplMsp430Usart0P.nc" nicename="tos.chips.msp430.usart.HplMsp430Usart0P" qname="HplMsp430Usart0P" safe="">
      <documentation loc="62:/home/zly/tinyos-main/tos/chips/msp430/usart/HplMsp430Usart0P.nc">
        <short>
 Implementation of USART0 lowlevel functionality - stateless.</short>
        <long>
 Implementation of USART0 lowlevel functionality - stateless.
 Setting a mode will by default disable USART-Interrupts.

 @author: Jan Hauer &lt;hauer@tkn.tu-berlin.de&gt;
 @author: Jonathan Hui &lt;jhui@archedrock.com&gt;
 @author: Vlado Handziski &lt;handzisk@tkn.tu-berlin.de&gt;
 @author: Joe Polastre
 @author: Philipp Huppertz &lt;huppertz@tkn.tu-berlin.de&gt;
 @version $Revision: 1.8 $ $Date: 2010-06-04 22:30:21 $
</long>
      </documentation>
      <module/>
    </component></referenced></component>