<?xml version="1.0" ?><component loc="43:/home/zly/tinyos-main/tos/chips/msp430/timer/HilTimerMilliC.nc" nicename="tos.chips.msp430.timer.HilTimerMilliC" qname="HilTimerMilliC">
      <documentation loc="33:/home/zly/tinyos-main/tos/chips/msp430/timer/HilTimerMilliC.nc">
        <short>
 HilTimerMilliC provides a parameterized interface to a virtualized
 millisecond timer.</short>
        <long>
 HilTimerMilliC provides a parameterized interface to a virtualized
 millisecond timer.  TimerMilliC in tos/system/ uses this component to
 allocate new timers.

 @author Cory Sharp &lt;cssharp@eecs.berkeley.edu&gt;
 @see  Please refer to TEP 102 for more information about this component and its
          intended use.
</long>
      </documentation>
      <configuration/>
      <wiring>
        <wire loc="58:/home/zly/tinyos-main/tos/chips/msp430/timer/HilTimerMilliC.nc">
          <from><interface-ref name="TimerMilli" ref="0x4078c440" scoped=""/></from>
          <to><interface-ref name="Timer" ref="0x40838f00" scoped=""/></to>
        </wire>
        <wire loc="59:/home/zly/tinyos-main/tos/chips/msp430/timer/HilTimerMilliC.nc">
          <from><interface-ref name="LocalTime" ref="0x407864d8" scoped=""/></from>
          <to><interface-ref name="LocalTime" ref="0x40859a88" scoped=""/></to>
        </wire>
        <wire loc="57:/home/zly/tinyos-main/tos/chips/msp430/timer/HilTimerMilliC.nc">
          <from><interface-ref name="Init" ref="0x40778c70" scoped=""/></from>
          <to><interface-ref name="Init" ref="0x40785010" scoped=""/></to>
        </wire>
        <wire loc="61:/home/zly/tinyos-main/tos/chips/msp430/timer/HilTimerMilliC.nc">
          <from><interface-ref name="TimerFrom" ref="0x4085e338" scoped=""/></from>
          <to><interface-ref name="Timer" ref="0x40806cb0" scoped=""/></to>
        </wire>
        <wire loc="62:/home/zly/tinyos-main/tos/chips/msp430/timer/HilTimerMilliC.nc">
          <from><interface-ref name="Alarm" ref="0x40822010" scoped=""/></from>
          <to><interface-ref name="Alarm" ref="0x40785468" scoped=""/></to>
        </wire>
        <wire loc="63:/home/zly/tinyos-main/tos/chips/msp430/timer/HilTimerMilliC.nc">
          <from><interface-ref name="Counter" ref="0x40858448" scoped=""/></from>
          <to><interface-ref name="Counter" ref="0x407d2cf0" scoped=""/></to>
        </wire>
      </wiring>
    <specification><interface loc="46:/home/zly/tinyos-main/tos/chips/msp430/timer/HilTimerMilliC.nc" name="TimerMilli" provided="1" ref="0x4078c440">
      <component-ref nicename="tos.chips.msp430.timer.HilTimerMilliC" qname="HilTimerMilliC"/>
      <type-interface alignment="I:2" size="I:2"><interface-ref name="TimerMilli" ref="0x4078c440" scoped=""/></type-interface>
      <instance>
        <interfacedef-ref nicename="tos.lib.timer.Timer" qname="Timer"/>
        <arguments>
          <type-tag alignment="I:2" size="I:2"><struct-ref ref="0x40614868"/>
            <typename><typedef-ref name="TMilli" ref="0x40614a30"/></typename>
          </type-tag>
        </arguments>
      </instance>
      <interface-parameters>
        <type-int alignment="I:1" cname="unsigned char" size="I:1" unsigned="">
          <typename><typedef-ref name="uint8_t" ref="0x40212dc8"/></typename>
        </type-int>
      </interface-parameters>
      <interface-functions>
        <function-ref name="getNow" ref="0x4078a010" scoped=""/>
        <function-ref name="fired" ref="0x4078b268" scoped=""/>
        <function-ref name="startPeriodicAt" ref="0x4078b970" scoped=""/>
        <function-ref name="isOneShot" ref="0x4078b718" scoped=""/>
        <function-ref name="getdt" ref="0x4078a4c0" scoped=""/>
        <function-ref name="gett0" ref="0x4078a268" scoped=""/>
        <function-ref name="isRunning" ref="0x4078b4c0" scoped=""/>
        <function-ref name="startPeriodic" ref="0x4078ca68" scoped=""/>
        <function-ref name="startOneShotAt" ref="0x4078bc90" scoped=""/>
        <function-ref name="startOneShot" ref="0x4078cce8" scoped=""/>
        <function-ref name="stop" ref="0x4078b010" scoped=""/>
      </interface-functions>
    </interface><interface loc="47:/home/zly/tinyos-main/tos/chips/msp430/timer/HilTimerMilliC.nc" name="LocalTime" provided="1" ref="0x407864d8">
      <component-ref nicename="tos.chips.msp430.timer.HilTimerMilliC" qname="HilTimerMilliC"/>
      <type-interface alignment="I:2" size="I:2"><interface-ref name="LocalTime" ref="0x407864d8" scoped=""/></type-interface>
      <instance>
        <interfacedef-ref nicename="tos.lib.timer.LocalTime" qname="LocalTime"/>
        <arguments>
          <type-tag alignment="I:2" size="I:2"><struct-ref ref="0x40614868"/>
            <typename><typedef-ref name="TMilli" ref="0x40614a30"/></typename>
          </type-tag>
        </arguments>
      </instance>
      <interface-functions>
        <function-ref name="get" ref="0x40786b20" scoped=""/>
      </interface-functions>
    </interface><interface loc="45:/home/zly/tinyos-main/tos/chips/msp430/timer/HilTimerMilliC.nc" name="Init" provided="1" ref="0x40778c70">
      <component-ref nicename="tos.chips.msp430.timer.HilTimerMilliC" qname="HilTimerMilliC"/>
      <type-interface alignment="I:2" size="I:2"><interface-ref name="Init" ref="0x40778c70" scoped=""/></type-interface>
      <instance>
        <interfacedef-ref nicename="tos.interfaces.Init" qname="Init"/>
      </instance>
      <interface-functions>
        <function-ref name="init" ref="0x40778e48" scoped=""/>
      </interface-functions>
    </interface></specification><referenced><interface loc="49:/home/zly/tinyos-main/tos/lib/timer/AlarmToTimerC.nc" name="Alarm" provided="0" ref="0x40822010">
      <component-ref nicename="tos.lib.timer.AlarmToTimerC" qname="HilTimerMilliC.AlarmToTimerC"/>
      <type-interface alignment="I:2" size="I:2"><interface-ref name="Alarm" ref="0x40822010" scoped=""/></type-interface>
      <instance>
        <interfacedef-ref nicename="tos.lib.timer.Alarm" qname="Alarm"/>
        <arguments>
          <type-tag alignment="I:2" size="I:2"><struct-ref ref="0x40614868"/>
            <typename><typedef-ref name="TMilli" ref="0x40614a30"/></typename>
          </type-tag>
          <type-int alignment="I:2" cname="unsigned long" size="I:4" unsigned="">
            <typename><typedef-ref name="uint32_t" ref="0x40213250"/></typename>
          </type-int>
        </arguments>
      </instance>
      <interface-functions>
        <function-ref name="getNow" ref="0x408214e0" scoped=""/>
        <function-ref name="fired" ref="0x40822c78" scoped=""/>
        <function-ref name="startAt" ref="0x408211a0" scoped=""/>
        <function-ref name="isRunning" ref="0x40822ef0" scoped=""/>
        <function-ref name="getAlarm" ref="0x40821758" scoped=""/>
        <function-ref name="start" ref="0x40822760" scoped=""/>
        <function-ref name="stop" ref="0x40822a00" scoped=""/>
      </interface-functions>
    </interface><interface loc="48:/home/zly/tinyos-main/tos/lib/timer/CounterToLocalTimeC.nc" name="LocalTime" provided="1" ref="0x40859a88">
      <component-ref nicename="tos.lib.timer.CounterToLocalTimeC" qname="HilTimerMilliC.CounterToLocalTimeC"/>
      <type-interface alignment="I:2" size="I:2"><interface-ref name="LocalTime" ref="0x40859a88" scoped=""/></type-interface>
      <instance>
        <interfacedef-ref nicename="tos.lib.timer.LocalTime" qname="LocalTime"/>
        <arguments>
          <type-tag alignment="I:2" size="I:2"><struct-ref ref="0x40614868"/>
            <typename><typedef-ref name="TMilli" ref="0x40614a30"/></typename>
          </type-tag>
        </arguments>
      </instance>
      <interface-functions>
        <function-ref name="get" ref="0x408580f8" scoped=""/>
      </interface-functions>
    </interface><interface loc="44:/home/zly/tinyos-main/tos/chips/msp430/timer/AlarmMilli32C.nc" name="Alarm" provided="1" ref="0x40785468">
      <component-ref nicename="tos.chips.msp430.timer.AlarmMilli32C" qname="HilTimerMilliC.AlarmMilli32C"/>
      <type-interface alignment="I:2" size="I:2"><interface-ref name="Alarm" ref="0x40785468" scoped=""/></type-interface>
      <instance>
        <interfacedef-ref nicename="tos.lib.timer.Alarm" qname="Alarm"/>
        <arguments>
          <type-tag alignment="I:2" size="I:2"><struct-ref ref="0x40614868"/>
            <typename><typedef-ref name="TMilli" ref="0x40614a30"/></typename>
          </type-tag>
          <type-int alignment="I:2" cname="unsigned long" size="I:4" unsigned="">
            <typename><typedef-ref name="uint32_t" ref="0x40213250"/></typename>
          </type-int>
        </arguments>
      </instance>
      <interface-functions>
        <function-ref name="getNow" ref="0x40808940" scoped=""/>
        <function-ref name="fired" ref="0x40808110" scoped=""/>
        <function-ref name="startAt" ref="0x40808600" scoped=""/>
        <function-ref name="isRunning" ref="0x40808388" scoped=""/>
        <function-ref name="getAlarm" ref="0x40808bb8" scoped=""/>
        <function-ref name="start" ref="0x40785bb8" scoped=""/>
        <function-ref name="stop" ref="0x40785e58" scoped=""/>
      </interface-functions>
    </interface><interface loc="49:/home/zly/tinyos-main/tos/lib/timer/CounterToLocalTimeC.nc" name="Counter" provided="0" ref="0x40858448">
      <component-ref nicename="tos.lib.timer.CounterToLocalTimeC" qname="HilTimerMilliC.CounterToLocalTimeC"/>
      <type-interface alignment="I:2" size="I:2"><interface-ref name="Counter" ref="0x40858448" scoped=""/></type-interface>
      <instance>
        <interfacedef-ref nicename="tos.lib.timer.Counter" qname="Counter"/>
        <arguments>
          <type-tag alignment="I:2" size="I:2"><struct-ref ref="0x40614868"/>
            <typename><typedef-ref name="TMilli" ref="0x40614a30"/></typename>
          </type-tag>
          <type-int alignment="I:2" cname="unsigned long" size="I:4" unsigned="">
            <typename><typedef-ref name="uint32_t" ref="0x40213250"/></typename>
          </type-int>
        </arguments>
      </instance>
      <interface-functions>
        <function-ref name="get" ref="0x40858b98" scoped=""/>
        <function-ref name="clearOverflow" ref="0x408530a8" scoped=""/>
        <function-ref name="isOverflowPending" ref="0x40858e10" scoped=""/>
        <function-ref name="overflow" ref="0x40853320" scoped=""/>
      </interface-functions>
    </interface><interface loc="43:/home/zly/tinyos-main/tos/chips/msp430/timer/CounterMilli32C.nc" name="Counter" provided="1" ref="0x407d2cf0">
      <component-ref nicename="tos.chips.msp430.timer.CounterMilli32C" qname="CounterMilli32C"/>
      <type-interface alignment="I:2" size="I:2"><interface-ref name="Counter" ref="0x407d2cf0" scoped=""/></type-interface>
      <instance>
        <interfacedef-ref nicename="tos.lib.timer.Counter" qname="Counter"/>
        <arguments>
          <type-tag alignment="I:2" size="I:2"><struct-ref ref="0x40614868"/>
            <typename><typedef-ref name="TMilli" ref="0x40614a30"/></typename>
          </type-tag>
          <type-int alignment="I:2" cname="unsigned long" size="I:4" unsigned="">
            <typename><typedef-ref name="uint32_t" ref="0x40213250"/></typename>
          </type-int>
        </arguments>
      </instance>
      <interface-functions>
        <function-ref name="get" ref="0x407bd478" scoped=""/>
        <function-ref name="clearOverflow" ref="0x407bd968" scoped=""/>
        <function-ref name="isOverflowPending" ref="0x407bd6f0" scoped=""/>
        <function-ref name="overflow" ref="0x407bdbe0" scoped=""/>
      </interface-functions>
    </interface><interface loc="43:/home/zly/tinyos-main/tos/chips/msp430/timer/AlarmMilli32C.nc" name="Init" provided="1" ref="0x40785010">
      <component-ref nicename="tos.chips.msp430.timer.AlarmMilli32C" qname="HilTimerMilliC.AlarmMilli32C"/>
      <type-interface alignment="I:2" size="I:2"><interface-ref name="Init" ref="0x40785010" scoped=""/></type-interface>
      <instance>
        <interfacedef-ref nicename="tos.interfaces.Init" qname="Init"/>
      </instance>
      <interface-functions>
        <function-ref name="init" ref="0x407851e8" scoped=""/>
      </interface-functions>
    </interface><interface loc="49:/home/zly/tinyos-main/tos/lib/timer/VirtualizeTimerC.nc" name="TimerFrom" provided="0" ref="0x4085e338">
      <component-ref nicename="tos.lib.timer.VirtualizeTimerC" qname="HilTimerMilliC.VirtualizeTimerC"/>
      <type-interface alignment="I:2" size="I:2"><interface-ref name="TimerFrom" ref="0x4085e338" scoped=""/></type-interface>
      <instance>
        <interfacedef-ref nicename="tos.lib.timer.Timer" qname="Timer"/>
        <arguments>
          <type-tag alignment="I:2" size="I:2"><struct-ref ref="0x40614868"/>
            <typename><typedef-ref name="TMilli" ref="0x40614a30"/></typename>
          </type-tag>
        </arguments>
      </instance>
      <interface-functions>
        <function-ref name="getNow" ref="0x4085de38" scoped=""/>
        <function-ref name="fired" ref="0x4085d0f0" scoped=""/>
        <function-ref name="startPeriodicAt" ref="0x4085d7f8" scoped=""/>
        <function-ref name="isOneShot" ref="0x4085d5a0" scoped=""/>
        <function-ref name="getdt" ref="0x4085b310" scoped=""/>
        <function-ref name="gett0" ref="0x4085b0b8" scoped=""/>
        <function-ref name="isRunning" ref="0x4085d348" scoped=""/>
        <function-ref name="startPeriodic" ref="0x4085e960" scoped=""/>
        <function-ref name="startOneShotAt" ref="0x4085db18" scoped=""/>
        <function-ref name="startOneShot" ref="0x4085ebe0" scoped=""/>
        <function-ref name="stop" ref="0x4085ee60" scoped=""/>
      </interface-functions>
    </interface><interface loc="48:/home/zly/tinyos-main/tos/lib/timer/VirtualizeTimerC.nc" name="Timer" provided="1" ref="0x40838f00">
      <component-ref nicename="tos.lib.timer.VirtualizeTimerC" qname="HilTimerMilliC.VirtualizeTimerC"/>
      <type-interface alignment="I:2" size="I:2"><interface-ref name="Timer" ref="0x40838f00" scoped=""/></type-interface>
      <instance>
        <interfacedef-ref nicename="tos.lib.timer.Timer" qname="Timer"/>
        <arguments>
          <type-tag alignment="I:2" size="I:2"><struct-ref ref="0x40614868"/>
            <typename><typedef-ref name="TMilli" ref="0x40614a30"/></typename>
          </type-tag>
        </arguments>
      </instance>
      <interface-parameters>
        <type-int alignment="I:1" cname="unsigned char" size="I:1" unsigned="">
          <typename><typedef-ref name="uint8_t" ref="0x40212dc8"/></typename>
        </type-int>
      </interface-parameters>
      <interface-functions>
        <function-ref name="getNow" ref="0x40846b40" scoped=""/>
        <function-ref name="fired" ref="0x40837ce0" scoped=""/>
        <function-ref name="startPeriodicAt" ref="0x408464e0" scoped=""/>
        <function-ref name="isOneShot" ref="0x40846278" scoped=""/>
        <function-ref name="getdt" ref="0x4085e048" scoped=""/>
        <function-ref name="gett0" ref="0x40846da8" scoped=""/>
        <function-ref name="isRunning" ref="0x40846010" scoped=""/>
        <function-ref name="startPeriodic" ref="0x40837558" scoped=""/>
        <function-ref name="startOneShotAt" ref="0x40846810" scoped=""/>
        <function-ref name="startOneShot" ref="0x408377e8" scoped=""/>
        <function-ref name="stop" ref="0x40837a78" scoped=""/>
      </interface-functions>
    </interface><interface loc="48:/home/zly/tinyos-main/tos/lib/timer/AlarmToTimerC.nc" name="Timer" provided="1" ref="0x40806cb0">
      <component-ref nicename="tos.lib.timer.AlarmToTimerC" qname="HilTimerMilliC.AlarmToTimerC"/>
      <type-interface alignment="I:2" size="I:2"><interface-ref name="Timer" ref="0x40806cb0" scoped=""/></type-interface>
      <instance>
        <interfacedef-ref nicename="tos.lib.timer.Timer" qname="Timer"/>
        <arguments>
          <type-tag alignment="I:2" size="I:2"><struct-ref ref="0x40614868"/>
            <typename><typedef-ref name="TMilli" ref="0x40614a30"/></typename>
          </type-tag>
        </arguments>
      </instance>
      <interface-functions>
        <function-ref name="getNow" ref="0x408237c0" scoped=""/>
        <function-ref name="fired" ref="0x40805a40" scoped=""/>
        <function-ref name="startPeriodicAt" ref="0x40823180" scoped=""/>
        <function-ref name="isOneShot" ref="0x40805ef0" scoped=""/>
        <function-ref name="getdt" ref="0x40823c70" scoped=""/>
        <function-ref name="gett0" ref="0x40823a18" scoped=""/>
        <function-ref name="isRunning" ref="0x40805c98" scoped=""/>
        <function-ref name="startPeriodic" ref="0x408052e8" scoped=""/>
        <function-ref name="startOneShotAt" ref="0x408234a0" scoped=""/>
        <function-ref name="startOneShot" ref="0x40805568" scoped=""/>
        <function-ref name="stop" ref="0x408057e8" scoped=""/>
      </interface-functions>
    </interface><component loc="46(HilTimerMilliC.AlarmToTimerC):/home/zly/tinyos-main/tos/lib/timer/AlarmToTimerC.nc" nicename="tos.lib.timer.AlarmToTimerC" qname="HilTimerMilliC.AlarmToTimerC">
      <documentation loc="36:/home/zly/tinyos-main/tos/lib/timer/AlarmToTimerC.nc">
        <short>
 AlarmToTimerC converts a 32-bit Alarm to a Timer.</short>
        <long>
 AlarmToTimerC converts a 32-bit Alarm to a Timer.  

 &lt;p&gt;See TEP102 for more details.
 @param precision_tag A type indicating the precision of the Alarm and
 Timer being converted.

 @author Cory Sharp &lt;cssharp@eecs.berkeley.edu&gt;
</long>
      </documentation>
      <instance number="0">
        <component-ref nicename="tos.lib.timer.AlarmToTimerC" qname="AlarmToTimerC"/>
        <arguments>
          <type-tag alignment="I:2" size="I:2"><struct-ref ref="0x40614868"/>
            <typename><typedef-ref name="TMilli" ref="0x40614a30"/></typename>
          </type-tag>
        </arguments>
      </instance>
      <module/>
    </component><component loc="46(HilTimerMilliC.CounterToLocalTimeC):/home/zly/tinyos-main/tos/lib/timer/CounterToLocalTimeC.nc" nicename="tos.lib.timer.CounterToLocalTimeC" qname="HilTimerMilliC.CounterToLocalTimeC">
      <documentation loc="36:/home/zly/tinyos-main/tos/lib/timer/CounterToLocalTimeC.nc">
        <short>
 CounterToLocalTimeC converts a 32-bit LocalTime to a Counter.</short>
        <long>
 CounterToLocalTimeC converts a 32-bit LocalTime to a Counter.  

 &lt;p&gt;See TEP102 for more details.
 @param precision_tag A type indicating the precision of the LocalTime and
 Counter being converted.

 @author Cory Sharp &lt;cssharp@eecs.berkeley.edu&gt;
</long>
      </documentation>
      <instance number="0">
        <component-ref nicename="tos.lib.timer.CounterToLocalTimeC" qname="CounterToLocalTimeC"/>
        <arguments>
          <type-tag alignment="I:2" size="I:2"><struct-ref ref="0x40614868"/>
            <typename><typedef-ref name="TMilli" ref="0x40614a30"/></typename>
          </type-tag>
        </arguments>
      </instance>
      <module/>
    </component><component loc="41:/home/zly/tinyos-main/tos/chips/msp430/timer/CounterMilli32C.nc" nicename="tos.chips.msp430.timer.CounterMilli32C" qname="CounterMilli32C">
      <documentation loc="33:/home/zly/tinyos-main/tos/chips/msp430/timer/CounterMilli32C.nc">
        <short>
 CounterMilli32C provides at 32-bit counter at 1024 ticks per second.</short>
        <long>
 CounterMilli32C provides at 32-bit counter at 1024 ticks per second.

 @author Cory Sharp &lt;cssharp@eecs.berkeley.edu&gt;
 @see  Please refer to TEP 102 for more information about this component and its
          intended use.
</long>
      </documentation>
      <configuration/>
      <wiring>
        <wire loc="50:/home/zly/tinyos-main/tos/chips/msp430/timer/CounterMilli32C.nc">
          <from><interface-ref name="Counter" ref="0x407d2cf0" scoped=""/></from>
          <to><interface-ref name="Counter" ref="0x407e30c0" scoped=""/></to>
        </wire>
        <wire loc="52:/home/zly/tinyos-main/tos/chips/msp430/timer/CounterMilli32C.nc">
          <from><interface-ref name="CounterFrom" ref="0x407e2380" scoped=""/></from>
          <to><interface-ref name="Msp430Counter32khz" ref="0x407d4a20" scoped=""/></to>
        </wire>
      </wiring>
    </component><component loc="41(HilTimerMilliC.AlarmMilli32C):/home/zly/tinyos-main/tos/chips/msp430/timer/AlarmMilli32C.nc" nicename="tos.chips.msp430.timer.AlarmMilli32C" qname="HilTimerMilliC.AlarmMilli32C">
      <documentation loc="33:/home/zly/tinyos-main/tos/chips/msp430/timer/AlarmMilli32C.nc">
        <short>
 AlarmMilliC is the alarm for async millisecond alarms

 </short>
        <long>
 AlarmMilliC is the alarm for async millisecond alarms

 @author Cory Sharp &lt;cssharp@eecs.berkeley.edu&gt;
 @see  Please refer to TEP 102 for more information about this component and its
          intended use.
</long>
      </documentation>
      <instance number="0">
        <component-ref nicename="tos.chips.msp430.timer.AlarmMilli32C" qname="AlarmMilli32C"/>
      </instance>
      <configuration/>
      <wiring>
        <wire loc="53:/home/zly/tinyos-main/tos/chips/msp430/timer/AlarmMilli32C.nc">
          <from><interface-ref name="Alarm" ref="0x40785468" scoped=""/></from>
          <to><interface-ref name="Alarm" ref="0x413d58d8" scoped=""/></to>
        </wire>
        <wire loc="52:/home/zly/tinyos-main/tos/chips/msp430/timer/AlarmMilli32C.nc">
          <from><interface-ref name="Init" ref="0x40785010" scoped=""/></from>
          <to><interface-ref name="Init" ref="0x413d8a68" scoped=""/></to>
        </wire>
        <wire loc="55:/home/zly/tinyos-main/tos/chips/msp430/timer/AlarmMilli32C.nc">
          <from><interface-ref name="AlarmFrom" ref="0x413d15f8" scoped=""/></from>
          <to><interface-ref name="Alarm" ref="0x413d8ec0" scoped=""/></to>
        </wire>
        <wire loc="56:/home/zly/tinyos-main/tos/chips/msp430/timer/AlarmMilli32C.nc">
          <from><interface-ref name="Counter" ref="0x413d2398" scoped=""/></from>
          <to><interface-ref name="Counter" ref="0x407d2cf0" scoped=""/></to>
        </wire>
      </wiring>
    </component><component loc="46(HilTimerMilliC.VirtualizeTimerC):/home/zly/tinyos-main/tos/lib/timer/VirtualizeTimerC.nc" nicename="tos.lib.timer.VirtualizeTimerC" qname="HilTimerMilliC.VirtualizeTimerC">
      <documentation loc="34:/home/zly/tinyos-main/tos/lib/timer/VirtualizeTimerC.nc">
        <short>
 VirtualizeTimerC uses a single Timer to create up to 255 virtual timers.</short>
        <long>
 VirtualizeTimerC uses a single Timer to create up to 255 virtual timers.

 &lt;p&gt;See TEP102 for more details.

 @param precision_tag A type indicating the precision of the Timer being 
   virtualized.
 @param max_timers Number of virtual timers to create.

 @author Cory Sharp &lt;cssharp@eecs.berkeley.edu&gt;
</long>
      </documentation>
      <instance number="0">
        <component-ref nicename="tos.lib.timer.VirtualizeTimerC" qname="VirtualizeTimerC"/>
        <arguments>
          <type-tag alignment="I:2" size="I:2"><struct-ref ref="0x40614868"/>
            <typename><typedef-ref name="TMilli" ref="0x40614a30"/></typename>
          </type-tag>
          <value cst="I:2">
            <type-int alignment="I:2" cname="unsigned int" size="I:2" unsigned=""/>
          </value>
        </arguments>
      </instance>
      <module/>
    </component></referenced></component>