<?xml version="1.0" ?><component abstract="" loc="54:/home/zly/tinyos-main/tos/lib/timer/TransformCounterC.nc" nicename="tos.lib.timer.TransformCounterC" qname="TransformCounterC" safe="">
      <documentation loc="34:/home/zly/tinyos-main/tos/lib/timer/TransformCounterC.nc">
        <short>
 TransformCounterC decreases precision and/or widens an Counter.</short>
        <long>
 TransformCounterC decreases precision and/or widens an Counter.

 &lt;p&gt;See TEP102 for more details.

 @param to_precision_tag A type indicating the precision of the transformed
   Counter.
 @param to_size_type The type for the width of the transformed Counter.
 @param from_precision_tag A type indicating the precision of the original
   Counter.
 @param from_size_type The type for the width of the original Counter.
 @param bit_shift_right Original time units will be 2 to the power 
   &lt;code&gt;bit_shift_right&lt;/code&gt; larger than transformed time units.
 @param upper_count_type A type large enough to store the upper bits --
   those needed above from_size_type after its shift right to fill
   to_size_type.

 @author Cory Sharp &lt;cssharp@eecs.berkeley.edu&gt;
</long>
      </documentation>
      <parameters>
        <typedef loc="55:/home/zly/tinyos-main/tos/lib/timer/TransformCounterC.nc" name="to_precision_tag" ref="0x407db6d8">
          <component-ref nicename="tos.lib.timer.TransformCounterC" qname="TransformCounterC"/>
          <type-var alignment="U:" size="U:"><typedef-ref name="to_precision_tag" ref="0x407db6d8" scoped=""/></type-var>
        </typedef>
        <typedef loc="56:/home/zly/tinyos-main/tos/lib/timer/TransformCounterC.nc" name="to_size_type" ref="0x407dbb38">
          <component-ref nicename="tos.lib.timer.TransformCounterC" qname="TransformCounterC"/>
          <type-var alignment="U:" size="U:"><typedef-ref name="to_size_type" ref="0x407dbb38" scoped=""/></type-var>
        </typedef>
        <typedef loc="57:/home/zly/tinyos-main/tos/lib/timer/TransformCounterC.nc" name="from_precision_tag" ref="0x407dbda0">
          <component-ref nicename="tos.lib.timer.TransformCounterC" qname="TransformCounterC"/>
          <type-var alignment="U:" size="U:"><typedef-ref name="from_precision_tag" ref="0x407dbda0" scoped=""/></type-var>
        </typedef>
        <typedef loc="58:/home/zly/tinyos-main/tos/lib/timer/TransformCounterC.nc" name="from_size_type" ref="0x407d8230">
          <component-ref nicename="tos.lib.timer.TransformCounterC" qname="TransformCounterC"/>
          <type-var alignment="U:" size="U:"><typedef-ref name="from_size_type" ref="0x407d8230" scoped=""/></type-var>
        </typedef>
        <constant loc="59:/home/zly/tinyos-main/tos/lib/timer/TransformCounterC.nc" name="bit_shift_right" ref="0x407d8498">
          <component-ref nicename="tos.lib.timer.TransformCounterC" qname="TransformCounterC"/>
          <type-int alignment="I:1" cname="unsigned char" size="I:1" unsigned="">
            <typename><typedef-ref name="uint8_t" ref="0x40212dc8"/></typename>
          </type-int>
        </constant>
        <typedef loc="60:/home/zly/tinyos-main/tos/lib/timer/TransformCounterC.nc" name="upper_count_type" ref="0x407d8920">
          <component-ref nicename="tos.lib.timer.TransformCounterC" qname="TransformCounterC"/>
          <type-var alignment="U:" size="U:"><typedef-ref name="upper_count_type" ref="0x407d8920" scoped=""/></type-var>
        </typedef>
      </parameters>
      <module/>
    <specification><interface loc="63:/home/zly/tinyos-main/tos/lib/timer/TransformCounterC.nc" name="CounterFrom" provided="0" ref="0x407d6580">
      <component-ref nicename="tos.lib.timer.TransformCounterC" qname="TransformCounterC"/>
      <type-interface alignment="I:2" size="I:2"><interface-ref name="CounterFrom" ref="0x407d6580" scoped=""/></type-interface>
      <instance>
        <interfacedef-ref nicename="tos.lib.timer.Counter" qname="Counter"/>
        <arguments>
          <type-var alignment="U:" size="U:"><typedef-ref name="from_precision_tag" ref="0x407dbda0" scoped=""/></type-var>
          <type-var alignment="U:" size="U:"><typedef-ref name="from_size_type" ref="0x407d8230" scoped=""/></type-var>
        </arguments>
      </instance>
      <interface-functions>
        <function-ref name="get" ref="0x407d6cd0" scoped=""/>
        <function-ref name="clearOverflow" ref="0x407d5288" scoped=""/>
        <function-ref name="isOverflowPending" ref="0x407d5010" scoped=""/>
        <function-ref name="overflow" ref="0x407d5500" scoped=""/>
      </interface-functions>
    </interface><interface loc="62:/home/zly/tinyos-main/tos/lib/timer/TransformCounterC.nc" name="Counter" provided="1" ref="0x407d70a8">
      <component-ref nicename="tos.lib.timer.TransformCounterC" qname="TransformCounterC"/>
      <type-interface alignment="I:2" size="I:2"><interface-ref name="Counter" ref="0x407d70a8" scoped=""/></type-interface>
      <instance>
        <interfacedef-ref nicename="tos.lib.timer.Counter" qname="Counter"/>
        <arguments>
          <type-var alignment="U:" size="U:"><typedef-ref name="to_precision_tag" ref="0x407db6d8" scoped=""/></type-var>
          <type-var alignment="U:" size="U:"><typedef-ref name="to_size_type" ref="0x407dbb38" scoped=""/></type-var>
        </arguments>
      </instance>
      <interface-functions>
        <function-ref name="get" ref="0x407d77f8" scoped=""/>
        <function-ref name="clearOverflow" ref="0x407d7ce8" scoped=""/>
        <function-ref name="isOverflowPending" ref="0x407d7a70" scoped=""/>
        <function-ref name="overflow" ref="0x407d6010" scoped=""/>
      </interface-functions>
    </interface></specification><referenced/></component>