<?xml version="1.0" ?><component loc="2:/home/zly/tinyos-main/tos/chips/msp430/timer/Msp430TimerCommonP.nc" nicename="tos.chips.msp430.timer.Msp430TimerCommonP" qname="Msp430TimerCommonP" safe="">
      <module/>
    <specification><interface loc="7:/home/zly/tinyos-main/tos/chips/msp430/timer/Msp430TimerCommonP.nc" name="VectorTimerB1" provided="1" ref="0x406f94b8">
      <component-ref nicename="tos.chips.msp430.timer.Msp430TimerCommonP" qname="Msp430TimerCommonP"/>
      <type-interface alignment="I:2" size="I:2"><interface-ref name="VectorTimerB1" ref="0x406f94b8" scoped=""/></type-interface>
      <instance>
        <interfacedef-ref nicename="tos.chips.msp430.timer.Msp430TimerEvent" qname="Msp430TimerEvent"/>
      </instance>
      <interface-functions>
        <function-ref name="fired" ref="0x406f9690" scoped=""/>
      </interface-functions>
    </interface><interface loc="4:/home/zly/tinyos-main/tos/chips/msp430/timer/Msp430TimerCommonP.nc" name="VectorTimerA0" provided="1" ref="0x406e9700">
      <component-ref nicename="tos.chips.msp430.timer.Msp430TimerCommonP" qname="Msp430TimerCommonP"/>
      <type-interface alignment="I:2" size="I:2"><interface-ref name="VectorTimerA0" ref="0x406e9700" scoped=""/></type-interface>
      <instance>
        <interfacedef-ref nicename="tos.chips.msp430.timer.Msp430TimerEvent" qname="Msp430TimerEvent"/>
      </instance>
      <interface-functions>
        <function-ref name="fired" ref="0x406e98d8" scoped=""/>
      </interface-functions>
    </interface><interface loc="5:/home/zly/tinyos-main/tos/chips/msp430/timer/Msp430TimerCommonP.nc" name="VectorTimerA1" provided="1" ref="0x406e9b88">
      <component-ref nicename="tos.chips.msp430.timer.Msp430TimerCommonP" qname="Msp430TimerCommonP"/>
      <type-interface alignment="I:2" size="I:2"><interface-ref name="VectorTimerA1" ref="0x406e9b88" scoped=""/></type-interface>
      <instance>
        <interfacedef-ref nicename="tos.chips.msp430.timer.Msp430TimerEvent" qname="Msp430TimerEvent"/>
      </instance>
      <interface-functions>
        <function-ref name="fired" ref="0x406e9d60" scoped=""/>
      </interface-functions>
    </interface><interface loc="6:/home/zly/tinyos-main/tos/chips/msp430/timer/Msp430TimerCommonP.nc" name="VectorTimerB0" provided="1" ref="0x406f9030">
      <component-ref nicename="tos.chips.msp430.timer.Msp430TimerCommonP" qname="Msp430TimerCommonP"/>
      <type-interface alignment="I:2" size="I:2"><interface-ref name="VectorTimerB0" ref="0x406f9030" scoped=""/></type-interface>
      <instance>
        <interfacedef-ref nicename="tos.chips.msp430.timer.Msp430TimerEvent" qname="Msp430TimerEvent"/>
      </instance>
      <interface-functions>
        <function-ref name="fired" ref="0x406f9208" scoped=""/>
      </interface-functions>
    </interface></specification><referenced/></component>