<?xml version="1.0" ?><component abstract="" loc="45:/home/zly/tinyos-main/tos/system/AMQueueImplP.nc" nicename="tos.system.AMQueueImplP" qname="AMQueueImplP" safe="">
      <documentation loc="33:/home/zly/tinyos-main/tos/system/AMQueueImplP.nc">
        <short>
 An AM send queue that provides a Service Instance pattern for
 formatted packets and calls an underlying AMSend in a round-robin
 fashion.</short>
        <long>
 An AM send queue that provides a Service Instance pattern for
 formatted packets and calls an underlying AMSend in a round-robin
 fashion. Used to share L2 bandwidth between different communication
 clients.

 @author Philip Levis
 @date   Jan 16 2006
</long>
      </documentation>
      <parameters>
        <constant loc="45:/home/zly/tinyos-main/tos/system/AMQueueImplP.nc" name="numClients" ref="0x410e4b90">
          <component-ref nicename="tos.system.AMQueueImplP" qname="AMQueueImplP"/>
          <type-int alignment="I:2" cname="int" size="I:2"/>
        </constant>
      </parameters>
      <module/>
    <specification><interface loc="48:/home/zly/tinyos-main/tos/system/AMQueueImplP.nc" name="AMSend" provided="0" ref="0x410e1d30">
      <component-ref nicename="tos.system.AMQueueImplP" qname="AMQueueImplP"/>
      <type-interface alignment="I:2" size="I:2"><interface-ref name="AMSend" ref="0x410e1d30" scoped=""/></type-interface>
      <instance>
        <interfacedef-ref nicename="tos.interfaces.AMSend" qname="AMSend"/>
      </instance>
      <interface-parameters>
        <type-int alignment="I:1" cname="unsigned char" size="I:1" unsigned="">
          <typename><typedef-ref name="am_id_t" ref="0x4074eae0"/></typename>
        </type-int>
      </interface-parameters>
      <interface-functions>
        <function-ref name="send" ref="0x410e1f08" scoped=""/>
        <function-ref name="getPayload" ref="0x410e0010" scoped=""/>
        <function-ref name="maxPayloadLength" ref="0x410e00f0" scoped=""/>
        <function-ref name="cancel" ref="0x410e01d0" scoped=""/>
        <function-ref name="sendDone" ref="0x410e02b0" scoped=""/>
      </interface-functions>
    </interface><interface loc="46:/home/zly/tinyos-main/tos/system/AMQueueImplP.nc" name="Send" provided="1" ref="0x410e1348">
      <component-ref nicename="tos.system.AMQueueImplP" qname="AMQueueImplP"/>
      <type-interface alignment="I:2" size="I:2"><interface-ref name="Send" ref="0x410e1348" scoped=""/></type-interface>
      <instance>
        <interfacedef-ref nicename="tos.interfaces.Send" qname="Send"/>
      </instance>
      <interface-parameters>
        <type-int alignment="I:1" cname="unsigned char" size="I:1" unsigned="">
          <typename><typedef-ref name="uint8_t" ref="0x40212dc8"/></typename>
        </type-int>
      </interface-parameters>
      <interface-functions>
        <function-ref name="send" ref="0x410e1520" scoped=""/>
        <function-ref name="getPayload" ref="0x410e1600" scoped=""/>
        <function-ref name="maxPayloadLength" ref="0x410e16e0" scoped=""/>
        <function-ref name="cancel" ref="0x410e17c0" scoped=""/>
        <function-ref name="sendDone" ref="0x410e18a0" scoped=""/>
      </interface-functions>
    </interface><interface loc="50:/home/zly/tinyos-main/tos/system/AMQueueImplP.nc" name="Packet" provided="0" ref="0x410df0a0">
      <component-ref nicename="tos.system.AMQueueImplP" qname="AMQueueImplP"/>
      <type-interface alignment="I:2" size="I:2"><interface-ref name="Packet" ref="0x410df0a0" scoped=""/></type-interface>
      <instance>
        <interfacedef-ref nicename="tos.interfaces.Packet" qname="Packet"/>
      </instance>
      <interface-functions>
        <function-ref name="clear" ref="0x410df278" scoped=""/>
        <function-ref name="payloadLength" ref="0x410df358" scoped=""/>
        <function-ref name="getPayload" ref="0x410df438" scoped=""/>
        <function-ref name="maxPayloadLength" ref="0x410df518" scoped=""/>
        <function-ref name="setPayloadLength" ref="0x410df5f8" scoped=""/>
      </interface-functions>
    </interface><interface loc="169:/home/zly/tinyos-main/tos/system/AMQueueImplP.nc" name="errorTask" provided="0" ref="0x41105010">
      <component-ref nicename="tos.system.AMQueueImplP" qname="AMQueueImplP"/>
      <type-interface alignment="I:2" size="I:2"><interface-ref name="errorTask" ref="0x41105010" scoped=""/></type-interface>
      <instance>
        <interfacedef-ref nicename="tos.interfaces.TaskBasic" qname="TaskBasic"/>
      </instance>
      <interface-functions>
        <function-ref name="postTask" ref="0x411051e8" scoped=""/>
        <function-ref name="runTask" ref="0x411052c8" scoped=""/>
      </interface-functions>
    </interface><interface loc="126:/home/zly/tinyos-main/tos/system/AMQueueImplP.nc" name="CancelTask" provided="0" ref="0x410d5c90">
      <component-ref nicename="tos.system.AMQueueImplP" qname="AMQueueImplP"/>
      <type-interface alignment="I:2" size="I:2"><interface-ref name="CancelTask" ref="0x410d5c90" scoped=""/></type-interface>
      <instance>
        <interfacedef-ref nicename="tos.interfaces.TaskBasic" qname="TaskBasic"/>
      </instance>
      <interface-functions>
        <function-ref name="postTask" ref="0x410d5e68" scoped=""/>
        <function-ref name="runTask" ref="0x410d3010" scoped=""/>
      </interface-functions>
    </interface><interface loc="49:/home/zly/tinyos-main/tos/system/AMQueueImplP.nc" name="AMPacket" provided="0" ref="0x410e0448">
      <component-ref nicename="tos.system.AMQueueImplP" qname="AMQueueImplP"/>
      <type-interface alignment="I:2" size="I:2"><interface-ref name="AMPacket" ref="0x410e0448" scoped=""/></type-interface>
      <instance>
        <interfacedef-ref nicename="tos.interfaces.AMPacket" qname="AMPacket"/>
      </instance>
      <interface-functions>
        <function-ref name="group" ref="0x410e0620" scoped=""/>
        <function-ref name="source" ref="0x410e0700" scoped=""/>
        <function-ref name="address" ref="0x410e07e0" scoped=""/>
        <function-ref name="destination" ref="0x410e08c0" scoped=""/>
        <function-ref name="setSource" ref="0x410e09a0" scoped=""/>
        <function-ref name="setDestination" ref="0x410e0a80" scoped=""/>
        <function-ref name="type" ref="0x410e0b60" scoped=""/>
        <function-ref name="setType" ref="0x410e0c40" scoped=""/>
        <function-ref name="isForMe" ref="0x410e0d20" scoped=""/>
        <function-ref name="setGroup" ref="0x410e0e00" scoped=""/>
        <function-ref name="localGroup" ref="0x410e0ee0" scoped=""/>
      </interface-functions>
    </interface></specification><referenced/></component>