<?xml version="1.0" ?><component loc="73:/home/zly/tinyos-main/tos/chips/msp430/usart/HplMsp430Usart1P.nc" nicename="tos.chips.msp430.usart.HplMsp430Usart1P" qname="HplMsp430Usart1P">
      <documentation loc="62:/home/zly/tinyos-main/tos/chips/msp430/usart/HplMsp430Usart1P.nc">
        <short>
 Implementation of USART1 lowlevel functionality - stateless.</short>
        <long>
 Implementation of USART1 lowlevel functionality - stateless.
 Setting a mode will by default disable USART-Interrupts.

 @author: Jan Hauer &lt;hauer@tkn.tu-berlin.de&gt;
 @author: Jonathan Hui &lt;jhui@archedrock.com&gt;
 @author: Vlado Handziski &lt;handzisk@tkn.tu-berlin.de&gt;
 @author: Joe Polastre
 @version $Revision: 1.7 $ $Date: 2010-06-04 22:30:21 $
</long>
      </documentation>
      <module/>
    <specification><interface loc="80:/home/zly/tinyos-main/tos/chips/msp430/usart/HplMsp430Usart1P.nc" name="UCLK" provided="0" ref="0x41277168">
      <component-ref nicename="tos.chips.msp430.usart.HplMsp430Usart1P" qname="HplMsp430Usart1P"/>
      <type-interface alignment="I:2" size="I:2"><interface-ref name="UCLK" ref="0x41277168" scoped=""/></type-interface>
      <instance>
        <interfacedef-ref nicename="tos.chips.msp430.pins.HplMsp430GeneralIO" qname="HplMsp430GeneralIO"/>
      </instance>
      <interface-functions>
        <function-ref name="makeInput" ref="0x41277340" scoped=""/>
        <function-ref name="isInput" ref="0x41277420" scoped=""/>
        <function-ref name="setResistor" ref="0x41277500" scoped=""/>
        <function-ref name="toggle" ref="0x412775e0" scoped=""/>
        <function-ref name="isOutput" ref="0x412776c0" scoped=""/>
        <function-ref name="getResistor" ref="0x412777a0" scoped=""/>
        <function-ref name="makeOutput" ref="0x41277880" scoped=""/>
        <function-ref name="get" ref="0x41277960" scoped=""/>
        <function-ref name="selectIOFunc" ref="0x41277a40" scoped=""/>
        <function-ref name="getRaw" ref="0x41277b20" scoped=""/>
        <function-ref name="set" ref="0x41277c00" scoped=""/>
        <function-ref name="selectModuleFunc" ref="0x41277ce0" scoped=""/>
        <function-ref name="isIOFunc" ref="0x41277dc0" scoped=""/>
        <function-ref name="isModuleFunc" ref="0x41277f20" scoped=""/>
        <function-ref name="clr" ref="0x41276018" scoped=""/>
      </interface-functions>
    </interface><interface loc="76:/home/zly/tinyos-main/tos/chips/msp430/usart/HplMsp430Usart1P.nc" name="Interrupts" provided="1" ref="0x4127a910">
      <component-ref nicename="tos.chips.msp430.usart.HplMsp430Usart1P" qname="HplMsp430Usart1P"/>
      <type-interface alignment="I:2" size="I:2"><interface-ref name="Interrupts" ref="0x4127a910" scoped=""/></type-interface>
      <instance>
        <interfacedef-ref nicename="tos.chips.msp430.usart.HplMsp430UsartInterrupts" qname="HplMsp430UsartInterrupts"/>
      </instance>
      <interface-functions>
        <function-ref name="rxDone" ref="0x4127aae8" scoped=""/>
        <function-ref name="txDone" ref="0x4127abc8" scoped=""/>
      </interface-functions>
    </interface><interface loc="81:/home/zly/tinyos-main/tos/chips/msp430/usart/HplMsp430Usart1P.nc" name="URXD" provided="0" ref="0x41276280">
      <component-ref nicename="tos.chips.msp430.usart.HplMsp430Usart1P" qname="HplMsp430Usart1P"/>
      <type-interface alignment="I:2" size="I:2"><interface-ref name="URXD" ref="0x41276280" scoped=""/></type-interface>
      <instance>
        <interfacedef-ref nicename="tos.chips.msp430.pins.HplMsp430GeneralIO" qname="HplMsp430GeneralIO"/>
      </instance>
      <interface-functions>
        <function-ref name="makeInput" ref="0x41276458" scoped=""/>
        <function-ref name="isInput" ref="0x41276538" scoped=""/>
        <function-ref name="setResistor" ref="0x41276618" scoped=""/>
        <function-ref name="toggle" ref="0x412766f8" scoped=""/>
        <function-ref name="isOutput" ref="0x412767d8" scoped=""/>
        <function-ref name="getResistor" ref="0x412768b8" scoped=""/>
        <function-ref name="makeOutput" ref="0x41276998" scoped=""/>
        <function-ref name="get" ref="0x41276a78" scoped=""/>
        <function-ref name="selectIOFunc" ref="0x41276b58" scoped=""/>
        <function-ref name="getRaw" ref="0x41276c38" scoped=""/>
        <function-ref name="set" ref="0x41276d18" scoped=""/>
        <function-ref name="selectModuleFunc" ref="0x41276df8" scoped=""/>
        <function-ref name="isIOFunc" ref="0x41276ed8" scoped=""/>
        <function-ref name="isModuleFunc" ref="0x41275090" scoped=""/>
        <function-ref name="clr" ref="0x41275170" scoped=""/>
      </interface-functions>
    </interface><interface loc="82:/home/zly/tinyos-main/tos/chips/msp430/usart/HplMsp430Usart1P.nc" name="UTXD" provided="0" ref="0x412753d8">
      <component-ref nicename="tos.chips.msp430.usart.HplMsp430Usart1P" qname="HplMsp430Usart1P"/>
      <type-interface alignment="I:2" size="I:2"><interface-ref name="UTXD" ref="0x412753d8" scoped=""/></type-interface>
      <instance>
        <interfacedef-ref nicename="tos.chips.msp430.pins.HplMsp430GeneralIO" qname="HplMsp430GeneralIO"/>
      </instance>
      <interface-functions>
        <function-ref name="makeInput" ref="0x412755b0" scoped=""/>
        <function-ref name="isInput" ref="0x41275690" scoped=""/>
        <function-ref name="setResistor" ref="0x41275770" scoped=""/>
        <function-ref name="toggle" ref="0x41275850" scoped=""/>
        <function-ref name="isOutput" ref="0x41275930" scoped=""/>
        <function-ref name="getResistor" ref="0x41275a10" scoped=""/>
        <function-ref name="makeOutput" ref="0x41275af0" scoped=""/>
        <function-ref name="get" ref="0x41275bd0" scoped=""/>
        <function-ref name="selectIOFunc" ref="0x41275cb0" scoped=""/>
        <function-ref name="getRaw" ref="0x41275d90" scoped=""/>
        <function-ref name="set" ref="0x41275e70" scoped=""/>
        <function-ref name="selectModuleFunc" ref="0x41274010" scoped=""/>
        <function-ref name="isIOFunc" ref="0x412740f0" scoped=""/>
        <function-ref name="isModuleFunc" ref="0x41274250" scoped=""/>
        <function-ref name="clr" ref="0x41274330" scoped=""/>
      </interface-functions>
    </interface><interface loc="75:/home/zly/tinyos-main/tos/chips/msp430/usart/HplMsp430Usart1P.nc" name="Usart" provided="1" ref="0x4127c010">
      <component-ref nicename="tos.chips.msp430.usart.HplMsp430Usart1P" qname="HplMsp430Usart1P"/>
      <type-interface alignment="I:2" size="I:2"><interface-ref name="Usart" ref="0x4127c010" scoped=""/></type-interface>
      <instance>
        <interfacedef-ref nicename="tos.chips.msp430.usart.HplMsp430Usart" qname="HplMsp430Usart"/>
      </instance>
      <interface-functions>
        <function-ref name="isTxEmpty" ref="0x4127c1e8" scoped=""/>
        <function-ref name="enableUartRx" ref="0x4127c2c8" scoped=""/>
        <function-ref name="setUctl" ref="0x4127c3a8" scoped=""/>
        <function-ref name="enableUart" ref="0x4127c488" scoped=""/>
        <function-ref name="setUrctl" ref="0x4127c568" scoped=""/>
        <function-ref name="enableRxIntr" ref="0x4127c648" scoped=""/>
        <function-ref name="clrRxIntr" ref="0x4127c728" scoped=""/>
        <function-ref name="getUtctl" ref="0x4127c808" scoped=""/>
        <function-ref name="getUrctl" ref="0x4127c8e8" scoped=""/>
        <function-ref name="resetUsart" ref="0x4127c9c8" scoped=""/>
        <function-ref name="getUmctl" ref="0x4127caa8" scoped=""/>
        <function-ref name="disableIntr" ref="0x4127cb88" scoped=""/>
        <function-ref name="setUtctl" ref="0x4127cc68" scoped=""/>
        <function-ref name="getUbr" ref="0x4127cdc8" scoped=""/>
        <function-ref name="enableTxIntr" ref="0x4127cea8" scoped=""/>
        <function-ref name="setUmctl" ref="0x4127b010" scoped=""/>
        <function-ref name="isUartRx" ref="0x4127b0f0" scoped=""/>
        <function-ref name="isUart" ref="0x4127b1d0" scoped=""/>
        <function-ref name="disableRxIntr" ref="0x4127b2b0" scoped=""/>
        <function-ref name="isSpi" ref="0x4127b390" scoped=""/>
        <function-ref name="enableUartTx" ref="0x4127b470" scoped=""/>
        <function-ref name="disableTxIntr" ref="0x4127b550" scoped=""/>
        <function-ref name="disableUartRx" ref="0x4127b630" scoped=""/>
        <function-ref name="enableIntr" ref="0x4127b710" scoped=""/>
        <function-ref name="getMode" ref="0x4127b7f0" scoped=""/>
        <function-ref name="isTxIntrPending" ref="0x4127b9d0" scoped=""/>
        <function-ref name="clrIntr" ref="0x4127bab0" scoped=""/>
        <function-ref name="setUbr" ref="0x4127bb90" scoped=""/>
        <function-ref name="tx" ref="0x4127bc70" scoped=""/>
        <function-ref name="getUctl" ref="0x4127bd50" scoped=""/>
        <function-ref name="disableUart" ref="0x4127be30" scoped=""/>
        <function-ref name="enableSpi" ref="0x4127bf10" scoped=""/>
        <function-ref name="setModeUart" ref="0x4127a010" scoped=""/>
        <function-ref name="setModeSpi" ref="0x4127a0f0" scoped=""/>
        <function-ref name="rx" ref="0x4127a1d0" scoped=""/>
        <function-ref name="isRxIntrPending" ref="0x4127a2b0" scoped=""/>
        <function-ref name="isUartTx" ref="0x4127a390" scoped=""/>
        <function-ref name="clrTxIntr" ref="0x4127a470" scoped=""/>
        <function-ref name="disableSpi" ref="0x4127a550" scoped=""/>
        <function-ref name="disableUartTx" ref="0x4127a630" scoped=""/>
      </interface-functions>
    </interface><interface loc="74:/home/zly/tinyos-main/tos/chips/msp430/usart/HplMsp430Usart1P.nc" name="AsyncStdControl" provided="1" ref="0x4127fad8">
      <component-ref nicename="tos.chips.msp430.usart.HplMsp430Usart1P" qname="HplMsp430Usart1P"/>
      <type-interface alignment="I:2" size="I:2"><interface-ref name="AsyncStdControl" ref="0x4127fad8" scoped=""/></type-interface>
      <instance>
        <interfacedef-ref nicename="tos.interfaces.AsyncStdControl" qname="AsyncStdControl"/>
      </instance>
      <interface-functions>
        <function-ref name="start" ref="0x4127fcb0" scoped=""/>
        <function-ref name="stop" ref="0x4127fd90" scoped=""/>
      </interface-functions>
    </interface><interface loc="79:/home/zly/tinyos-main/tos/chips/msp430/usart/HplMsp430Usart1P.nc" name="SOMI" provided="0" ref="0x41278010">
      <component-ref nicename="tos.chips.msp430.usart.HplMsp430Usart1P" qname="HplMsp430Usart1P"/>
      <type-interface alignment="I:2" size="I:2"><interface-ref name="SOMI" ref="0x41278010" scoped=""/></type-interface>
      <instance>
        <interfacedef-ref nicename="tos.chips.msp430.pins.HplMsp430GeneralIO" qname="HplMsp430GeneralIO"/>
      </instance>
      <interface-functions>
        <function-ref name="makeInput" ref="0x412781e8" scoped=""/>
        <function-ref name="isInput" ref="0x412782c8" scoped=""/>
        <function-ref name="setResistor" ref="0x412783a8" scoped=""/>
        <function-ref name="toggle" ref="0x41278488" scoped=""/>
        <function-ref name="isOutput" ref="0x41278568" scoped=""/>
        <function-ref name="getResistor" ref="0x41278648" scoped=""/>
        <function-ref name="makeOutput" ref="0x41278728" scoped=""/>
        <function-ref name="get" ref="0x41278808" scoped=""/>
        <function-ref name="selectIOFunc" ref="0x412788e8" scoped=""/>
        <function-ref name="getRaw" ref="0x412789c8" scoped=""/>
        <function-ref name="set" ref="0x41278aa8" scoped=""/>
        <function-ref name="selectModuleFunc" ref="0x41278b88" scoped=""/>
        <function-ref name="isIOFunc" ref="0x41278c68" scoped=""/>
        <function-ref name="isModuleFunc" ref="0x41278dc8" scoped=""/>
        <function-ref name="clr" ref="0x41278ea8" scoped=""/>
      </interface-functions>
    </interface><interface loc="78:/home/zly/tinyos-main/tos/chips/msp430/usart/HplMsp430Usart1P.nc" name="SIMO" provided="0" ref="0x4127ae30">
      <component-ref nicename="tos.chips.msp430.usart.HplMsp430Usart1P" qname="HplMsp430Usart1P"/>
      <type-interface alignment="I:2" size="I:2"><interface-ref name="SIMO" ref="0x4127ae30" scoped=""/></type-interface>
      <instance>
        <interfacedef-ref nicename="tos.chips.msp430.pins.HplMsp430GeneralIO" qname="HplMsp430GeneralIO"/>
      </instance>
      <interface-functions>
        <function-ref name="makeInput" ref="0x41279050" scoped=""/>
        <function-ref name="isInput" ref="0x41279130" scoped=""/>
        <function-ref name="setResistor" ref="0x41279210" scoped=""/>
        <function-ref name="toggle" ref="0x412792f0" scoped=""/>
        <function-ref name="isOutput" ref="0x412793d0" scoped=""/>
        <function-ref name="getResistor" ref="0x412794b0" scoped=""/>
        <function-ref name="makeOutput" ref="0x41279590" scoped=""/>
        <function-ref name="get" ref="0x41279670" scoped=""/>
        <function-ref name="selectIOFunc" ref="0x41279750" scoped=""/>
        <function-ref name="getRaw" ref="0x41279830" scoped=""/>
        <function-ref name="set" ref="0x41279910" scoped=""/>
        <function-ref name="selectModuleFunc" ref="0x412799f0" scoped=""/>
        <function-ref name="isIOFunc" ref="0x41279ad0" scoped=""/>
        <function-ref name="isModuleFunc" ref="0x41279c30" scoped=""/>
        <function-ref name="clr" ref="0x41279d10" scoped=""/>
      </interface-functions>
    </interface></specification><referenced/></component>