<?xml version="1.0" ?><component loc="46:/home/zly/tinyos-main/tos/lib/serial/SerialPacketInfoActiveMessageP.nc" nicename="tos.lib.serial.SerialPacketInfoActiveMessageP" qname="SerialPacketInfoActiveMessageP">
      <documentation loc="71:/home/zly/tinyos-main/tos/lib/serial/Serial.h">
        <short>
 </short>
        <long>
 @author Phil Buonadonna
 @author Lewis Girod
 @author Ben Greenstein
 @author Philip Levis
 @date   August 7 2005
</long>
      </documentation>
      <module/>
    <specification><interface loc="47:/home/zly/tinyos-main/tos/lib/serial/SerialPacketInfoActiveMessageP.nc" name="Info" provided="1" ref="0x41304be8">
      <component-ref nicename="tos.lib.serial.SerialPacketInfoActiveMessageP" qname="SerialPacketInfoActiveMessageP"/>
      <type-interface alignment="I:2" size="I:2"><interface-ref name="Info" ref="0x41304be8" scoped=""/></type-interface>
      <instance>
        <interfacedef-ref nicename="tos.lib.serial.SerialPacketInfo" qname="SerialPacketInfo"/>
      </instance>
      <interface-functions>
        <function-ref name="upperLength" ref="0x41304dc0" scoped=""/>
        <function-ref name="offset" ref="0x41304ea0" scoped=""/>
        <function-ref name="dataLinkLength" ref="0x41300010" scoped=""/>
      </interface-functions>
    </interface></specification><referenced/></component>