<?xml version="1.0" ?><component loc="45:/home/zly/tinyos-main/tos/chips/cc2420/receive/CC2420ReceiveP.nc" nicename="tos.chips.cc2420.receive.CC2420ReceiveP" qname="CC2420ReceiveP" safe="">
      <documentation loc="32:/home/zly/tinyos-main/tos/chips/cc2420/receive/CC2420ReceiveP.nc">
        <short>
 </short>
        <long>
 @author Jonathan Hui &lt;jhui@archrock.com&gt;
 @author David Moss
 @author Jung Il Choi
 @author JeongGil Ko
 @author Razvan Musaloiu-E
 @version $Revision: 1.21 $ $Date: 2009/09/17 23:36:36 $
</long>
      </documentation>
      <module/>
    <specification><interface loc="54:/home/zly/tinyos-main/tos/chips/cc2420/receive/CC2420ReceiveP.nc" name="FIFO" provided="0" ref="0x40f44300">
      <component-ref nicename="tos.chips.cc2420.receive.CC2420ReceiveP" qname="CC2420ReceiveP"/>
      <type-interface alignment="I:2" size="I:2"><interface-ref name="FIFO" ref="0x40f44300" scoped=""/></type-interface>
      <instance>
        <interfacedef-ref nicename="tos.interfaces.GeneralIO" qname="GeneralIO"/>
      </instance>
      <interface-functions>
        <function-ref name="makeInput" ref="0x40f444d8" scoped=""/>
        <function-ref name="isInput" ref="0x40f445b8" scoped=""/>
        <function-ref name="toggle" ref="0x40f44698" scoped=""/>
        <function-ref name="isOutput" ref="0x40f44778" scoped=""/>
        <function-ref name="get" ref="0x40f44858" scoped=""/>
        <function-ref name="makeOutput" ref="0x40f44938" scoped=""/>
        <function-ref name="set" ref="0x40f44a18" scoped=""/>
        <function-ref name="clr" ref="0x40f44af8" scoped=""/>
      </interface-functions>
    </interface><interface loc="64:/home/zly/tinyos-main/tos/chips/cc2420/receive/CC2420ReceiveP.nc" name="CC2420Config" provided="0" ref="0x40f3f480">
      <component-ref nicename="tos.chips.cc2420.receive.CC2420ReceiveP" qname="CC2420ReceiveP"/>
      <type-interface alignment="I:2" size="I:2"><interface-ref name="CC2420Config" ref="0x40f3f480" scoped=""/></type-interface>
      <instance>
        <interfacedef-ref nicename="tos.chips.cc2420.interfaces.CC2420Config" qname="CC2420Config"/>
      </instance>
      <interface-functions>
        <function-ref name="setAutoAck" ref="0x40f3f658" scoped=""/>
        <function-ref name="isAddressRecognitionEnabled" ref="0x40f3f738" scoped=""/>
        <function-ref name="setAddressRecognition" ref="0x40f3f818" scoped=""/>
        <function-ref name="syncDone" ref="0x40f3f8f8" scoped=""/>
        <function-ref name="isHwAddressRecognitionDefault" ref="0x40f3f9d8" scoped=""/>
        <function-ref name="setShortAddr" ref="0x40f3fab8" scoped=""/>
        <function-ref name="setChannel" ref="0x40f3fb98" scoped=""/>
        <function-ref name="isAutoAckEnabled" ref="0x40f3fc78" scoped=""/>
        <function-ref name="setPanAddr" ref="0x40f3fd58" scoped=""/>
        <function-ref name="isHwAutoAckDefault" ref="0x40f3fe38" scoped=""/>
        <function-ref name="getExtAddr" ref="0x40f3ff18" scoped=""/>
        <function-ref name="getShortAddr" ref="0x40f3e010" scoped=""/>
        <function-ref name="sync" ref="0x40f3e0f0" scoped=""/>
        <function-ref name="getChannel" ref="0x40f3e250" scoped=""/>
        <function-ref name="getPanAddr" ref="0x40f3e330" scoped=""/>
      </interface-functions>
    </interface><interface loc="148:/home/zly/tinyos-main/tos/chips/cc2420/receive/CC2420ReceiveP.nc" name="receiveDone_task" provided="0" ref="0x40f338d0">
      <component-ref nicename="tos.chips.cc2420.receive.CC2420ReceiveP" qname="CC2420ReceiveP"/>
      <type-interface alignment="I:2" size="I:2"><interface-ref name="receiveDone_task" ref="0x40f338d0" scoped=""/></type-interface>
      <instance>
        <interfacedef-ref nicename="tos.interfaces.TaskBasic" qname="TaskBasic"/>
      </instance>
      <interface-functions>
        <function-ref name="postTask" ref="0x40f33aa8" scoped=""/>
        <function-ref name="runTask" ref="0x40f33b88" scoped=""/>
      </interface-functions>
    </interface><interface loc="65:/home/zly/tinyos-main/tos/chips/cc2420/receive/CC2420ReceiveP.nc" name="PacketTimeStamp" provided="0" ref="0x40f3e6e0">
      <component-ref nicename="tos.chips.cc2420.receive.CC2420ReceiveP" qname="CC2420ReceiveP"/>
      <type-interface alignment="I:2" size="I:2"><interface-ref name="PacketTimeStamp" ref="0x40f3e6e0" scoped=""/></type-interface>
      <instance>
        <interfacedef-ref nicename="tos.interfaces.PacketTimeStamp" qname="PacketTimeStamp"/>
        <arguments>
          <type-tag alignment="I:2" size="I:2"><struct-ref ref="0x40614ca8"/>
            <typename><typedef-ref name="T32khz" ref="0x40614e70"/></typename>
          </type-tag>
          <type-int alignment="I:2" cname="unsigned long" size="I:4" unsigned="">
            <typename><typedef-ref name="uint32_t" ref="0x40213250"/></typename>
          </type-int>
        </arguments>
      </instance>
      <interface-functions>
        <function-ref name="timestamp" ref="0x40f3d1f8" scoped=""/>
        <function-ref name="clear" ref="0x40f3d5a8" scoped=""/>
        <function-ref name="isValid" ref="0x40f3ee30" scoped=""/>
        <function-ref name="set" ref="0x40f3d958" scoped=""/>
      </interface-functions>
    </interface><interface loc="55:/home/zly/tinyos-main/tos/chips/cc2420/receive/CC2420ReceiveP.nc" name="FIFOP" provided="0" ref="0x40f44d10">
      <component-ref nicename="tos.chips.cc2420.receive.CC2420ReceiveP" qname="CC2420ReceiveP"/>
      <type-interface alignment="I:2" size="I:2"><interface-ref name="FIFOP" ref="0x40f44d10" scoped=""/></type-interface>
      <instance>
        <interfacedef-ref nicename="tos.interfaces.GeneralIO" qname="GeneralIO"/>
      </instance>
      <interface-functions>
        <function-ref name="makeInput" ref="0x40f44ee8" scoped=""/>
        <function-ref name="isInput" ref="0x40f43010" scoped=""/>
        <function-ref name="toggle" ref="0x40f430f0" scoped=""/>
        <function-ref name="isOutput" ref="0x40f431d0" scoped=""/>
        <function-ref name="get" ref="0x40f432b0" scoped=""/>
        <function-ref name="makeOutput" ref="0x40f43390" scoped=""/>
        <function-ref name="set" ref="0x40f43470" scoped=""/>
        <function-ref name="clr" ref="0x40f43550" scoped=""/>
      </interface-functions>
    </interface><interface loc="69:/home/zly/tinyos-main/tos/chips/cc2420/receive/CC2420ReceiveP.nc" name="SECCTRL1" provided="0" ref="0x40f3c7d8">
      <component-ref nicename="tos.chips.cc2420.receive.CC2420ReceiveP" qname="CC2420ReceiveP"/>
      <type-interface alignment="I:2" size="I:2"><interface-ref name="SECCTRL1" ref="0x40f3c7d8" scoped=""/></type-interface>
      <instance>
        <interfacedef-ref nicename="tos.chips.cc2420.interfaces.CC2420Register" qname="CC2420Register"/>
      </instance>
      <interface-functions>
        <function-ref name="read" ref="0x40f3c9b0" scoped=""/>
        <function-ref name="write" ref="0x40f3ca90" scoped=""/>
      </interface-functions>
    </interface><interface loc="70:/home/zly/tinyos-main/tos/chips/cc2420/receive/CC2420ReceiveP.nc" name="KEY0" provided="0" ref="0x40f3cca0">
      <component-ref nicename="tos.chips.cc2420.receive.CC2420ReceiveP" qname="CC2420ReceiveP"/>
      <type-interface alignment="I:2" size="I:2"><interface-ref name="KEY0" ref="0x40f3cca0" scoped=""/></type-interface>
      <instance>
        <interfacedef-ref nicename="tos.chips.cc2420.interfaces.CC2420Ram" qname="CC2420Ram"/>
      </instance>
      <interface-functions>
        <function-ref name="read" ref="0x40f3ce78" scoped=""/>
        <function-ref name="write" ref="0x40f3b010" scoped=""/>
      </interface-functions>
    </interface><interface loc="72:/home/zly/tinyos-main/tos/chips/cc2420/receive/CC2420ReceiveP.nc" name="RXNONCE" provided="0" ref="0x40f3b700">
      <component-ref nicename="tos.chips.cc2420.receive.CC2420ReceiveP" qname="CC2420ReceiveP"/>
      <type-interface alignment="I:2" size="I:2"><interface-ref name="RXNONCE" ref="0x40f3b700" scoped=""/></type-interface>
      <instance>
        <interfacedef-ref nicename="tos.chips.cc2420.interfaces.CC2420Ram" qname="CC2420Ram"/>
      </instance>
      <interface-functions>
        <function-ref name="read" ref="0x40f3b8d8" scoped=""/>
        <function-ref name="write" ref="0x40f3b9b8" scoped=""/>
      </interface-functions>
    </interface><interface loc="62:/home/zly/tinyos-main/tos/chips/cc2420/receive/CC2420ReceiveP.nc" name="CC2420Packet" provided="0" ref="0x40f416a0">
      <component-ref nicename="tos.chips.cc2420.receive.CC2420ReceiveP" qname="CC2420ReceiveP"/>
      <type-interface alignment="I:2" size="I:2"><interface-ref name="CC2420Packet" ref="0x40f416a0" scoped=""/></type-interface>
      <instance>
        <interfacedef-ref nicename="tos.chips.cc2420.interfaces.CC2420Packet" qname="CC2420Packet"/>
      </instance>
      <interface-functions>
        <function-ref name="setPower" ref="0x40f41878" scoped=""/>
        <function-ref name="setNetwork" ref="0x40f41958" scoped=""/>
        <function-ref name="getRssi" ref="0x40f41a38" scoped=""/>
        <function-ref name="getNetwork" ref="0x40f41b18" scoped=""/>
        <function-ref name="getPower" ref="0x40f41bf8" scoped=""/>
        <function-ref name="getLqi" ref="0x40f41cd8" scoped=""/>
      </interface-functions>
    </interface><interface loc="49:/home/zly/tinyos-main/tos/chips/cc2420/receive/CC2420ReceiveP.nc" name="CC2420Receive" provided="1" ref="0x40f10a50">
      <component-ref nicename="tos.chips.cc2420.receive.CC2420ReceiveP" qname="CC2420ReceiveP"/>
      <type-interface alignment="I:2" size="I:2"><interface-ref name="CC2420Receive" ref="0x40f10a50" scoped=""/></type-interface>
      <instance>
        <interfacedef-ref nicename="tos.chips.cc2420.interfaces.CC2420Receive" qname="CC2420Receive"/>
      </instance>
      <interface-functions>
        <function-ref name="receive" ref="0x40f10c28" scoped=""/>
        <function-ref name="sfd_dropped" ref="0x40f10d08" scoped=""/>
        <function-ref name="sfd" ref="0x40f10de8" scoped=""/>
      </interface-functions>
    </interface><interface loc="60:/home/zly/tinyos-main/tos/chips/cc2420/receive/CC2420ReceiveP.nc" name="SACK" provided="0" ref="0x40f42df0">
      <component-ref nicename="tos.chips.cc2420.receive.CC2420ReceiveP" qname="CC2420ReceiveP"/>
      <type-interface alignment="I:2" size="I:2"><interface-ref name="SACK" ref="0x40f42df0" scoped=""/></type-interface>
      <instance>
        <interfacedef-ref nicename="tos.chips.cc2420.interfaces.CC2420Strobe" qname="CC2420Strobe"/>
      </instance>
      <interface-functions>
        <function-ref name="strobe" ref="0x40f41010" scoped=""/>
      </interface-functions>
    </interface><interface loc="53:/home/zly/tinyos-main/tos/chips/cc2420/receive/CC2420ReceiveP.nc" name="CSN" provided="0" ref="0x40f0f880">
      <component-ref nicename="tos.chips.cc2420.receive.CC2420ReceiveP" qname="CC2420ReceiveP"/>
      <type-interface alignment="I:2" size="I:2"><interface-ref name="CSN" ref="0x40f0f880" scoped=""/></type-interface>
      <instance>
        <interfacedef-ref nicename="tos.interfaces.GeneralIO" qname="GeneralIO"/>
      </instance>
      <interface-functions>
        <function-ref name="makeInput" ref="0x40f0fa58" scoped=""/>
        <function-ref name="isInput" ref="0x40f0fb38" scoped=""/>
        <function-ref name="toggle" ref="0x40f0fc18" scoped=""/>
        <function-ref name="isOutput" ref="0x40f0fcf8" scoped=""/>
        <function-ref name="get" ref="0x40f0fdd8" scoped=""/>
        <function-ref name="makeOutput" ref="0x40f0feb8" scoped=""/>
        <function-ref name="set" ref="0x40f44010" scoped=""/>
        <function-ref name="clr" ref="0x40f440f0" scoped=""/>
      </interface-functions>
    </interface><interface loc="73:/home/zly/tinyos-main/tos/chips/cc2420/receive/CC2420ReceiveP.nc" name="RXFIFO_RAM" provided="0" ref="0x40f3bc00">
      <component-ref nicename="tos.chips.cc2420.receive.CC2420ReceiveP" qname="CC2420ReceiveP"/>
      <type-interface alignment="I:2" size="I:2"><interface-ref name="RXFIFO_RAM" ref="0x40f3bc00" scoped=""/></type-interface>
      <instance>
        <interfacedef-ref nicename="tos.chips.cc2420.interfaces.CC2420Ram" qname="CC2420Ram"/>
      </instance>
      <interface-functions>
        <function-ref name="read" ref="0x40f3bdd8" scoped=""/>
        <function-ref name="write" ref="0x40f3beb8" scoped=""/>
      </interface-functions>
    </interface><interface loc="47:/home/zly/tinyos-main/tos/chips/cc2420/receive/CC2420ReceiveP.nc" name="Init" provided="1" ref="0x40f10210">
      <component-ref nicename="tos.chips.cc2420.receive.CC2420ReceiveP" qname="CC2420ReceiveP"/>
      <type-interface alignment="I:2" size="I:2"><interface-ref name="Init" ref="0x40f10210" scoped=""/></type-interface>
      <instance>
        <interfacedef-ref nicename="tos.interfaces.Init" qname="Init"/>
      </instance>
      <interface-functions>
        <function-ref name="init" ref="0x40f103e8" scoped=""/>
      </interface-functions>
    </interface><interface loc="63:/home/zly/tinyos-main/tos/chips/cc2420/receive/CC2420ReceiveP.nc" name="CC2420PacketBody" provided="0" ref="0x40f41ee0">
      <component-ref nicename="tos.chips.cc2420.receive.CC2420ReceiveP" qname="CC2420ReceiveP"/>
      <type-interface alignment="I:2" size="I:2"><interface-ref name="CC2420PacketBody" ref="0x40f41ee0" scoped=""/></type-interface>
      <instance>
        <interfacedef-ref nicename="tos.chips.cc2420.interfaces.CC2420PacketBody" qname="CC2420PacketBody"/>
      </instance>
      <interface-functions>
        <function-ref name="getPayload" ref="0x40f3f0e0" scoped=""/>
        <function-ref name="getHeader" ref="0x40f3f1c0" scoped=""/>
        <function-ref name="getMetadata" ref="0x40f3f2a0" scoped=""/>
      </interface-functions>
    </interface><interface loc="50:/home/zly/tinyos-main/tos/chips/cc2420/receive/CC2420ReceiveP.nc" name="Receive" provided="1" ref="0x40f0f010">
      <component-ref nicename="tos.chips.cc2420.receive.CC2420ReceiveP" qname="CC2420ReceiveP"/>
      <type-interface alignment="I:2" size="I:2"><interface-ref name="Receive" ref="0x40f0f010" scoped=""/></type-interface>
      <instance>
        <interfacedef-ref nicename="tos.interfaces.Receive" qname="Receive"/>
      </instance>
      <interface-functions>
        <function-ref name="receive" ref="0x40f0f1e8" scoped=""/>
      </interface-functions>
    </interface><interface loc="58:/home/zly/tinyos-main/tos/chips/cc2420/receive/CC2420ReceiveP.nc" name="SpiResource" provided="0" ref="0x40f43ea8">
      <component-ref nicename="tos.chips.cc2420.receive.CC2420ReceiveP" qname="CC2420ReceiveP"/>
      <type-interface alignment="I:2" size="I:2"><interface-ref name="SpiResource" ref="0x40f43ea8" scoped=""/></type-interface>
      <instance>
        <interfacedef-ref nicename="tos.interfaces.Resource" qname="Resource"/>
      </instance>
      <interface-functions>
        <function-ref name="release" ref="0x40f420c0" scoped=""/>
        <function-ref name="immediateRequest" ref="0x40f421a0" scoped=""/>
        <function-ref name="request" ref="0x40f42280" scoped=""/>
        <function-ref name="granted" ref="0x40f42360" scoped=""/>
        <function-ref name="isOwner" ref="0x40f42440" scoped=""/>
      </interface-functions>
    </interface><interface loc="71:/home/zly/tinyos-main/tos/chips/cc2420/receive/CC2420ReceiveP.nc" name="KEY1" provided="0" ref="0x40f3b220">
      <component-ref nicename="tos.chips.cc2420.receive.CC2420ReceiveP" qname="CC2420ReceiveP"/>
      <type-interface alignment="I:2" size="I:2"><interface-ref name="KEY1" ref="0x40f3b220" scoped=""/></type-interface>
      <instance>
        <interfacedef-ref nicename="tos.chips.cc2420.interfaces.CC2420Ram" qname="CC2420Ram"/>
      </instance>
      <interface-functions>
        <function-ref name="read" ref="0x40f3b3f8" scoped=""/>
        <function-ref name="write" ref="0x40f3b4d8" scoped=""/>
      </interface-functions>
    </interface><interface loc="59:/home/zly/tinyos-main/tos/chips/cc2420/receive/CC2420ReceiveP.nc" name="RXFIFO" provided="0" ref="0x40f42668">
      <component-ref nicename="tos.chips.cc2420.receive.CC2420ReceiveP" qname="CC2420ReceiveP"/>
      <type-interface alignment="I:2" size="I:2"><interface-ref name="RXFIFO" ref="0x40f42668" scoped=""/></type-interface>
      <instance>
        <interfacedef-ref nicename="tos.chips.cc2420.interfaces.CC2420Fifo" qname="CC2420Fifo"/>
      </instance>
      <interface-functions>
        <function-ref name="continueRead" ref="0x40f42840" scoped=""/>
        <function-ref name="writeDone" ref="0x40f42920" scoped=""/>
        <function-ref name="write" ref="0x40f42a00" scoped=""/>
        <function-ref name="beginRead" ref="0x40f42ae0" scoped=""/>
        <function-ref name="readDone" ref="0x40f42bc0" scoped=""/>
      </interface-functions>
    </interface><interface loc="74:/home/zly/tinyos-main/tos/chips/cc2420/receive/CC2420ReceiveP.nc" name="SNOP" provided="0" ref="0x40f3a130">
      <component-ref nicename="tos.chips.cc2420.receive.CC2420ReceiveP" qname="CC2420ReceiveP"/>
      <type-interface alignment="I:2" size="I:2"><interface-ref name="SNOP" ref="0x40f3a130" scoped=""/></type-interface>
      <instance>
        <interfacedef-ref nicename="tos.chips.cc2420.interfaces.CC2420Strobe" qname="CC2420Strobe"/>
      </instance>
      <interface-functions>
        <function-ref name="strobe" ref="0x40f3a408" scoped=""/>
      </interface-functions>
    </interface><interface loc="51:/home/zly/tinyos-main/tos/chips/cc2420/receive/CC2420ReceiveP.nc" name="PacketIndicator" provided="1" ref="0x40f0f4a8">
      <component-ref nicename="tos.chips.cc2420.receive.CC2420ReceiveP" qname="CC2420ReceiveP"/>
      <type-interface alignment="I:2" size="I:2"><interface-ref name="PacketIndicator" ref="0x40f0f4a8" scoped=""/></type-interface>
      <instance>
        <interfacedef-ref nicename="tos.chips.cc2420.interfaces.ReceiveIndicator" qname="ReceiveIndicator"/>
      </instance>
      <interface-functions>
        <function-ref name="isReceiving" ref="0x40f0f680" scoped=""/>
      </interface-functions>
    </interface><interface loc="76:/home/zly/tinyos-main/tos/chips/cc2420/receive/CC2420ReceiveP.nc" name="Leds" provided="0" ref="0x40f3a598">
      <component-ref nicename="tos.chips.cc2420.receive.CC2420ReceiveP" qname="CC2420ReceiveP"/>
      <type-interface alignment="I:2" size="I:2"><interface-ref name="Leds" ref="0x40f3a598" scoped=""/></type-interface>
      <instance>
        <interfacedef-ref nicename="tos.interfaces.Leds" qname="Leds"/>
      </instance>
      <interface-functions>
        <function-ref name="led0Off" ref="0x40f3a770" scoped=""/>
        <function-ref name="led0Toggle" ref="0x40f3a850" scoped=""/>
        <function-ref name="led1On" ref="0x40f3a930" scoped=""/>
        <function-ref name="led1Toggle" ref="0x40f3aa10" scoped=""/>
        <function-ref name="led2Toggle" ref="0x40f3aaf0" scoped=""/>
        <function-ref name="get" ref="0x40f3abd0" scoped=""/>
        <function-ref name="led1Off" ref="0x40f3acb0" scoped=""/>
        <function-ref name="led2Off" ref="0x40f390f0" scoped=""/>
        <function-ref name="set" ref="0x40f3ad90" scoped=""/>
        <function-ref name="led0On" ref="0x40f3ae70" scoped=""/>
        <function-ref name="led2On" ref="0x40f39010" scoped=""/>
      </interface-functions>
    </interface><interface loc="68:/home/zly/tinyos-main/tos/chips/cc2420/receive/CC2420ReceiveP.nc" name="SECCTRL0" provided="0" ref="0x40f3c2b8">
      <component-ref nicename="tos.chips.cc2420.receive.CC2420ReceiveP" qname="CC2420ReceiveP"/>
      <type-interface alignment="I:2" size="I:2"><interface-ref name="SECCTRL0" ref="0x40f3c2b8" scoped=""/></type-interface>
      <instance>
        <interfacedef-ref nicename="tos.chips.cc2420.interfaces.CC2420Register" qname="CC2420Register"/>
      </instance>
      <interface-functions>
        <function-ref name="read" ref="0x40f3c490" scoped=""/>
        <function-ref name="write" ref="0x40f3c570" scoped=""/>
      </interface-functions>
    </interface><interface loc="67:/home/zly/tinyos-main/tos/chips/cc2420/receive/CC2420ReceiveP.nc" name="SRXDEC" provided="0" ref="0x40f3de50">
      <component-ref nicename="tos.chips.cc2420.receive.CC2420ReceiveP" qname="CC2420ReceiveP"/>
      <type-interface alignment="I:2" size="I:2"><interface-ref name="SRXDEC" ref="0x40f3de50" scoped=""/></type-interface>
      <instance>
        <interfacedef-ref nicename="tos.chips.cc2420.interfaces.CC2420Strobe" qname="CC2420Strobe"/>
      </instance>
      <interface-functions>
        <function-ref name="strobe" ref="0x40f3c050" scoped=""/>
      </interface-functions>
    </interface><interface loc="56:/home/zly/tinyos-main/tos/chips/cc2420/receive/CC2420ReceiveP.nc" name="InterruptFIFOP" provided="0" ref="0x40f437e8">
      <component-ref nicename="tos.chips.cc2420.receive.CC2420ReceiveP" qname="CC2420ReceiveP"/>
      <type-interface alignment="I:2" size="I:2"><interface-ref name="InterruptFIFOP" ref="0x40f437e8" scoped=""/></type-interface>
      <instance>
        <interfacedef-ref nicename="tos.interfaces.GpioInterrupt" qname="GpioInterrupt"/>
      </instance>
      <interface-functions>
        <function-ref name="fired" ref="0x40f439c0" scoped=""/>
        <function-ref name="disable" ref="0x40f43aa0" scoped=""/>
        <function-ref name="enableFallingEdge" ref="0x40f43b80" scoped=""/>
        <function-ref name="enableRisingEdge" ref="0x40f43c60" scoped=""/>
      </interface-functions>
    </interface><interface loc="61:/home/zly/tinyos-main/tos/chips/cc2420/receive/CC2420ReceiveP.nc" name="SFLUSHRX" provided="0" ref="0x40f41268">
      <component-ref nicename="tos.chips.cc2420.receive.CC2420ReceiveP" qname="CC2420ReceiveP"/>
      <type-interface alignment="I:2" size="I:2"><interface-ref name="SFLUSHRX" ref="0x40f41268" scoped=""/></type-interface>
      <instance>
        <interfacedef-ref nicename="tos.chips.cc2420.interfaces.CC2420Strobe" qname="CC2420Strobe"/>
      </instance>
      <interface-functions>
        <function-ref name="strobe" ref="0x40f414c0" scoped=""/>
      </interface-functions>
    </interface><interface loc="48:/home/zly/tinyos-main/tos/chips/cc2420/receive/CC2420ReceiveP.nc" name="StdControl" provided="1" ref="0x40f105b0">
      <component-ref nicename="tos.chips.cc2420.receive.CC2420ReceiveP" qname="CC2420ReceiveP"/>
      <type-interface alignment="I:2" size="I:2"><interface-ref name="StdControl" ref="0x40f105b0" scoped=""/></type-interface>
      <instance>
        <interfacedef-ref nicename="tos.interfaces.StdControl" qname="StdControl"/>
      </instance>
      <interface-functions>
        <function-ref name="start" ref="0x40f10788" scoped=""/>
        <function-ref name="stop" ref="0x40f10868" scoped=""/>
      </interface-functions>
    </interface></specification><referenced/></component>