<?xml version="1.0" ?><component loc="41:/home/zly/tinyos-main/tos/chips/cc2420/spi/CC2420SpiP.nc" nicename="tos.chips.cc2420.spi.CC2420SpiP" qname="CC2420SpiP" safe="">
      <documentation loc="32:/home/zly/tinyos-main/tos/chips/cc2420/spi/CC2420SpiP.nc">
        <short>
 </short>
        <long>
 @author Jonathan Hui &lt;jhui@archrock.com&gt;
 @author David Moss
 @author Roman Lim
 @author Razvan Musaloie-E.
 @author Jeonggil Ko
 @version $Revision: 1.4 $ $Date: 2008-06-23 20:25:15 $
</long>
      </documentation>
      <module/>
    <specification><interface loc="55:/home/zly/tinyos-main/tos/chips/cc2420/spi/CC2420SpiP.nc" name="SpiPacket" provided="0" ref="0x40ba7a28">
      <component-ref nicename="tos.chips.cc2420.spi.CC2420SpiP" qname="CC2420SpiP"/>
      <type-interface alignment="I:2" size="I:2"><interface-ref name="SpiPacket" ref="0x40ba7a28" scoped=""/></type-interface>
      <instance>
        <interfacedef-ref nicename="tos.interfaces.SpiPacket" qname="SpiPacket"/>
      </instance>
      <interface-functions>
        <function-ref name="send" ref="0x40ba7c00" scoped=""/>
        <function-ref name="sendDone" ref="0x40ba7ce0" scoped=""/>
      </interface-functions>
    </interface><interface loc="46:/home/zly/tinyos-main/tos/chips/cc2420/spi/CC2420SpiP.nc" name="Fifo" provided="1" ref="0x40baf918">
      <component-ref nicename="tos.chips.cc2420.spi.CC2420SpiP" qname="CC2420SpiP"/>
      <type-interface alignment="I:2" size="I:2"><interface-ref name="Fifo" ref="0x40baf918" scoped=""/></type-interface>
      <instance>
        <interfacedef-ref nicename="tos.chips.cc2420.interfaces.CC2420Fifo" qname="CC2420Fifo"/>
      </instance>
      <interface-parameters>
        <type-int alignment="I:1" cname="unsigned char" size="I:1" unsigned="">
          <typename><typedef-ref name="uint8_t" ref="0x40212dc8"/></typename>
        </type-int>
      </interface-parameters>
      <interface-functions>
        <function-ref name="continueRead" ref="0x40bafaf0" scoped=""/>
        <function-ref name="writeDone" ref="0x40bafbd0" scoped=""/>
        <function-ref name="write" ref="0x40bafcb0" scoped=""/>
        <function-ref name="beginRead" ref="0x40bafd90" scoped=""/>
        <function-ref name="readDone" ref="0x40bafe70" scoped=""/>
      </interface-functions>
    </interface><interface loc="44:/home/zly/tinyos-main/tos/chips/cc2420/spi/CC2420SpiP.nc" name="ChipSpiResource" provided="1" ref="0x40bb2698">
      <component-ref nicename="tos.chips.cc2420.spi.CC2420SpiP" qname="CC2420SpiP"/>
      <type-interface alignment="I:2" size="I:2"><interface-ref name="ChipSpiResource" ref="0x40bb2698" scoped=""/></type-interface>
      <instance>
        <interfacedef-ref nicename="tos.chips.cc2420.interfaces.ChipSpiResource" qname="ChipSpiResource"/>
      </instance>
      <interface-functions>
        <function-ref name="releasing" ref="0x40bb2870" scoped=""/>
        <function-ref name="abortRelease" ref="0x40bb2950" scoped=""/>
        <function-ref name="attemptRelease" ref="0x40bb2a30" scoped=""/>
      </interface-functions>
    </interface><interface loc="54:/home/zly/tinyos-main/tos/chips/cc2420/spi/CC2420SpiP.nc" name="SpiByte" provided="0" ref="0x40ba9718">
      <component-ref nicename="tos.chips.cc2420.spi.CC2420SpiP" qname="CC2420SpiP"/>
      <type-interface alignment="I:2" size="I:2"><interface-ref name="SpiByte" ref="0x40ba9718" scoped=""/></type-interface>
      <instance>
        <interfacedef-ref nicename="tos.interfaces.SpiByte" qname="SpiByte"/>
      </instance>
      <interface-functions>
        <function-ref name="write" ref="0x40ba98f0" scoped=""/>
      </interface-functions>
    </interface><interface loc="56:/home/zly/tinyos-main/tos/chips/cc2420/spi/CC2420SpiP.nc" name="WorkingState" provided="0" ref="0x40ba7ef8">
      <component-ref nicename="tos.chips.cc2420.spi.CC2420SpiP" qname="CC2420SpiP"/>
      <type-interface alignment="I:2" size="I:2"><interface-ref name="WorkingState" ref="0x40ba7ef8" scoped=""/></type-interface>
      <instance>
        <interfacedef-ref nicename="tos.interfaces.State" qname="State"/>
      </instance>
      <interface-functions>
        <function-ref name="getState" ref="0x40bab0e0" scoped=""/>
        <function-ref name="toIdle" ref="0x40bab1c0" scoped=""/>
        <function-ref name="isState" ref="0x40bab2a0" scoped=""/>
        <function-ref name="isIdle" ref="0x40bab380" scoped=""/>
        <function-ref name="requestState" ref="0x40bab460" scoped=""/>
        <function-ref name="forceState" ref="0x40bab540" scoped=""/>
      </interface-functions>
    </interface><interface loc="53:/home/zly/tinyos-main/tos/chips/cc2420/spi/CC2420SpiP.nc" name="SpiResource" provided="0" ref="0x40bac730">
      <component-ref nicename="tos.chips.cc2420.spi.CC2420SpiP" qname="CC2420SpiP"/>
      <type-interface alignment="I:2" size="I:2"><interface-ref name="SpiResource" ref="0x40bac730" scoped=""/></type-interface>
      <instance>
        <interfacedef-ref nicename="tos.interfaces.Resource" qname="Resource"/>
      </instance>
      <interface-functions>
        <function-ref name="release" ref="0x40bac908" scoped=""/>
        <function-ref name="immediateRequest" ref="0x40bac9e8" scoped=""/>
        <function-ref name="request" ref="0x40bacac8" scoped=""/>
        <function-ref name="granted" ref="0x40bacba8" scoped=""/>
        <function-ref name="isOwner" ref="0x40bacc88" scoped=""/>
      </interface-functions>
    </interface><interface loc="47:/home/zly/tinyos-main/tos/chips/cc2420/spi/CC2420SpiP.nc" name="Ram" provided="1" ref="0x40bae370">
      <component-ref nicename="tos.chips.cc2420.spi.CC2420SpiP" qname="CC2420SpiP"/>
      <type-interface alignment="I:2" size="I:2"><interface-ref name="Ram" ref="0x40bae370" scoped=""/></type-interface>
      <instance>
        <interfacedef-ref nicename="tos.chips.cc2420.interfaces.CC2420Ram" qname="CC2420Ram"/>
      </instance>
      <interface-parameters>
        <type-int alignment="I:2" cname="unsigned int" size="I:2" unsigned="">
          <typename><typedef-ref name="uint16_t" ref="0x40213010"/></typename>
        </type-int>
      </interface-parameters>
      <interface-functions>
        <function-ref name="read" ref="0x40bae548" scoped=""/>
        <function-ref name="write" ref="0x40bae628" scoped=""/>
      </interface-functions>
    </interface><interface loc="48:/home/zly/tinyos-main/tos/chips/cc2420/spi/CC2420SpiP.nc" name="Reg" provided="1" ref="0x40baeb18">
      <component-ref nicename="tos.chips.cc2420.spi.CC2420SpiP" qname="CC2420SpiP"/>
      <type-interface alignment="I:2" size="I:2"><interface-ref name="Reg" ref="0x40baeb18" scoped=""/></type-interface>
      <instance>
        <interfacedef-ref nicename="tos.chips.cc2420.interfaces.CC2420Register" qname="CC2420Register"/>
      </instance>
      <interface-parameters>
        <type-int alignment="I:1" cname="unsigned char" size="I:1" unsigned="">
          <typename><typedef-ref name="uint8_t" ref="0x40212dc8"/></typename>
        </type-int>
      </interface-parameters>
      <interface-functions>
        <function-ref name="read" ref="0x40baecf0" scoped=""/>
        <function-ref name="write" ref="0x40baedd0" scoped=""/>
      </interface-functions>
    </interface><interface loc="57:/home/zly/tinyos-main/tos/chips/cc2420/spi/CC2420SpiP.nc" name="Leds" provided="0" ref="0x40bab6b0">
      <component-ref nicename="tos.chips.cc2420.spi.CC2420SpiP" qname="CC2420SpiP"/>
      <type-interface alignment="I:2" size="I:2"><interface-ref name="Leds" ref="0x40bab6b0" scoped=""/></type-interface>
      <instance>
        <interfacedef-ref nicename="tos.interfaces.Leds" qname="Leds"/>
      </instance>
      <interface-functions>
        <function-ref name="led0Off" ref="0x40bab888" scoped=""/>
        <function-ref name="led0Toggle" ref="0x40bab968" scoped=""/>
        <function-ref name="led1On" ref="0x40baba48" scoped=""/>
        <function-ref name="led1Toggle" ref="0x40babb28" scoped=""/>
        <function-ref name="led2Toggle" ref="0x40babc08" scoped=""/>
        <function-ref name="get" ref="0x40babce8" scoped=""/>
        <function-ref name="led1Off" ref="0x40babdc8" scoped=""/>
        <function-ref name="led2Off" ref="0x40baa1d0" scoped=""/>
        <function-ref name="set" ref="0x40babea8" scoped=""/>
        <function-ref name="led0On" ref="0x40baa010" scoped=""/>
        <function-ref name="led2On" ref="0x40baa0f0" scoped=""/>
      </interface-functions>
    </interface><interface loc="45:/home/zly/tinyos-main/tos/chips/cc2420/spi/CC2420SpiP.nc" name="Resource" provided="1" ref="0x40bb2ea8">
      <component-ref nicename="tos.chips.cc2420.spi.CC2420SpiP" qname="CC2420SpiP"/>
      <type-interface alignment="I:2" size="I:2"><interface-ref name="Resource" ref="0x40bb2ea8" scoped=""/></type-interface>
      <instance>
        <interfacedef-ref nicename="tos.interfaces.Resource" qname="Resource"/>
      </instance>
      <interface-parameters>
        <type-int alignment="I:1" cname="unsigned char" size="I:1" unsigned="">
          <typename><typedef-ref name="uint8_t" ref="0x40212dc8"/></typename>
        </type-int>
      </interface-parameters>
      <interface-functions>
        <function-ref name="release" ref="0x40baf0c0" scoped=""/>
        <function-ref name="immediateRequest" ref="0x40baf1a0" scoped=""/>
        <function-ref name="request" ref="0x40baf280" scoped=""/>
        <function-ref name="granted" ref="0x40baf360" scoped=""/>
        <function-ref name="isOwner" ref="0x40baf440" scoped=""/>
      </interface-functions>
    </interface><interface loc="88:/home/zly/tinyos-main/tos/chips/cc2420/spi/CC2420SpiP.nc" name="grant" provided="0" ref="0x40bcb520">
      <component-ref nicename="tos.chips.cc2420.spi.CC2420SpiP" qname="CC2420SpiP"/>
      <type-interface alignment="I:2" size="I:2"><interface-ref name="grant" ref="0x40bcb520" scoped=""/></type-interface>
      <instance>
        <interfacedef-ref nicename="tos.interfaces.TaskBasic" qname="TaskBasic"/>
      </instance>
      <interface-functions>
        <function-ref name="postTask" ref="0x40bcb6f8" scoped=""/>
        <function-ref name="runTask" ref="0x40bcb7d8" scoped=""/>
      </interface-functions>
    </interface><interface loc="49:/home/zly/tinyos-main/tos/chips/cc2420/spi/CC2420SpiP.nc" name="Strobe" provided="1" ref="0x40bac2f0">
      <component-ref nicename="tos.chips.cc2420.spi.CC2420SpiP" qname="CC2420SpiP"/>
      <type-interface alignment="I:2" size="I:2"><interface-ref name="Strobe" ref="0x40bac2f0" scoped=""/></type-interface>
      <instance>
        <interfacedef-ref nicename="tos.chips.cc2420.interfaces.CC2420Strobe" qname="CC2420Strobe"/>
      </instance>
      <interface-parameters>
        <type-int alignment="I:1" cname="unsigned char" size="I:1" unsigned="">
          <typename><typedef-ref name="uint8_t" ref="0x40212dc8"/></typename>
        </type-int>
      </interface-parameters>
      <interface-functions>
        <function-ref name="strobe" ref="0x40bac4c8" scoped=""/>
      </interface-functions>
    </interface></specification><referenced/></component>