<?xml version="1.0" ?><component loc="41:/home/zly/tinyos-main/tos/chips/cc2420/unique/UniqueReceiveP.nc" nicename="tos.chips.cc2420.unique.UniqueReceiveP" qname="UniqueReceiveP" safe="">
      <documentation loc="32:/home/zly/tinyos-main/tos/chips/cc2420/unique/UniqueReceiveP.nc">
        <short> 
 This layer keeps a history of the past RECEIVE_HISTORY_SIZE received messages
 If the source address and dsn number of a newly received message matches
 our recent history, we drop the message because we've already seen it.</short>
        <long> 
 This layer keeps a history of the past RECEIVE_HISTORY_SIZE received messages
 If the source address and dsn number of a newly received message matches
 our recent history, we drop the message because we've already seen it.
 @author David Moss
</long>
      </documentation>
      <module/>
    <specification><interface loc="49:/home/zly/tinyos-main/tos/chips/cc2420/unique/UniqueReceiveP.nc" name="SubReceive" provided="0" ref="0x40fee340">
      <component-ref nicename="tos.chips.cc2420.unique.UniqueReceiveP" qname="UniqueReceiveP"/>
      <type-interface alignment="I:2" size="I:2"><interface-ref name="SubReceive" ref="0x40fee340" scoped=""/></type-interface>
      <instance>
        <interfacedef-ref nicename="tos.interfaces.Receive" qname="Receive"/>
      </instance>
      <interface-functions>
        <function-ref name="receive" ref="0x40fee518" scoped=""/>
      </interface-functions>
    </interface><interface loc="45:/home/zly/tinyos-main/tos/chips/cc2420/unique/UniqueReceiveP.nc" name="Init" provided="1" ref="0x40ff1f08">
      <component-ref nicename="tos.chips.cc2420.unique.UniqueReceiveP" qname="UniqueReceiveP"/>
      <type-interface alignment="I:2" size="I:2"><interface-ref name="Init" ref="0x40ff1f08" scoped=""/></type-interface>
      <instance>
        <interfacedef-ref nicename="tos.interfaces.Init" qname="Init"/>
      </instance>
      <interface-functions>
        <function-ref name="init" ref="0x40fee0f0" scoped=""/>
      </interface-functions>
    </interface><interface loc="43:/home/zly/tinyos-main/tos/chips/cc2420/unique/UniqueReceiveP.nc" name="Receive" provided="1" ref="0x40ff1798">
      <component-ref nicename="tos.chips.cc2420.unique.UniqueReceiveP" qname="UniqueReceiveP"/>
      <type-interface alignment="I:2" size="I:2"><interface-ref name="Receive" ref="0x40ff1798" scoped=""/></type-interface>
      <instance>
        <interfacedef-ref nicename="tos.interfaces.Receive" qname="Receive"/>
      </instance>
      <interface-functions>
        <function-ref name="receive" ref="0x40ff1970" scoped=""/>
      </interface-functions>
    </interface><interface loc="50:/home/zly/tinyos-main/tos/chips/cc2420/unique/UniqueReceiveP.nc" name="CC2420PacketBody" provided="0" ref="0x40fee700">
      <component-ref nicename="tos.chips.cc2420.unique.UniqueReceiveP" qname="UniqueReceiveP"/>
      <type-interface alignment="I:2" size="I:2"><interface-ref name="CC2420PacketBody" ref="0x40fee700" scoped=""/></type-interface>
      <instance>
        <interfacedef-ref nicename="tos.chips.cc2420.interfaces.CC2420PacketBody" qname="CC2420PacketBody"/>
      </instance>
      <interface-functions>
        <function-ref name="getPayload" ref="0x40fee8d8" scoped=""/>
        <function-ref name="getHeader" ref="0x40fee9b8" scoped=""/>
        <function-ref name="getMetadata" ref="0x40feea98" scoped=""/>
      </interface-functions>
    </interface><interface loc="44:/home/zly/tinyos-main/tos/chips/cc2420/unique/UniqueReceiveP.nc" name="DuplicateReceive" provided="1" ref="0x40ff1bc0">
      <component-ref nicename="tos.chips.cc2420.unique.UniqueReceiveP" qname="UniqueReceiveP"/>
      <type-interface alignment="I:2" size="I:2"><interface-ref name="DuplicateReceive" ref="0x40ff1bc0" scoped=""/></type-interface>
      <instance>
        <interfacedef-ref nicename="tos.interfaces.Receive" qname="Receive"/>
      </instance>
      <interface-functions>
        <function-ref name="receive" ref="0x40ff1d98" scoped=""/>
      </interface-functions>
    </interface></specification><referenced/></component>