<?xml version="1.0" ?><component loc="37:/home/zly/tinyos-main/tos/chips/cc2420/csma/CC2420CsmaP.nc" nicename="tos.chips.cc2420.csma.CC2420CsmaP" qname="CC2420CsmaP" safe="">
      <documentation loc="32:/home/zly/tinyos-main/tos/chips/cc2420/csma/CC2420CsmaP.nc">
        <short>
 </short>
        <long>
 @author Jonathan Hui &lt;jhui@archrock.com&gt;
 @version $Revision: 1.12 $ $Date: 2009/09/17 23:36:36 $
</long>
      </documentation>
      <module/>
    <specification><interface loc="39:/home/zly/tinyos-main/tos/chips/cc2420/csma/CC2420CsmaP.nc" name="SplitControl" provided="1" ref="0x408b9530">
      <component-ref nicename="tos.chips.cc2420.csma.CC2420CsmaP" qname="CC2420CsmaP"/>
      <type-interface alignment="I:2" size="I:2"><interface-ref name="SplitControl" ref="0x408b9530" scoped=""/></type-interface>
      <instance>
        <interfacedef-ref nicename="tos.interfaces.SplitControl" qname="SplitControl"/>
      </instance>
      <interface-functions>
        <function-ref name="startDone" ref="0x408b9708" scoped=""/>
        <function-ref name="stopDone" ref="0x408b97e8" scoped=""/>
        <function-ref name="start" ref="0x408b98c8" scoped=""/>
        <function-ref name="stop" ref="0x408b99a8" scoped=""/>
      </interface-functions>
    </interface><interface loc="41:/home/zly/tinyos-main/tos/chips/cc2420/csma/CC2420CsmaP.nc" name="RadioBackoff" provided="1" ref="0x408b62d0">
      <component-ref nicename="tos.chips.cc2420.csma.CC2420CsmaP" qname="CC2420CsmaP"/>
      <type-interface alignment="I:2" size="I:2"><interface-ref name="RadioBackoff" ref="0x408b62d0" scoped=""/></type-interface>
      <instance>
        <interfacedef-ref nicename="tos.chips.cc2420.interfaces.RadioBackoff" qname="RadioBackoff"/>
      </instance>
      <interface-functions>
        <function-ref name="requestCca" ref="0x408b64a8" scoped=""/>
        <function-ref name="requestInitialBackoff" ref="0x408b6588" scoped=""/>
        <function-ref name="setCongestionBackoff" ref="0x408b6668" scoped=""/>
        <function-ref name="setInitialBackoff" ref="0x408b6748" scoped=""/>
        <function-ref name="setCca" ref="0x408b6828" scoped=""/>
        <function-ref name="requestCongestionBackoff" ref="0x408b6908" scoped=""/>
      </interface-functions>
    </interface><interface loc="47:/home/zly/tinyos-main/tos/chips/cc2420/csma/CC2420CsmaP.nc" name="SubBackoff" provided="0" ref="0x408b35f8">
      <component-ref nicename="tos.chips.cc2420.csma.CC2420CsmaP" qname="CC2420CsmaP"/>
      <type-interface alignment="I:2" size="I:2"><interface-ref name="SubBackoff" ref="0x408b35f8" scoped=""/></type-interface>
      <instance>
        <interfacedef-ref nicename="tos.chips.cc2420.interfaces.RadioBackoff" qname="RadioBackoff"/>
      </instance>
      <interface-functions>
        <function-ref name="requestCca" ref="0x408b37d0" scoped=""/>
        <function-ref name="requestInitialBackoff" ref="0x408b38b0" scoped=""/>
        <function-ref name="setCongestionBackoff" ref="0x408b3990" scoped=""/>
        <function-ref name="setInitialBackoff" ref="0x408b3a70" scoped=""/>
        <function-ref name="setCca" ref="0x408b3b50" scoped=""/>
        <function-ref name="requestCongestionBackoff" ref="0x408b3c30" scoped=""/>
      </interface-functions>
    </interface><interface loc="50:/home/zly/tinyos-main/tos/chips/cc2420/csma/CC2420CsmaP.nc" name="CC2420Packet" provided="0" ref="0x408cbb10">
      <component-ref nicename="tos.chips.cc2420.csma.CC2420CsmaP" qname="CC2420CsmaP"/>
      <type-interface alignment="I:2" size="I:2"><interface-ref name="CC2420Packet" ref="0x408cbb10" scoped=""/></type-interface>
      <instance>
        <interfacedef-ref nicename="tos.chips.cc2420.interfaces.CC2420Packet" qname="CC2420Packet"/>
      </instance>
      <interface-functions>
        <function-ref name="setPower" ref="0x408cbce8" scoped=""/>
        <function-ref name="setNetwork" ref="0x408cbdc8" scoped=""/>
        <function-ref name="getRssi" ref="0x408cbea8" scoped=""/>
        <function-ref name="getNetwork" ref="0x408c5010" scoped=""/>
        <function-ref name="getPower" ref="0x408c50f0" scoped=""/>
        <function-ref name="getLqi" ref="0x408c51d0" scoped=""/>
      </interface-functions>
    </interface><interface loc="46:/home/zly/tinyos-main/tos/chips/cc2420/csma/CC2420CsmaP.nc" name="CC2420Transmit" provided="0" ref="0x408c7da0">
      <component-ref nicename="tos.chips.cc2420.csma.CC2420CsmaP" qname="CC2420CsmaP"/>
      <type-interface alignment="I:2" size="I:2"><interface-ref name="CC2420Transmit" ref="0x408c7da0" scoped=""/></type-interface>
      <instance>
        <interfacedef-ref nicename="tos.chips.cc2420.interfaces.CC2420Transmit" qname="CC2420Transmit"/>
      </instance>
      <interface-functions>
        <function-ref name="send" ref="0x408b3010" scoped=""/>
        <function-ref name="cancel" ref="0x408b30f0" scoped=""/>
        <function-ref name="modify" ref="0x408b31d0" scoped=""/>
        <function-ref name="sendDone" ref="0x408b32b0" scoped=""/>
        <function-ref name="resend" ref="0x408b3390" scoped=""/>
      </interface-functions>
    </interface><interface loc="40:/home/zly/tinyos-main/tos/chips/cc2420/csma/CC2420CsmaP.nc" name="Send" provided="1" ref="0x408b9b38">
      <component-ref nicename="tos.chips.cc2420.csma.CC2420CsmaP" qname="CC2420CsmaP"/>
      <type-interface alignment="I:2" size="I:2"><interface-ref name="Send" ref="0x408b9b38" scoped=""/></type-interface>
      <instance>
        <interfacedef-ref nicename="tos.interfaces.Send" qname="Send"/>
      </instance>
      <interface-functions>
        <function-ref name="send" ref="0x408b9d10" scoped=""/>
        <function-ref name="getPayload" ref="0x408b9df0" scoped=""/>
        <function-ref name="maxPayloadLength" ref="0x408b9ed0" scoped=""/>
        <function-ref name="cancel" ref="0x408b6010" scoped=""/>
        <function-ref name="sendDone" ref="0x408b60f0" scoped=""/>
      </interface-functions>
    </interface><interface loc="48:/home/zly/tinyos-main/tos/chips/cc2420/csma/CC2420CsmaP.nc" name="Random" provided="0" ref="0x408c4a50">
      <component-ref nicename="tos.chips.cc2420.csma.CC2420CsmaP" qname="CC2420CsmaP"/>
      <type-interface alignment="I:2" size="I:2"><interface-ref name="Random" ref="0x408c4a50" scoped=""/></type-interface>
      <instance>
        <interfacedef-ref nicename="tos.interfaces.Random" qname="Random"/>
      </instance>
      <interface-functions>
        <function-ref name="rand16" ref="0x408c4c28" scoped=""/>
        <function-ref name="rand32" ref="0x408c4d08" scoped=""/>
      </interface-functions>
    </interface><interface loc="45:/home/zly/tinyos-main/tos/chips/cc2420/csma/CC2420CsmaP.nc" name="SubControl" provided="0" ref="0x408ca740">
      <component-ref nicename="tos.chips.cc2420.csma.CC2420CsmaP" qname="CC2420CsmaP"/>
      <type-interface alignment="I:2" size="I:2"><interface-ref name="SubControl" ref="0x408ca740" scoped=""/></type-interface>
      <instance>
        <interfacedef-ref nicename="tos.interfaces.StdControl" qname="StdControl"/>
      </instance>
      <interface-functions>
        <function-ref name="start" ref="0x408ca918" scoped=""/>
        <function-ref name="stop" ref="0x408ca9f8" scoped=""/>
      </interface-functions>
    </interface><interface loc="51:/home/zly/tinyos-main/tos/chips/cc2420/csma/CC2420CsmaP.nc" name="CC2420PacketBody" provided="0" ref="0x408d6360">
      <component-ref nicename="tos.chips.cc2420.csma.CC2420CsmaP" qname="CC2420CsmaP"/>
      <type-interface alignment="I:2" size="I:2"><interface-ref name="CC2420PacketBody" ref="0x408d6360" scoped=""/></type-interface>
      <instance>
        <interfacedef-ref nicename="tos.chips.cc2420.interfaces.CC2420PacketBody" qname="CC2420PacketBody"/>
      </instance>
      <interface-functions>
        <function-ref name="getPayload" ref="0x408d6538" scoped=""/>
        <function-ref name="getHeader" ref="0x408d6618" scoped=""/>
        <function-ref name="getMetadata" ref="0x408d66f8" scoped=""/>
      </interface-functions>
    </interface><interface loc="44:/home/zly/tinyos-main/tos/chips/cc2420/csma/CC2420CsmaP.nc" name="CC2420Power" provided="0" ref="0x408b1c98">
      <component-ref nicename="tos.chips.cc2420.csma.CC2420CsmaP" qname="CC2420CsmaP"/>
      <type-interface alignment="I:2" size="I:2"><interface-ref name="CC2420Power" ref="0x408b1c98" scoped=""/></type-interface>
      <instance>
        <interfacedef-ref nicename="tos.chips.cc2420.interfaces.CC2420Power" qname="CC2420Power"/>
      </instance>
      <interface-functions>
        <function-ref name="startOscillator" ref="0x408b1e70" scoped=""/>
        <function-ref name="rfOff" ref="0x408b4010" scoped=""/>
        <function-ref name="rxOn" ref="0x408b40f0" scoped=""/>
        <function-ref name="startVReg" ref="0x408b41d0" scoped=""/>
        <function-ref name="stopVReg" ref="0x408b42b0" scoped=""/>
        <function-ref name="startOscillatorDone" ref="0x408b4390" scoped=""/>
        <function-ref name="stopOscillator" ref="0x408b4470" scoped=""/>
        <function-ref name="startVRegDone" ref="0x408b4550" scoped=""/>
      </interface-functions>
    </interface><interface loc="49:/home/zly/tinyos-main/tos/chips/cc2420/csma/CC2420CsmaP.nc" name="Leds" provided="0" ref="0x408dae70">
      <component-ref nicename="tos.chips.cc2420.csma.CC2420CsmaP" qname="CC2420CsmaP"/>
      <type-interface alignment="I:2" size="I:2"><interface-ref name="Leds" ref="0x408dae70" scoped=""/></type-interface>
      <instance>
        <interfacedef-ref nicename="tos.interfaces.Leds" qname="Leds"/>
      </instance>
      <interface-functions>
        <function-ref name="led0Off" ref="0x408cb070" scoped=""/>
        <function-ref name="led0Toggle" ref="0x408cb150" scoped=""/>
        <function-ref name="led1On" ref="0x408cb230" scoped=""/>
        <function-ref name="led1Toggle" ref="0x408cb310" scoped=""/>
        <function-ref name="led2Toggle" ref="0x408cb3f0" scoped=""/>
        <function-ref name="get" ref="0x408cb4d0" scoped=""/>
        <function-ref name="led1Off" ref="0x408cb5b0" scoped=""/>
        <function-ref name="led2Off" ref="0x408cb930" scoped=""/>
        <function-ref name="set" ref="0x408cb690" scoped=""/>
        <function-ref name="led0On" ref="0x408cb770" scoped=""/>
        <function-ref name="led2On" ref="0x408cb850" scoped=""/>
      </interface-functions>
    </interface><interface loc="43:/home/zly/tinyos-main/tos/chips/cc2420/csma/CC2420CsmaP.nc" name="Resource" provided="0" ref="0x408b6ac0">
      <component-ref nicename="tos.chips.cc2420.csma.CC2420CsmaP" qname="CC2420CsmaP"/>
      <type-interface alignment="I:2" size="I:2"><interface-ref name="Resource" ref="0x408b6ac0" scoped=""/></type-interface>
      <instance>
        <interfacedef-ref nicename="tos.interfaces.Resource" qname="Resource"/>
      </instance>
      <interface-functions>
        <function-ref name="release" ref="0x408b6c98" scoped=""/>
        <function-ref name="immediateRequest" ref="0x408b6d78" scoped=""/>
        <function-ref name="request" ref="0x408b6e58" scoped=""/>
        <function-ref name="granted" ref="0x408b5010" scoped=""/>
        <function-ref name="isOwner" ref="0x408b50f0" scoped=""/>
      </interface-functions>
    </interface><interface loc="52:/home/zly/tinyos-main/tos/chips/cc2420/csma/CC2420CsmaP.nc" name="SplitControlState" provided="0" ref="0x408d3bc8">
      <component-ref nicename="tos.chips.cc2420.csma.CC2420CsmaP" qname="CC2420CsmaP"/>
      <type-interface alignment="I:2" size="I:2"><interface-ref name="SplitControlState" ref="0x408d3bc8" scoped=""/></type-interface>
      <instance>
        <interfacedef-ref nicename="tos.interfaces.State" qname="State"/>
      </instance>
      <interface-functions>
        <function-ref name="getState" ref="0x408d3e20" scoped=""/>
        <function-ref name="toIdle" ref="0x408d3f00" scoped=""/>
        <function-ref name="isState" ref="0x408d9010" scoped=""/>
        <function-ref name="isIdle" ref="0x408d90f0" scoped=""/>
        <function-ref name="requestState" ref="0x408d91d0" scoped=""/>
        <function-ref name="forceState" ref="0x408d92b0" scoped=""/>
      </interface-functions>
    </interface><interface loc="76:/home/zly/tinyos-main/tos/chips/cc2420/csma/CC2420CsmaP.nc" name="sendDone_task" provided="0" ref="0x408d2da8">
      <component-ref nicename="tos.chips.cc2420.csma.CC2420CsmaP" qname="CC2420CsmaP"/>
      <type-interface alignment="I:2" size="I:2"><interface-ref name="sendDone_task" ref="0x408d2da8" scoped=""/></type-interface>
      <instance>
        <interfacedef-ref nicename="tos.interfaces.TaskBasic" qname="TaskBasic"/>
      </instance>
      <interface-functions>
        <function-ref name="postTask" ref="0x408d1010" scoped=""/>
        <function-ref name="runTask" ref="0x408d10f0" scoped=""/>
      </interface-functions>
    </interface><interface loc="75:/home/zly/tinyos-main/tos/chips/cc2420/csma/CC2420CsmaP.nc" name="stopDone_task" provided="0" ref="0x408d2598">
      <component-ref nicename="tos.chips.cc2420.csma.CC2420CsmaP" qname="CC2420CsmaP"/>
      <type-interface alignment="I:2" size="I:2"><interface-ref name="stopDone_task" ref="0x408d2598" scoped=""/></type-interface>
      <instance>
        <interfacedef-ref nicename="tos.interfaces.TaskBasic" qname="TaskBasic"/>
      </instance>
      <interface-functions>
        <function-ref name="postTask" ref="0x408d2770" scoped=""/>
        <function-ref name="runTask" ref="0x408d2850" scoped=""/>
      </interface-functions>
    </interface><interface loc="74:/home/zly/tinyos-main/tos/chips/cc2420/csma/CC2420CsmaP.nc" name="startDone_task" provided="0" ref="0x408d8cb8">
      <component-ref nicename="tos.chips.cc2420.csma.CC2420CsmaP" qname="CC2420CsmaP"/>
      <type-interface alignment="I:2" size="I:2"><interface-ref name="startDone_task" ref="0x408d8cb8" scoped=""/></type-interface>
      <instance>
        <interfacedef-ref nicename="tos.interfaces.TaskBasic" qname="TaskBasic"/>
      </instance>
      <interface-functions>
        <function-ref name="postTask" ref="0x408d8e90" scoped=""/>
        <function-ref name="runTask" ref="0x408d2010" scoped=""/>
      </interface-functions>
    </interface></specification><referenced/></component>