<?xml version="1.0" ?><component loc="38:/home/zly/tinyos-main/tos/platforms/telosb/MoteClockP.nc" nicename="tos.platforms.telosb.MoteClockP" qname="MoteClockP">
      <documentation loc="33:/home/zly/tinyos-main/tos/platforms/telosb/MoteClockP.nc">
        <short>
 </short>
        <long>
 @author Vlado Handziski &lt;handzisk@tkn.tu-berlind.de&gt;
 @author Cory Sharp &lt;cssharp@eecs.berkeley.edu&gt;
</long>
      </documentation>
      <module/>
    <specification><interface loc="39:/home/zly/tinyos-main/tos/platforms/telosb/MoteClockP.nc" name="Msp430ClockInit" provided="0" ref="0x40630938">
      <component-ref nicename="tos.platforms.telosb.MoteClockP" qname="MoteClockP"/>
      <type-interface alignment="I:2" size="I:2"><interface-ref name="Msp430ClockInit" ref="0x40630938" scoped=""/></type-interface>
      <instance>
        <interfacedef-ref nicename="tos.chips.msp430.timer.Msp430ClockInit" qname="Msp430ClockInit"/>
      </instance>
      <interface-functions>
        <function-ref name="defaultInitClocks" ref="0x407081d0" scoped=""/>
        <function-ref name="initTimerB" ref="0x40630bf0" scoped=""/>
        <function-ref name="defaultInitTimerA" ref="0x40630cd0" scoped=""/>
        <function-ref name="initTimerA" ref="0x40630db0" scoped=""/>
        <function-ref name="defaultInitTimerB" ref="0x40630b10" scoped=""/>
        <function-ref name="defaultSetupDcoCalibrate" ref="0x40630e90" scoped=""/>
        <function-ref name="setupDcoCalibrate" ref="0x40708010" scoped=""/>
        <function-ref name="initClocks" ref="0x407080f0" scoped=""/>
      </interface-functions>
    </interface></specification><referenced/></component>