<?xml version="1.0" ?><component loc="46:/home/zly/tinyos-main/tos/system/TinySchedulerC.nc" nicename="tos.system.TinySchedulerC" qname="TinySchedulerC">
      <documentation loc="34:/home/zly/tinyos-main/tos/system/TinySchedulerC.nc">
        <short>
 The TinyOS scheduler.</short>
        <long>
 The TinyOS scheduler. It provides two interfaces: Scheduler,
 for TinyOS to initialize and run tasks, and TaskBasic, the simplext
 class of TinyOS tasks (reserved always at-most-once posting,
 FIFO, parameter-free). For details and information on how to
 replace the scheduler, refer to TEP 106.

 @author  Phil Levis
 @date    August 7 2005
 @see     TEP 106: Tasks and Schedulers
</long>
      </documentation>
      <configuration/>
      <wiring>
        <wire loc="54:/home/zly/tinyos-main/tos/system/TinySchedulerC.nc">
          <from><interface-ref name="TaskBasic" ref="0x40393d58" scoped=""/></from>
          <to><interface-ref name="TaskBasic" ref="0x405ebc30" scoped=""/></to>
        </wire>
        <wire loc="53:/home/zly/tinyos-main/tos/system/TinySchedulerC.nc">
          <from><interface-ref name="Scheduler" ref="0x403875f0" scoped=""/></from>
          <to><interface-ref name="Scheduler" ref="0x405eb3f8" scoped=""/></to>
        </wire>
        <wire loc="55:/home/zly/tinyos-main/tos/system/TinySchedulerC.nc">
          <from><interface-ref name="McuSleep" ref="0x405fa8b0" scoped=""/></from>
          <to><interface-ref name="McuSleep" ref="0x40392498" scoped=""/></to>
        </wire>
      </wiring>
    <specification><interface loc="48:/home/zly/tinyos-main/tos/system/TinySchedulerC.nc" name="TaskBasic" provided="1" ref="0x40393d58">
      <component-ref nicename="tos.system.TinySchedulerC" qname="TinySchedulerC"/>
      <type-interface alignment="I:2" size="I:2"><interface-ref name="TaskBasic" ref="0x40393d58" scoped=""/></type-interface>
      <instance>
        <interfacedef-ref nicename="tos.interfaces.TaskBasic" qname="TaskBasic"/>
      </instance>
      <interface-parameters>
        <type-int alignment="I:1" cname="unsigned char" size="I:1" unsigned="">
          <typename><typedef-ref name="uint8_t" ref="0x40212dc8"/></typename>
        </type-int>
      </interface-parameters>
      <interface-functions>
        <function-ref name="postTask" ref="0x40389010" scoped=""/>
        <function-ref name="runTask" ref="0x403890f0" scoped=""/>
      </interface-functions>
    </interface><interface loc="47:/home/zly/tinyos-main/tos/system/TinySchedulerC.nc" name="Scheduler" provided="1" ref="0x403875f0">
      <component-ref nicename="tos.system.TinySchedulerC" qname="TinySchedulerC"/>
      <type-interface alignment="I:2" size="I:2"><interface-ref name="Scheduler" ref="0x403875f0" scoped=""/></type-interface>
      <instance>
        <interfacedef-ref nicename="tos.interfaces.Scheduler" qname="Scheduler"/>
      </instance>
      <interface-functions>
        <function-ref name="init" ref="0x403877c8" scoped=""/>
        <function-ref name="taskLoop" ref="0x403878a8" scoped=""/>
        <function-ref name="runNextTask" ref="0x40387988" scoped=""/>
      </interface-functions>
    </interface></specification><referenced><interface loc="51:/home/zly/tinyos-main/tos/chips/msp430/McuSleepC.nc" name="McuSleep" provided="1" ref="0x40392498">
      <component-ref nicename="tos.chips.msp430.McuSleepC" qname="McuSleepC"/>
      <type-interface alignment="I:2" size="I:2"><interface-ref name="McuSleep" ref="0x40392498" scoped=""/></type-interface>
      <instance>
        <interfacedef-ref nicename="tos.interfaces.McuSleep" qname="McuSleep"/>
      </instance>
      <interface-functions>
        <function-ref name="sleep" ref="0x40392670" scoped=""/>
      </interface-functions>
    </interface><interface loc="56:/home/zly/tinyos-main/tos/system/SchedulerBasicP.nc" name="TaskBasic" provided="1" ref="0x405ebc30">
      <component-ref nicename="tos.system.SchedulerBasicP" qname="SchedulerBasicP"/>
      <type-interface alignment="I:2" size="I:2"><interface-ref name="TaskBasic" ref="0x405ebc30" scoped=""/></type-interface>
      <instance>
        <interfacedef-ref nicename="tos.interfaces.TaskBasic" qname="TaskBasic"/>
      </instance>
      <interface-parameters>
        <type-int alignment="I:1" cname="unsigned char" size="I:1" unsigned="">
          <typename><typedef-ref name="uint8_t" ref="0x40212dc8"/></typename>
        </type-int>
      </interface-parameters>
      <interface-functions>
        <function-ref name="postTask" ref="0x405ebe08" scoped=""/>
        <function-ref name="runTask" ref="0x405ebee8" scoped=""/>
      </interface-functions>
    </interface><interface loc="57:/home/zly/tinyos-main/tos/system/SchedulerBasicP.nc" name="McuSleep" provided="0" ref="0x405fa8b0">
      <component-ref nicename="tos.system.SchedulerBasicP" qname="SchedulerBasicP"/>
      <type-interface alignment="I:2" size="I:2"><interface-ref name="McuSleep" ref="0x405fa8b0" scoped=""/></type-interface>
      <instance>
        <interfacedef-ref nicename="tos.interfaces.McuSleep" qname="McuSleep"/>
      </instance>
      <interface-functions>
        <function-ref name="sleep" ref="0x405faa88" scoped=""/>
      </interface-functions>
    </interface><interface loc="55:/home/zly/tinyos-main/tos/system/SchedulerBasicP.nc" name="Scheduler" provided="1" ref="0x405eb3f8">
      <component-ref nicename="tos.system.SchedulerBasicP" qname="SchedulerBasicP"/>
      <type-interface alignment="I:2" size="I:2"><interface-ref name="Scheduler" ref="0x405eb3f8" scoped=""/></type-interface>
      <instance>
        <interfacedef-ref nicename="tos.interfaces.Scheduler" qname="Scheduler"/>
      </instance>
      <interface-functions>
        <function-ref name="init" ref="0x405eb5d0" scoped=""/>
        <function-ref name="taskLoop" ref="0x405eb6b0" scoped=""/>
        <function-ref name="runNextTask" ref="0x405eb790" scoped=""/>
      </interface-functions>
    </interface><component loc="54:/home/zly/tinyos-main/tos/system/SchedulerBasicP.nc" nicename="tos.system.SchedulerBasicP" qname="SchedulerBasicP" safe="">
      <module/>
    </component><component loc="49:/home/zly/tinyos-main/tos/chips/msp430/McuSleepC.nc" nicename="tos.chips.msp430.McuSleepC" qname="McuSleepC" safe="">
      <documentation loc="33:/home/zly/tinyos-main/tos/chips/msp430/McuSleepC.nc">
        <short>
 Implementation of TEP 112 (Microcontroller Power Management) for
 the MSP430.</short>
        <long>
 Implementation of TEP 112 (Microcontroller Power Management) for
 the MSP430. Code for low power calculation copied from older
 msp430hardware.h by Vlado Handziski, Joe Polastre, and Cory Sharp.


 @author Philip Levis
 @author Vlado Handziski
 @author Joe Polastre
 @author Cory Sharp
 @date   October 26, 2005
 @see  Please refer to TEP 112 for more information about this component and its
          intended use.

</long>
      </documentation>
      <module/>
    </component></referenced></component>