<?xml version="1.0" ?><component loc="26:/home/zly/tinyos-main/tos/platforms/epic/chips/ds2411/LocalIeeeEui64C.nc" nicename="tos.platforms.epic.chips.ds2411.LocalIeeeEui64C" qname="LocalIeeeEui64C">
      <configuration/>
      <wiring>
        <wire loc="33:/home/zly/tinyos-main/tos/platforms/epic/chips/ds2411/LocalIeeeEui64C.nc">
          <from><interface-ref name="LocalIeeeEui64" ref="0x40e5a750" scoped=""/></from>
          <to><interface-ref name="LocalIeeeEui64" ref="0x40ea0200" scoped=""/></to>
        </wire>
        <wire loc="34:/home/zly/tinyos-main/tos/platforms/epic/chips/ds2411/LocalIeeeEui64C.nc">
          <from><interface-ref name="ReadId48" ref="0x40ea0590" scoped=""/></from>
          <to><interface-ref name="ReadId48" ref="0x40e4b800" scoped=""/></to>
        </wire>
      </wiring>
    <specification><interface loc="27:/home/zly/tinyos-main/tos/platforms/epic/chips/ds2411/LocalIeeeEui64C.nc" name="LocalIeeeEui64" provided="1" ref="0x40e5a750">
      <component-ref nicename="tos.platforms.epic.chips.ds2411.LocalIeeeEui64C" qname="LocalIeeeEui64C"/>
      <type-interface alignment="I:2" size="I:2"><interface-ref name="LocalIeeeEui64" ref="0x40e5a750" scoped=""/></type-interface>
      <instance>
        <interfacedef-ref nicename="tos.interfaces.LocalIeeeEui64" qname="LocalIeeeEui64"/>
      </instance>
      <interface-functions>
        <function-ref name="getId" ref="0x40e5a928" scoped=""/>
      </interface-functions>
    </interface></specification><referenced><interface loc="5:/home/zly/tinyos-main/tos/platforms/epic/chips/ds2411/DallasId48ToIeeeEui64C.nc" name="LocalIeeeEui64" provided="1" ref="0x40ea0200">
      <component-ref nicename="tos.platforms.epic.chips.ds2411.DallasId48ToIeeeEui64C" qname="DallasId48ToIeeeEui64C"/>
      <type-interface alignment="I:2" size="I:2"><interface-ref name="LocalIeeeEui64" ref="0x40ea0200" scoped=""/></type-interface>
      <instance>
        <interfacedef-ref nicename="tos.interfaces.LocalIeeeEui64" qname="LocalIeeeEui64"/>
      </instance>
      <interface-functions>
        <function-ref name="getId" ref="0x40ea03d8" scoped=""/>
      </interface-functions>
    </interface><interface loc="6:/home/zly/tinyos-main/tos/platforms/epic/chips/ds2411/DallasId48ToIeeeEui64C.nc" name="ReadId48" provided="0" ref="0x40ea0590">
      <component-ref nicename="tos.platforms.epic.chips.ds2411.DallasId48ToIeeeEui64C" qname="DallasId48ToIeeeEui64C"/>
      <type-interface alignment="I:2" size="I:2"><interface-ref name="ReadId48" ref="0x40ea0590" scoped=""/></type-interface>
      <instance>
        <interfacedef-ref nicename="tos.platforms.epic.chips.ds2411.ReadId48" qname="ReadId48"/>
      </instance>
      <interface-functions>
        <function-ref name="read" ref="0x40ea0768" scoped=""/>
      </interface-functions>
    </interface><interface loc="12:/home/zly/tinyos-main/tos/platforms/epic/chips/ds2411/Ds2411C.nc" name="ReadId48" provided="1" ref="0x40e4b800">
      <component-ref nicename="tos.platforms.epic.chips.ds2411.Ds2411C" qname="Ds2411C"/>
      <type-interface alignment="I:2" size="I:2"><interface-ref name="ReadId48" ref="0x40e4b800" scoped=""/></type-interface>
      <instance>
        <interfacedef-ref nicename="tos.platforms.epic.chips.ds2411.ReadId48" qname="ReadId48"/>
      </instance>
      <interface-functions>
        <function-ref name="read" ref="0x40e4b9d8" scoped=""/>
      </interface-functions>
    </interface><component loc="11:/home/zly/tinyos-main/tos/platforms/epic/chips/ds2411/Ds2411C.nc" nicename="tos.platforms.epic.chips.ds2411.Ds2411C" qname="Ds2411C">
      <documentation loc="5:/home/zly/tinyos-main/tos/platforms/epic/chips/ds2411/Ds2411C.nc">
        <short>
 </short>
        <long>
 @author: Andreas Koepke (koepke@tkn.tu-berlin.de)
</long>
      </documentation>
      <configuration/>
      <wiring>
        <wire loc="25:/home/zly/tinyos-main/tos/platforms/epic/chips/ds2411/Ds2411C.nc">
          <from><interface-ref name="ReadId48" ref="0x40e4b800" scoped=""/></from>
          <to><interface-ref name="ReadId48" ref="0x40e43060" scoped=""/></to>
        </wire>
        <wire loc="23:/home/zly/tinyos-main/tos/platforms/epic/chips/ds2411/Ds2411C.nc">
          <from><interface-ref name="HplGeneralIO" ref="0x40e68510" scoped=""/></from>
          <to><interface-ref name="Port24" ref="0x409b5a08" scoped=""/></to>
        </wire>
        <wire loc="26:/home/zly/tinyos-main/tos/platforms/epic/chips/ds2411/Ds2411C.nc">
          <from><interface-ref name="OneWire" ref="0x40e72878" scoped=""/></from>
          <to><interface-ref name="OneWire" ref="0x40e6e850" scoped=""/></to>
        </wire>
        <wire loc="27:/home/zly/tinyos-main/tos/platforms/epic/chips/ds2411/Ds2411C.nc">
          <from><interface-ref name="Pin" ref="0x40e6ed28" scoped=""/></from>
          <to><interface-ref name="GeneralIO" ref="0x40e6db28" scoped=""/></to>
        </wire>
        <wire loc="28:/home/zly/tinyos-main/tos/platforms/epic/chips/ds2411/Ds2411C.nc">
          <from><interface-ref name="BusyWait" ref="0x40e64900" scoped=""/></from>
          <to><interface-ref name="BusyWait" ref="0x40e853e8" scoped=""/></to>
        </wire>
      </wiring>
    </component><component loc="4:/home/zly/tinyos-main/tos/platforms/epic/chips/ds2411/DallasId48ToIeeeEui64C.nc" nicename="tos.platforms.epic.chips.ds2411.DallasId48ToIeeeEui64C" qname="DallasId48ToIeeeEui64C">
      <module/>
    </component></referenced></component>