<?xml version="1.0" ?><component abstract="" loc="37:/home/zly/tinyos-main/tos/chips/msp430/timer/Msp430Timer32khzC.nc" nicename="tos.chips.msp430.timer.Msp430Timer32khzC" qname="Msp430Timer32khzC">
      <documentation loc="33:/home/zly/tinyos-main/tos/chips/msp430/timer/Msp430Timer32khzC.nc">
        <short>
 </short>
        <long>
 @author Cory Sharp &lt;cssharp@eecs.berkeley.edu&gt;
</long>
      </documentation>
      <parameters>
      </parameters>
      <configuration/>
      <wiring>
        <wire loc="51:/home/zly/tinyos-main/tos/chips/msp430/timer/Msp430Timer32khzC.nc">
          <from><interface-ref name="Msp430Compare" ref="0x4078eb00" scoped=""/></from>
          <to><interface-ref name="Msp430Compare" ref="0x407a0bd8" scoped=""/>
          <arguments>
            <value cst="U:">
              <type-int alignment="I:2" cname="int" size="I:2"/>
            </value>
          </arguments>
          </to>
        </wire>
        <wire loc="49:/home/zly/tinyos-main/tos/chips/msp430/timer/Msp430Timer32khzC.nc">
          <from><interface-ref name="Msp430Timer" ref="0x40791370" scoped=""/></from>
          <to><interface-ref name="Msp430Timer" ref="0x4078de28" scoped=""/>
          <arguments>
            <value cst="U:">
              <type-int alignment="I:2" cname="int" size="I:2"/>
            </value>
          </arguments>
          </to>
        </wire>
        <wire loc="50:/home/zly/tinyos-main/tos/chips/msp430/timer/Msp430Timer32khzC.nc">
          <from><interface-ref name="Msp430TimerControl" ref="0x4078e040" scoped=""/></from>
          <to><interface-ref name="Msp430TimerControl" ref="0x407a2e08" scoped=""/>
          <arguments>
            <value cst="U:">
              <type-int alignment="I:2" cname="int" size="I:2"/>
            </value>
          </arguments>
          </to>
        </wire>
      </wiring>
    <specification><interface loc="41:/home/zly/tinyos-main/tos/chips/msp430/timer/Msp430Timer32khzC.nc" name="Msp430Compare" provided="1" ref="0x4078eb00">
      <component-ref nicename="tos.chips.msp430.timer.Msp430Timer32khzC" qname="Msp430Timer32khzC"/>
      <type-interface alignment="I:2" size="I:2"><interface-ref name="Msp430Compare" ref="0x4078eb00" scoped=""/></type-interface>
      <instance>
        <interfacedef-ref nicename="tos.chips.msp430.timer.Msp430Compare" qname="Msp430Compare"/>
      </instance>
      <interface-functions>
        <function-ref name="getEvent" ref="0x4078ecd8" scoped=""/>
        <function-ref name="setEvent" ref="0x4078edb8" scoped=""/>
        <function-ref name="setEventFromPrev" ref="0x4078ee98" scoped=""/>
        <function-ref name="setEventFromNow" ref="0x4078d010" scoped=""/>
        <function-ref name="fired" ref="0x4078d0f0" scoped=""/>
      </interface-functions>
    </interface><interface loc="39:/home/zly/tinyos-main/tos/chips/msp430/timer/Msp430Timer32khzC.nc" name="Msp430Timer" provided="1" ref="0x40791370">
      <component-ref nicename="tos.chips.msp430.timer.Msp430Timer32khzC" qname="Msp430Timer32khzC"/>
      <type-interface alignment="I:2" size="I:2"><interface-ref name="Msp430Timer" ref="0x40791370" scoped=""/></type-interface>
      <instance>
        <interfacedef-ref nicename="tos.chips.msp430.timer.Msp430Timer" qname="Msp430Timer"/>
      </instance>
      <interface-functions>
        <function-ref name="clear" ref="0x40791548" scoped=""/>
        <function-ref name="setClockSource" ref="0x40791628" scoped=""/>
        <function-ref name="enableEvents" ref="0x40791708" scoped=""/>
        <function-ref name="get" ref="0x407917e8" scoped=""/>
        <function-ref name="disableEvents" ref="0x407918c8" scoped=""/>
        <function-ref name="clearOverflow" ref="0x407919a8" scoped=""/>
        <function-ref name="getMode" ref="0x40791a88" scoped=""/>
        <function-ref name="isOverflowPending" ref="0x40791b68" scoped=""/>
        <function-ref name="overflow" ref="0x40791c48" scoped=""/>
        <function-ref name="setMode" ref="0x40791d28" scoped=""/>
        <function-ref name="setInputDivider" ref="0x40791e08" scoped=""/>
      </interface-functions>
    </interface><interface loc="40:/home/zly/tinyos-main/tos/chips/msp430/timer/Msp430Timer32khzC.nc" name="Msp430TimerControl" provided="1" ref="0x4078e040">
      <component-ref nicename="tos.chips.msp430.timer.Msp430Timer32khzC" qname="Msp430Timer32khzC"/>
      <type-interface alignment="I:2" size="I:2"><interface-ref name="Msp430TimerControl" ref="0x4078e040" scoped=""/></type-interface>
      <instance>
        <interfacedef-ref nicename="tos.chips.msp430.timer.Msp430TimerControl" qname="Msp430TimerControl"/>
      </instance>
      <interface-functions>
        <function-ref name="setControlAsCapture" ref="0x4078e218" scoped=""/>
        <function-ref name="getControl" ref="0x4078e2f8" scoped=""/>
        <function-ref name="enableEvents" ref="0x4078e3d8" scoped=""/>
        <function-ref name="areEventsEnabled" ref="0x4078e4b8" scoped=""/>
        <function-ref name="setControlAsCompare" ref="0x4078e598" scoped=""/>
        <function-ref name="disableEvents" ref="0x4078e678" scoped=""/>
        <function-ref name="isInterruptPending" ref="0x4078e758" scoped=""/>
        <function-ref name="clearPendingInterrupt" ref="0x4078e838" scoped=""/>
        <function-ref name="setControl" ref="0x4078e918" scoped=""/>
      </interface-functions>
    </interface></specification><referenced><interface loc="50:/home/zly/tinyos-main/tos/platforms/telosa/Msp430Timer32khzMapC.nc" name="Msp430Timer" provided="1" ref="0x4078de28">
      <component-ref nicename="tos.platforms.telosa.Msp430Timer32khzMapC" qname="Msp430Timer32khzMapC"/>
      <type-interface alignment="I:2" size="I:2"><interface-ref name="Msp430Timer" ref="0x4078de28" scoped=""/></type-interface>
      <instance>
        <interfacedef-ref nicename="tos.chips.msp430.timer.Msp430Timer" qname="Msp430Timer"/>
      </instance>
      <interface-parameters>
        <type-int alignment="I:1" cname="unsigned char" size="I:1" unsigned="">
          <typename><typedef-ref name="uint8_t" ref="0x40212dc8"/></typename>
        </type-int>
      </interface-parameters>
      <interface-functions>
        <function-ref name="clear" ref="0x407a2050" scoped=""/>
        <function-ref name="setClockSource" ref="0x407a2130" scoped=""/>
        <function-ref name="enableEvents" ref="0x407a2210" scoped=""/>
        <function-ref name="get" ref="0x407a22f0" scoped=""/>
        <function-ref name="disableEvents" ref="0x407a23d0" scoped=""/>
        <function-ref name="clearOverflow" ref="0x407a24b0" scoped=""/>
        <function-ref name="getMode" ref="0x407a2590" scoped=""/>
        <function-ref name="isOverflowPending" ref="0x407a2670" scoped=""/>
        <function-ref name="overflow" ref="0x407a2750" scoped=""/>
        <function-ref name="setMode" ref="0x407a2830" scoped=""/>
        <function-ref name="setInputDivider" ref="0x407a2910" scoped=""/>
      </interface-functions>
    </interface><interface loc="52:/home/zly/tinyos-main/tos/platforms/telosa/Msp430Timer32khzMapC.nc" name="Msp430Compare" provided="1" ref="0x407a0bd8">
      <component-ref nicename="tos.platforms.telosa.Msp430Timer32khzMapC" qname="Msp430Timer32khzMapC"/>
      <type-interface alignment="I:2" size="I:2"><interface-ref name="Msp430Compare" ref="0x407a0bd8" scoped=""/></type-interface>
      <instance>
        <interfacedef-ref nicename="tos.chips.msp430.timer.Msp430Compare" qname="Msp430Compare"/>
      </instance>
      <interface-parameters>
        <type-int alignment="I:1" cname="unsigned char" size="I:1" unsigned="">
          <typename><typedef-ref name="uint8_t" ref="0x40212dc8"/></typename>
        </type-int>
      </interface-parameters>
      <interface-functions>
        <function-ref name="getEvent" ref="0x407a0db0" scoped=""/>
        <function-ref name="setEvent" ref="0x407a0e90" scoped=""/>
        <function-ref name="setEventFromPrev" ref="0x4079f010" scoped=""/>
        <function-ref name="setEventFromNow" ref="0x4079f0f0" scoped=""/>
        <function-ref name="fired" ref="0x4079f1d0" scoped=""/>
      </interface-functions>
    </interface><interface loc="51:/home/zly/tinyos-main/tos/platforms/telosa/Msp430Timer32khzMapC.nc" name="Msp430TimerControl" provided="1" ref="0x407a2e08">
      <component-ref nicename="tos.platforms.telosa.Msp430Timer32khzMapC" qname="Msp430Timer32khzMapC"/>
      <type-interface alignment="I:2" size="I:2"><interface-ref name="Msp430TimerControl" ref="0x407a2e08" scoped=""/></type-interface>
      <instance>
        <interfacedef-ref nicename="tos.chips.msp430.timer.Msp430TimerControl" qname="Msp430TimerControl"/>
      </instance>
      <interface-parameters>
        <type-int alignment="I:1" cname="unsigned char" size="I:1" unsigned="">
          <typename><typedef-ref name="uint8_t" ref="0x40212dc8"/></typename>
        </type-int>
      </interface-parameters>
      <interface-functions>
        <function-ref name="setControlAsCapture" ref="0x407a0010" scoped=""/>
        <function-ref name="getControl" ref="0x407a00f0" scoped=""/>
        <function-ref name="enableEvents" ref="0x407a01d0" scoped=""/>
        <function-ref name="areEventsEnabled" ref="0x407a02b0" scoped=""/>
        <function-ref name="setControlAsCompare" ref="0x407a0390" scoped=""/>
        <function-ref name="disableEvents" ref="0x407a0470" scoped=""/>
        <function-ref name="isInterruptPending" ref="0x407a0550" scoped=""/>
        <function-ref name="clearPendingInterrupt" ref="0x407a0630" scoped=""/>
        <function-ref name="setControl" ref="0x407a0710" scoped=""/>
      </interface-functions>
    </interface><component loc="48:/home/zly/tinyos-main/tos/platforms/telosa/Msp430Timer32khzMapC.nc" nicename="tos.platforms.telosa.Msp430Timer32khzMapC" qname="Msp430Timer32khzMapC">
      <documentation loc="34:/home/zly/tinyos-main/tos/platforms/telosa/Msp430Timer32khzMapC.nc">
        <short>
 MSP430Timer32khzMapC presents as paramaterized interfaces all of
 the 32khz hardware timers on the MSP430 that are available for
 compile time allocation by &quot;new Alarm32khz16C()&quot;, &quot;new
 AlarmMilli32C()&quot;, and so on.</short>
        <long>
 MSP430Timer32khzMapC presents as paramaterized interfaces all of
 the 32khz hardware timers on the MSP430 that are available for
 compile time allocation by &quot;new Alarm32khz16C()&quot;, &quot;new
 AlarmMilli32C()&quot;, and so on.  

 Platforms based on the MSP430 are * encouraged to copy in and
 override this file, presenting only the * hardware timers that are
 available for allocation on that platform.

 @author Cory Sharp &lt;cssharp@eecs.berkeley.edu&gt;
 @version $Revision: 1.5 $ $Date: 2010-06-29 22:07:55 $
</long>
      </documentation>
      <configuration/>
      <wiring>
        <wire loc="58:/home/zly/tinyos-main/tos/platforms/telosa/Msp430Timer32khzMapC.nc">
          <from><interface-ref name="Msp430Timer" ref="0x4078de28" scoped=""/>
          <arguments>
            <value cst="I:0">
              <type-int alignment="I:2" cname="int" size="I:2"/>
            </value>
          </arguments>
          </from>
          <to><interface-ref name="TimerB" ref="0x40662e60" scoped=""/></to>
        </wire>
        <wire loc="59:/home/zly/tinyos-main/tos/platforms/telosa/Msp430Timer32khzMapC.nc">
          <from><interface-ref name="Msp430TimerControl" ref="0x407a2e08" scoped=""/>
          <arguments>
            <value cst="I:0">
              <type-int alignment="I:2" cname="int" size="I:2"/>
            </value>
          </arguments>
          </from>
          <to><interface-ref name="ControlB0" ref="0x40671ba8" scoped=""/></to>
        </wire>
        <wire loc="60:/home/zly/tinyos-main/tos/platforms/telosa/Msp430Timer32khzMapC.nc">
          <from><interface-ref name="Msp430Compare" ref="0x407a0bd8" scoped=""/>
          <arguments>
            <value cst="I:0">
              <type-int alignment="I:2" cname="int" size="I:2"/>
            </value>
          </arguments>
          </from>
          <to><interface-ref name="CompareB0" ref="0x4067ade8" scoped=""/></to>
        </wire>
        <wire loc="66:/home/zly/tinyos-main/tos/platforms/telosa/Msp430Timer32khzMapC.nc">
          <from><interface-ref name="Msp430Timer" ref="0x4078de28" scoped=""/>
          <arguments>
            <value cst="I:1">
              <type-int alignment="I:2" cname="int" size="I:2"/>
            </value>
          </arguments>
          </from>
          <to><interface-ref name="TimerB" ref="0x40662e60" scoped=""/></to>
        </wire>
        <wire loc="67:/home/zly/tinyos-main/tos/platforms/telosa/Msp430Timer32khzMapC.nc">
          <from><interface-ref name="Msp430TimerControl" ref="0x407a2e08" scoped=""/>
          <arguments>
            <value cst="I:1">
              <type-int alignment="I:2" cname="int" size="I:2"/>
            </value>
          </arguments>
          </from>
          <to><interface-ref name="ControlB2" ref="0x4066b468" scoped=""/></to>
        </wire>
        <wire loc="68:/home/zly/tinyos-main/tos/platforms/telosa/Msp430Timer32khzMapC.nc">
          <from><interface-ref name="Msp430Compare" ref="0x407a0bd8" scoped=""/>
          <arguments>
            <value cst="I:1">
              <type-int alignment="I:2" cname="int" size="I:2"/>
            </value>
          </arguments>
          </from>
          <to><interface-ref name="CompareB2" ref="0x40679db8" scoped=""/></to>
        </wire>
        <wire loc="70:/home/zly/tinyos-main/tos/platforms/telosa/Msp430Timer32khzMapC.nc">
          <from><interface-ref name="Msp430Timer" ref="0x4078de28" scoped=""/>
          <arguments>
            <value cst="I:2">
              <type-int alignment="I:2" cname="int" size="I:2"/>
            </value>
          </arguments>
          </from>
          <to><interface-ref name="TimerB" ref="0x40662e60" scoped=""/></to>
        </wire>
        <wire loc="71:/home/zly/tinyos-main/tos/platforms/telosa/Msp430Timer32khzMapC.nc">
          <from><interface-ref name="Msp430TimerControl" ref="0x407a2e08" scoped=""/>
          <arguments>
            <value cst="I:2">
              <type-int alignment="I:2" cname="int" size="I:2"/>
            </value>
          </arguments>
          </from>
          <to><interface-ref name="ControlB3" ref="0x4066a010" scoped=""/></to>
        </wire>
        <wire loc="72:/home/zly/tinyos-main/tos/platforms/telosa/Msp430Timer32khzMapC.nc">
          <from><interface-ref name="Msp430Compare" ref="0x407a0bd8" scoped=""/>
          <arguments>
            <value cst="I:2">
              <type-int alignment="I:2" cname="int" size="I:2"/>
            </value>
          </arguments>
          </from>
          <to><interface-ref name="CompareB3" ref="0x406785f8" scoped=""/></to>
        </wire>
        <wire loc="74:/home/zly/tinyos-main/tos/platforms/telosa/Msp430Timer32khzMapC.nc">
          <from><interface-ref name="Msp430Timer" ref="0x4078de28" scoped=""/>
          <arguments>
            <value cst="I:3">
              <type-int alignment="I:2" cname="int" size="I:2"/>
            </value>
          </arguments>
          </from>
          <to><interface-ref name="TimerB" ref="0x40662e60" scoped=""/></to>
        </wire>
        <wire loc="75:/home/zly/tinyos-main/tos/platforms/telosa/Msp430Timer32khzMapC.nc">
          <from><interface-ref name="Msp430TimerControl" ref="0x407a2e08" scoped=""/>
          <arguments>
            <value cst="I:3">
              <type-int alignment="I:2" cname="int" size="I:2"/>
            </value>
          </arguments>
          </from>
          <to><interface-ref name="ControlB4" ref="0x4066ab80" scoped=""/></to>
        </wire>
        <wire loc="76:/home/zly/tinyos-main/tos/platforms/telosa/Msp430Timer32khzMapC.nc">
          <from><interface-ref name="Msp430Compare" ref="0x407a0bd8" scoped=""/>
          <arguments>
            <value cst="I:3">
              <type-int alignment="I:2" cname="int" size="I:2"/>
            </value>
          </arguments>
          </from>
          <to><interface-ref name="CompareB4" ref="0x40678db8" scoped=""/></to>
        </wire>
        <wire loc="78:/home/zly/tinyos-main/tos/platforms/telosa/Msp430Timer32khzMapC.nc">
          <from><interface-ref name="Msp430Timer" ref="0x4078de28" scoped=""/>
          <arguments>
            <value cst="I:4">
              <type-int alignment="I:2" cname="int" size="I:2"/>
            </value>
          </arguments>
          </from>
          <to><interface-ref name="TimerB" ref="0x40662e60" scoped=""/></to>
        </wire>
        <wire loc="79:/home/zly/tinyos-main/tos/platforms/telosa/Msp430Timer32khzMapC.nc">
          <from><interface-ref name="Msp430TimerControl" ref="0x407a2e08" scoped=""/>
          <arguments>
            <value cst="I:4">
              <type-int alignment="I:2" cname="int" size="I:2"/>
            </value>
          </arguments>
          </from>
          <to><interface-ref name="ControlB5" ref="0x40669708" scoped=""/></to>
        </wire>
        <wire loc="80:/home/zly/tinyos-main/tos/platforms/telosa/Msp430Timer32khzMapC.nc">
          <from><interface-ref name="Msp430Compare" ref="0x407a0bd8" scoped=""/>
          <arguments>
            <value cst="I:4">
              <type-int alignment="I:2" cname="int" size="I:2"/>
            </value>
          </arguments>
          </from>
          <to><interface-ref name="CompareB5" ref="0x406775f8" scoped=""/></to>
        </wire>
        <wire loc="82:/home/zly/tinyos-main/tos/platforms/telosa/Msp430Timer32khzMapC.nc">
          <from><interface-ref name="Msp430Timer" ref="0x4078de28" scoped=""/>
          <arguments>
            <value cst="I:5">
              <type-int alignment="I:2" cname="int" size="I:2"/>
            </value>
          </arguments>
          </from>
          <to><interface-ref name="TimerB" ref="0x40662e60" scoped=""/></to>
        </wire>
        <wire loc="83:/home/zly/tinyos-main/tos/platforms/telosa/Msp430Timer32khzMapC.nc">
          <from><interface-ref name="Msp430TimerControl" ref="0x407a2e08" scoped=""/>
          <arguments>
            <value cst="I:5">
              <type-int alignment="I:2" cname="int" size="I:2"/>
            </value>
          </arguments>
          </from>
          <to><interface-ref name="ControlB6" ref="0x4067a2a8" scoped=""/></to>
        </wire>
        <wire loc="84:/home/zly/tinyos-main/tos/platforms/telosa/Msp430Timer32khzMapC.nc">
          <from><interface-ref name="Msp430Compare" ref="0x407a0bd8" scoped=""/>
          <arguments>
            <value cst="I:5">
              <type-int alignment="I:2" cname="int" size="I:2"/>
            </value>
          </arguments>
          </from>
          <to><interface-ref name="CompareB6" ref="0x40677db8" scoped=""/></to>
        </wire>
      </wiring>
    </component></referenced></component>