<?xml version="1.0" ?><component abstract="" loc="44:/home/zly/tinyos-main/tos/system/TimerMilliC.nc" nicename="tos.system.TimerMilliC" qname="TimerMilliC">
      <documentation loc="33:/home/zly/tinyos-main/tos/system/TimerMilliC.nc">
        <short>
 The virtualized millisecond timer abstraction.</short>
        <long>
 The virtualized millisecond timer abstraction. Instantiating this 
 component gives an independent millisecond granularity timer.

 @author Philip Levis
 @date   January 16 2006
 @see    TEP 102: Timers
</long>
      </documentation>
      <parameters>
      </parameters>
      <configuration/>
      <wiring>
        <wire loc="52:/home/zly/tinyos-main/tos/system/TimerMilliC.nc">
          <from><interface-ref name="Timer" ref="0x40613730" scoped=""/></from>
          <to><interface-ref name="TimerMilli" ref="0x4077b3f0" scoped=""/>
          <arguments>
            <value cst="U:">
              <type-int alignment="I:2" cname="unsigned int" size="I:2" unsigned=""/>
            </value>
          </arguments>
          </to>
        </wire>
      </wiring>
    <specification><interface loc="45:/home/zly/tinyos-main/tos/system/TimerMilliC.nc" name="Timer" provided="1" ref="0x40613730">
      <component-ref nicename="tos.system.TimerMilliC" qname="TimerMilliC"/>
      <type-interface alignment="I:2" size="I:2"><interface-ref name="Timer" ref="0x40613730" scoped=""/></type-interface>
      <instance>
        <interfacedef-ref nicename="tos.lib.timer.Timer" qname="Timer"/>
        <arguments>
          <type-tag alignment="I:2" size="I:2"><struct-ref ref="0x40614868"/>
            <typename><typedef-ref name="TMilli" ref="0x40614a30"/></typename>
          </type-tag>
        </arguments>
      </instance>
      <interface-functions>
        <function-ref name="getNow" ref="0x4077e248" scoped=""/>
        <function-ref name="fired" ref="0x407804e8" scoped=""/>
        <function-ref name="startPeriodicAt" ref="0x40780bf0" scoped=""/>
        <function-ref name="isOneShot" ref="0x40780998" scoped=""/>
        <function-ref name="getdt" ref="0x4077e6f8" scoped=""/>
        <function-ref name="gett0" ref="0x4077e4a0" scoped=""/>
        <function-ref name="isRunning" ref="0x40780740" scoped=""/>
        <function-ref name="startPeriodic" ref="0x40613d58" scoped=""/>
        <function-ref name="startOneShotAt" ref="0x40780f10" scoped=""/>
        <function-ref name="startOneShot" ref="0x40780010" scoped=""/>
        <function-ref name="stop" ref="0x40780290" scoped=""/>
      </interface-functions>
    </interface></specification><referenced><interface loc="49:/home/zly/tinyos-main/tos/system/TimerMilliP.nc" name="TimerMilli" provided="1" ref="0x4077b3f0">
      <component-ref nicename="tos.system.TimerMilliP" qname="TimerMilliP"/>
      <type-interface alignment="I:2" size="I:2"><interface-ref name="TimerMilli" ref="0x4077b3f0" scoped=""/></type-interface>
      <instance>
        <interfacedef-ref nicename="tos.lib.timer.Timer" qname="Timer"/>
        <arguments>
          <type-tag alignment="I:2" size="I:2"><struct-ref ref="0x40614868"/>
            <typename><typedef-ref name="TMilli" ref="0x40614a30"/></typename>
          </type-tag>
        </arguments>
      </instance>
      <interface-parameters>
        <type-int alignment="I:1" cname="unsigned char" size="I:1" unsigned="">
          <typename><typedef-ref name="uint8_t" ref="0x40212dc8"/></typename>
        </type-int>
      </interface-parameters>
      <interface-functions>
        <function-ref name="getNow" ref="0x4077aed0" scoped=""/>
        <function-ref name="fired" ref="0x4077a188" scoped=""/>
        <function-ref name="startPeriodicAt" ref="0x4077a890" scoped=""/>
        <function-ref name="isOneShot" ref="0x4077a638" scoped=""/>
        <function-ref name="getdt" ref="0x407783a8" scoped=""/>
        <function-ref name="gett0" ref="0x40778150" scoped=""/>
        <function-ref name="isRunning" ref="0x4077a3e0" scoped=""/>
        <function-ref name="startPeriodic" ref="0x4077ba18" scoped=""/>
        <function-ref name="startOneShotAt" ref="0x4077abb0" scoped=""/>
        <function-ref name="startOneShot" ref="0x4077bc98" scoped=""/>
        <function-ref name="stop" ref="0x4077bf18" scoped=""/>
      </interface-functions>
    </interface><component loc="48:/home/zly/tinyos-main/tos/system/TimerMilliP.nc" nicename="tos.system.TimerMilliP" qname="TimerMilliP">
      <documentation loc="34:/home/zly/tinyos-main/tos/system/TimerMilliP.nc">
        <short>
 Components should never wire to this component.</short>
        <long>
 Components should never wire to this component. This is the
 underlying configuration of virtualized millisecond timers. 
 It auto-wires wires the timer
 implementation (TimerC) to the boot sequence and exports the
 various Timer interfaces.

 @author Philip Levis
 @author Cory Sharp
 @date   May 16 2005
</long>
      </documentation>
      <configuration/>
      <wiring>
        <wire loc="54:/home/zly/tinyos-main/tos/system/TimerMilliP.nc">
          <from><interface-ref name="TimerMilli" ref="0x4077b3f0" scoped=""/></from>
          <to><interface-ref name="TimerMilli" ref="0x4078c440" scoped=""/></to>
        </wire>
        <wire loc="53:/home/zly/tinyos-main/tos/system/TimerMilliP.nc">
          <from><interface-ref name="SoftwareInit" ref="0x40610df0" scoped=""/></from>
          <to><interface-ref name="Init" ref="0x40778c70" scoped=""/></to>
        </wire>
      </wiring>
    </component></referenced></component>