<?xml version="1.0" ?><component loc="62:/home/zly/tinyos-main/tos/lib/serial/SerialP.nc" nicename="tos.lib.serial.SerialP" qname="SerialP">
      <module/>
    <specification><interface loc="66:/home/zly/tinyos-main/tos/lib/serial/SerialP.nc" name="SplitControl" provided="1" ref="0x41164828">
      <component-ref nicename="tos.lib.serial.SerialP" qname="SerialP"/>
      <type-interface alignment="I:2" size="I:2"><interface-ref name="SplitControl" ref="0x41164828" scoped=""/></type-interface>
      <instance>
        <interfacedef-ref nicename="tos.interfaces.SplitControl" qname="SplitControl"/>
      </instance>
      <interface-functions>
        <function-ref name="startDone" ref="0x41164a00" scoped=""/>
        <function-ref name="stopDone" ref="0x41164ae0" scoped=""/>
        <function-ref name="start" ref="0x41164bc0" scoped=""/>
        <function-ref name="stop" ref="0x41164ca0" scoped=""/>
      </interface-functions>
    </interface><interface loc="332:/home/zly/tinyos-main/tos/lib/serial/SerialP.nc" name="stopDoneTask" provided="0" ref="0x411a21e0">
      <component-ref nicename="tos.lib.serial.SerialP" qname="SerialP"/>
      <type-interface alignment="I:2" size="I:2"><interface-ref name="stopDoneTask" ref="0x411a21e0" scoped=""/></type-interface>
      <instance>
        <interfacedef-ref nicename="tos.interfaces.TaskBasic" qname="TaskBasic"/>
      </instance>
      <interface-functions>
        <function-ref name="postTask" ref="0x411a23b8" scoped=""/>
        <function-ref name="runTask" ref="0x411a2498" scoped=""/>
      </interface-functions>
    </interface><interface loc="74:/home/zly/tinyos-main/tos/lib/serial/SerialP.nc" name="SerialControl" provided="0" ref="0x4115ea40">
      <component-ref nicename="tos.lib.serial.SerialP" qname="SerialP"/>
      <type-interface alignment="I:2" size="I:2"><interface-ref name="SerialControl" ref="0x4115ea40" scoped=""/></type-interface>
      <instance>
        <interfacedef-ref nicename="tos.interfaces.StdControl" qname="StdControl"/>
      </instance>
      <interface-functions>
        <function-ref name="start" ref="0x4115ec18" scoped=""/>
        <function-ref name="stop" ref="0x4115ecf8" scoped=""/>
      </interface-functions>
    </interface><interface loc="191:/home/zly/tinyos-main/tos/lib/serial/SerialP.nc" name="RunTx" provided="0" ref="0x41183688">
      <component-ref nicename="tos.lib.serial.SerialP" qname="SerialP"/>
      <type-interface alignment="I:2" size="I:2"><interface-ref name="RunTx" ref="0x41183688" scoped=""/></type-interface>
      <instance>
        <interfacedef-ref nicename="tos.interfaces.TaskBasic" qname="TaskBasic"/>
      </instance>
      <interface-functions>
        <function-ref name="postTask" ref="0x41183860" scoped=""/>
        <function-ref name="runTask" ref="0x41183940" scoped=""/>
      </interface-functions>
    </interface><interface loc="65:/home/zly/tinyos-main/tos/lib/serial/SerialP.nc" name="Init" provided="1" ref="0x41164490">
      <component-ref nicename="tos.lib.serial.SerialP" qname="SerialP"/>
      <type-interface alignment="I:2" size="I:2"><interface-ref name="Init" ref="0x41164490" scoped=""/></type-interface>
      <instance>
        <interfacedef-ref nicename="tos.interfaces.Init" qname="Init"/>
      </instance>
      <interface-functions>
        <function-ref name="init" ref="0x41164668" scoped=""/>
      </interface-functions>
    </interface><interface loc="75:/home/zly/tinyos-main/tos/lib/serial/SerialP.nc" name="SerialFlush" provided="0" ref="0x41152278">
      <component-ref nicename="tos.lib.serial.SerialP" qname="SerialP"/>
      <type-interface alignment="I:2" size="I:2"><interface-ref name="SerialFlush" ref="0x41152278" scoped=""/></type-interface>
      <instance>
        <interfacedef-ref nicename="tos.lib.serial.SerialFlush" qname="SerialFlush"/>
      </instance>
      <interface-functions>
        <function-ref name="flushDone" ref="0x41152450" scoped=""/>
        <function-ref name="flush" ref="0x41152530" scoped=""/>
      </interface-functions>
    </interface><interface loc="322:/home/zly/tinyos-main/tos/lib/serial/SerialP.nc" name="startDoneTask" provided="0" ref="0x411a4970">
      <component-ref nicename="tos.lib.serial.SerialP" qname="SerialP"/>
      <type-interface alignment="I:2" size="I:2"><interface-ref name="startDoneTask" ref="0x411a4970" scoped=""/></type-interface>
      <instance>
        <interfacedef-ref nicename="tos.interfaces.TaskBasic" qname="TaskBasic"/>
      </instance>
      <interface-functions>
        <function-ref name="postTask" ref="0x411a4b48" scoped=""/>
        <function-ref name="runTask" ref="0x411a4c28" scoped=""/>
      </interface-functions>
    </interface><interface loc="72:/home/zly/tinyos-main/tos/lib/serial/SerialP.nc" name="SerialFrameComm" provided="0" ref="0x41155468">
      <component-ref nicename="tos.lib.serial.SerialP" qname="SerialP"/>
      <type-interface alignment="I:2" size="I:2"><interface-ref name="SerialFrameComm" ref="0x41155468" scoped=""/></type-interface>
      <instance>
        <interfacedef-ref nicename="tos.lib.serial.SerialFrameComm" qname="SerialFrameComm"/>
      </instance>
      <interface-functions>
        <function-ref name="putDelimiter" ref="0x41155640" scoped=""/>
        <function-ref name="resetSend" ref="0x41155720" scoped=""/>
        <function-ref name="dataReceived" ref="0x41155800" scoped=""/>
        <function-ref name="resetReceive" ref="0x411558e0" scoped=""/>
        <function-ref name="putData" ref="0x411559c0" scoped=""/>
        <function-ref name="putDone" ref="0x41155aa0" scoped=""/>
        <function-ref name="delimiterReceived" ref="0x41155b80" scoped=""/>
      </interface-functions>
    </interface><interface loc="73:/home/zly/tinyos-main/tos/lib/serial/SerialP.nc" name="Leds" provided="0" ref="0x41155cf0">
      <component-ref nicename="tos.lib.serial.SerialP" qname="SerialP"/>
      <type-interface alignment="I:2" size="I:2"><interface-ref name="Leds" ref="0x41155cf0" scoped=""/></type-interface>
      <instance>
        <interfacedef-ref nicename="tos.interfaces.Leds" qname="Leds"/>
      </instance>
      <interface-functions>
        <function-ref name="led0Off" ref="0x41155ec8" scoped=""/>
        <function-ref name="led0Toggle" ref="0x4115e010" scoped=""/>
        <function-ref name="led1On" ref="0x4115e0f0" scoped=""/>
        <function-ref name="led1Toggle" ref="0x4115e1d0" scoped=""/>
        <function-ref name="led2Toggle" ref="0x4115e2b0" scoped=""/>
        <function-ref name="get" ref="0x4115e390" scoped=""/>
        <function-ref name="led1Off" ref="0x4115e470" scoped=""/>
        <function-ref name="led2Off" ref="0x4115e7f0" scoped=""/>
        <function-ref name="set" ref="0x4115e550" scoped=""/>
        <function-ref name="led0On" ref="0x4115e630" scoped=""/>
        <function-ref name="led2On" ref="0x4115e710" scoped=""/>
      </interface-functions>
    </interface><interface loc="341:/home/zly/tinyos-main/tos/lib/serial/SerialP.nc" name="defaultSerialFlushTask" provided="0" ref="0x411a1e08">
      <component-ref nicename="tos.lib.serial.SerialP" qname="SerialP"/>
      <type-interface alignment="I:2" size="I:2"><interface-ref name="defaultSerialFlushTask" ref="0x411a1e08" scoped=""/></type-interface>
      <instance>
        <interfacedef-ref nicename="tos.interfaces.TaskBasic" qname="TaskBasic"/>
      </instance>
      <interface-functions>
        <function-ref name="postTask" ref="0x411a0010" scoped=""/>
        <function-ref name="runTask" ref="0x411a00f0" scoped=""/>
      </interface-functions>
    </interface><interface loc="67:/home/zly/tinyos-main/tos/lib/serial/SerialP.nc" name="SendBytePacket" provided="1" ref="0x4115f010">
      <component-ref nicename="tos.lib.serial.SerialP" qname="SerialP"/>
      <type-interface alignment="I:2" size="I:2"><interface-ref name="SendBytePacket" ref="0x4115f010" scoped=""/></type-interface>
      <instance>
        <interfacedef-ref nicename="tos.lib.serial.SendBytePacket" qname="SendBytePacket"/>
      </instance>
      <interface-functions>
        <function-ref name="completeSend" ref="0x4115f1e8" scoped=""/>
        <function-ref name="nextByte" ref="0x4115f2c8" scoped=""/>
        <function-ref name="startSend" ref="0x4115f3a8" scoped=""/>
        <function-ref name="sendCompleted" ref="0x4115f488" scoped=""/>
      </interface-functions>
    </interface><interface loc="68:/home/zly/tinyos-main/tos/lib/serial/SerialP.nc" name="ReceiveBytePacket" provided="1" ref="0x411592a8">
      <component-ref nicename="tos.lib.serial.SerialP" qname="SerialP"/>
      <type-interface alignment="I:2" size="I:2"><interface-ref name="ReceiveBytePacket" ref="0x411592a8" scoped=""/></type-interface>
      <instance>
        <interfacedef-ref nicename="tos.lib.serial.ReceiveBytePacket" qname="ReceiveBytePacket"/>
      </instance>
      <interface-functions>
        <function-ref name="startPacket" ref="0x41159480" scoped=""/>
        <function-ref name="byteReceived" ref="0x41159560" scoped=""/>
        <function-ref name="endPacket" ref="0x41159640" scoped=""/>
      </interface-functions>
    </interface></specification><referenced/></component>