<?xml version="1.0" ?><component abstract="" loc="37:/home/zly/tinyos-main/tos/chips/msp430/usart/Msp430UsartShareP.nc" nicename="tos.chips.msp430.usart.Msp430UsartShareP" qname="Msp430UsartShareP" safe="">
      <documentation loc="32:/home/zly/tinyos-main/tos/chips/msp430/usart/Msp430UsartShareP.nc">
        <short>
 </short>
        <long>
 @author Jonathan Hui &lt;jhui@archrock.com&gt;
 @version $Revision: 1.5 $ $Date: 2008-06-26 04:39:08 $
</long>
      </documentation>
      <parameters>
      </parameters>
      <module/>
    <specification><interface loc="43:/home/zly/tinyos-main/tos/chips/msp430/usart/Msp430UsartShareP.nc" name="ArbiterInfo" provided="0" ref="0x40d50010">
      <component-ref nicename="tos.chips.msp430.usart.Msp430UsartShareP" qname="Msp430UsartShareP"/>
      <type-interface alignment="I:2" size="I:2"><interface-ref name="ArbiterInfo" ref="0x40d50010" scoped=""/></type-interface>
      <instance>
        <interfacedef-ref nicename="tos.interfaces.ArbiterInfo" qname="ArbiterInfo"/>
      </instance>
      <interface-functions>
        <function-ref name="inUse" ref="0x40d501e8" scoped=""/>
        <function-ref name="userId" ref="0x40d502c8" scoped=""/>
      </interface-functions>
    </interface><interface loc="39:/home/zly/tinyos-main/tos/chips/msp430/usart/Msp430UsartShareP.nc" name="Interrupts" provided="1" ref="0x40d24848">
      <component-ref nicename="tos.chips.msp430.usart.Msp430UsartShareP" qname="Msp430UsartShareP"/>
      <type-interface alignment="I:2" size="I:2"><interface-ref name="Interrupts" ref="0x40d24848" scoped=""/></type-interface>
      <instance>
        <interfacedef-ref nicename="tos.chips.msp430.usart.HplMsp430UsartInterrupts" qname="HplMsp430UsartInterrupts"/>
      </instance>
      <interface-parameters>
        <type-int alignment="I:1" cname="unsigned char" size="I:1" unsigned="">
          <typename><typedef-ref name="uint8_t" ref="0x40212dc8"/></typename>
        </type-int>
      </interface-parameters>
      <interface-functions>
        <function-ref name="rxDone" ref="0x40d24a20" scoped=""/>
        <function-ref name="txDone" ref="0x40d24b00" scoped=""/>
      </interface-functions>
    </interface><interface loc="42:/home/zly/tinyos-main/tos/chips/msp430/usart/Msp430UsartShareP.nc" name="RawI2CInterrupts" provided="0" ref="0x40d51b98">
      <component-ref nicename="tos.chips.msp430.usart.Msp430UsartShareP" qname="Msp430UsartShareP"/>
      <type-interface alignment="I:2" size="I:2"><interface-ref name="RawI2CInterrupts" ref="0x40d51b98" scoped=""/></type-interface>
      <instance>
        <interfacedef-ref nicename="tos.chips.msp430.usart.HplMsp430I2CInterrupts" qname="HplMsp430I2CInterrupts"/>
      </instance>
      <interface-functions>
        <function-ref name="fired" ref="0x40d51d70" scoped=""/>
      </interface-functions>
    </interface><interface loc="40:/home/zly/tinyos-main/tos/chips/msp430/usart/Msp430UsartShareP.nc" name="I2CInterrupts" provided="1" ref="0x40d51100">
      <component-ref nicename="tos.chips.msp430.usart.Msp430UsartShareP" qname="Msp430UsartShareP"/>
      <type-interface alignment="I:2" size="I:2"><interface-ref name="I2CInterrupts" ref="0x40d51100" scoped=""/></type-interface>
      <instance>
        <interfacedef-ref nicename="tos.chips.msp430.usart.HplMsp430I2CInterrupts" qname="HplMsp430I2CInterrupts"/>
      </instance>
      <interface-parameters>
        <type-int alignment="I:1" cname="unsigned char" size="I:1" unsigned="">
          <typename><typedef-ref name="uint8_t" ref="0x40212dc8"/></typename>
        </type-int>
      </interface-parameters>
      <interface-functions>
        <function-ref name="fired" ref="0x40d512d8" scoped=""/>
      </interface-functions>
    </interface><interface loc="41:/home/zly/tinyos-main/tos/chips/msp430/usart/Msp430UsartShareP.nc" name="RawInterrupts" provided="0" ref="0x40d515d8">
      <component-ref nicename="tos.chips.msp430.usart.Msp430UsartShareP" qname="Msp430UsartShareP"/>
      <type-interface alignment="I:2" size="I:2"><interface-ref name="RawInterrupts" ref="0x40d515d8" scoped=""/></type-interface>
      <instance>
        <interfacedef-ref nicename="tos.chips.msp430.usart.HplMsp430UsartInterrupts" qname="HplMsp430UsartInterrupts"/>
      </instance>
      <interface-functions>
        <function-ref name="rxDone" ref="0x40d517b0" scoped=""/>
        <function-ref name="txDone" ref="0x40d51890" scoped=""/>
      </interface-functions>
    </interface></specification><referenced/></component>