<?xml version="1.0" ?><component abstract="" loc="41:/home/zly/tinyos-main/tos/chips/msp430/timer/Alarm32khz16C.nc" nicename="tos.chips.msp430.timer.Alarm32khz16C" qname="Alarm32khz16C">
      <documentation loc="33:/home/zly/tinyos-main/tos/chips/msp430/timer/Alarm32khz16C.nc">
        <short>
 Alarm32khzC is the alarm for async 32khz alarms

 </short>
        <long>
 Alarm32khzC is the alarm for async 32khz alarms

 @author Cory Sharp &lt;cssharp@eecs.berkeley.edu&gt;
 @see  Please refer to TEP 102 for more information about this component and its
          intended use.
</long>
      </documentation>
      <parameters>
      </parameters>
      <configuration/>
      <wiring>
        <wire loc="52:/home/zly/tinyos-main/tos/chips/msp430/timer/Alarm32khz16C.nc">
          <from><interface-ref name="Alarm" ref="0x40793260" scoped=""/></from>
          <to><interface-ref name="Alarm" ref="0x407a9630" scoped=""/></to>
        </wire>
        <wire loc="51:/home/zly/tinyos-main/tos/chips/msp430/timer/Alarm32khz16C.nc">
          <from><interface-ref name="Init" ref="0x40783d18" scoped=""/></from>
          <to><interface-ref name="Init" ref="0x407a91b8" scoped=""/></to>
        </wire>
        <wire loc="54:/home/zly/tinyos-main/tos/chips/msp430/timer/Alarm32khz16C.nc">
          <from><interface-ref name="Msp430Timer" ref="0x407c6010" scoped=""/></from>
          <to><interface-ref name="Msp430Timer" ref="0x4078f600" scoped=""/></to>
        </wire>
        <wire loc="55:/home/zly/tinyos-main/tos/chips/msp430/timer/Alarm32khz16C.nc">
          <from><interface-ref name="Msp430TimerControl" ref="0x407c6c08" scoped=""/></from>
          <to><interface-ref name="Msp430TimerControl" ref="0x407ac250" scoped=""/></to>
        </wire>
        <wire loc="56:/home/zly/tinyos-main/tos/chips/msp430/timer/Alarm32khz16C.nc">
          <from><interface-ref name="Msp430Compare" ref="0x407c56b0" scoped=""/></from>
          <to><interface-ref name="Msp430Compare" ref="0x407acc88" scoped=""/></to>
        </wire>
      </wiring>
    <specification><interface loc="44:/home/zly/tinyos-main/tos/chips/msp430/timer/Alarm32khz16C.nc" name="Alarm" provided="1" ref="0x40793260">
      <component-ref nicename="tos.chips.msp430.timer.Alarm32khz16C" qname="Alarm32khz16C"/>
      <type-interface alignment="I:2" size="I:2"><interface-ref name="Alarm" ref="0x40793260" scoped=""/></type-interface>
      <instance>
        <interfacedef-ref nicename="tos.lib.timer.Alarm" qname="Alarm"/>
        <arguments>
          <type-tag alignment="I:2" size="I:2"><struct-ref ref="0x40614ca8"/>
            <typename><typedef-ref name="T32khz" ref="0x40614e70"/></typename>
          </type-tag>
          <type-int alignment="I:2" cname="unsigned int" size="I:2" unsigned="">
            <typename><typedef-ref name="uint16_t" ref="0x40213010"/></typename>
          </type-int>
        </arguments>
      </instance>
      <interface-functions>
        <function-ref name="getNow" ref="0x40792728" scoped=""/>
        <function-ref name="fired" ref="0x40793ec8" scoped=""/>
        <function-ref name="startAt" ref="0x407923e8" scoped=""/>
        <function-ref name="isRunning" ref="0x40792170" scoped=""/>
        <function-ref name="getAlarm" ref="0x407929a0" scoped=""/>
        <function-ref name="start" ref="0x407939b0" scoped=""/>
        <function-ref name="stop" ref="0x40793c50" scoped=""/>
      </interface-functions>
    </interface><interface loc="43:/home/zly/tinyos-main/tos/chips/msp430/timer/Alarm32khz16C.nc" name="Init" provided="1" ref="0x40783d18">
      <component-ref nicename="tos.chips.msp430.timer.Alarm32khz16C" qname="Alarm32khz16C"/>
      <type-interface alignment="I:2" size="I:2"><interface-ref name="Init" ref="0x40783d18" scoped=""/></type-interface>
      <instance>
        <interfacedef-ref nicename="tos.interfaces.Init" qname="Init"/>
      </instance>
      <interface-functions>
        <function-ref name="init" ref="0x40783ef0" scoped=""/>
      </interface-functions>
    </interface></specification><referenced><interface loc="41:/home/zly/tinyos-main/tos/chips/msp430/timer/Msp430Timer32khzC.nc" name="Msp430Compare" provided="1" ref="0x407acc88">
      <component-ref nicename="tos.chips.msp430.timer.Msp430Timer32khzC" qname="Alarm32khz16C.Msp430Timer"/>
      <type-interface alignment="I:2" size="I:2"><interface-ref name="Msp430Compare" ref="0x407acc88" scoped=""/></type-interface>
      <instance>
        <interfacedef-ref nicename="tos.chips.msp430.timer.Msp430Compare" qname="Msp430Compare"/>
      </instance>
      <interface-functions>
        <function-ref name="getEvent" ref="0x407ace60" scoped=""/>
        <function-ref name="setEvent" ref="0x407ab010" scoped=""/>
        <function-ref name="setEventFromPrev" ref="0x407ab0f0" scoped=""/>
        <function-ref name="setEventFromNow" ref="0x407ab1d0" scoped=""/>
        <function-ref name="fired" ref="0x407ab2b0" scoped=""/>
      </interface-functions>
    </interface><interface loc="46:/home/zly/tinyos-main/tos/chips/msp430/timer/Msp430AlarmC.nc" name="Alarm" provided="1" ref="0x407a9630">
      <component-ref nicename="tos.chips.msp430.timer.Msp430AlarmC" qname="Alarm32khz16C.Msp430Alarm"/>
      <type-interface alignment="I:2" size="I:2"><interface-ref name="Alarm" ref="0x407a9630" scoped=""/></type-interface>
      <instance>
        <interfacedef-ref nicename="tos.lib.timer.Alarm" qname="Alarm"/>
        <arguments>
          <type-tag alignment="I:2" size="I:2"><struct-ref ref="0x40614ca8"/>
            <typename><typedef-ref name="T32khz" ref="0x40614e70"/></typename>
          </type-tag>
          <type-int alignment="I:2" cname="unsigned int" size="I:2" unsigned="">
            <typename><typedef-ref name="uint16_t" ref="0x40213010"/></typename>
          </type-int>
        </arguments>
      </instance>
      <interface-functions>
        <function-ref name="getNow" ref="0x407c7af0" scoped=""/>
        <function-ref name="fired" ref="0x407c72c0" scoped=""/>
        <function-ref name="startAt" ref="0x407c77b0" scoped=""/>
        <function-ref name="isRunning" ref="0x407c7538" scoped=""/>
        <function-ref name="getAlarm" ref="0x407c7d68" scoped=""/>
        <function-ref name="start" ref="0x407a9d80" scoped=""/>
        <function-ref name="stop" ref="0x407c7048" scoped=""/>
      </interface-functions>
    </interface><interface loc="48:/home/zly/tinyos-main/tos/chips/msp430/timer/Msp430AlarmC.nc" name="Msp430TimerControl" provided="0" ref="0x407c6c08">
      <component-ref nicename="tos.chips.msp430.timer.Msp430AlarmC" qname="Alarm32khz16C.Msp430Alarm"/>
      <type-interface alignment="I:2" size="I:2"><interface-ref name="Msp430TimerControl" ref="0x407c6c08" scoped=""/></type-interface>
      <instance>
        <interfacedef-ref nicename="tos.chips.msp430.timer.Msp430TimerControl" qname="Msp430TimerControl"/>
      </instance>
      <interface-functions>
        <function-ref name="setControlAsCapture" ref="0x407c6de0" scoped=""/>
        <function-ref name="getControl" ref="0x407c6ec0" scoped=""/>
        <function-ref name="enableEvents" ref="0x407c5010" scoped=""/>
        <function-ref name="areEventsEnabled" ref="0x407c50f0" scoped=""/>
        <function-ref name="setControlAsCompare" ref="0x407c51d0" scoped=""/>
        <function-ref name="disableEvents" ref="0x407c52b0" scoped=""/>
        <function-ref name="isInterruptPending" ref="0x407c5390" scoped=""/>
        <function-ref name="clearPendingInterrupt" ref="0x407c5470" scoped=""/>
        <function-ref name="setControl" ref="0x407c5550" scoped=""/>
      </interface-functions>
    </interface><interface loc="47:/home/zly/tinyos-main/tos/chips/msp430/timer/Msp430AlarmC.nc" name="Msp430Timer" provided="0" ref="0x407c6010">
      <component-ref nicename="tos.chips.msp430.timer.Msp430AlarmC" qname="Alarm32khz16C.Msp430Alarm"/>
      <type-interface alignment="I:2" size="I:2"><interface-ref name="Msp430Timer" ref="0x407c6010" scoped=""/></type-interface>
      <instance>
        <interfacedef-ref nicename="tos.chips.msp430.timer.Msp430Timer" qname="Msp430Timer"/>
      </instance>
      <interface-functions>
        <function-ref name="clear" ref="0x407c61e8" scoped=""/>
        <function-ref name="setClockSource" ref="0x407c62c8" scoped=""/>
        <function-ref name="enableEvents" ref="0x407c63a8" scoped=""/>
        <function-ref name="get" ref="0x407c6488" scoped=""/>
        <function-ref name="disableEvents" ref="0x407c6568" scoped=""/>
        <function-ref name="clearOverflow" ref="0x407c6648" scoped=""/>
        <function-ref name="getMode" ref="0x407c6728" scoped=""/>
        <function-ref name="isOverflowPending" ref="0x407c6808" scoped=""/>
        <function-ref name="overflow" ref="0x407c68e8" scoped=""/>
        <function-ref name="setMode" ref="0x407c69c8" scoped=""/>
        <function-ref name="setInputDivider" ref="0x407c6aa8" scoped=""/>
      </interface-functions>
    </interface><interface loc="40:/home/zly/tinyos-main/tos/chips/msp430/timer/Msp430Timer32khzC.nc" name="Msp430TimerControl" provided="1" ref="0x407ac250">
      <component-ref nicename="tos.chips.msp430.timer.Msp430Timer32khzC" qname="Alarm32khz16C.Msp430Timer"/>
      <type-interface alignment="I:2" size="I:2"><interface-ref name="Msp430TimerControl" ref="0x407ac250" scoped=""/></type-interface>
      <instance>
        <interfacedef-ref nicename="tos.chips.msp430.timer.Msp430TimerControl" qname="Msp430TimerControl"/>
      </instance>
      <interface-functions>
        <function-ref name="setControlAsCapture" ref="0x407ac428" scoped=""/>
        <function-ref name="getControl" ref="0x407ac508" scoped=""/>
        <function-ref name="enableEvents" ref="0x407ac5e8" scoped=""/>
        <function-ref name="areEventsEnabled" ref="0x407ac6c8" scoped=""/>
        <function-ref name="setControlAsCompare" ref="0x407ac7a8" scoped=""/>
        <function-ref name="disableEvents" ref="0x407ac888" scoped=""/>
        <function-ref name="isInterruptPending" ref="0x407ac968" scoped=""/>
        <function-ref name="clearPendingInterrupt" ref="0x407aca48" scoped=""/>
        <function-ref name="setControl" ref="0x407acb28" scoped=""/>
      </interface-functions>
    </interface><interface loc="39:/home/zly/tinyos-main/tos/chips/msp430/timer/Msp430Timer32khzC.nc" name="Msp430Timer" provided="1" ref="0x4078f600">
      <component-ref nicename="tos.chips.msp430.timer.Msp430Timer32khzC" qname="Alarm32khz16C.Msp430Timer"/>
      <type-interface alignment="I:2" size="I:2"><interface-ref name="Msp430Timer" ref="0x4078f600" scoped=""/></type-interface>
      <instance>
        <interfacedef-ref nicename="tos.chips.msp430.timer.Msp430Timer" qname="Msp430Timer"/>
      </instance>
      <interface-functions>
        <function-ref name="clear" ref="0x4078f7d8" scoped=""/>
        <function-ref name="setClockSource" ref="0x4078f8b8" scoped=""/>
        <function-ref name="enableEvents" ref="0x4078f998" scoped=""/>
        <function-ref name="get" ref="0x4078fa78" scoped=""/>
        <function-ref name="disableEvents" ref="0x4078fb58" scoped=""/>
        <function-ref name="clearOverflow" ref="0x4078fc38" scoped=""/>
        <function-ref name="getMode" ref="0x4078fd18" scoped=""/>
        <function-ref name="isOverflowPending" ref="0x4078fdf8" scoped=""/>
        <function-ref name="overflow" ref="0x4078fed8" scoped=""/>
        <function-ref name="setMode" ref="0x407ac010" scoped=""/>
        <function-ref name="setInputDivider" ref="0x407ac0f0" scoped=""/>
      </interface-functions>
    </interface><interface loc="45:/home/zly/tinyos-main/tos/chips/msp430/timer/Msp430AlarmC.nc" name="Init" provided="1" ref="0x407a91b8">
      <component-ref nicename="tos.chips.msp430.timer.Msp430AlarmC" qname="Alarm32khz16C.Msp430Alarm"/>
      <type-interface alignment="I:2" size="I:2"><interface-ref name="Init" ref="0x407a91b8" scoped=""/></type-interface>
      <instance>
        <interfacedef-ref nicename="tos.interfaces.Init" qname="Init"/>
      </instance>
      <interface-functions>
        <function-ref name="init" ref="0x407a9390" scoped=""/>
      </interface-functions>
    </interface><interface loc="49:/home/zly/tinyos-main/tos/chips/msp430/timer/Msp430AlarmC.nc" name="Msp430Compare" provided="0" ref="0x407c56b0">
      <component-ref nicename="tos.chips.msp430.timer.Msp430AlarmC" qname="Alarm32khz16C.Msp430Alarm"/>
      <type-interface alignment="I:2" size="I:2"><interface-ref name="Msp430Compare" ref="0x407c56b0" scoped=""/></type-interface>
      <instance>
        <interfacedef-ref nicename="tos.chips.msp430.timer.Msp430Compare" qname="Msp430Compare"/>
      </instance>
      <interface-functions>
        <function-ref name="getEvent" ref="0x407c5888" scoped=""/>
        <function-ref name="setEvent" ref="0x407c5968" scoped=""/>
        <function-ref name="setEventFromPrev" ref="0x407c5a48" scoped=""/>
        <function-ref name="setEventFromNow" ref="0x407c5b28" scoped=""/>
        <function-ref name="fired" ref="0x407c5c08" scoped=""/>
      </interface-functions>
    </interface><component abstract="" loc="43(Alarm32khz16C.Msp430Alarm):/home/zly/tinyos-main/tos/chips/msp430/timer/Msp430AlarmC.nc" nicename="tos.chips.msp430.timer.Msp430AlarmC" qname="Alarm32khz16C.Msp430Alarm">
      <documentation loc="34:/home/zly/tinyos-main/tos/chips/msp430/timer/Msp430AlarmC.nc">
        <short>
 Msp430Alarm is a generic component that wraps the MSP430 HPL timers and
 compares into a TinyOS Alarm.</short>
        <long>
 Msp430Alarm is a generic component that wraps the MSP430 HPL timers and
 compares into a TinyOS Alarm.

 @author Cory Sharp &lt;cssharp@eecs.berkeley.edu&gt;
 @see  Please refer to TEP 102 for more information about this component and its
          intended use.
</long>
      </documentation>
      <instance>
        <component-ref nicename="tos.chips.msp430.timer.Msp430AlarmC" qname="Msp430AlarmC"/>
        <arguments>
          <type-tag alignment="I:2" size="I:2"><struct-ref ref="0x40614ca8"/>
            <typename><typedef-ref name="T32khz" ref="0x40614e70"/></typename>
          </type-tag>
        </arguments>
      </instance>
      <module/>
    </component><component abstract="" loc="37(Alarm32khz16C.Msp430Timer):/home/zly/tinyos-main/tos/chips/msp430/timer/Msp430Timer32khzC.nc" nicename="tos.chips.msp430.timer.Msp430Timer32khzC" qname="Alarm32khz16C.Msp430Timer">
      <documentation loc="33:/home/zly/tinyos-main/tos/chips/msp430/timer/Msp430Timer32khzC.nc">
        <short>
 </short>
        <long>
 @author Cory Sharp &lt;cssharp@eecs.berkeley.edu&gt;
</long>
      </documentation>
      <instance>
        <component-ref nicename="tos.chips.msp430.timer.Msp430Timer32khzC" qname="Msp430Timer32khzC"/>
      </instance>
      <configuration/>
    </component></referenced></component>