<?xml version="1.0" ?><component abstract="" loc="41:/home/zly/tinyos-main/tos/chips/msp430/timer/AlarmMilli32C.nc" nicename="tos.chips.msp430.timer.AlarmMilli32C" qname="AlarmMilli32C">
      <documentation loc="33:/home/zly/tinyos-main/tos/chips/msp430/timer/AlarmMilli32C.nc">
        <short>
 AlarmMilliC is the alarm for async millisecond alarms

 </short>
        <long>
 AlarmMilliC is the alarm for async millisecond alarms

 @author Cory Sharp &lt;cssharp@eecs.berkeley.edu&gt;
 @see  Please refer to TEP 102 for more information about this component and its
          intended use.
</long>
      </documentation>
      <parameters>
      </parameters>
      <configuration/>
      <wiring>
        <wire loc="53:/home/zly/tinyos-main/tos/chips/msp430/timer/AlarmMilli32C.nc">
          <from><interface-ref name="Alarm" ref="0x40797c18" scoped=""/></from>
          <to><interface-ref name="Alarm" ref="0x407f8578" scoped=""/></to>
        </wire>
        <wire loc="52:/home/zly/tinyos-main/tos/chips/msp430/timer/AlarmMilli32C.nc">
          <from><interface-ref name="Init" ref="0x40788490" scoped=""/></from>
          <to><interface-ref name="Init" ref="0x40795138" scoped=""/></to>
        </wire>
        <wire loc="55:/home/zly/tinyos-main/tos/chips/msp430/timer/AlarmMilli32C.nc">
          <from><interface-ref name="AlarmFrom" ref="0x4080c380" scoped=""/></from>
          <to><interface-ref name="Alarm" ref="0x40795590" scoped=""/></to>
        </wire>
        <wire loc="56:/home/zly/tinyos-main/tos/chips/msp430/timer/AlarmMilli32C.nc">
          <from><interface-ref name="Counter" ref="0x4080d0a0" scoped=""/></from>
          <to><interface-ref name="Counter" ref="0x407d2cf0" scoped=""/></to>
        </wire>
      </wiring>
    <specification><interface loc="44:/home/zly/tinyos-main/tos/chips/msp430/timer/AlarmMilli32C.nc" name="Alarm" provided="1" ref="0x40797c18">
      <component-ref nicename="tos.chips.msp430.timer.AlarmMilli32C" qname="AlarmMilli32C"/>
      <type-interface alignment="I:2" size="I:2"><interface-ref name="Alarm" ref="0x40797c18" scoped=""/></type-interface>
      <instance>
        <interfacedef-ref nicename="tos.lib.timer.Alarm" qname="Alarm"/>
        <arguments>
          <type-tag alignment="I:2" size="I:2"><struct-ref ref="0x40614868"/>
            <typename><typedef-ref name="TMilli" ref="0x40614a30"/></typename>
          </type-tag>
          <type-int alignment="I:2" cname="unsigned long" size="I:4" unsigned="">
            <typename><typedef-ref name="uint32_t" ref="0x40213250"/></typename>
          </type-int>
        </arguments>
      </instance>
      <interface-functions>
        <function-ref name="getNow" ref="0x407830f8" scoped=""/>
        <function-ref name="fired" ref="0x40784898" scoped=""/>
        <function-ref name="startAt" ref="0x40784d88" scoped=""/>
        <function-ref name="isRunning" ref="0x40784b10" scoped=""/>
        <function-ref name="getAlarm" ref="0x40783370" scoped=""/>
        <function-ref name="start" ref="0x40784380" scoped=""/>
        <function-ref name="stop" ref="0x40784620" scoped=""/>
      </interface-functions>
    </interface><interface loc="43:/home/zly/tinyos-main/tos/chips/msp430/timer/AlarmMilli32C.nc" name="Init" provided="1" ref="0x40788490">
      <component-ref nicename="tos.chips.msp430.timer.AlarmMilli32C" qname="AlarmMilli32C"/>
      <type-interface alignment="I:2" size="I:2"><interface-ref name="Init" ref="0x40788490" scoped=""/></type-interface>
      <instance>
        <interfacedef-ref nicename="tos.interfaces.Init" qname="Init"/>
      </instance>
      <interface-functions>
        <function-ref name="init" ref="0x40788668" scoped=""/>
      </interface-functions>
    </interface></specification><referenced><interface loc="44:/home/zly/tinyos-main/tos/chips/msp430/timer/Alarm32khz16C.nc" name="Alarm" provided="1" ref="0x40795590">
      <component-ref nicename="tos.chips.msp430.timer.Alarm32khz16C" qname="AlarmMilli32C.AlarmFrom"/>
      <type-interface alignment="I:2" size="I:2"><interface-ref name="Alarm" ref="0x40795590" scoped=""/></type-interface>
      <instance>
        <interfacedef-ref nicename="tos.lib.timer.Alarm" qname="Alarm"/>
        <arguments>
          <type-tag alignment="I:2" size="I:2"><struct-ref ref="0x40614ca8"/>
            <typename><typedef-ref name="T32khz" ref="0x40614e70"/></typename>
          </type-tag>
          <type-int alignment="I:2" cname="unsigned int" size="I:2" unsigned="">
            <typename><typedef-ref name="uint16_t" ref="0x40213010"/></typename>
          </type-int>
        </arguments>
      </instance>
      <interface-functions>
        <function-ref name="getNow" ref="0x407c2ab8" scoped=""/>
        <function-ref name="fired" ref="0x407c2288" scoped=""/>
        <function-ref name="startAt" ref="0x407c2778" scoped=""/>
        <function-ref name="isRunning" ref="0x407c2500" scoped=""/>
        <function-ref name="getAlarm" ref="0x407c2d30" scoped=""/>
        <function-ref name="start" ref="0x40795ce0" scoped=""/>
        <function-ref name="stop" ref="0x407c2010" scoped=""/>
      </interface-functions>
    </interface><interface loc="43:/home/zly/tinyos-main/tos/chips/msp430/timer/Alarm32khz16C.nc" name="Init" provided="1" ref="0x40795138">
      <component-ref nicename="tos.chips.msp430.timer.Alarm32khz16C" qname="AlarmMilli32C.AlarmFrom"/>
      <type-interface alignment="I:2" size="I:2"><interface-ref name="Init" ref="0x40795138" scoped=""/></type-interface>
      <instance>
        <interfacedef-ref nicename="tos.interfaces.Init" qname="Init"/>
      </instance>
      <interface-functions>
        <function-ref name="init" ref="0x40795310" scoped=""/>
      </interface-functions>
    </interface><interface loc="73:/home/zly/tinyos-main/tos/lib/timer/TransformAlarmC.nc" name="AlarmFrom" provided="0" ref="0x4080c380">
      <component-ref nicename="tos.lib.timer.TransformAlarmC" qname="AlarmMilli32C.Transform"/>
      <type-interface alignment="I:2" size="I:2"><interface-ref name="AlarmFrom" ref="0x4080c380" scoped=""/></type-interface>
      <instance>
        <interfacedef-ref nicename="tos.lib.timer.Alarm" qname="Alarm"/>
        <arguments>
          <type-tag alignment="I:2" size="I:2"><struct-ref ref="0x40614ca8"/>
            <typename><typedef-ref name="T32khz" ref="0x40614e70"/></typename>
          </type-tag>
          <type-int alignment="I:2" cname="unsigned int" size="I:2" unsigned="">
            <typename><typedef-ref name="uint16_t" ref="0x40213010"/></typename>
          </type-int>
        </arguments>
      </instance>
      <interface-functions>
        <function-ref name="getNow" ref="0x4080b840" scoped=""/>
        <function-ref name="fired" ref="0x4080b010" scoped=""/>
        <function-ref name="startAt" ref="0x4080b500" scoped=""/>
        <function-ref name="isRunning" ref="0x4080b288" scoped=""/>
        <function-ref name="getAlarm" ref="0x4080bab8" scoped=""/>
        <function-ref name="start" ref="0x4080cad0" scoped=""/>
        <function-ref name="stop" ref="0x4080cd70" scoped=""/>
      </interface-functions>
    </interface><interface loc="43:/home/zly/tinyos-main/tos/chips/msp430/timer/CounterMilli32C.nc" name="Counter" provided="1" ref="0x407d2cf0">
      <component-ref nicename="tos.chips.msp430.timer.CounterMilli32C" qname="CounterMilli32C"/>
      <type-interface alignment="I:2" size="I:2"><interface-ref name="Counter" ref="0x407d2cf0" scoped=""/></type-interface>
      <instance>
        <interfacedef-ref nicename="tos.lib.timer.Counter" qname="Counter"/>
        <arguments>
          <type-tag alignment="I:2" size="I:2"><struct-ref ref="0x40614868"/>
            <typename><typedef-ref name="TMilli" ref="0x40614a30"/></typename>
          </type-tag>
          <type-int alignment="I:2" cname="unsigned long" size="I:4" unsigned="">
            <typename><typedef-ref name="uint32_t" ref="0x40213250"/></typename>
          </type-int>
        </arguments>
      </instance>
      <interface-functions>
        <function-ref name="get" ref="0x407bd478" scoped=""/>
        <function-ref name="clearOverflow" ref="0x407bd968" scoped=""/>
        <function-ref name="isOverflowPending" ref="0x407bd6f0" scoped=""/>
        <function-ref name="overflow" ref="0x407bdbe0" scoped=""/>
      </interface-functions>
    </interface><interface loc="61:/home/zly/tinyos-main/tos/lib/timer/TransformAlarmC.nc" name="Alarm" provided="1" ref="0x407f8578">
      <component-ref nicename="tos.lib.timer.TransformAlarmC" qname="AlarmMilli32C.Transform"/>
      <type-interface alignment="I:2" size="I:2"><interface-ref name="Alarm" ref="0x407f8578" scoped=""/></type-interface>
      <instance>
        <interfacedef-ref nicename="tos.lib.timer.Alarm" qname="Alarm"/>
        <arguments>
          <type-tag alignment="I:2" size="I:2"><struct-ref ref="0x40614868"/>
            <typename><typedef-ref name="TMilli" ref="0x40614a30"/></typename>
          </type-tag>
          <type-int alignment="I:2" cname="unsigned long" size="I:4" unsigned="">
            <typename><typedef-ref name="uint32_t" ref="0x40213250"/></typename>
          </type-int>
        </arguments>
      </instance>
      <interface-functions>
        <function-ref name="getNow" ref="0x407f6ab8" scoped=""/>
        <function-ref name="fired" ref="0x407f6288" scoped=""/>
        <function-ref name="startAt" ref="0x407f6778" scoped=""/>
        <function-ref name="isRunning" ref="0x407f6500" scoped=""/>
        <function-ref name="getAlarm" ref="0x407f6d30" scoped=""/>
        <function-ref name="start" ref="0x407f8cc8" scoped=""/>
        <function-ref name="stop" ref="0x407f6010" scoped=""/>
      </interface-functions>
    </interface><interface loc="68:/home/zly/tinyos-main/tos/lib/timer/TransformAlarmC.nc" name="Counter" provided="0" ref="0x4080d0a0">
      <component-ref nicename="tos.lib.timer.TransformAlarmC" qname="AlarmMilli32C.Transform"/>
      <type-interface alignment="I:2" size="I:2"><interface-ref name="Counter" ref="0x4080d0a0" scoped=""/></type-interface>
      <instance>
        <interfacedef-ref nicename="tos.lib.timer.Counter" qname="Counter"/>
        <arguments>
          <type-tag alignment="I:2" size="I:2"><struct-ref ref="0x40614868"/>
            <typename><typedef-ref name="TMilli" ref="0x40614a30"/></typename>
          </type-tag>
          <type-int alignment="I:2" cname="unsigned long" size="I:4" unsigned="">
            <typename><typedef-ref name="uint32_t" ref="0x40213250"/></typename>
          </type-int>
        </arguments>
      </instance>
      <interface-functions>
        <function-ref name="get" ref="0x4080d7f0" scoped=""/>
        <function-ref name="clearOverflow" ref="0x4080dce0" scoped=""/>
        <function-ref name="isOverflowPending" ref="0x4080da68" scoped=""/>
        <function-ref name="overflow" ref="0x4080c010" scoped=""/>
      </interface-functions>
    </interface><component abstract="" loc="41(AlarmMilli32C.AlarmFrom):/home/zly/tinyos-main/tos/chips/msp430/timer/Alarm32khz16C.nc" nicename="tos.chips.msp430.timer.Alarm32khz16C" qname="AlarmMilli32C.AlarmFrom">
      <documentation loc="33:/home/zly/tinyos-main/tos/chips/msp430/timer/Alarm32khz16C.nc">
        <short>
 Alarm32khzC is the alarm for async 32khz alarms

 </short>
        <long>
 Alarm32khzC is the alarm for async 32khz alarms

 @author Cory Sharp &lt;cssharp@eecs.berkeley.edu&gt;
 @see  Please refer to TEP 102 for more information about this component and its
          intended use.
</long>
      </documentation>
      <instance>
        <component-ref nicename="tos.chips.msp430.timer.Alarm32khz16C" qname="Alarm32khz16C"/>
      </instance>
      <configuration/>
    </component><component loc="41:/home/zly/tinyos-main/tos/chips/msp430/timer/CounterMilli32C.nc" nicename="tos.chips.msp430.timer.CounterMilli32C" qname="CounterMilli32C">
      <documentation loc="33:/home/zly/tinyos-main/tos/chips/msp430/timer/CounterMilli32C.nc">
        <short>
 CounterMilli32C provides at 32-bit counter at 1024 ticks per second.</short>
        <long>
 CounterMilli32C provides at 32-bit counter at 1024 ticks per second.

 @author Cory Sharp &lt;cssharp@eecs.berkeley.edu&gt;
 @see  Please refer to TEP 102 for more information about this component and its
          intended use.
</long>
      </documentation>
      <configuration/>
      <wiring>
        <wire loc="50:/home/zly/tinyos-main/tos/chips/msp430/timer/CounterMilli32C.nc">
          <from><interface-ref name="Counter" ref="0x407d2cf0" scoped=""/></from>
          <to><interface-ref name="Counter" ref="0x407e30c0" scoped=""/></to>
        </wire>
        <wire loc="52:/home/zly/tinyos-main/tos/chips/msp430/timer/CounterMilli32C.nc">
          <from><interface-ref name="CounterFrom" ref="0x407e2380" scoped=""/></from>
          <to><interface-ref name="Msp430Counter32khz" ref="0x407d4a20" scoped=""/></to>
        </wire>
      </wiring>
    </component><component abstract="" loc="51(AlarmMilli32C.Transform):/home/zly/tinyos-main/tos/lib/timer/TransformAlarmC.nc" nicename="tos.lib.timer.TransformAlarmC" qname="AlarmMilli32C.Transform">
      <documentation loc="34:/home/zly/tinyos-main/tos/lib/timer/TransformAlarmC.nc">
        <short>
 TransformAlarmC decreases precision and/or widens an Alarm.</short>
        <long>
 TransformAlarmC decreases precision and/or widens an Alarm.  An already
 widened Counter component is used to help.

 &lt;p&gt;See TEP102 for more details.
 @param to_precision_tag A type indicating the precision of the transformed
   Alarm.
 @param to_size_type The type for the width of the transformed Alarm.
 @param from_precision_tag A type indicating the precision of the original
   Alarm.
 @param from_size_type The type for the width of the original Alarm.
 @param bit_shift_right Original time units will be 2 to the power 
   &lt;code&gt;bit_shift_right&lt;/code&gt; larger than transformed time units.

 @author Cory Sharp &lt;cssharp@eecs.berkeley.edu&gt;
</long>
      </documentation>
      <instance>
        <component-ref nicename="tos.lib.timer.TransformAlarmC" qname="TransformAlarmC"/>
        <arguments>
          <type-tag alignment="I:2" size="I:2"><struct-ref ref="0x40614868"/>
            <typename><typedef-ref name="TMilli" ref="0x40614a30"/></typename>
          </type-tag>
          <type-int alignment="I:2" cname="unsigned long" size="I:4" unsigned="">
            <typename><typedef-ref name="uint32_t" ref="0x40213250"/></typename>
          </type-int>
          <type-tag alignment="I:2" size="I:2"><struct-ref ref="0x40614ca8"/>
            <typename><typedef-ref name="T32khz" ref="0x40614e70"/></typename>
          </type-tag>
          <type-int alignment="I:2" cname="unsigned int" size="I:2" unsigned="">
            <typename><typedef-ref name="uint16_t" ref="0x40213010"/></typename>
          </type-int>
          <value cst="I:5">
            <type-int alignment="I:2" cname="int" size="I:2"/>
          </value>
        </arguments>
      </instance>
      <module/>
    </component></referenced></component>