<?xml version="1.0" ?><component loc="37:/home/zly/tinyos-main/tos/chips/cc2420/spi/CC2420SpiWireC.nc" nicename="tos.chips.cc2420.spi.CC2420SpiWireC" qname="CC2420SpiWireC">
      <documentation loc="32:/home/zly/tinyos-main/tos/chips/cc2420/spi/CC2420SpiWireC.nc">
        <short>
 </short>
        <long>
 @author Jonathan Hui &lt;jhui@archrock.com&gt;
 @version $Revision: 1.1 $ $Date: 2007-07-04 00:37:16 $
</long>
      </documentation>
      <configuration/>
      <wiring>
        <wire loc="52:/home/zly/tinyos-main/tos/chips/cc2420/spi/CC2420SpiWireC.nc">
          <from><interface-ref name="Fifo" ref="0x40bb5100" scoped=""/></from>
          <to><interface-ref name="Fifo" ref="0x40baf918" scoped=""/></to>
        </wire>
        <wire loc="56:/home/zly/tinyos-main/tos/chips/cc2420/spi/CC2420SpiWireC.nc">
          <from><interface-ref name="ChipSpiResource" ref="0x40bb6850" scoped=""/></from>
          <to><interface-ref name="ChipSpiResource" ref="0x40bb2698" scoped=""/></to>
        </wire>
        <wire loc="53:/home/zly/tinyos-main/tos/chips/cc2420/spi/CC2420SpiWireC.nc">
          <from><interface-ref name="Ram" ref="0x40bb5b48" scoped=""/></from>
          <to><interface-ref name="Ram" ref="0x40bae370" scoped=""/></to>
        </wire>
        <wire loc="54:/home/zly/tinyos-main/tos/chips/cc2420/spi/CC2420SpiWireC.nc">
          <from><interface-ref name="Reg" ref="0x40bb3330" scoped=""/></from>
          <to><interface-ref name="Reg" ref="0x40baeb18" scoped=""/></to>
        </wire>
        <wire loc="51:/home/zly/tinyos-main/tos/chips/cc2420/spi/CC2420SpiWireC.nc">
          <from><interface-ref name="Resource" ref="0x40bb6100" scoped=""/></from>
          <to><interface-ref name="Resource" ref="0x40bb2ea8" scoped=""/></to>
        </wire>
        <wire loc="55:/home/zly/tinyos-main/tos/chips/cc2420/spi/CC2420SpiWireC.nc">
          <from><interface-ref name="Strobe" ref="0x40bb3b08" scoped=""/></from>
          <to><interface-ref name="Strobe" ref="0x40bac2f0" scoped=""/></to>
        </wire>
        <wire loc="59:/home/zly/tinyos-main/tos/chips/cc2420/spi/CC2420SpiWireC.nc">
          <from><interface-ref name="WorkingState" ref="0x40ba7ef8" scoped=""/></from>
          <to><interface-ref name="State" ref="0x40be6e40" scoped=""/></to>
        </wire>
        <wire loc="62:/home/zly/tinyos-main/tos/chips/cc2420/spi/CC2420SpiWireC.nc">
          <from><interface-ref name="SpiResource" ref="0x40bac730" scoped=""/></from>
          <to><interface-ref name="Resource" ref="0x40be81d0" scoped=""/></to>
        </wire>
        <wire loc="63:/home/zly/tinyos-main/tos/chips/cc2420/spi/CC2420SpiWireC.nc">
          <from><interface-ref name="SpiByte" ref="0x40ba9718" scoped=""/></from>
          <to><interface-ref name="SpiByte" ref="0x40be8888" scoped=""/></to>
        </wire>
        <wire loc="64:/home/zly/tinyos-main/tos/chips/cc2420/spi/CC2420SpiWireC.nc">
          <from><interface-ref name="SpiPacket" ref="0x40ba7a28" scoped=""/></from>
          <to><interface-ref name="SpiPacket" ref="0x40be8bc0" scoped=""/></to>
        </wire>
        <wire loc="67:/home/zly/tinyos-main/tos/chips/cc2420/spi/CC2420SpiWireC.nc">
          <from><interface-ref name="Leds" ref="0x40bab6b0" scoped=""/></from>
          <to><interface-ref name="Leds" ref="0x40d05b58" scoped=""/></to>
        </wire>
      </wiring>
    <specification><interface loc="41:/home/zly/tinyos-main/tos/chips/cc2420/spi/CC2420SpiWireC.nc" name="Fifo" provided="1" ref="0x40bb5100">
      <component-ref nicename="tos.chips.cc2420.spi.CC2420SpiWireC" qname="CC2420SpiWireC"/>
      <type-interface alignment="I:2" size="I:2"><interface-ref name="Fifo" ref="0x40bb5100" scoped=""/></type-interface>
      <instance>
        <interfacedef-ref nicename="tos.chips.cc2420.interfaces.CC2420Fifo" qname="CC2420Fifo"/>
      </instance>
      <interface-parameters>
        <type-int alignment="I:1" cname="unsigned char" size="I:1" unsigned="">
          <typename><typedef-ref name="uint8_t" ref="0x40212dc8"/></typename>
        </type-int>
      </interface-parameters>
      <interface-functions>
        <function-ref name="continueRead" ref="0x40bb52d8" scoped=""/>
        <function-ref name="writeDone" ref="0x40bb53b8" scoped=""/>
        <function-ref name="write" ref="0x40bb5498" scoped=""/>
        <function-ref name="beginRead" ref="0x40bb5578" scoped=""/>
        <function-ref name="readDone" ref="0x40bb5658" scoped=""/>
      </interface-functions>
    </interface><interface loc="40:/home/zly/tinyos-main/tos/chips/cc2420/spi/CC2420SpiWireC.nc" name="ChipSpiResource" provided="1" ref="0x40bb6850">
      <component-ref nicename="tos.chips.cc2420.spi.CC2420SpiWireC" qname="CC2420SpiWireC"/>
      <type-interface alignment="I:2" size="I:2"><interface-ref name="ChipSpiResource" ref="0x40bb6850" scoped=""/></type-interface>
      <instance>
        <interfacedef-ref nicename="tos.chips.cc2420.interfaces.ChipSpiResource" qname="ChipSpiResource"/>
      </instance>
      <interface-functions>
        <function-ref name="releasing" ref="0x40bb6a28" scoped=""/>
        <function-ref name="abortRelease" ref="0x40bb6b08" scoped=""/>
        <function-ref name="attemptRelease" ref="0x40bb6be8" scoped=""/>
      </interface-functions>
    </interface><interface loc="42:/home/zly/tinyos-main/tos/chips/cc2420/spi/CC2420SpiWireC.nc" name="Ram" provided="1" ref="0x40bb5b48">
      <component-ref nicename="tos.chips.cc2420.spi.CC2420SpiWireC" qname="CC2420SpiWireC"/>
      <type-interface alignment="I:2" size="I:2"><interface-ref name="Ram" ref="0x40bb5b48" scoped=""/></type-interface>
      <instance>
        <interfacedef-ref nicename="tos.chips.cc2420.interfaces.CC2420Ram" qname="CC2420Ram"/>
      </instance>
      <interface-parameters>
        <type-int alignment="I:2" cname="unsigned int" size="I:2" unsigned="">
          <typename><typedef-ref name="uint16_t" ref="0x40213010"/></typename>
        </type-int>
      </interface-parameters>
      <interface-functions>
        <function-ref name="read" ref="0x40bb5d20" scoped=""/>
        <function-ref name="write" ref="0x40bb5e00" scoped=""/>
      </interface-functions>
    </interface><interface loc="43:/home/zly/tinyos-main/tos/chips/cc2420/spi/CC2420SpiWireC.nc" name="Reg" provided="1" ref="0x40bb3330">
      <component-ref nicename="tos.chips.cc2420.spi.CC2420SpiWireC" qname="CC2420SpiWireC"/>
      <type-interface alignment="I:2" size="I:2"><interface-ref name="Reg" ref="0x40bb3330" scoped=""/></type-interface>
      <instance>
        <interfacedef-ref nicename="tos.chips.cc2420.interfaces.CC2420Register" qname="CC2420Register"/>
      </instance>
      <interface-parameters>
        <type-int alignment="I:1" cname="unsigned char" size="I:1" unsigned="">
          <typename><typedef-ref name="uint8_t" ref="0x40212dc8"/></typename>
        </type-int>
      </interface-parameters>
      <interface-functions>
        <function-ref name="read" ref="0x40bb3508" scoped=""/>
        <function-ref name="write" ref="0x40bb35e8" scoped=""/>
      </interface-functions>
    </interface><interface loc="39:/home/zly/tinyos-main/tos/chips/cc2420/spi/CC2420SpiWireC.nc" name="Resource" provided="1" ref="0x40bb6100">
      <component-ref nicename="tos.chips.cc2420.spi.CC2420SpiWireC" qname="CC2420SpiWireC"/>
      <type-interface alignment="I:2" size="I:2"><interface-ref name="Resource" ref="0x40bb6100" scoped=""/></type-interface>
      <instance>
        <interfacedef-ref nicename="tos.interfaces.Resource" qname="Resource"/>
      </instance>
      <interface-parameters>
        <type-int alignment="I:1" cname="unsigned char" size="I:1" unsigned="">
          <typename><typedef-ref name="uint8_t" ref="0x40212dc8"/></typename>
        </type-int>
      </interface-parameters>
      <interface-functions>
        <function-ref name="release" ref="0x40bb62d8" scoped=""/>
        <function-ref name="immediateRequest" ref="0x40bb63b8" scoped=""/>
        <function-ref name="request" ref="0x40bb6498" scoped=""/>
        <function-ref name="granted" ref="0x40bb6578" scoped=""/>
        <function-ref name="isOwner" ref="0x40bb6658" scoped=""/>
      </interface-functions>
    </interface><interface loc="44:/home/zly/tinyos-main/tos/chips/cc2420/spi/CC2420SpiWireC.nc" name="Strobe" provided="1" ref="0x40bb3b08">
      <component-ref nicename="tos.chips.cc2420.spi.CC2420SpiWireC" qname="CC2420SpiWireC"/>
      <type-interface alignment="I:2" size="I:2"><interface-ref name="Strobe" ref="0x40bb3b08" scoped=""/></type-interface>
      <instance>
        <interfacedef-ref nicename="tos.chips.cc2420.interfaces.CC2420Strobe" qname="CC2420Strobe"/>
      </instance>
      <interface-parameters>
        <type-int alignment="I:1" cname="unsigned char" size="I:1" unsigned="">
          <typename><typedef-ref name="uint8_t" ref="0x40212dc8"/></typename>
        </type-int>
      </interface-parameters>
      <interface-functions>
        <function-ref name="strobe" ref="0x40bb3ce0" scoped=""/>
      </interface-functions>
    </interface></specification><referenced><interface loc="42:/home/zly/tinyos-main/tos/platforms/telosa/chips/cc2420/HplCC2420SpiC.nc" name="Resource" provided="1" ref="0x40be81d0">
      <component-ref nicename="tos.platforms.telosa.chips.cc2420.HplCC2420SpiC" qname="CC2420SpiWireC.HplCC2420SpiC"/>
      <type-interface alignment="I:2" size="I:2"><interface-ref name="Resource" ref="0x40be81d0" scoped=""/></type-interface>
      <instance>
        <interfacedef-ref nicename="tos.interfaces.Resource" qname="Resource"/>
      </instance>
      <interface-functions>
        <function-ref name="release" ref="0x40be83a8" scoped=""/>
        <function-ref name="immediateRequest" ref="0x40be8488" scoped=""/>
        <function-ref name="request" ref="0x40be8568" scoped=""/>
        <function-ref name="granted" ref="0x40be8648" scoped=""/>
        <function-ref name="isOwner" ref="0x40be8728" scoped=""/>
      </interface-functions>
    </interface><interface loc="44:/home/zly/tinyos-main/tos/chips/cc2420/spi/CC2420SpiP.nc" name="ChipSpiResource" provided="1" ref="0x40bb2698">
      <component-ref nicename="tos.chips.cc2420.spi.CC2420SpiP" qname="CC2420SpiP"/>
      <type-interface alignment="I:2" size="I:2"><interface-ref name="ChipSpiResource" ref="0x40bb2698" scoped=""/></type-interface>
      <instance>
        <interfacedef-ref nicename="tos.chips.cc2420.interfaces.ChipSpiResource" qname="ChipSpiResource"/>
      </instance>
      <interface-functions>
        <function-ref name="releasing" ref="0x40bb2870" scoped=""/>
        <function-ref name="abortRelease" ref="0x40bb2950" scoped=""/>
        <function-ref name="attemptRelease" ref="0x40bb2a30" scoped=""/>
      </interface-functions>
    </interface><interface loc="49:/home/zly/tinyos-main/tos/chips/cc2420/spi/CC2420SpiP.nc" name="Strobe" provided="1" ref="0x40bac2f0">
      <component-ref nicename="tos.chips.cc2420.spi.CC2420SpiP" qname="CC2420SpiP"/>
      <type-interface alignment="I:2" size="I:2"><interface-ref name="Strobe" ref="0x40bac2f0" scoped=""/></type-interface>
      <instance>
        <interfacedef-ref nicename="tos.chips.cc2420.interfaces.CC2420Strobe" qname="CC2420Strobe"/>
      </instance>
      <interface-parameters>
        <type-int alignment="I:1" cname="unsigned char" size="I:1" unsigned="">
          <typename><typedef-ref name="uint8_t" ref="0x40212dc8"/></typename>
        </type-int>
      </interface-parameters>
      <interface-functions>
        <function-ref name="strobe" ref="0x40bac4c8" scoped=""/>
      </interface-functions>
    </interface><interface loc="43:/home/zly/tinyos-main/tos/platforms/telosa/chips/cc2420/HplCC2420SpiC.nc" name="SpiByte" provided="1" ref="0x40be8888">
      <component-ref nicename="tos.platforms.telosa.chips.cc2420.HplCC2420SpiC" qname="CC2420SpiWireC.HplCC2420SpiC"/>
      <type-interface alignment="I:2" size="I:2"><interface-ref name="SpiByte" ref="0x40be8888" scoped=""/></type-interface>
      <instance>
        <interfacedef-ref nicename="tos.interfaces.SpiByte" qname="SpiByte"/>
      </instance>
      <interface-functions>
        <function-ref name="write" ref="0x40be8a60" scoped=""/>
      </interface-functions>
    </interface><interface loc="54:/home/zly/tinyos-main/tos/chips/cc2420/spi/CC2420SpiP.nc" name="SpiByte" provided="0" ref="0x40ba9718">
      <component-ref nicename="tos.chips.cc2420.spi.CC2420SpiP" qname="CC2420SpiP"/>
      <type-interface alignment="I:2" size="I:2"><interface-ref name="SpiByte" ref="0x40ba9718" scoped=""/></type-interface>
      <instance>
        <interfacedef-ref nicename="tos.interfaces.SpiByte" qname="SpiByte"/>
      </instance>
      <interface-functions>
        <function-ref name="write" ref="0x40ba98f0" scoped=""/>
      </interface-functions>
    </interface><interface loc="53:/home/zly/tinyos-main/tos/chips/cc2420/spi/CC2420SpiP.nc" name="SpiResource" provided="0" ref="0x40bac730">
      <component-ref nicename="tos.chips.cc2420.spi.CC2420SpiP" qname="CC2420SpiP"/>
      <type-interface alignment="I:2" size="I:2"><interface-ref name="SpiResource" ref="0x40bac730" scoped=""/></type-interface>
      <instance>
        <interfacedef-ref nicename="tos.interfaces.Resource" qname="Resource"/>
      </instance>
      <interface-functions>
        <function-ref name="release" ref="0x40bac908" scoped=""/>
        <function-ref name="immediateRequest" ref="0x40bac9e8" scoped=""/>
        <function-ref name="request" ref="0x40bacac8" scoped=""/>
        <function-ref name="granted" ref="0x40bacba8" scoped=""/>
        <function-ref name="isOwner" ref="0x40bacc88" scoped=""/>
      </interface-functions>
    </interface><interface loc="46:/home/zly/tinyos-main/tos/system/LedsC.nc" name="Leds" provided="1" ref="0x40d05b58">
      <component-ref nicename="tos.system.LedsC" qname="LedsC"/>
      <type-interface alignment="I:2" size="I:2"><interface-ref name="Leds" ref="0x40d05b58" scoped=""/></type-interface>
      <instance>
        <interfacedef-ref nicename="tos.interfaces.Leds" qname="Leds"/>
      </instance>
      <interface-functions>
        <function-ref name="led0Off" ref="0x40d05d30" scoped=""/>
        <function-ref name="led0Toggle" ref="0x40d05e10" scoped=""/>
        <function-ref name="led1On" ref="0x40d05ef0" scoped=""/>
        <function-ref name="led1Toggle" ref="0x40d02010" scoped=""/>
        <function-ref name="led2Toggle" ref="0x40d020f0" scoped=""/>
        <function-ref name="get" ref="0x40d021d0" scoped=""/>
        <function-ref name="led1Off" ref="0x40d022b0" scoped=""/>
        <function-ref name="led2Off" ref="0x40d02630" scoped=""/>
        <function-ref name="set" ref="0x40d02390" scoped=""/>
        <function-ref name="led0On" ref="0x40d02470" scoped=""/>
        <function-ref name="led2On" ref="0x40d02550" scoped=""/>
      </interface-functions>
    </interface><interface loc="67:/home/zly/tinyos-main/tos/system/StateC.nc" name="State" provided="1" ref="0x40be6e40">
      <component-ref nicename="tos.system.StateC" qname="CC2420SpiWireC.WorkingStateC"/>
      <type-interface alignment="I:2" size="I:2"><interface-ref name="State" ref="0x40be6e40" scoped=""/></type-interface>
      <instance>
        <interfacedef-ref nicename="tos.interfaces.State" qname="State"/>
      </instance>
      <interface-functions>
        <function-ref name="getState" ref="0x40be9050" scoped=""/>
        <function-ref name="toIdle" ref="0x40be9130" scoped=""/>
        <function-ref name="isState" ref="0x40be9210" scoped=""/>
        <function-ref name="isIdle" ref="0x40be92f0" scoped=""/>
        <function-ref name="requestState" ref="0x40be93d0" scoped=""/>
        <function-ref name="forceState" ref="0x40be94b0" scoped=""/>
      </interface-functions>
    </interface><interface loc="48:/home/zly/tinyos-main/tos/chips/cc2420/spi/CC2420SpiP.nc" name="Reg" provided="1" ref="0x40baeb18">
      <component-ref nicename="tos.chips.cc2420.spi.CC2420SpiP" qname="CC2420SpiP"/>
      <type-interface alignment="I:2" size="I:2"><interface-ref name="Reg" ref="0x40baeb18" scoped=""/></type-interface>
      <instance>
        <interfacedef-ref nicename="tos.chips.cc2420.interfaces.CC2420Register" qname="CC2420Register"/>
      </instance>
      <interface-parameters>
        <type-int alignment="I:1" cname="unsigned char" size="I:1" unsigned="">
          <typename><typedef-ref name="uint8_t" ref="0x40212dc8"/></typename>
        </type-int>
      </interface-parameters>
      <interface-functions>
        <function-ref name="read" ref="0x40baecf0" scoped=""/>
        <function-ref name="write" ref="0x40baedd0" scoped=""/>
      </interface-functions>
    </interface><interface loc="45:/home/zly/tinyos-main/tos/chips/cc2420/spi/CC2420SpiP.nc" name="Resource" provided="1" ref="0x40bb2ea8">
      <component-ref nicename="tos.chips.cc2420.spi.CC2420SpiP" qname="CC2420SpiP"/>
      <type-interface alignment="I:2" size="I:2"><interface-ref name="Resource" ref="0x40bb2ea8" scoped=""/></type-interface>
      <instance>
        <interfacedef-ref nicename="tos.interfaces.Resource" qname="Resource"/>
      </instance>
      <interface-parameters>
        <type-int alignment="I:1" cname="unsigned char" size="I:1" unsigned="">
          <typename><typedef-ref name="uint8_t" ref="0x40212dc8"/></typename>
        </type-int>
      </interface-parameters>
      <interface-functions>
        <function-ref name="release" ref="0x40baf0c0" scoped=""/>
        <function-ref name="immediateRequest" ref="0x40baf1a0" scoped=""/>
        <function-ref name="request" ref="0x40baf280" scoped=""/>
        <function-ref name="granted" ref="0x40baf360" scoped=""/>
        <function-ref name="isOwner" ref="0x40baf440" scoped=""/>
      </interface-functions>
    </interface><interface loc="55:/home/zly/tinyos-main/tos/chips/cc2420/spi/CC2420SpiP.nc" name="SpiPacket" provided="0" ref="0x40ba7a28">
      <component-ref nicename="tos.chips.cc2420.spi.CC2420SpiP" qname="CC2420SpiP"/>
      <type-interface alignment="I:2" size="I:2"><interface-ref name="SpiPacket" ref="0x40ba7a28" scoped=""/></type-interface>
      <instance>
        <interfacedef-ref nicename="tos.interfaces.SpiPacket" qname="SpiPacket"/>
      </instance>
      <interface-functions>
        <function-ref name="send" ref="0x40ba7c00" scoped=""/>
        <function-ref name="sendDone" ref="0x40ba7ce0" scoped=""/>
      </interface-functions>
    </interface><interface loc="47:/home/zly/tinyos-main/tos/chips/cc2420/spi/CC2420SpiP.nc" name="Ram" provided="1" ref="0x40bae370">
      <component-ref nicename="tos.chips.cc2420.spi.CC2420SpiP" qname="CC2420SpiP"/>
      <type-interface alignment="I:2" size="I:2"><interface-ref name="Ram" ref="0x40bae370" scoped=""/></type-interface>
      <instance>
        <interfacedef-ref nicename="tos.chips.cc2420.interfaces.CC2420Ram" qname="CC2420Ram"/>
      </instance>
      <interface-parameters>
        <type-int alignment="I:2" cname="unsigned int" size="I:2" unsigned="">
          <typename><typedef-ref name="uint16_t" ref="0x40213010"/></typename>
        </type-int>
      </interface-parameters>
      <interface-functions>
        <function-ref name="read" ref="0x40bae548" scoped=""/>
        <function-ref name="write" ref="0x40bae628" scoped=""/>
      </interface-functions>
    </interface><interface loc="44:/home/zly/tinyos-main/tos/platforms/telosa/chips/cc2420/HplCC2420SpiC.nc" name="SpiPacket" provided="1" ref="0x40be8bc0">
      <component-ref nicename="tos.platforms.telosa.chips.cc2420.HplCC2420SpiC" qname="CC2420SpiWireC.HplCC2420SpiC"/>
      <type-interface alignment="I:2" size="I:2"><interface-ref name="SpiPacket" ref="0x40be8bc0" scoped=""/></type-interface>
      <instance>
        <interfacedef-ref nicename="tos.interfaces.SpiPacket" qname="SpiPacket"/>
      </instance>
      <interface-functions>
        <function-ref name="send" ref="0x40be8d98" scoped=""/>
        <function-ref name="sendDone" ref="0x40be8e78" scoped=""/>
      </interface-functions>
    </interface><interface loc="57:/home/zly/tinyos-main/tos/chips/cc2420/spi/CC2420SpiP.nc" name="Leds" provided="0" ref="0x40bab6b0">
      <component-ref nicename="tos.chips.cc2420.spi.CC2420SpiP" qname="CC2420SpiP"/>
      <type-interface alignment="I:2" size="I:2"><interface-ref name="Leds" ref="0x40bab6b0" scoped=""/></type-interface>
      <instance>
        <interfacedef-ref nicename="tos.interfaces.Leds" qname="Leds"/>
      </instance>
      <interface-functions>
        <function-ref name="led0Off" ref="0x40bab888" scoped=""/>
        <function-ref name="led0Toggle" ref="0x40bab968" scoped=""/>
        <function-ref name="led1On" ref="0x40baba48" scoped=""/>
        <function-ref name="led1Toggle" ref="0x40babb28" scoped=""/>
        <function-ref name="led2Toggle" ref="0x40babc08" scoped=""/>
        <function-ref name="get" ref="0x40babce8" scoped=""/>
        <function-ref name="led1Off" ref="0x40babdc8" scoped=""/>
        <function-ref name="led2Off" ref="0x40baa1d0" scoped=""/>
        <function-ref name="set" ref="0x40babea8" scoped=""/>
        <function-ref name="led0On" ref="0x40baa010" scoped=""/>
        <function-ref name="led2On" ref="0x40baa0f0" scoped=""/>
      </interface-functions>
    </interface><interface loc="56:/home/zly/tinyos-main/tos/chips/cc2420/spi/CC2420SpiP.nc" name="WorkingState" provided="0" ref="0x40ba7ef8">
      <component-ref nicename="tos.chips.cc2420.spi.CC2420SpiP" qname="CC2420SpiP"/>
      <type-interface alignment="I:2" size="I:2"><interface-ref name="WorkingState" ref="0x40ba7ef8" scoped=""/></type-interface>
      <instance>
        <interfacedef-ref nicename="tos.interfaces.State" qname="State"/>
      </instance>
      <interface-functions>
        <function-ref name="getState" ref="0x40bab0e0" scoped=""/>
        <function-ref name="toIdle" ref="0x40bab1c0" scoped=""/>
        <function-ref name="isState" ref="0x40bab2a0" scoped=""/>
        <function-ref name="isIdle" ref="0x40bab380" scoped=""/>
        <function-ref name="requestState" ref="0x40bab460" scoped=""/>
        <function-ref name="forceState" ref="0x40bab540" scoped=""/>
      </interface-functions>
    </interface><interface loc="46:/home/zly/tinyos-main/tos/chips/cc2420/spi/CC2420SpiP.nc" name="Fifo" provided="1" ref="0x40baf918">
      <component-ref nicename="tos.chips.cc2420.spi.CC2420SpiP" qname="CC2420SpiP"/>
      <type-interface alignment="I:2" size="I:2"><interface-ref name="Fifo" ref="0x40baf918" scoped=""/></type-interface>
      <instance>
        <interfacedef-ref nicename="tos.chips.cc2420.interfaces.CC2420Fifo" qname="CC2420Fifo"/>
      </instance>
      <interface-parameters>
        <type-int alignment="I:1" cname="unsigned char" size="I:1" unsigned="">
          <typename><typedef-ref name="uint8_t" ref="0x40212dc8"/></typename>
        </type-int>
      </interface-parameters>
      <interface-functions>
        <function-ref name="continueRead" ref="0x40bafaf0" scoped=""/>
        <function-ref name="writeDone" ref="0x40bafbd0" scoped=""/>
        <function-ref name="write" ref="0x40bafcb0" scoped=""/>
        <function-ref name="beginRead" ref="0x40bafd90" scoped=""/>
        <function-ref name="readDone" ref="0x40bafe70" scoped=""/>
      </interface-functions>
    </interface><component loc="41:/home/zly/tinyos-main/tos/chips/cc2420/spi/CC2420SpiP.nc" nicename="tos.chips.cc2420.spi.CC2420SpiP" qname="CC2420SpiP" safe="">
      <documentation loc="32:/home/zly/tinyos-main/tos/chips/cc2420/spi/CC2420SpiP.nc">
        <short>
 </short>
        <long>
 @author Jonathan Hui &lt;jhui@archrock.com&gt;
 @author David Moss
 @author Roman Lim
 @author Razvan Musaloie-E.
 @author Jeonggil Ko
 @version $Revision: 1.4 $ $Date: 2008-06-23 20:25:15 $
</long>
      </documentation>
      <module/>
    </component><component loc="40(CC2420SpiWireC.HplCC2420SpiC):/home/zly/tinyos-main/tos/platforms/telosa/chips/cc2420/HplCC2420SpiC.nc" nicename="tos.platforms.telosa.chips.cc2420.HplCC2420SpiC" qname="CC2420SpiWireC.HplCC2420SpiC">
      <documentation loc="32:/home/zly/tinyos-main/tos/platforms/telosa/chips/cc2420/HplCC2420SpiC.nc">
        <short>
 HPL implementation of the SPI bus for the ChipCon CC2420 radio
 connected to a TI MSP430 processor.</short>
        <long>
 HPL implementation of the SPI bus for the ChipCon CC2420 radio
 connected to a TI MSP430 processor.

 @author Jonathan Hui &lt;jhui@archrock.com&gt;
 @version $Revision: 1.4 $ $Date: 2006-12-12 18:23:44 $
</long>
      </documentation>
      <instance number="0">
        <component-ref nicename="tos.platforms.telosa.chips.cc2420.HplCC2420SpiC" qname="HplCC2420SpiC"/>
      </instance>
      <configuration/>
      <wiring>
        <wire loc="54:/home/zly/tinyos-main/tos/platforms/telosa/chips/cc2420/HplCC2420SpiC.nc">
          <from><interface-ref name="SpiPacket" ref="0x40be8bc0" scoped=""/></from>
          <to><interface-ref name="SpiPacket" ref="0x41687828" scoped=""/></to>
        </wire>
        <wire loc="53:/home/zly/tinyos-main/tos/platforms/telosa/chips/cc2420/HplCC2420SpiC.nc">
          <from><interface-ref name="SpiByte" ref="0x40be8888" scoped=""/></from>
          <to><interface-ref name="SpiByte" ref="0x41689f08" scoped=""/></to>
        </wire>
        <wire loc="52:/home/zly/tinyos-main/tos/platforms/telosa/chips/cc2420/HplCC2420SpiC.nc">
          <from><interface-ref name="Resource" ref="0x40be81d0" scoped=""/></from>
          <to><interface-ref name="Resource" ref="0x41689438" scoped=""/></to>
        </wire>
      </wiring>
    </component><component loc="45:/home/zly/tinyos-main/tos/system/LedsC.nc" nicename="tos.system.LedsC" qname="LedsC">
      <documentation loc="34:/home/zly/tinyos-main/tos/system/LedsC.nc">
        <short>

 The basic TinyOS LEDs abstraction.</short>
        <long>

 The basic TinyOS LEDs abstraction.

 @author Phil Buonadonna
 @author David Gay
 @author Philip Levis
 @author Joe Polastre
</long>
      </documentation>
      <configuration/>
      <wiring>
        <wire loc="51:/home/zly/tinyos-main/tos/system/LedsC.nc">
          <from><interface-ref name="Leds" ref="0x40d05b58" scoped=""/></from>
          <to><interface-ref name="Leds" ref="0x40cff230" scoped=""/></to>
        </wire>
        <wire loc="53:/home/zly/tinyos-main/tos/system/LedsC.nc">
          <from><interface-ref name="Init" ref="0x40d19a38" scoped=""/></from>
          <to><interface-ref name="Init" ref="0x40d02eb8" scoped=""/></to>
        </wire>
        <wire loc="54:/home/zly/tinyos-main/tos/system/LedsC.nc">
          <from><interface-ref name="Led0" ref="0x40cffef8" scoped=""/></from>
          <to><interface-ref name="Led0" ref="0x40d01c38" scoped=""/></to>
        </wire>
        <wire loc="55:/home/zly/tinyos-main/tos/system/LedsC.nc">
          <from><interface-ref name="Led1" ref="0x40cfe8f0" scoped=""/></from>
          <to><interface-ref name="Led1" ref="0x40d1a680" scoped=""/></to>
        </wire>
        <wire loc="56:/home/zly/tinyos-main/tos/system/LedsC.nc">
          <from><interface-ref name="Led2" ref="0x40cfd2e8" scoped=""/></from>
          <to><interface-ref name="Led2" ref="0x40d190b0" scoped=""/></to>
        </wire>
      </wiring>
    </component><component loc="65(CC2420SpiWireC.WorkingStateC):/home/zly/tinyos-main/tos/system/StateC.nc" nicename="tos.system.StateC" qname="CC2420SpiWireC.WorkingStateC">
      <documentation loc="32:/home/zly/tinyos-main/tos/types/State.h">
        <short>
 </short>
        <long>
 @author David Moss
</long>
      </documentation>
      <instance number="0">
        <component-ref nicename="tos.system.StateC" qname="StateC"/>
      </instance>
      <configuration/>
      <wiring>
        <wire loc="74:/home/zly/tinyos-main/tos/system/StateC.nc">
          <from><interface-ref name="State" ref="0x40be6e40" scoped=""/></from>
          <to><interface-ref name="State" ref="0x40be4100" scoped=""/>
          <arguments>
            <value cst="I:0">
              <type-int alignment="I:2" cname="unsigned int" size="I:2" unsigned=""/>
            </value>
          </arguments>
          </to>
        </wire>
      </wiring>
    </component></referenced></component>