<?xml version="1.0" ?><component abstract="" loc="46:/home/zly/tinyos-main/tos/lib/timer/AlarmToTimerC.nc" nicename="tos.lib.timer.AlarmToTimerC" qname="AlarmToTimerC" safe="">
      <documentation loc="36:/home/zly/tinyos-main/tos/lib/timer/AlarmToTimerC.nc">
        <short>
 AlarmToTimerC converts a 32-bit Alarm to a Timer.</short>
        <long>
 AlarmToTimerC converts a 32-bit Alarm to a Timer.  

 &lt;p&gt;See TEP102 for more details.
 @param precision_tag A type indicating the precision of the Alarm and
 Timer being converted.

 @author Cory Sharp &lt;cssharp@eecs.berkeley.edu&gt;
</long>
      </documentation>
      <parameters>
        <typedef loc="46:/home/zly/tinyos-main/tos/lib/timer/AlarmToTimerC.nc" name="precision_tag" ref="0x40807920">
          <component-ref nicename="tos.lib.timer.AlarmToTimerC" qname="AlarmToTimerC"/>
          <type-var alignment="U:" size="U:"><typedef-ref name="precision_tag" ref="0x40807920" scoped=""/></type-var>
        </typedef>
      </parameters>
      <module/>
    <specification><interface loc="74:/home/zly/tinyos-main/tos/lib/timer/AlarmToTimerC.nc" name="fired" provided="0" ref="0x40814e78">
      <component-ref nicename="tos.lib.timer.AlarmToTimerC" qname="AlarmToTimerC"/>
      <type-interface alignment="I:2" size="I:2"><interface-ref name="fired" ref="0x40814e78" scoped=""/></type-interface>
      <instance>
        <interfacedef-ref nicename="tos.interfaces.TaskBasic" qname="TaskBasic"/>
      </instance>
      <interface-functions>
        <function-ref name="postTask" ref="0x40813070" scoped=""/>
        <function-ref name="runTask" ref="0x40813150" scoped=""/>
      </interface-functions>
    </interface><interface loc="49:/home/zly/tinyos-main/tos/lib/timer/AlarmToTimerC.nc" name="Alarm" provided="0" ref="0x4081b360">
      <component-ref nicename="tos.lib.timer.AlarmToTimerC" qname="AlarmToTimerC"/>
      <type-interface alignment="I:2" size="I:2"><interface-ref name="Alarm" ref="0x4081b360" scoped=""/></type-interface>
      <instance>
        <interfacedef-ref nicename="tos.lib.timer.Alarm" qname="Alarm"/>
        <arguments>
          <type-var alignment="U:" size="U:"><typedef-ref name="precision_tag" ref="0x40807920" scoped=""/></type-var>
          <type-int alignment="I:2" cname="unsigned long" size="I:4" unsigned="">
            <typename><typedef-ref name="uint32_t" ref="0x40213250"/></typename>
          </type-int>
        </arguments>
      </instance>
      <interface-functions>
        <function-ref name="getNow" ref="0x4081a840" scoped=""/>
        <function-ref name="fired" ref="0x4081a010" scoped=""/>
        <function-ref name="startAt" ref="0x4081a500" scoped=""/>
        <function-ref name="isRunning" ref="0x4081a288" scoped=""/>
        <function-ref name="getAlarm" ref="0x4081aab8" scoped=""/>
        <function-ref name="start" ref="0x4081bab0" scoped=""/>
        <function-ref name="stop" ref="0x4081bd50" scoped=""/>
      </interface-functions>
    </interface><interface loc="48:/home/zly/tinyos-main/tos/lib/timer/AlarmToTimerC.nc" name="Timer" provided="1" ref="0x40807ed0">
      <component-ref nicename="tos.lib.timer.AlarmToTimerC" qname="AlarmToTimerC"/>
      <type-interface alignment="I:2" size="I:2"><interface-ref name="Timer" ref="0x40807ed0" scoped=""/></type-interface>
      <instance>
        <interfacedef-ref nicename="tos.lib.timer.Timer" qname="Timer"/>
        <arguments>
          <type-var alignment="U:" size="U:"><typedef-ref name="precision_tag" ref="0x40807920" scoped=""/></type-var>
        </arguments>
      </instance>
      <interface-functions>
        <function-ref name="getNow" ref="0x4081ca18" scoped=""/>
        <function-ref name="fired" ref="0x4081ecb0" scoped=""/>
        <function-ref name="startPeriodicAt" ref="0x4081c3d8" scoped=""/>
        <function-ref name="isOneShot" ref="0x4081c180" scoped=""/>
        <function-ref name="getdt" ref="0x4081cec8" scoped=""/>
        <function-ref name="gett0" ref="0x4081cc70" scoped=""/>
        <function-ref name="isRunning" ref="0x4081ef08" scoped=""/>
        <function-ref name="startPeriodic" ref="0x4081e558" scoped=""/>
        <function-ref name="startOneShotAt" ref="0x4081c6f8" scoped=""/>
        <function-ref name="startOneShot" ref="0x4081e7d8" scoped=""/>
        <function-ref name="stop" ref="0x4081ea58" scoped=""/>
      </interface-functions>
    </interface></specification><referenced/></component>