<?xml version="1.0" ?><component loc="53:/home/zly/tinyos-main/tos/chips/cc2420/CC2420ActiveMessageC.nc" nicename="tos.chips.cc2420.CC2420ActiveMessageC" qname="CC2420ActiveMessageC">
      <configuration/>
      <wiring>
        <wire loc="82:/home/zly/tinyos-main/tos/chips/cc2420/CC2420ActiveMessageC.nc">
          <from><interface-ref name="SplitControl" ref="0x40891788" scoped=""/></from>
          <to><interface-ref name="SplitControl" ref="0x408ae010" scoped=""/></to>
        </wire>
        <wire loc="83:/home/zly/tinyos-main/tos/chips/cc2420/CC2420ActiveMessageC.nc">
          <from><interface-ref name="RadioBackoff" ref="0x4088b120" scoped=""/></from>
          <to><interface-ref name="RadioBackoff" ref="0x41062238" scoped=""/></to>
        </wire>
        <wire loc="86:/home/zly/tinyos-main/tos/chips/cc2420/CC2420ActiveMessageC.nc">
          <from><interface-ref name="SendNotifier" ref="0x40897d78" scoped=""/></from>
          <to><interface-ref name="SendNotifier" ref="0x41063b88" scoped=""/></to>
        </wire>
        <wire loc="84:/home/zly/tinyos-main/tos/chips/cc2420/CC2420ActiveMessageC.nc">
          <from><interface-ref name="Packet" ref="0x4088d190" scoped=""/></from>
          <to><interface-ref name="Packet" ref="0x41063190" scoped=""/></to>
        </wire>
        <wire loc="85:/home/zly/tinyos-main/tos/chips/cc2420/CC2420ActiveMessageC.nc">
          <from><interface-ref name="AMSend" ref="0x40890100" scoped=""/></from>
          <to><interface-ref name="AMSend" ref="0x41065100" scoped=""/></to>
        </wire>
        <wire loc="88:/home/zly/tinyos-main/tos/chips/cc2420/CC2420ActiveMessageC.nc">
          <from><interface-ref name="Snoop" ref="0x4088e178" scoped=""/></from>
          <to><interface-ref name="Snoop" ref="0x41064178" scoped=""/></to>
        </wire>
        <wire loc="92:/home/zly/tinyos-main/tos/chips/cc2420/CC2420ActiveMessageC.nc">
          <from><interface-ref name="CC2420Packet" ref="0x408879a0" scoped=""/></from>
          <to><interface-ref name="CC2420Packet" ref="0x408a9ee8" scoped=""/></to>
        </wire>
        <wire loc="91:/home/zly/tinyos-main/tos/chips/cc2420/CC2420ActiveMessageC.nc">
          <from><interface-ref name="LowPowerListening" ref="0x4088b948" scoped=""/></from>
          <to><interface-ref name="LowPowerListening" ref="0x408be110" scoped=""/></to>
        </wire>
        <wire loc="87:/home/zly/tinyos-main/tos/chips/cc2420/CC2420ActiveMessageC.nc">
          <from><interface-ref name="Receive" ref="0x40890ac0" scoped=""/></from>
          <to><interface-ref name="Receive" ref="0x41065ac0" scoped=""/></to>
        </wire>
        <wire loc="93:/home/zly/tinyos-main/tos/chips/cc2420/CC2420ActiveMessageC.nc">
          <from><interface-ref name="PacketAcknowledgements" ref="0x4088c230" scoped=""/></from>
          <to><interface-ref name="PacketAcknowledgements" ref="0x408a3760" scoped=""/></to>
        </wire>
        <wire loc="90:/home/zly/tinyos-main/tos/chips/cc2420/CC2420ActiveMessageC.nc">
          <from><interface-ref name="PacketLink" ref="0x408962c8" scoped=""/></from>
          <to><interface-ref name="PacketLink" ref="0x408be730" scoped=""/></to>
        </wire>
        <wire loc="89:/home/zly/tinyos-main/tos/chips/cc2420/CC2420ActiveMessageC.nc">
          <from><interface-ref name="AMPacket" ref="0x4088e4e8" scoped=""/></from>
          <to><interface-ref name="AMPacket" ref="0x410644e8" scoped=""/></to>
        </wire>
        <wire loc="94:/home/zly/tinyos-main/tos/chips/cc2420/CC2420ActiveMessageC.nc">
          <from><interface-ref name="LinkPacketMetadata" ref="0x408a1638" scoped=""/></from>
          <to><interface-ref name="LinkPacketMetadata" ref="0x408a3cf0" scoped=""/></to>
        </wire>
        <wire loc="97:/home/zly/tinyos-main/tos/chips/cc2420/CC2420ActiveMessageC.nc">
          <from><interface-ref name="RadioResource" ref="0x4105d4f0" scoped=""/></from>
          <to><interface-ref name="Resource" ref="0x408aab80" scoped=""/>
          <arguments>
            <value cst="I:0">
              <type-int alignment="I:2" cname="int" size="I:2"/>
            </value>
          </arguments>
          </to>
        </wire>
        <wire loc="98:/home/zly/tinyos-main/tos/chips/cc2420/CC2420ActiveMessageC.nc">
          <from><interface-ref name="SubSend" ref="0x41062a88" scoped=""/></from>
          <to><interface-ref name="ActiveSend" ref="0x408a93c8" scoped=""/></to>
        </wire>
        <wire loc="99:/home/zly/tinyos-main/tos/chips/cc2420/CC2420ActiveMessageC.nc">
          <from><interface-ref name="SubReceive" ref="0x41060220" scoped=""/></from>
          <to><interface-ref name="ActiveReceive" ref="0x408a9b50" scoped=""/></to>
        </wire>
        <wire loc="101:/home/zly/tinyos-main/tos/chips/cc2420/CC2420ActiveMessageC.nc">
          <from><interface-ref name="ActiveMessageAddress" ref="0x4105e460" scoped=""/></from>
          <to><interface-ref name="ActiveMessageAddress" ref="0x40e29ea8" scoped=""/></to>
        </wire>
        <wire loc="102:/home/zly/tinyos-main/tos/chips/cc2420/CC2420ActiveMessageC.nc">
          <from><interface-ref name="CC2420Packet" ref="0x410605b8" scoped=""/></from>
          <to><interface-ref name="CC2420Packet" ref="0x40f6bb88" scoped=""/></to>
        </wire>
        <wire loc="103:/home/zly/tinyos-main/tos/chips/cc2420/CC2420ActiveMessageC.nc">
          <from><interface-ref name="CC2420PacketBody" ref="0x41060dd8" scoped=""/></from>
          <to><interface-ref name="CC2420PacketBody" ref="0x40f689c8" scoped=""/></to>
        </wire>
        <wire loc="104:/home/zly/tinyos-main/tos/chips/cc2420/CC2420ActiveMessageC.nc">
          <from><interface-ref name="CC2420Config" ref="0x4105f390" scoped=""/></from>
          <to><interface-ref name="CC2420Config" ref="0x4090fed0" scoped=""/></to>
        </wire>
        <wire loc="106:/home/zly/tinyos-main/tos/chips/cc2420/CC2420ActiveMessageC.nc">
          <from><interface-ref name="SubBackoff" ref="0x4105eba0" scoped=""/></from>
          <to><interface-ref name="RadioBackoff" ref="0x408ba570" scoped=""/></to>
        </wire>
        <wire loc="109:/home/zly/tinyos-main/tos/chips/cc2420/CC2420ActiveMessageC.nc">
          <from><interface-ref name="Leds" ref="0x4105dbb8" scoped=""/></from>
          <to><interface-ref name="Leds" ref="0x40d05b58" scoped=""/></to>
        </wire>
      </wiring>
    <specification><interface loc="55:/home/zly/tinyos-main/tos/chips/cc2420/CC2420ActiveMessageC.nc" name="SplitControl" provided="1" ref="0x40891788">
      <component-ref nicename="tos.chips.cc2420.CC2420ActiveMessageC" qname="CC2420ActiveMessageC"/>
      <type-interface alignment="I:2" size="I:2"><interface-ref name="SplitControl" ref="0x40891788" scoped=""/></type-interface>
      <instance>
        <interfacedef-ref nicename="tos.interfaces.SplitControl" qname="SplitControl"/>
      </instance>
      <interface-functions>
        <function-ref name="startDone" ref="0x40891960" scoped=""/>
        <function-ref name="stopDone" ref="0x40891a40" scoped=""/>
        <function-ref name="start" ref="0x40891b20" scoped=""/>
        <function-ref name="stop" ref="0x40891c00" scoped=""/>
      </interface-functions>
    </interface><interface loc="64:/home/zly/tinyos-main/tos/chips/cc2420/CC2420ActiveMessageC.nc" name="RadioBackoff" provided="1" ref="0x4088b120">
      <component-ref nicename="tos.chips.cc2420.CC2420ActiveMessageC" qname="CC2420ActiveMessageC"/>
      <type-interface alignment="I:2" size="I:2"><interface-ref name="RadioBackoff" ref="0x4088b120" scoped=""/></type-interface>
      <instance>
        <interfacedef-ref nicename="tos.chips.cc2420.interfaces.RadioBackoff" qname="RadioBackoff"/>
      </instance>
      <interface-parameters>
        <type-int alignment="I:1" cname="unsigned char" size="I:1" unsigned="">
          <typename><typedef-ref name="am_id_t" ref="0x4074eae0"/></typename>
        </type-int>
      </interface-parameters>
      <interface-functions>
        <function-ref name="requestCca" ref="0x4088b2f8" scoped=""/>
        <function-ref name="requestInitialBackoff" ref="0x4088b3d8" scoped=""/>
        <function-ref name="setCongestionBackoff" ref="0x4088b4b8" scoped=""/>
        <function-ref name="setInitialBackoff" ref="0x4088b598" scoped=""/>
        <function-ref name="setCca" ref="0x4088b678" scoped=""/>
        <function-ref name="requestCongestionBackoff" ref="0x4088b758" scoped=""/>
      </interface-functions>
    </interface><interface loc="67:/home/zly/tinyos-main/tos/chips/cc2420/CC2420ActiveMessageC.nc" name="SendNotifier" provided="1" ref="0x40897d78">
      <component-ref nicename="tos.chips.cc2420.CC2420ActiveMessageC" qname="CC2420ActiveMessageC"/>
      <type-interface alignment="I:2" size="I:2"><interface-ref name="SendNotifier" ref="0x40897d78" scoped=""/></type-interface>
      <instance>
        <interfacedef-ref nicename="tos.interfaces.SendNotifier" qname="SendNotifier"/>
      </instance>
      <interface-parameters>
        <type-int alignment="I:1" cname="unsigned char" size="I:1" unsigned="">
          <typename><typedef-ref name="am_id_t" ref="0x4074eae0"/></typename>
        </type-int>
      </interface-parameters>
      <interface-functions>
        <function-ref name="aboutToSend" ref="0x4089c010" scoped=""/>
      </interface-functions>
    </interface><interface loc="60:/home/zly/tinyos-main/tos/chips/cc2420/CC2420ActiveMessageC.nc" name="Packet" provided="1" ref="0x4088d190">
      <component-ref nicename="tos.chips.cc2420.CC2420ActiveMessageC" qname="CC2420ActiveMessageC"/>
      <type-interface alignment="I:2" size="I:2"><interface-ref name="Packet" ref="0x4088d190" scoped=""/></type-interface>
      <instance>
        <interfacedef-ref nicename="tos.interfaces.Packet" qname="Packet"/>
      </instance>
      <interface-functions>
        <function-ref name="clear" ref="0x4088d368" scoped=""/>
        <function-ref name="payloadLength" ref="0x4088d448" scoped=""/>
        <function-ref name="getPayload" ref="0x4088d528" scoped=""/>
        <function-ref name="maxPayloadLength" ref="0x4088d608" scoped=""/>
        <function-ref name="setPayloadLength" ref="0x4088d6e8" scoped=""/>
      </interface-functions>
    </interface><interface loc="56:/home/zly/tinyos-main/tos/chips/cc2420/CC2420ActiveMessageC.nc" name="AMSend" provided="1" ref="0x40890100">
      <component-ref nicename="tos.chips.cc2420.CC2420ActiveMessageC" qname="CC2420ActiveMessageC"/>
      <type-interface alignment="I:2" size="I:2"><interface-ref name="AMSend" ref="0x40890100" scoped=""/></type-interface>
      <instance>
        <interfacedef-ref nicename="tos.interfaces.AMSend" qname="AMSend"/>
      </instance>
      <interface-parameters>
        <type-int alignment="I:1" cname="unsigned char" size="I:1" unsigned="">
          <typename><typedef-ref name="am_id_t" ref="0x4074eae0"/></typename>
        </type-int>
      </interface-parameters>
      <interface-functions>
        <function-ref name="send" ref="0x408902d8" scoped=""/>
        <function-ref name="getPayload" ref="0x408903b8" scoped=""/>
        <function-ref name="maxPayloadLength" ref="0x40890498" scoped=""/>
        <function-ref name="cancel" ref="0x40890578" scoped=""/>
        <function-ref name="sendDone" ref="0x40890658" scoped=""/>
      </interface-functions>
    </interface><interface loc="58:/home/zly/tinyos-main/tos/chips/cc2420/CC2420ActiveMessageC.nc" name="Snoop" provided="1" ref="0x4088e178">
      <component-ref nicename="tos.chips.cc2420.CC2420ActiveMessageC" qname="CC2420ActiveMessageC"/>
      <type-interface alignment="I:2" size="I:2"><interface-ref name="Snoop" ref="0x4088e178" scoped=""/></type-interface>
      <instance>
        <interfacedef-ref nicename="tos.interfaces.Receive" qname="Receive"/>
      </instance>
      <interface-parameters>
        <type-int alignment="I:1" cname="unsigned char" size="I:1" unsigned="">
          <typename><typedef-ref name="am_id_t" ref="0x4074eae0"/></typename>
        </type-int>
      </interface-parameters>
      <interface-functions>
        <function-ref name="receive" ref="0x4088e350" scoped=""/>
      </interface-functions>
    </interface><interface loc="61:/home/zly/tinyos-main/tos/chips/cc2420/CC2420ActiveMessageC.nc" name="CC2420Packet" provided="1" ref="0x408879a0">
      <component-ref nicename="tos.chips.cc2420.CC2420ActiveMessageC" qname="CC2420ActiveMessageC"/>
      <type-interface alignment="I:2" size="I:2"><interface-ref name="CC2420Packet" ref="0x408879a0" scoped=""/></type-interface>
      <instance>
        <interfacedef-ref nicename="tos.chips.cc2420.interfaces.CC2420Packet" qname="CC2420Packet"/>
      </instance>
      <interface-functions>
        <function-ref name="setPower" ref="0x40887b78" scoped=""/>
        <function-ref name="setNetwork" ref="0x40887c58" scoped=""/>
        <function-ref name="getRssi" ref="0x40887d38" scoped=""/>
        <function-ref name="getNetwork" ref="0x40887e18" scoped=""/>
        <function-ref name="getPower" ref="0x40887ef8" scoped=""/>
        <function-ref name="getLqi" ref="0x4088c010" scoped=""/>
      </interface-functions>
    </interface><interface loc="65:/home/zly/tinyos-main/tos/chips/cc2420/CC2420ActiveMessageC.nc" name="LowPowerListening" provided="1" ref="0x4088b948">
      <component-ref nicename="tos.chips.cc2420.CC2420ActiveMessageC" qname="CC2420ActiveMessageC"/>
      <type-interface alignment="I:2" size="I:2"><interface-ref name="LowPowerListening" ref="0x4088b948" scoped=""/></type-interface>
      <instance>
        <interfacedef-ref nicename="tos.interfaces.LowPowerListening" qname="LowPowerListening"/>
      </instance>
      <interface-functions>
        <function-ref name="setRemoteWakeupInterval" ref="0x4088bb20" scoped=""/>
        <function-ref name="getRemoteWakeupInterval" ref="0x4088bc00" scoped=""/>
        <function-ref name="getLocalWakeupInterval" ref="0x4088bce0" scoped=""/>
        <function-ref name="setLocalWakeupInterval" ref="0x4088bdc0" scoped=""/>
      </interface-functions>
    </interface><interface loc="57:/home/zly/tinyos-main/tos/chips/cc2420/CC2420ActiveMessageC.nc" name="Receive" provided="1" ref="0x40890ac0">
      <component-ref nicename="tos.chips.cc2420.CC2420ActiveMessageC" qname="CC2420ActiveMessageC"/>
      <type-interface alignment="I:2" size="I:2"><interface-ref name="Receive" ref="0x40890ac0" scoped=""/></type-interface>
      <instance>
        <interfacedef-ref nicename="tos.interfaces.Receive" qname="Receive"/>
      </instance>
      <interface-parameters>
        <type-int alignment="I:1" cname="unsigned char" size="I:1" unsigned="">
          <typename><typedef-ref name="am_id_t" ref="0x4074eae0"/></typename>
        </type-int>
      </interface-parameters>
      <interface-functions>
        <function-ref name="receive" ref="0x40890c98" scoped=""/>
      </interface-functions>
    </interface><interface loc="62:/home/zly/tinyos-main/tos/chips/cc2420/CC2420ActiveMessageC.nc" name="PacketAcknowledgements" provided="1" ref="0x4088c230">
      <component-ref nicename="tos.chips.cc2420.CC2420ActiveMessageC" qname="CC2420ActiveMessageC"/>
      <type-interface alignment="I:2" size="I:2"><interface-ref name="PacketAcknowledgements" ref="0x4088c230" scoped=""/></type-interface>
      <instance>
        <interfacedef-ref nicename="tos.interfaces.PacketAcknowledgements" qname="PacketAcknowledgements"/>
      </instance>
      <interface-functions>
        <function-ref name="requestAck" ref="0x4088c408" scoped=""/>
        <function-ref name="noAck" ref="0x4088c4e8" scoped=""/>
        <function-ref name="wasAcked" ref="0x4088c5c8" scoped=""/>
      </interface-functions>
    </interface><interface loc="66:/home/zly/tinyos-main/tos/chips/cc2420/CC2420ActiveMessageC.nc" name="PacketLink" provided="1" ref="0x408962c8">
      <component-ref nicename="tos.chips.cc2420.CC2420ActiveMessageC" qname="CC2420ActiveMessageC"/>
      <type-interface alignment="I:2" size="I:2"><interface-ref name="PacketLink" ref="0x408962c8" scoped=""/></type-interface>
      <instance>
        <interfacedef-ref nicename="tos.interfaces.PacketLink" qname="PacketLink"/>
      </instance>
      <interface-functions>
        <function-ref name="getRetryDelay" ref="0x408964a0" scoped=""/>
        <function-ref name="setRetries" ref="0x40896580" scoped=""/>
        <function-ref name="getRetries" ref="0x40896660" scoped=""/>
        <function-ref name="setRetryDelay" ref="0x40896740" scoped=""/>
        <function-ref name="wasDelivered" ref="0x40896820" scoped=""/>
      </interface-functions>
    </interface><interface loc="59:/home/zly/tinyos-main/tos/chips/cc2420/CC2420ActiveMessageC.nc" name="AMPacket" provided="1" ref="0x4088e4e8">
      <component-ref nicename="tos.chips.cc2420.CC2420ActiveMessageC" qname="CC2420ActiveMessageC"/>
      <type-interface alignment="I:2" size="I:2"><interface-ref name="AMPacket" ref="0x4088e4e8" scoped=""/></type-interface>
      <instance>
        <interfacedef-ref nicename="tos.interfaces.AMPacket" qname="AMPacket"/>
      </instance>
      <interface-functions>
        <function-ref name="group" ref="0x4088e6c0" scoped=""/>
        <function-ref name="source" ref="0x4088e7a0" scoped=""/>
        <function-ref name="address" ref="0x4088e880" scoped=""/>
        <function-ref name="destination" ref="0x4088e960" scoped=""/>
        <function-ref name="setSource" ref="0x4088ea40" scoped=""/>
        <function-ref name="setDestination" ref="0x4088eb20" scoped=""/>
        <function-ref name="type" ref="0x4088ec00" scoped=""/>
        <function-ref name="setType" ref="0x4088ece0" scoped=""/>
        <function-ref name="isForMe" ref="0x4088edc0" scoped=""/>
        <function-ref name="setGroup" ref="0x4088eea0" scoped=""/>
        <function-ref name="localGroup" ref="0x4088d010" scoped=""/>
      </interface-functions>
    </interface><interface loc="63:/home/zly/tinyos-main/tos/chips/cc2420/CC2420ActiveMessageC.nc" name="LinkPacketMetadata" provided="1" ref="0x408a1638">
      <component-ref nicename="tos.chips.cc2420.CC2420ActiveMessageC" qname="CC2420ActiveMessageC"/>
      <type-interface alignment="I:2" size="I:2"><interface-ref name="LinkPacketMetadata" ref="0x408a1638" scoped=""/></type-interface>
      <instance>
        <interfacedef-ref nicename="tos.interfaces.LinkPacketMetadata" qname="LinkPacketMetadata"/>
      </instance>
      <interface-functions>
        <function-ref name="highChannelQuality" ref="0x408a1810" scoped=""/>
      </interface-functions>
    </interface></specification><referenced><interface loc="43:/home/zly/tinyos-main/tos/chips/cc2420/packet/CC2420PacketC.nc" name="CC2420PacketBody" provided="1" ref="0x40f689c8">
      <component-ref nicename="tos.chips.cc2420.packet.CC2420PacketC" qname="CC2420PacketC"/>
      <type-interface alignment="I:2" size="I:2"><interface-ref name="CC2420PacketBody" ref="0x40f689c8" scoped=""/></type-interface>
      <instance>
        <interfacedef-ref nicename="tos.chips.cc2420.interfaces.CC2420PacketBody" qname="CC2420PacketBody"/>
      </instance>
      <interface-functions>
        <function-ref name="getPayload" ref="0x40f68ba0" scoped=""/>
        <function-ref name="getHeader" ref="0x40f68c80" scoped=""/>
        <function-ref name="getMetadata" ref="0x40f68d60" scoped=""/>
      </interface-functions>
    </interface><interface loc="58:/home/zly/tinyos-main/tos/chips/cc2420/CC2420ActiveMessageP.nc" name="SubSend" provided="0" ref="0x41062a88">
      <component-ref nicename="tos.chips.cc2420.CC2420ActiveMessageP" qname="CC2420ActiveMessageP"/>
      <type-interface alignment="I:2" size="I:2"><interface-ref name="SubSend" ref="0x41062a88" scoped=""/></type-interface>
      <instance>
        <interfacedef-ref nicename="tos.interfaces.Send" qname="Send"/>
      </instance>
      <interface-functions>
        <function-ref name="send" ref="0x41062c60" scoped=""/>
        <function-ref name="getPayload" ref="0x41062d40" scoped=""/>
        <function-ref name="maxPayloadLength" ref="0x41062e20" scoped=""/>
        <function-ref name="cancel" ref="0x41062f00" scoped=""/>
        <function-ref name="sendDone" ref="0x41060010" scoped=""/>
      </interface-functions>
    </interface><interface loc="41:/home/zly/tinyos-main/tos/chips/cc2420/packet/CC2420PacketC.nc" name="CC2420Packet" provided="1" ref="0x40f6bb88">
      <component-ref nicename="tos.chips.cc2420.packet.CC2420PacketC" qname="CC2420PacketC"/>
      <type-interface alignment="I:2" size="I:2"><interface-ref name="CC2420Packet" ref="0x40f6bb88" scoped=""/></type-interface>
      <instance>
        <interfacedef-ref nicename="tos.chips.cc2420.interfaces.CC2420Packet" qname="CC2420Packet"/>
      </instance>
      <interface-functions>
        <function-ref name="setPower" ref="0x40f6bd60" scoped=""/>
        <function-ref name="setNetwork" ref="0x40f6be40" scoped=""/>
        <function-ref name="getRssi" ref="0x40f6bf20" scoped=""/>
        <function-ref name="getNetwork" ref="0x40f68018" scoped=""/>
        <function-ref name="getPower" ref="0x40f680f8" scoped=""/>
        <function-ref name="getLqi" ref="0x40f681d8" scoped=""/>
      </interface-functions>
    </interface><interface loc="53:/home/zly/tinyos-main/tos/chips/cc2420/CC2420RadioC.nc" name="CC2420Packet" provided="1" ref="0x408a9ee8">
      <component-ref nicename="tos.chips.cc2420.CC2420RadioC" qname="CC2420RadioC"/>
      <type-interface alignment="I:2" size="I:2"><interface-ref name="CC2420Packet" ref="0x408a9ee8" scoped=""/></type-interface>
      <instance>
        <interfacedef-ref nicename="tos.chips.cc2420.interfaces.CC2420Packet" qname="CC2420Packet"/>
      </instance>
      <interface-functions>
        <function-ref name="setPower" ref="0x408a30e0" scoped=""/>
        <function-ref name="setNetwork" ref="0x408a31c0" scoped=""/>
        <function-ref name="getRssi" ref="0x408a32a0" scoped=""/>
        <function-ref name="getNetwork" ref="0x408a3380" scoped=""/>
        <function-ref name="getPower" ref="0x408a3460" scoped=""/>
        <function-ref name="getLqi" ref="0x408a3540" scoped=""/>
      </interface-functions>
    </interface><interface loc="50:/home/zly/tinyos-main/tos/chips/cc2420/CC2420RadioC.nc" name="ActiveSend" provided="1" ref="0x408a93c8">
      <component-ref nicename="tos.chips.cc2420.CC2420RadioC" qname="CC2420RadioC"/>
      <type-interface alignment="I:2" size="I:2"><interface-ref name="ActiveSend" ref="0x408a93c8" scoped=""/></type-interface>
      <instance>
        <interfacedef-ref nicename="tos.interfaces.Send" qname="Send"/>
      </instance>
      <interface-functions>
        <function-ref name="send" ref="0x408a95a0" scoped=""/>
        <function-ref name="getPayload" ref="0x408a9680" scoped=""/>
        <function-ref name="maxPayloadLength" ref="0x408a9760" scoped=""/>
        <function-ref name="cancel" ref="0x408a9840" scoped=""/>
        <function-ref name="sendDone" ref="0x408a9920" scoped=""/>
      </interface-functions>
    </interface><interface loc="54:/home/zly/tinyos-main/tos/chips/cc2420/CC2420RadioC.nc" name="PacketAcknowledgements" provided="1" ref="0x408a3760">
      <component-ref nicename="tos.chips.cc2420.CC2420RadioC" qname="CC2420RadioC"/>
      <type-interface alignment="I:2" size="I:2"><interface-ref name="PacketAcknowledgements" ref="0x408a3760" scoped=""/></type-interface>
      <instance>
        <interfacedef-ref nicename="tos.interfaces.PacketAcknowledgements" qname="PacketAcknowledgements"/>
      </instance>
      <interface-functions>
        <function-ref name="requestAck" ref="0x408a3938" scoped=""/>
        <function-ref name="noAck" ref="0x408a3a18" scoped=""/>
        <function-ref name="wasAcked" ref="0x408a3af8" scoped=""/>
      </interface-functions>
    </interface><interface loc="61:/home/zly/tinyos-main/tos/chips/cc2420/CC2420ActiveMessageP.nc" name="CC2420PacketBody" provided="0" ref="0x41060dd8">
      <component-ref nicename="tos.chips.cc2420.CC2420ActiveMessageP" qname="CC2420ActiveMessageP"/>
      <type-interface alignment="I:2" size="I:2"><interface-ref name="CC2420PacketBody" ref="0x41060dd8" scoped=""/></type-interface>
      <instance>
        <interfacedef-ref nicename="tos.chips.cc2420.interfaces.CC2420PacketBody" qname="CC2420PacketBody"/>
      </instance>
      <interface-functions>
        <function-ref name="getPayload" ref="0x4105f010" scoped=""/>
        <function-ref name="getHeader" ref="0x4105f0f0" scoped=""/>
        <function-ref name="getMetadata" ref="0x4105f1d0" scoped=""/>
      </interface-functions>
    </interface><interface loc="43:/home/zly/tinyos-main/tos/chips/cc2420/CC2420RadioC.nc" name="SplitControl" provided="1" ref="0x408ae010">
      <component-ref nicename="tos.chips.cc2420.CC2420RadioC" qname="CC2420RadioC"/>
      <type-interface alignment="I:2" size="I:2"><interface-ref name="SplitControl" ref="0x408ae010" scoped=""/></type-interface>
      <instance>
        <interfacedef-ref nicename="tos.interfaces.SplitControl" qname="SplitControl"/>
      </instance>
      <interface-functions>
        <function-ref name="startDone" ref="0x408ae1e8" scoped=""/>
        <function-ref name="stopDone" ref="0x408ae2c8" scoped=""/>
        <function-ref name="start" ref="0x408ae3a8" scoped=""/>
        <function-ref name="stop" ref="0x408ae488" scoped=""/>
      </interface-functions>
    </interface><interface loc="45:/home/zly/tinyos-main/tos/chips/cc2420/control/CC2420ControlC.nc" name="CC2420Config" provided="1" ref="0x4090fed0">
      <component-ref nicename="tos.chips.cc2420.control.CC2420ControlC" qname="CC2420ControlC"/>
      <type-interface alignment="I:2" size="I:2"><interface-ref name="CC2420Config" ref="0x4090fed0" scoped=""/></type-interface>
      <instance>
        <interfacedef-ref nicename="tos.chips.cc2420.interfaces.CC2420Config" qname="CC2420Config"/>
      </instance>
      <interface-functions>
        <function-ref name="setAutoAck" ref="0x408f90c0" scoped=""/>
        <function-ref name="isAddressRecognitionEnabled" ref="0x408f91a0" scoped=""/>
        <function-ref name="setAddressRecognition" ref="0x408f9280" scoped=""/>
        <function-ref name="syncDone" ref="0x408f9360" scoped=""/>
        <function-ref name="isHwAddressRecognitionDefault" ref="0x408f9440" scoped=""/>
        <function-ref name="setShortAddr" ref="0x408f9520" scoped=""/>
        <function-ref name="setChannel" ref="0x408f9600" scoped=""/>
        <function-ref name="isAutoAckEnabled" ref="0x408f96e0" scoped=""/>
        <function-ref name="setPanAddr" ref="0x408f97c0" scoped=""/>
        <function-ref name="isHwAutoAckDefault" ref="0x408f98a0" scoped=""/>
        <function-ref name="getExtAddr" ref="0x408f9980" scoped=""/>
        <function-ref name="getShortAddr" ref="0x408f9a60" scoped=""/>
        <function-ref name="sync" ref="0x408f9b40" scoped=""/>
        <function-ref name="getChannel" ref="0x408f9ca0" scoped=""/>
        <function-ref name="getPanAddr" ref="0x408f9d80" scoped=""/>
      </interface-functions>
    </interface><interface loc="53:/home/zly/tinyos-main/tos/chips/cc2420/CC2420ActiveMessageP.nc" name="SendNotifier" provided="1" ref="0x41063b88">
      <component-ref nicename="tos.chips.cc2420.CC2420ActiveMessageP" qname="CC2420ActiveMessageP"/>
      <type-interface alignment="I:2" size="I:2"><interface-ref name="SendNotifier" ref="0x41063b88" scoped=""/></type-interface>
      <instance>
        <interfacedef-ref nicename="tos.interfaces.SendNotifier" qname="SendNotifier"/>
      </instance>
      <interface-parameters>
        <type-int alignment="I:1" cname="unsigned char" size="I:1" unsigned="">
          <typename><typedef-ref name="am_id_t" ref="0x4074eae0"/></typename>
        </type-int>
      </interface-parameters>
      <interface-functions>
        <function-ref name="aboutToSend" ref="0x41063d60" scoped=""/>
      </interface-functions>
    </interface><interface loc="56:/home/zly/tinyos-main/tos/chips/cc2420/CC2420RadioC.nc" name="LowPowerListening" provided="1" ref="0x408be110">
      <component-ref nicename="tos.chips.cc2420.CC2420RadioC" qname="CC2420RadioC"/>
      <type-interface alignment="I:2" size="I:2"><interface-ref name="LowPowerListening" ref="0x408be110" scoped=""/></type-interface>
      <instance>
        <interfacedef-ref nicename="tos.interfaces.LowPowerListening" qname="LowPowerListening"/>
      </instance>
      <interface-functions>
        <function-ref name="setRemoteWakeupInterval" ref="0x408be2e8" scoped=""/>
        <function-ref name="getRemoteWakeupInterval" ref="0x408be3c8" scoped=""/>
        <function-ref name="getLocalWakeupInterval" ref="0x408be4a8" scoped=""/>
        <function-ref name="setLocalWakeupInterval" ref="0x408be588" scoped=""/>
      </interface-functions>
    </interface><interface loc="49:/home/zly/tinyos-main/tos/chips/cc2420/CC2420ActiveMessageP.nc" name="Receive" provided="1" ref="0x41065ac0">
      <component-ref nicename="tos.chips.cc2420.CC2420ActiveMessageP" qname="CC2420ActiveMessageP"/>
      <type-interface alignment="I:2" size="I:2"><interface-ref name="Receive" ref="0x41065ac0" scoped=""/></type-interface>
      <instance>
        <interfacedef-ref nicename="tos.interfaces.Receive" qname="Receive"/>
      </instance>
      <interface-parameters>
        <type-int alignment="I:1" cname="unsigned char" size="I:1" unsigned="">
          <typename><typedef-ref name="am_id_t" ref="0x4074eae0"/></typename>
        </type-int>
      </interface-parameters>
      <interface-functions>
        <function-ref name="receive" ref="0x41065c98" scoped=""/>
      </interface-functions>
    </interface><interface loc="59:/home/zly/tinyos-main/tos/chips/cc2420/CC2420ActiveMessageP.nc" name="SubReceive" provided="0" ref="0x41060220">
      <component-ref nicename="tos.chips.cc2420.CC2420ActiveMessageP" qname="CC2420ActiveMessageP"/>
      <type-interface alignment="I:2" size="I:2"><interface-ref name="SubReceive" ref="0x41060220" scoped=""/></type-interface>
      <instance>
        <interfacedef-ref nicename="tos.interfaces.Receive" qname="Receive"/>
      </instance>
      <interface-functions>
        <function-ref name="receive" ref="0x410603f8" scoped=""/>
      </interface-functions>
    </interface><interface loc="54:/home/zly/tinyos-main/tos/system/ActiveMessageAddressC.nc" name="ActiveMessageAddress" provided="1" ref="0x40e29ea8">
      <component-ref nicename="tos.system.ActiveMessageAddressC" qname="ActiveMessageAddressC"/>
      <type-interface alignment="I:2" size="I:2"><interface-ref name="ActiveMessageAddress" ref="0x40e29ea8" scoped=""/></type-interface>
      <instance>
        <interfacedef-ref nicename="tos.interfaces.ActiveMessageAddress" qname="ActiveMessageAddress"/>
      </instance>
      <interface-functions>
        <function-ref name="amAddress" ref="0x40e580c0" scoped=""/>
        <function-ref name="changed" ref="0x40e581a0" scoped=""/>
        <function-ref name="amGroup" ref="0x40e58280" scoped=""/>
        <function-ref name="setAddress" ref="0x40e58360" scoped=""/>
      </interface-functions>
    </interface><interface loc="47:/home/zly/tinyos-main/tos/chips/cc2420/csma/CC2420CsmaC.nc" name="RadioBackoff" provided="1" ref="0x408ba570">
      <component-ref nicename="tos.chips.cc2420.csma.CC2420CsmaC" qname="CC2420CsmaC"/>
      <type-interface alignment="I:2" size="I:2"><interface-ref name="RadioBackoff" ref="0x408ba570" scoped=""/></type-interface>
      <instance>
        <interfacedef-ref nicename="tos.chips.cc2420.interfaces.RadioBackoff" qname="RadioBackoff"/>
      </instance>
      <interface-functions>
        <function-ref name="requestCca" ref="0x408ba748" scoped=""/>
        <function-ref name="requestInitialBackoff" ref="0x408ba828" scoped=""/>
        <function-ref name="setCongestionBackoff" ref="0x408ba908" scoped=""/>
        <function-ref name="setInitialBackoff" ref="0x408ba9e8" scoped=""/>
        <function-ref name="setCca" ref="0x408baac8" scoped=""/>
        <function-ref name="requestCongestionBackoff" ref="0x408baba8" scoped=""/>
      </interface-functions>
    </interface><interface loc="50:/home/zly/tinyos-main/tos/chips/cc2420/CC2420ActiveMessageP.nc" name="Snoop" provided="1" ref="0x41064178">
      <component-ref nicename="tos.chips.cc2420.CC2420ActiveMessageP" qname="CC2420ActiveMessageP"/>
      <type-interface alignment="I:2" size="I:2"><interface-ref name="Snoop" ref="0x41064178" scoped=""/></type-interface>
      <instance>
        <interfacedef-ref nicename="tos.interfaces.Receive" qname="Receive"/>
      </instance>
      <interface-parameters>
        <type-int alignment="I:1" cname="unsigned char" size="I:1" unsigned="">
          <typename><typedef-ref name="am_id_t" ref="0x4074eae0"/></typename>
        </type-int>
      </interface-parameters>
      <interface-functions>
        <function-ref name="receive" ref="0x41064350" scoped=""/>
      </interface-functions>
    </interface><interface loc="67:/home/zly/tinyos-main/tos/chips/cc2420/CC2420ActiveMessageP.nc" name="Leds" provided="0" ref="0x4105dbb8">
      <component-ref nicename="tos.chips.cc2420.CC2420ActiveMessageP" qname="CC2420ActiveMessageP"/>
      <type-interface alignment="I:2" size="I:2"><interface-ref name="Leds" ref="0x4105dbb8" scoped=""/></type-interface>
      <instance>
        <interfacedef-ref nicename="tos.interfaces.Leds" qname="Leds"/>
      </instance>
      <interface-functions>
        <function-ref name="led0Off" ref="0x4105dd90" scoped=""/>
        <function-ref name="led0Toggle" ref="0x4105de70" scoped=""/>
        <function-ref name="led1On" ref="0x41096010" scoped=""/>
        <function-ref name="led1Toggle" ref="0x410960f0" scoped=""/>
        <function-ref name="led2Toggle" ref="0x410961d0" scoped=""/>
        <function-ref name="get" ref="0x410962b0" scoped=""/>
        <function-ref name="led1Off" ref="0x41096390" scoped=""/>
        <function-ref name="led2Off" ref="0x41096710" scoped=""/>
        <function-ref name="set" ref="0x41096470" scoped=""/>
        <function-ref name="led0On" ref="0x41096550" scoped=""/>
        <function-ref name="led2On" ref="0x41096630" scoped=""/>
      </interface-functions>
    </interface><interface loc="46:/home/zly/tinyos-main/tos/system/LedsC.nc" name="Leds" provided="1" ref="0x40d05b58">
      <component-ref nicename="tos.system.LedsC" qname="LedsC"/>
      <type-interface alignment="I:2" size="I:2"><interface-ref name="Leds" ref="0x40d05b58" scoped=""/></type-interface>
      <instance>
        <interfacedef-ref nicename="tos.interfaces.Leds" qname="Leds"/>
      </instance>
      <interface-functions>
        <function-ref name="led0Off" ref="0x40d05d30" scoped=""/>
        <function-ref name="led0Toggle" ref="0x40d05e10" scoped=""/>
        <function-ref name="led1On" ref="0x40d05ef0" scoped=""/>
        <function-ref name="led1Toggle" ref="0x40d02010" scoped=""/>
        <function-ref name="led2Toggle" ref="0x40d020f0" scoped=""/>
        <function-ref name="get" ref="0x40d021d0" scoped=""/>
        <function-ref name="led1Off" ref="0x40d022b0" scoped=""/>
        <function-ref name="led2Off" ref="0x40d02630" scoped=""/>
        <function-ref name="set" ref="0x40d02390" scoped=""/>
        <function-ref name="led0On" ref="0x40d02470" scoped=""/>
        <function-ref name="led2On" ref="0x40d02550" scoped=""/>
      </interface-functions>
    </interface><interface loc="62:/home/zly/tinyos-main/tos/chips/cc2420/CC2420ActiveMessageP.nc" name="CC2420Config" provided="0" ref="0x4105f390">
      <component-ref nicename="tos.chips.cc2420.CC2420ActiveMessageP" qname="CC2420ActiveMessageP"/>
      <type-interface alignment="I:2" size="I:2"><interface-ref name="CC2420Config" ref="0x4105f390" scoped=""/></type-interface>
      <instance>
        <interfacedef-ref nicename="tos.chips.cc2420.interfaces.CC2420Config" qname="CC2420Config"/>
      </instance>
      <interface-functions>
        <function-ref name="setAutoAck" ref="0x4105f568" scoped=""/>
        <function-ref name="isAddressRecognitionEnabled" ref="0x4105f648" scoped=""/>
        <function-ref name="setAddressRecognition" ref="0x4105f728" scoped=""/>
        <function-ref name="syncDone" ref="0x4105f808" scoped=""/>
        <function-ref name="isHwAddressRecognitionDefault" ref="0x4105f8e8" scoped=""/>
        <function-ref name="setShortAddr" ref="0x4105f9c8" scoped=""/>
        <function-ref name="setChannel" ref="0x4105faa8" scoped=""/>
        <function-ref name="isAutoAckEnabled" ref="0x4105fb88" scoped=""/>
        <function-ref name="setPanAddr" ref="0x4105fc68" scoped=""/>
        <function-ref name="isHwAutoAckDefault" ref="0x4105fd48" scoped=""/>
        <function-ref name="getExtAddr" ref="0x4105fe28" scoped=""/>
        <function-ref name="getShortAddr" ref="0x4105ff08" scoped=""/>
        <function-ref name="sync" ref="0x4105e010" scoped=""/>
        <function-ref name="getChannel" ref="0x4105e170" scoped=""/>
        <function-ref name="getPanAddr" ref="0x4105e250" scoped=""/>
      </interface-functions>
    </interface><interface loc="51:/home/zly/tinyos-main/tos/chips/cc2420/CC2420RadioC.nc" name="ActiveReceive" provided="1" ref="0x408a9b50">
      <component-ref nicename="tos.chips.cc2420.CC2420RadioC" qname="CC2420RadioC"/>
      <type-interface alignment="I:2" size="I:2"><interface-ref name="ActiveReceive" ref="0x408a9b50" scoped=""/></type-interface>
      <instance>
        <interfacedef-ref nicename="tos.interfaces.Receive" qname="Receive"/>
      </instance>
      <interface-functions>
        <function-ref name="receive" ref="0x408a9d28" scoped=""/>
      </interface-functions>
    </interface><interface loc="52:/home/zly/tinyos-main/tos/chips/cc2420/CC2420ActiveMessageP.nc" name="Packet" provided="1" ref="0x41063190">
      <component-ref nicename="tos.chips.cc2420.CC2420ActiveMessageP" qname="CC2420ActiveMessageP"/>
      <type-interface alignment="I:2" size="I:2"><interface-ref name="Packet" ref="0x41063190" scoped=""/></type-interface>
      <instance>
        <interfacedef-ref nicename="tos.interfaces.Packet" qname="Packet"/>
      </instance>
      <interface-functions>
        <function-ref name="clear" ref="0x41063368" scoped=""/>
        <function-ref name="payloadLength" ref="0x41063448" scoped=""/>
        <function-ref name="getPayload" ref="0x41063528" scoped=""/>
        <function-ref name="maxPayloadLength" ref="0x41063608" scoped=""/>
        <function-ref name="setPayloadLength" ref="0x410636e8" scoped=""/>
      </interface-functions>
    </interface><interface loc="48:/home/zly/tinyos-main/tos/chips/cc2420/CC2420ActiveMessageP.nc" name="AMSend" provided="1" ref="0x41065100">
      <component-ref nicename="tos.chips.cc2420.CC2420ActiveMessageP" qname="CC2420ActiveMessageP"/>
      <type-interface alignment="I:2" size="I:2"><interface-ref name="AMSend" ref="0x41065100" scoped=""/></type-interface>
      <instance>
        <interfacedef-ref nicename="tos.interfaces.AMSend" qname="AMSend"/>
      </instance>
      <interface-parameters>
        <type-int alignment="I:1" cname="unsigned char" size="I:1" unsigned="">
          <typename><typedef-ref name="am_id_t" ref="0x4074eae0"/></typename>
        </type-int>
      </interface-parameters>
      <interface-functions>
        <function-ref name="send" ref="0x410652d8" scoped=""/>
        <function-ref name="getPayload" ref="0x410653b8" scoped=""/>
        <function-ref name="maxPayloadLength" ref="0x41065498" scoped=""/>
        <function-ref name="cancel" ref="0x41065578" scoped=""/>
        <function-ref name="sendDone" ref="0x41065658" scoped=""/>
      </interface-functions>
    </interface><interface loc="64:/home/zly/tinyos-main/tos/chips/cc2420/CC2420ActiveMessageP.nc" name="SubBackoff" provided="0" ref="0x4105eba0">
      <component-ref nicename="tos.chips.cc2420.CC2420ActiveMessageP" qname="CC2420ActiveMessageP"/>
      <type-interface alignment="I:2" size="I:2"><interface-ref name="SubBackoff" ref="0x4105eba0" scoped=""/></type-interface>
      <instance>
        <interfacedef-ref nicename="tos.chips.cc2420.interfaces.RadioBackoff" qname="RadioBackoff"/>
      </instance>
      <interface-functions>
        <function-ref name="requestCca" ref="0x4105ed78" scoped=""/>
        <function-ref name="requestInitialBackoff" ref="0x4105ee58" scoped=""/>
        <function-ref name="setCongestionBackoff" ref="0x4105d010" scoped=""/>
        <function-ref name="setInitialBackoff" ref="0x4105d0f0" scoped=""/>
        <function-ref name="setCca" ref="0x4105d1d0" scoped=""/>
        <function-ref name="requestCongestionBackoff" ref="0x4105d2b0" scoped=""/>
      </interface-functions>
    </interface><interface loc="60:/home/zly/tinyos-main/tos/chips/cc2420/CC2420ActiveMessageP.nc" name="CC2420Packet" provided="0" ref="0x410605b8">
      <component-ref nicename="tos.chips.cc2420.CC2420ActiveMessageP" qname="CC2420ActiveMessageP"/>
      <type-interface alignment="I:2" size="I:2"><interface-ref name="CC2420Packet" ref="0x410605b8" scoped=""/></type-interface>
      <instance>
        <interfacedef-ref nicename="tos.chips.cc2420.interfaces.CC2420Packet" qname="CC2420Packet"/>
      </instance>
      <interface-functions>
        <function-ref name="setPower" ref="0x41060790" scoped=""/>
        <function-ref name="setNetwork" ref="0x41060870" scoped=""/>
        <function-ref name="getRssi" ref="0x41060950" scoped=""/>
        <function-ref name="getNetwork" ref="0x41060a30" scoped=""/>
        <function-ref name="getPower" ref="0x41060b10" scoped=""/>
        <function-ref name="getLqi" ref="0x41060bf0" scoped=""/>
      </interface-functions>
    </interface><interface loc="54:/home/zly/tinyos-main/tos/chips/cc2420/CC2420ActiveMessageP.nc" name="RadioBackoff" provided="1" ref="0x41062238">
      <component-ref nicename="tos.chips.cc2420.CC2420ActiveMessageP" qname="CC2420ActiveMessageP"/>
      <type-interface alignment="I:2" size="I:2"><interface-ref name="RadioBackoff" ref="0x41062238" scoped=""/></type-interface>
      <instance>
        <interfacedef-ref nicename="tos.chips.cc2420.interfaces.RadioBackoff" qname="RadioBackoff"/>
      </instance>
      <interface-parameters>
        <type-int alignment="I:1" cname="unsigned char" size="I:1" unsigned="">
          <typename><typedef-ref name="am_id_t" ref="0x4074eae0"/></typename>
        </type-int>
      </interface-parameters>
      <interface-functions>
        <function-ref name="requestCca" ref="0x41062410" scoped=""/>
        <function-ref name="requestInitialBackoff" ref="0x410624f0" scoped=""/>
        <function-ref name="setCongestionBackoff" ref="0x410625d0" scoped=""/>
        <function-ref name="setInitialBackoff" ref="0x410626b0" scoped=""/>
        <function-ref name="setCca" ref="0x41062790" scoped=""/>
        <function-ref name="requestCongestionBackoff" ref="0x41062870" scoped=""/>
      </interface-functions>
    </interface><interface loc="66:/home/zly/tinyos-main/tos/chips/cc2420/CC2420ActiveMessageP.nc" name="RadioResource" provided="0" ref="0x4105d4f0">
      <component-ref nicename="tos.chips.cc2420.CC2420ActiveMessageP" qname="CC2420ActiveMessageP"/>
      <type-interface alignment="I:2" size="I:2"><interface-ref name="RadioResource" ref="0x4105d4f0" scoped=""/></type-interface>
      <instance>
        <interfacedef-ref nicename="tos.interfaces.Resource" qname="Resource"/>
      </instance>
      <interface-functions>
        <function-ref name="release" ref="0x4105d6c8" scoped=""/>
        <function-ref name="immediateRequest" ref="0x4105d7a8" scoped=""/>
        <function-ref name="request" ref="0x4105d888" scoped=""/>
        <function-ref name="granted" ref="0x4105d968" scoped=""/>
        <function-ref name="isOwner" ref="0x4105da48" scoped=""/>
      </interface-functions>
    </interface><interface loc="45:/home/zly/tinyos-main/tos/chips/cc2420/CC2420RadioC.nc" name="Resource" provided="1" ref="0x408aab80">
      <component-ref nicename="tos.chips.cc2420.CC2420RadioC" qname="CC2420RadioC"/>
      <type-interface alignment="I:2" size="I:2"><interface-ref name="Resource" ref="0x408aab80" scoped=""/></type-interface>
      <instance>
        <interfacedef-ref nicename="tos.interfaces.Resource" qname="Resource"/>
      </instance>
      <interface-parameters>
        <type-int alignment="I:1" cname="unsigned char" size="I:1" unsigned="">
          <typename><typedef-ref name="uint8_t" ref="0x40212dc8"/></typename>
        </type-int>
      </interface-parameters>
      <interface-functions>
        <function-ref name="release" ref="0x408aad58" scoped=""/>
        <function-ref name="immediateRequest" ref="0x408aae38" scoped=""/>
        <function-ref name="request" ref="0x408aaf18" scoped=""/>
        <function-ref name="granted" ref="0x408ad010" scoped=""/>
        <function-ref name="isOwner" ref="0x408ad0f0" scoped=""/>
      </interface-functions>
    </interface><interface loc="55:/home/zly/tinyos-main/tos/chips/cc2420/CC2420RadioC.nc" name="LinkPacketMetadata" provided="1" ref="0x408a3cf0">
      <component-ref nicename="tos.chips.cc2420.CC2420RadioC" qname="CC2420RadioC"/>
      <type-interface alignment="I:2" size="I:2"><interface-ref name="LinkPacketMetadata" ref="0x408a3cf0" scoped=""/></type-interface>
      <instance>
        <interfacedef-ref nicename="tos.interfaces.LinkPacketMetadata" qname="LinkPacketMetadata"/>
      </instance>
      <interface-functions>
        <function-ref name="highChannelQuality" ref="0x408a3ec8" scoped=""/>
      </interface-functions>
    </interface><interface loc="57:/home/zly/tinyos-main/tos/chips/cc2420/CC2420RadioC.nc" name="PacketLink" provided="1" ref="0x408be730">
      <component-ref nicename="tos.chips.cc2420.CC2420RadioC" qname="CC2420RadioC"/>
      <type-interface alignment="I:2" size="I:2"><interface-ref name="PacketLink" ref="0x408be730" scoped=""/></type-interface>
      <instance>
        <interfacedef-ref nicename="tos.interfaces.PacketLink" qname="PacketLink"/>
      </instance>
      <interface-functions>
        <function-ref name="getRetryDelay" ref="0x408be908" scoped=""/>
        <function-ref name="setRetries" ref="0x408be9e8" scoped=""/>
        <function-ref name="getRetries" ref="0x408beac8" scoped=""/>
        <function-ref name="setRetryDelay" ref="0x408beba8" scoped=""/>
        <function-ref name="wasDelivered" ref="0x408bec88" scoped=""/>
      </interface-functions>
    </interface><interface loc="51:/home/zly/tinyos-main/tos/chips/cc2420/CC2420ActiveMessageP.nc" name="AMPacket" provided="1" ref="0x410644e8">
      <component-ref nicename="tos.chips.cc2420.CC2420ActiveMessageP" qname="CC2420ActiveMessageP"/>
      <type-interface alignment="I:2" size="I:2"><interface-ref name="AMPacket" ref="0x410644e8" scoped=""/></type-interface>
      <instance>
        <interfacedef-ref nicename="tos.interfaces.AMPacket" qname="AMPacket"/>
      </instance>
      <interface-functions>
        <function-ref name="group" ref="0x410646c0" scoped=""/>
        <function-ref name="source" ref="0x410647a0" scoped=""/>
        <function-ref name="address" ref="0x41064880" scoped=""/>
        <function-ref name="destination" ref="0x41064960" scoped=""/>
        <function-ref name="setSource" ref="0x41064a40" scoped=""/>
        <function-ref name="setDestination" ref="0x41064b20" scoped=""/>
        <function-ref name="type" ref="0x41064c00" scoped=""/>
        <function-ref name="setType" ref="0x41064ce0" scoped=""/>
        <function-ref name="isForMe" ref="0x41064dc0" scoped=""/>
        <function-ref name="setGroup" ref="0x41064ea0" scoped=""/>
        <function-ref name="localGroup" ref="0x41063010" scoped=""/>
      </interface-functions>
    </interface><interface loc="63:/home/zly/tinyos-main/tos/chips/cc2420/CC2420ActiveMessageP.nc" name="ActiveMessageAddress" provided="0" ref="0x4105e460">
      <component-ref nicename="tos.chips.cc2420.CC2420ActiveMessageP" qname="CC2420ActiveMessageP"/>
      <type-interface alignment="I:2" size="I:2"><interface-ref name="ActiveMessageAddress" ref="0x4105e460" scoped=""/></type-interface>
      <instance>
        <interfacedef-ref nicename="tos.interfaces.ActiveMessageAddress" qname="ActiveMessageAddress"/>
      </instance>
      <interface-functions>
        <function-ref name="amAddress" ref="0x4105e6b8" scoped=""/>
        <function-ref name="changed" ref="0x4105e798" scoped=""/>
        <function-ref name="amGroup" ref="0x4105e878" scoped=""/>
        <function-ref name="setAddress" ref="0x4105e958" scoped=""/>
      </interface-functions>
    </interface><component loc="52:/home/zly/tinyos-main/tos/system/ActiveMessageAddressC.nc" nicename="tos.system.ActiveMessageAddressC" qname="ActiveMessageAddressC" safe="">
      <documentation loc="45:/home/zly/tinyos-main/tos/system/ActiveMessageAddressC.nc">
        <short>
 Component that stores the node's active message address and group ID.</short>
        <long>
 Component that stores the node's active message address and group ID.

 @author Philip Levis
 @author David Moss
</long>
      </documentation>
      <module/>
    </component><component loc="42:/home/zly/tinyos-main/tos/chips/cc2420/control/CC2420ControlC.nc" nicename="tos.chips.cc2420.control.CC2420ControlC" qname="CC2420ControlC">
      <documentation loc="32:/home/zly/tinyos-main/tos/chips/cc2420/control/CC2420ControlC.nc">
        <short>
 Implementation for configuring a ChipCon CC2420 radio.</short>
        <long>
 Implementation for configuring a ChipCon CC2420 radio.

 @author Jonathan Hui &lt;jhui@archrock.com&gt;
 @version $Revision: 1.3 $ $Date: 2008/05/14 21:33:07 $
</long>
      </documentation>
      <configuration/>
      <wiring>
        <wire loc="55:/home/zly/tinyos-main/tos/chips/cc2420/control/CC2420ControlC.nc">
          <from><interface-ref name="CC2420Config" ref="0x4090fed0" scoped=""/></from>
          <to><interface-ref name="CC2420Config" ref="0x4090ad08" scoped=""/></to>
        </wire>
        <wire loc="57:/home/zly/tinyos-main/tos/chips/cc2420/control/CC2420ControlC.nc">
          <from><interface-ref name="ReadRssi" ref="0x4090ce60" scoped=""/></from>
          <to><interface-ref name="ReadRssi" ref="0x40908920" scoped=""/></to>
        </wire>
        <wire loc="56:/home/zly/tinyos-main/tos/chips/cc2420/control/CC2420ControlC.nc">
          <from><interface-ref name="CC2420Power" ref="0x408f8010" scoped=""/></from>
          <to><interface-ref name="CC2420Power" ref="0x40909dc0" scoped=""/></to>
        </wire>
        <wire loc="54:/home/zly/tinyos-main/tos/chips/cc2420/control/CC2420ControlC.nc">
          <from><interface-ref name="Resource" ref="0x408fef08" scoped=""/></from>
          <to><interface-ref name="Resource" ref="0x4090a5d0" scoped=""/></to>
        </wire>
        <wire loc="60:/home/zly/tinyos-main/tos/chips/cc2420/control/CC2420ControlC.nc">
          <from><interface-ref name="SoftwareInit" ref="0x40610df0" scoped=""/></from>
          <to><interface-ref name="Init" ref="0x4090a240" scoped=""/></to>
        </wire>
        <wire loc="63:/home/zly/tinyos-main/tos/chips/cc2420/control/CC2420ControlC.nc">
          <from><interface-ref name="StartupTimer" ref="0x40905400" scoped=""/></from>
          <to><interface-ref name="Alarm32khz32" ref="0x409750e0" scoped=""/></to>
        </wire>
        <wire loc="66:/home/zly/tinyos-main/tos/chips/cc2420/control/CC2420ControlC.nc">
          <from><interface-ref name="CSN" ref="0x4091cf18" scoped=""/></from>
          <to><interface-ref name="CSN" ref="0x4098f830" scoped=""/></to>
        </wire>
        <wire loc="67:/home/zly/tinyos-main/tos/chips/cc2420/control/CC2420ControlC.nc">
          <from><interface-ref name="RSTN" ref="0x40921938" scoped=""/></from>
          <to><interface-ref name="RSTN" ref="0x4098d760" scoped=""/></to>
        </wire>
        <wire loc="68:/home/zly/tinyos-main/tos/chips/cc2420/control/CC2420ControlC.nc">
          <from><interface-ref name="VREN" ref="0x4091f3e0" scoped=""/></from>
          <to><interface-ref name="VREN" ref="0x409acc18" scoped=""/></to>
        </wire>
        <wire loc="71:/home/zly/tinyos-main/tos/chips/cc2420/control/CC2420ControlC.nc">
          <from><interface-ref name="InterruptCCA" ref="0x409184f0" scoped=""/></from>
          <to><interface-ref name="InterruptCCA" ref="0x40ad8ef0" scoped=""/></to>
        </wire>
        <wire loc="74:/home/zly/tinyos-main/tos/chips/cc2420/control/CC2420ControlC.nc">
          <from><interface-ref name="SpiResource" ref="0x4092cca0" scoped=""/></from>
          <to><interface-ref name="Resource" ref="0x40e011f0" scoped=""/></to>
        </wire>
        <wire loc="75:/home/zly/tinyos-main/tos/chips/cc2420/control/CC2420ControlC.nc">
          <from><interface-ref name="SRXON" ref="0x4092daf8" scoped=""/></from>
          <to><interface-ref name="SRXON" ref="0x40e00840" scoped=""/></to>
        </wire>
        <wire loc="76:/home/zly/tinyos-main/tos/chips/cc2420/control/CC2420ControlC.nc">
          <from><interface-ref name="SRFOFF" ref="0x4092df10" scoped=""/></from>
          <to><interface-ref name="SRFOFF" ref="0x40dfe260" scoped=""/></to>
        </wire>
        <wire loc="77:/home/zly/tinyos-main/tos/chips/cc2420/control/CC2420ControlC.nc">
          <from><interface-ref name="SXOSCON" ref="0x4092c880" scoped=""/></from>
          <to><interface-ref name="SXOSCON" ref="0x40e00190" scoped=""/></to>
        </wire>
        <wire loc="78:/home/zly/tinyos-main/tos/chips/cc2420/control/CC2420ControlC.nc">
          <from><interface-ref name="SXOSCOFF" ref="0x4092c360" scoped=""/></from>
          <to><interface-ref name="SXOSCOFF" ref="0x40dfe5b8" scoped=""/></to>
        </wire>
        <wire loc="79:/home/zly/tinyos-main/tos/chips/cc2420/control/CC2420ControlC.nc">
          <from><interface-ref name="FSCTRL" ref="0x4092f820" scoped=""/></from>
          <to><interface-ref name="FSCTRL" ref="0x40dfa548" scoped=""/></to>
        </wire>
        <wire loc="80:/home/zly/tinyos-main/tos/chips/cc2420/control/CC2420ControlC.nc">
          <from><interface-ref name="IOCFG0" ref="0x4092fd28" scoped=""/></from>
          <to><interface-ref name="IOCFG0" ref="0x40df86a8" scoped=""/></to>
        </wire>
        <wire loc="81:/home/zly/tinyos-main/tos/chips/cc2420/control/CC2420ControlC.nc">
          <from><interface-ref name="IOCFG1" ref="0x4091a260" scoped=""/></from>
          <to><interface-ref name="IOCFG1" ref="0x40df8ae0" scoped=""/></to>
        </wire>
        <wire loc="82:/home/zly/tinyos-main/tos/chips/cc2420/control/CC2420ControlC.nc">
          <from><interface-ref name="MDMCTRL0" ref="0x4091a780" scoped=""/></from>
          <to><interface-ref name="MDMCTRL0" ref="0x40dfc5c8" scoped=""/></to>
        </wire>
        <wire loc="83:/home/zly/tinyos-main/tos/chips/cc2420/control/CC2420ControlC.nc">
          <from><interface-ref name="MDMCTRL1" ref="0x4091aca0" scoped=""/></from>
          <to><interface-ref name="MDMCTRL1" ref="0x40dfca00" scoped=""/></to>
        </wire>
        <wire loc="84:/home/zly/tinyos-main/tos/chips/cc2420/control/CC2420ControlC.nc">
          <from><interface-ref name="PANID" ref="0x4091b0b8" scoped=""/></from>
          <to><interface-ref name="PANID" ref="0x40e26190" scoped=""/></to>
        </wire>
        <wire loc="85:/home/zly/tinyos-main/tos/chips/cc2420/control/CC2420ControlC.nc">
          <from><interface-ref name="IEEEADR" ref="0x40931b50" scoped=""/></from>
          <to><interface-ref name="IEEEADR" ref="0x40e27cd8" scoped=""/></to>
        </wire>
        <wire loc="86:/home/zly/tinyos-main/tos/chips/cc2420/control/CC2420ControlC.nc">
          <from><interface-ref name="RXCTRL1" ref="0x40930268" scoped=""/></from>
          <to><interface-ref name="RXCTRL1" ref="0x40dfa010" scoped=""/></to>
        </wire>
        <wire loc="87:/home/zly/tinyos-main/tos/chips/cc2420/control/CC2420ControlC.nc">
          <from><interface-ref name="RSSI" ref="0x40930760" scoped=""/></from>
          <to><interface-ref name="RSSI" ref="0x40dfce38" scoped=""/></to>
        </wire>
        <wire loc="88:/home/zly/tinyos-main/tos/chips/cc2420/control/CC2420ControlC.nc">
          <from><interface-ref name="TXCTRL" ref="0x40930c68" scoped=""/></from>
          <to><interface-ref name="TXCTRL" ref="0x40dfb6e8" scoped=""/></to>
        </wire>
        <wire loc="91:/home/zly/tinyos-main/tos/chips/cc2420/control/CC2420ControlC.nc">
          <from><interface-ref name="SyncResource" ref="0x4092bcb8" scoped=""/></from>
          <to><interface-ref name="Resource" ref="0x40e1dc80" scoped=""/></to>
        </wire>
        <wire loc="94:/home/zly/tinyos-main/tos/chips/cc2420/control/CC2420ControlC.nc">
          <from><interface-ref name="RssiResource" ref="0x4092b508" scoped=""/></from>
          <to><interface-ref name="Resource" ref="0x40e3c518" scoped=""/></to>
        </wire>
        <wire loc="97:/home/zly/tinyos-main/tos/chips/cc2420/control/CC2420ControlC.nc">
          <from><interface-ref name="ActiveMessageAddress" ref="0x40915480" scoped=""/></from>
          <to><interface-ref name="ActiveMessageAddress" ref="0x40e29ea8" scoped=""/></to>
        </wire>
        <wire loc="100:/home/zly/tinyos-main/tos/chips/cc2420/control/CC2420ControlC.nc">
          <from><interface-ref name="LocalIeeeEui64" ref="0x40906dc8" scoped=""/></from>
          <to><interface-ref name="LocalIeeeEui64" ref="0x40e5a750" scoped=""/></to>
        </wire>
      </wiring>
    </component><component loc="41:/home/zly/tinyos-main/tos/chips/cc2420/CC2420RadioC.nc" nicename="tos.chips.cc2420.CC2420RadioC" qname="CC2420RadioC">
      <documentation loc="24:/home/zly/tinyos-main/tos/chips/cc2420/CC2420RadioC.nc">
        <short>
 Radio wiring for the CC2420.</short>
        <long>
 Radio wiring for the CC2420.  This layer seperates the common
 wiring of the lower-layer components of the CC2420 stack and makes
 them available to clients like the AM stack and the IEEE802.15.4
 stack.

 This component provides the highest-level internal interface to
 other components of the CC2420 stack.

 @author Philip Levis
 @author David Moss
 @author Stephen Dawson-Haggerty
 @version $Revision: 1.2 $ $Date: 2009/08/20 01:37:44 $
</long>
      </documentation>
      <configuration/>
      <wiring>
        <wire loc="97:/home/zly/tinyos-main/tos/chips/cc2420/CC2420RadioC.nc">
          <from><interface-ref name="SplitControl" ref="0x408ae010" scoped=""/></from>
          <to><interface-ref name="SplitControl" ref="0x41047568" scoped=""/></to>
        </wire>
        <wire loc="86:/home/zly/tinyos-main/tos/chips/cc2420/CC2420RadioC.nc">
          <from><interface-ref name="LinkPacketMetadata" ref="0x408a3cf0" scoped=""/></from>
          <to><interface-ref name="LinkPacketMetadata" ref="0x40f67010" scoped=""/></to>
        </wire>
        <wire loc="82:/home/zly/tinyos-main/tos/chips/cc2420/CC2420RadioC.nc">
          <from><interface-ref name="PacketLink" ref="0x408be730" scoped=""/></from>
          <to><interface-ref name="PacketLink" ref="0x41049e40" scoped=""/></to>
        </wire>
        <wire loc="84:/home/zly/tinyos-main/tos/chips/cc2420/CC2420RadioC.nc">
          <from><interface-ref name="CC2420Packet" ref="0x408a9ee8" scoped=""/></from>
          <to><interface-ref name="CC2420Packet" ref="0x40f6bb88" scoped=""/></to>
        </wire>
        <wire loc="93:/home/zly/tinyos-main/tos/chips/cc2420/CC2420RadioC.nc">
          <from><interface-ref name="ActiveSend" ref="0x408a93c8" scoped=""/></from>
          <to><interface-ref name="ActiveSend" ref="0x4100e430" scoped=""/></to>
        </wire>
        <wire loc="83:/home/zly/tinyos-main/tos/chips/cc2420/CC2420RadioC.nc">
          <from><interface-ref name="LowPowerListening" ref="0x408be110" scoped=""/></from>
          <to><interface-ref name="LowPowerListening" ref="0x4104af18" scoped=""/></to>
        </wire>
        <wire loc="90:/home/zly/tinyos-main/tos/chips/cc2420/CC2420RadioC.nc">
          <from><interface-ref name="BareReceive" ref="0x408a4860" scoped=""/></from>
          <to><interface-ref name="Receive" ref="0x4100e060" scoped=""/></to>
        </wire>
        <wire loc="85:/home/zly/tinyos-main/tos/chips/cc2420/CC2420RadioC.nc">
          <from><interface-ref name="PacketAcknowledgements" ref="0x408a3760" scoped=""/></from>
          <to><interface-ref name="Acks" ref="0x40f68448" scoped=""/></to>
        </wire>
        <wire loc="88:/home/zly/tinyos-main/tos/chips/cc2420/CC2420RadioC.nc">
          <from><interface-ref name="Resource" ref="0x408aab80" scoped=""/></from>
          <to><interface-ref name="Resource" ref="0x4100f298" scoped=""/></to>
        </wire>
        <wire loc="89:/home/zly/tinyos-main/tos/chips/cc2420/CC2420RadioC.nc">
          <from><interface-ref name="BareSend" ref="0x408a40f0" scoped=""/></from>
          <to><interface-ref name="Send" ref="0x4100f960" scoped=""/></to>
        </wire>
        <wire loc="91:/home/zly/tinyos-main/tos/chips/cc2420/CC2420RadioC.nc">
          <from><interface-ref name="BarePacket" ref="0x408a4c40" scoped=""/></from>
          <to><interface-ref name="BarePacket" ref="0x4100d010" scoped=""/></to>
        </wire>
        <wire loc="94:/home/zly/tinyos-main/tos/chips/cc2420/CC2420RadioC.nc">
          <from><interface-ref name="ActiveReceive" ref="0x408a9b50" scoped=""/></from>
          <to><interface-ref name="ActiveReceive" ref="0x4100ebb8" scoped=""/></to>
        </wire>
        <wire loc="98:/home/zly/tinyos-main/tos/chips/cc2420/CC2420RadioC.nc">
          <from><interface-ref name="SubControl" ref="0x41045098" scoped=""/></from>
          <to><interface-ref name="SplitControl" ref="0x408bd498" scoped=""/></to>
        </wire>
        <wire loc="101:/home/zly/tinyos-main/tos/chips/cc2420/CC2420RadioC.nc">
          <from><interface-ref name="SubSend" ref="0x4100db68" scoped=""/></from>
          <to><interface-ref name="Send" ref="0x41005390" scoped=""/></to>
        </wire>
        <wire loc="102:/home/zly/tinyos-main/tos/chips/cc2420/CC2420RadioC.nc">
          <from><interface-ref name="SubSend" ref="0x41005b00" scoped=""/></from>
          <to><interface-ref name="Send" ref="0x41049740" scoped=""/></to>
        </wire>
        <wire loc="103:/home/zly/tinyos-main/tos/chips/cc2420/CC2420RadioC.nc">
          <from><interface-ref name="SubSend" ref="0x410755e8" scoped=""/></from>
          <to><interface-ref name="Send" ref="0x4104a470" scoped=""/></to>
        </wire>
        <wire loc="104:/home/zly/tinyos-main/tos/chips/cc2420/CC2420RadioC.nc">
          <from><interface-ref name="SubSend" ref="0x410464c8" scoped=""/></from>
          <to><interface-ref name="Send" ref="0x408bdaa0" scoped=""/></to>
        </wire>
        <wire loc="107:/home/zly/tinyos-main/tos/chips/cc2420/CC2420RadioC.nc">
          <from><interface-ref name="SubReceive" ref="0x4100d7b8" scoped=""/></from>
          <to><interface-ref name="Receive" ref="0x4104ab50" scoped=""/></to>
        </wire>
        <wire loc="108:/home/zly/tinyos-main/tos/chips/cc2420/CC2420RadioC.nc">
          <from><interface-ref name="SubReceive" ref="0x41046c30" scoped=""/></from>
          <to><interface-ref name="Receive" ref="0x40ff22d8" scoped=""/></to>
        </wire>
        <wire loc="109:/home/zly/tinyos-main/tos/chips/cc2420/CC2420RadioC.nc">
          <from><interface-ref name="SubReceive" ref="0x40ff2b28" scoped=""/></from>
          <to><interface-ref name="Receive" ref="0x408ba1b8" scoped=""/></to>
        </wire>
      </wiring>
    </component><component loc="38:/home/zly/tinyos-main/tos/chips/cc2420/packet/CC2420PacketC.nc" nicename="tos.chips.cc2420.packet.CC2420PacketC" qname="CC2420PacketC">
      <documentation loc="32:/home/zly/tinyos-main/tos/chips/cc2420/packet/CC2420PacketC.nc">
        <short>
 </short>
        <long>
 @author Jonathan Hui &lt;jhui@archrock.com&gt;
 @author David Moss
 @author Chad Metcalf
</long>
      </documentation>
      <configuration/>
      <wiring>
        <wire loc="58:/home/zly/tinyos-main/tos/chips/cc2420/packet/CC2420PacketC.nc">
          <from><interface-ref name="LinkPacketMetadata" ref="0x40f67010" scoped=""/></from>
          <to><interface-ref name="LinkPacketMetadata" ref="0x40f94a40" scoped=""/></to>
        </wire>
        <wire loc="55:/home/zly/tinyos-main/tos/chips/cc2420/packet/CC2420PacketC.nc">
          <from><interface-ref name="CC2420Packet" ref="0x40f6bb88" scoped=""/></from>
          <to><interface-ref name="CC2420Packet" ref="0x40f61668" scoped=""/></to>
        </wire>
        <wire loc="59:/home/zly/tinyos-main/tos/chips/cc2420/packet/CC2420PacketC.nc">
          <from><interface-ref name="PacketTimeStamp32khz" ref="0x40f67668" scoped=""/></from>
          <to><interface-ref name="PacketTimeStamp32khz" ref="0x40f93100" scoped=""/></to>
        </wire>
        <wire loc="57:/home/zly/tinyos-main/tos/chips/cc2420/packet/CC2420PacketC.nc">
          <from><interface-ref name="CC2420PacketBody" ref="0x40f689c8" scoped=""/></from>
          <to><interface-ref name="CC2420PacketBody" ref="0x40f944b0" scoped=""/></to>
        </wire>
        <wire loc="61:/home/zly/tinyos-main/tos/chips/cc2420/packet/CC2420PacketC.nc">
          <from><interface-ref name="PacketTimeSyncOffset" ref="0x40f63888" scoped=""/></from>
          <to><interface-ref name="PacketTimeSyncOffset" ref="0x40f8f308" scoped=""/></to>
        </wire>
        <wire loc="60:/home/zly/tinyos-main/tos/chips/cc2420/packet/CC2420PacketC.nc">
          <from><interface-ref name="PacketTimeStampMilli" ref="0x40f64100" scoped=""/></from>
          <to><interface-ref name="PacketTimeStampMilli" ref="0x40f92af8" scoped=""/></to>
        </wire>
        <wire loc="56:/home/zly/tinyos-main/tos/chips/cc2420/packet/CC2420PacketC.nc">
          <from><interface-ref name="Acks" ref="0x40f68448" scoped=""/></from>
          <to><interface-ref name="Acks" ref="0x40f61f10" scoped=""/></to>
        </wire>
        <wire loc="64:/home/zly/tinyos-main/tos/chips/cc2420/packet/CC2420PacketC.nc">
          <from><interface-ref name="Counter" ref="0x40f96010" scoped=""/></from>
          <to><interface-ref name="Counter" ref="0x409858f0" scoped=""/></to>
        </wire>
        <wire loc="65:/home/zly/tinyos-main/tos/chips/cc2420/packet/CC2420PacketC.nc">
          <from><interface-ref name="LocalTime32khz" ref="0x40f8e1e0" scoped=""/></from>
          <to><interface-ref name="LocalTime" ref="0x40f975d8" scoped=""/></to>
        </wire>
        <wire loc="69:/home/zly/tinyos-main/tos/chips/cc2420/packet/CC2420PacketC.nc">
          <from><interface-ref name="LocalTimeMilli" ref="0x40f8ec38" scoped=""/></from>
          <to><interface-ref name="LocalTime" ref="0x407864d8" scoped=""/></to>
        </wire>
      </wiring>
    </component><component loc="46:/home/zly/tinyos-main/tos/chips/cc2420/CC2420ActiveMessageP.nc" nicename="tos.chips.cc2420.CC2420ActiveMessageP" qname="CC2420ActiveMessageP" safe="">
      <documentation loc="33:/home/zly/tinyos-main/tos/chips/cc2420/CC2420ActiveMessageP.nc">
        <short>
 Active message implementation on top of the CC2420 radio.</short>
        <long>
 Active message implementation on top of the CC2420 radio. This
 implementation uses the 16-bit addressing mode of 802.15.4: the
 only additional byte it adds is the AM id byte, as the first byte
 of the data payload.

 @author Philip Levis
 @version $Revision: 1.22 $ $Date: 2010-06-29 22:07:44 $
</long>
      </documentation>
      <module/>
    </component><component loc="45:/home/zly/tinyos-main/tos/system/LedsC.nc" nicename="tos.system.LedsC" qname="LedsC">
      <documentation loc="34:/home/zly/tinyos-main/tos/system/LedsC.nc">
        <short>

 The basic TinyOS LEDs abstraction.</short>
        <long>

 The basic TinyOS LEDs abstraction.

 @author Phil Buonadonna
 @author David Gay
 @author Philip Levis
 @author Joe Polastre
</long>
      </documentation>
      <configuration/>
      <wiring>
        <wire loc="51:/home/zly/tinyos-main/tos/system/LedsC.nc">
          <from><interface-ref name="Leds" ref="0x40d05b58" scoped=""/></from>
          <to><interface-ref name="Leds" ref="0x40cff230" scoped=""/></to>
        </wire>
        <wire loc="53:/home/zly/tinyos-main/tos/system/LedsC.nc">
          <from><interface-ref name="Init" ref="0x40d19a38" scoped=""/></from>
          <to><interface-ref name="Init" ref="0x40d02eb8" scoped=""/></to>
        </wire>
        <wire loc="54:/home/zly/tinyos-main/tos/system/LedsC.nc">
          <from><interface-ref name="Led0" ref="0x40cffef8" scoped=""/></from>
          <to><interface-ref name="Led0" ref="0x40d01c38" scoped=""/></to>
        </wire>
        <wire loc="55:/home/zly/tinyos-main/tos/system/LedsC.nc">
          <from><interface-ref name="Led1" ref="0x40cfe8f0" scoped=""/></from>
          <to><interface-ref name="Led1" ref="0x40d1a680" scoped=""/></to>
        </wire>
        <wire loc="56:/home/zly/tinyos-main/tos/system/LedsC.nc">
          <from><interface-ref name="Led2" ref="0x40cfd2e8" scoped=""/></from>
          <to><interface-ref name="Led2" ref="0x40d190b0" scoped=""/></to>
        </wire>
      </wiring>
    </component><component loc="42:/home/zly/tinyos-main/tos/chips/cc2420/csma/CC2420CsmaC.nc" nicename="tos.chips.cc2420.csma.CC2420CsmaC" qname="CC2420CsmaC">
      <documentation loc="32:/home/zly/tinyos-main/tos/chips/cc2420/csma/CC2420CsmaC.nc">
        <short>
 Basic implementation of a CSMA MAC for the ChipCon CC2420 radio.</short>
        <long>
 Basic implementation of a CSMA MAC for the ChipCon CC2420 radio.

 @author Jonathan Hui &lt;jhui@archrock.com&gt;
 @version $Revision: 1.2 $ $Date: 2008-05-14 21:33:07 $
</long>
      </documentation>
      <configuration/>
      <wiring>
        <wire loc="55:/home/zly/tinyos-main/tos/chips/cc2420/csma/CC2420CsmaC.nc">
          <from><interface-ref name="SplitControl" ref="0x408bd498" scoped=""/></from>
          <to><interface-ref name="SplitControl" ref="0x408b9530" scoped=""/></to>
        </wire>
        <wire loc="54:/home/zly/tinyos-main/tos/chips/cc2420/csma/CC2420CsmaC.nc">
          <from><interface-ref name="RadioBackoff" ref="0x408ba570" scoped=""/></from>
          <to><interface-ref name="RadioBackoff" ref="0x408b62d0" scoped=""/></to>
        </wire>
        <wire loc="56:/home/zly/tinyos-main/tos/chips/cc2420/csma/CC2420CsmaC.nc">
          <from><interface-ref name="Send" ref="0x408bdaa0" scoped=""/></from>
          <to><interface-ref name="Send" ref="0x408b9b38" scoped=""/></to>
        </wire>
        <wire loc="68:/home/zly/tinyos-main/tos/chips/cc2420/csma/CC2420CsmaC.nc">
          <from><interface-ref name="Receive" ref="0x408ba1b8" scoped=""/></from>
          <to><interface-ref name="Receive" ref="0x40f130d8" scoped=""/></to>
        </wire>
        <wire loc="59:/home/zly/tinyos-main/tos/chips/cc2420/csma/CC2420CsmaC.nc">
          <from><interface-ref name="Resource" ref="0x408b6ac0" scoped=""/></from>
          <to><interface-ref name="Resource" ref="0x408fef08" scoped=""/></to>
        </wire>
        <wire loc="60:/home/zly/tinyos-main/tos/chips/cc2420/csma/CC2420CsmaC.nc">
          <from><interface-ref name="CC2420Power" ref="0x408b1c98" scoped=""/></from>
          <to><interface-ref name="CC2420Power" ref="0x408f8010" scoped=""/></to>
        </wire>
        <wire loc="69:/home/zly/tinyos-main/tos/chips/cc2420/csma/CC2420CsmaC.nc">
          <from><interface-ref name="SubControl" ref="0x408ca740" scoped=""/></from>
          <to><interface-ref name="StdControl" ref="0x40f166c8" scoped=""/></to>
        </wire>
        <wire loc="63:/home/zly/tinyos-main/tos/chips/cc2420/csma/CC2420CsmaC.nc">
          <from><interface-ref name="SubControl" ref="0x408ca740" scoped=""/></from>
          <to><interface-ref name="StdControl" ref="0x40e9ac10" scoped=""/></to>
        </wire>
        <wire loc="64:/home/zly/tinyos-main/tos/chips/cc2420/csma/CC2420CsmaC.nc">
          <from><interface-ref name="CC2420Transmit" ref="0x408c7da0" scoped=""/></from>
          <to><interface-ref name="CC2420Transmit" ref="0x40e970f0" scoped=""/></to>
        </wire>
        <wire loc="65:/home/zly/tinyos-main/tos/chips/cc2420/csma/CC2420CsmaC.nc">
          <from><interface-ref name="SubBackoff" ref="0x408b35f8" scoped=""/></from>
          <to><interface-ref name="RadioBackoff" ref="0x40e97808" scoped=""/></to>
        </wire>
        <wire loc="72:/home/zly/tinyos-main/tos/chips/cc2420/csma/CC2420CsmaC.nc">
          <from><interface-ref name="CC2420Packet" ref="0x408cbb10" scoped=""/></from>
          <to><interface-ref name="CC2420Packet" ref="0x40f6bb88" scoped=""/></to>
        </wire>
        <wire loc="73:/home/zly/tinyos-main/tos/chips/cc2420/csma/CC2420CsmaC.nc">
          <from><interface-ref name="CC2420PacketBody" ref="0x408d6360" scoped=""/></from>
          <to><interface-ref name="CC2420PacketBody" ref="0x40f689c8" scoped=""/></to>
        </wire>
        <wire loc="76:/home/zly/tinyos-main/tos/chips/cc2420/csma/CC2420CsmaC.nc">
          <from><interface-ref name="Random" ref="0x408c4a50" scoped=""/></from>
          <to><interface-ref name="Random" ref="0x40fda978" scoped=""/></to>
        </wire>
        <wire loc="79:/home/zly/tinyos-main/tos/chips/cc2420/csma/CC2420CsmaC.nc">
          <from><interface-ref name="SplitControlState" ref="0x408d3bc8" scoped=""/></from>
          <to><interface-ref name="State" ref="0x40fdd608" scoped=""/></to>
        </wire>
        <wire loc="82:/home/zly/tinyos-main/tos/chips/cc2420/csma/CC2420CsmaC.nc">
          <from><interface-ref name="Leds" ref="0x408dae70" scoped=""/></from>
          <to><interface-ref name="Leds" ref="0x40d05b58" scoped=""/></to>
        </wire>
      </wiring>
    </component></referenced></component>