<?xml version="1.0" ?><component abstract="" loc="46:/home/zly/tinyos-main/tos/lib/timer/VirtualizeTimerC.nc" nicename="tos.lib.timer.VirtualizeTimerC" qname="VirtualizeTimerC" safe="">
      <documentation loc="34:/home/zly/tinyos-main/tos/lib/timer/VirtualizeTimerC.nc">
        <short>
 VirtualizeTimerC uses a single Timer to create up to 255 virtual timers.</short>
        <long>
 VirtualizeTimerC uses a single Timer to create up to 255 virtual timers.

 &lt;p&gt;See TEP102 for more details.

 @param precision_tag A type indicating the precision of the Timer being 
   virtualized.
 @param max_timers Number of virtual timers to create.

 @author Cory Sharp &lt;cssharp@eecs.berkeley.edu&gt;
</long>
      </documentation>
      <parameters>
        <typedef loc="46:/home/zly/tinyos-main/tos/lib/timer/VirtualizeTimerC.nc" name="precision_tag" ref="0x40836010">
          <component-ref nicename="tos.lib.timer.VirtualizeTimerC" qname="VirtualizeTimerC"/>
          <type-var alignment="U:" size="U:"><typedef-ref name="precision_tag" ref="0x40836010" scoped=""/></type-var>
        </typedef>
        <constant loc="46:/home/zly/tinyos-main/tos/lib/timer/VirtualizeTimerC.nc" name="max_timers" ref="0x408361f0">
          <component-ref nicename="tos.lib.timer.VirtualizeTimerC" qname="VirtualizeTimerC"/>
          <type-int alignment="I:2" cname="int" size="I:2"/>
        </constant>
      </parameters>
      <module/>
    <specification><interface loc="71:/home/zly/tinyos-main/tos/lib/timer/VirtualizeTimerC.nc" name="updateFromTimer" provided="0" ref="0x4082fea8">
      <component-ref nicename="tos.lib.timer.VirtualizeTimerC" qname="VirtualizeTimerC"/>
      <type-interface alignment="I:2" size="I:2"><interface-ref name="updateFromTimer" ref="0x4082fea8" scoped=""/></type-interface>
      <instance>
        <interfacedef-ref nicename="tos.interfaces.TaskBasic" qname="TaskBasic"/>
      </instance>
      <interface-functions>
        <function-ref name="postTask" ref="0x4082d0c0" scoped=""/>
        <function-ref name="runTask" ref="0x4082d1a0" scoped=""/>
      </interface-functions>
    </interface><interface loc="49:/home/zly/tinyos-main/tos/lib/timer/VirtualizeTimerC.nc" name="TimerFrom" provided="0" ref="0x40832010">
      <component-ref nicename="tos.lib.timer.VirtualizeTimerC" qname="VirtualizeTimerC"/>
      <type-interface alignment="I:2" size="I:2"><interface-ref name="TimerFrom" ref="0x40832010" scoped=""/></type-interface>
      <instance>
        <interfacedef-ref nicename="tos.lib.timer.Timer" qname="Timer"/>
        <arguments>
          <type-var alignment="U:" size="U:"><typedef-ref name="precision_tag" ref="0x40836010" scoped=""/></type-var>
        </arguments>
      </instance>
      <interface-functions>
        <function-ref name="getNow" ref="0x40831b00" scoped=""/>
        <function-ref name="fired" ref="0x40832d90" scoped=""/>
        <function-ref name="startPeriodicAt" ref="0x408314c0" scoped=""/>
        <function-ref name="isOneShot" ref="0x40831268" scoped=""/>
        <function-ref name="getdt" ref="0x40830010" scoped=""/>
        <function-ref name="gett0" ref="0x40831d58" scoped=""/>
        <function-ref name="isRunning" ref="0x40831010" scoped=""/>
        <function-ref name="startPeriodic" ref="0x40832638" scoped=""/>
        <function-ref name="startOneShotAt" ref="0x408317e0" scoped=""/>
        <function-ref name="startOneShot" ref="0x408328b8" scoped=""/>
        <function-ref name="stop" ref="0x40832b38" scoped=""/>
      </interface-functions>
    </interface><interface loc="48:/home/zly/tinyos-main/tos/lib/timer/VirtualizeTimerC.nc" name="Timer" provided="1" ref="0x40836ae0">
      <component-ref nicename="tos.lib.timer.VirtualizeTimerC" qname="VirtualizeTimerC"/>
      <type-interface alignment="I:2" size="I:2"><interface-ref name="Timer" ref="0x40836ae0" scoped=""/></type-interface>
      <instance>
        <interfacedef-ref nicename="tos.lib.timer.Timer" qname="Timer"/>
        <arguments>
          <type-var alignment="U:" size="U:"><typedef-ref name="precision_tag" ref="0x40836010" scoped=""/></type-var>
        </arguments>
      </instance>
      <interface-parameters>
        <type-int alignment="I:1" cname="unsigned char" size="I:1" unsigned="">
          <typename><typedef-ref name="uint8_t" ref="0x40212dc8"/></typename>
        </type-int>
      </interface-parameters>
      <interface-functions>
        <function-ref name="getNow" ref="0x408346a8" scoped=""/>
        <function-ref name="fired" ref="0x40835938" scoped=""/>
        <function-ref name="startPeriodicAt" ref="0x40834068" scoped=""/>
        <function-ref name="isOneShot" ref="0x40835de8" scoped=""/>
        <function-ref name="getdt" ref="0x40834b58" scoped=""/>
        <function-ref name="gett0" ref="0x40834900" scoped=""/>
        <function-ref name="isRunning" ref="0x40835b90" scoped=""/>
        <function-ref name="startPeriodic" ref="0x408351e0" scoped=""/>
        <function-ref name="startOneShotAt" ref="0x40834388" scoped=""/>
        <function-ref name="startOneShot" ref="0x40835460" scoped=""/>
        <function-ref name="stop" ref="0x408356e0" scoped=""/>
      </interface-functions>
    </interface></specification><referenced/></component>