<?xml version="1.0" ?><component loc="43:/home/zly/tinyos-main/tos/chips/cc2420/alarm/AlarmMultiplexC.nc" nicename="tos.chips.cc2420.alarm.AlarmMultiplexC" qname="AlarmMultiplexC">
      <documentation loc="32:/home/zly/tinyos-main/tos/chips/cc2420/alarm/AlarmMultiplexC.nc">
        <short>
 A component that multiplexes the use of an alarm.</short>
        <long>
 A component that multiplexes the use of an alarm. The assumption is
 that its use is mutually exclusive and users check whether the
 events are for them.

 @author Jonathan Hui &lt;jhui@archrock.com&gt;
 @version $Revision: 1.1 $ $Date: 2007-07-04 00:37:14 $
</long>
      </documentation>
      <configuration/>
      <wiring>
        <wire loc="54:/home/zly/tinyos-main/tos/chips/cc2420/alarm/AlarmMultiplexC.nc">
          <from><interface-ref name="Init" ref="0x40978ae8" scoped=""/></from>
          <to><interface-ref name="Init" ref="0x409725a8" scoped=""/></to>
        </wire>
        <wire loc="55:/home/zly/tinyos-main/tos/chips/cc2420/alarm/AlarmMultiplexC.nc">
          <from><interface-ref name="Alarm32khz32" ref="0x409750e0" scoped=""/></from>
          <to><interface-ref name="Alarm32khz32" ref="0x40972a20" scoped=""/></to>
        </wire>
      </wiring>
    <specification><interface loc="45:/home/zly/tinyos-main/tos/chips/cc2420/alarm/AlarmMultiplexC.nc" name="Init" provided="1" ref="0x40978ae8">
      <component-ref nicename="tos.chips.cc2420.alarm.AlarmMultiplexC" qname="AlarmMultiplexC"/>
      <type-interface alignment="I:2" size="I:2"><interface-ref name="Init" ref="0x40978ae8" scoped=""/></type-interface>
      <instance>
        <interfacedef-ref nicename="tos.interfaces.Init" qname="Init"/>
      </instance>
      <interface-functions>
        <function-ref name="init" ref="0x40978cc0" scoped=""/>
      </interface-functions>
    </interface><interface loc="46:/home/zly/tinyos-main/tos/chips/cc2420/alarm/AlarmMultiplexC.nc" name="Alarm32khz32" provided="1" ref="0x409750e0">
      <component-ref nicename="tos.chips.cc2420.alarm.AlarmMultiplexC" qname="AlarmMultiplexC"/>
      <type-interface alignment="I:2" size="I:2"><interface-ref name="Alarm32khz32" ref="0x409750e0" scoped=""/></type-interface>
      <instance>
        <interfacedef-ref nicename="tos.lib.timer.Alarm" qname="Alarm"/>
        <arguments>
          <type-tag alignment="I:2" size="I:2"><struct-ref ref="0x40614ca8"/>
            <typename><typedef-ref name="T32khz" ref="0x40614e70"/></typename>
          </type-tag>
          <type-int alignment="I:2" cname="unsigned long" size="I:4" unsigned="">
            <typename><typedef-ref name="uint32_t" ref="0x40213250"/></typename>
          </type-int>
        </arguments>
      </instance>
      <interface-functions>
        <function-ref name="getNow" ref="0x409745c8" scoped=""/>
        <function-ref name="fired" ref="0x40975d48" scoped=""/>
        <function-ref name="startAt" ref="0x40974288" scoped=""/>
        <function-ref name="isRunning" ref="0x40974010" scoped=""/>
        <function-ref name="getAlarm" ref="0x40974840" scoped=""/>
        <function-ref name="start" ref="0x40975830" scoped=""/>
        <function-ref name="stop" ref="0x40975ad0" scoped=""/>
      </interface-functions>
    </interface></specification><referenced><interface loc="42:/home/zly/tinyos-main/tos/platforms/telosa/chips/cc2420/HplCC2420AlarmC.nc" name="Init" provided="1" ref="0x409725a8">
      <component-ref nicename="tos.platforms.telosa.chips.cc2420.HplCC2420AlarmC" qname="AlarmMultiplexC.Alarm"/>
      <type-interface alignment="I:2" size="I:2"><interface-ref name="Init" ref="0x409725a8" scoped=""/></type-interface>
      <instance>
        <interfacedef-ref nicename="tos.interfaces.Init" qname="Init"/>
      </instance>
      <interface-functions>
        <function-ref name="init" ref="0x40972780" scoped=""/>
      </interface-functions>
    </interface><interface loc="43:/home/zly/tinyos-main/tos/platforms/telosa/chips/cc2420/HplCC2420AlarmC.nc" name="Alarm32khz32" provided="1" ref="0x40972a20">
      <component-ref nicename="tos.platforms.telosa.chips.cc2420.HplCC2420AlarmC" qname="AlarmMultiplexC.Alarm"/>
      <type-interface alignment="I:2" size="I:2"><interface-ref name="Alarm32khz32" ref="0x40972a20" scoped=""/></type-interface>
      <instance>
        <interfacedef-ref nicename="tos.lib.timer.Alarm" qname="Alarm"/>
        <arguments>
          <type-tag alignment="I:2" size="I:2"><struct-ref ref="0x40614ca8"/>
            <typename><typedef-ref name="T32khz" ref="0x40614e70"/></typename>
          </type-tag>
          <type-int alignment="I:2" cname="unsigned long" size="I:4" unsigned="">
            <typename><typedef-ref name="uint32_t" ref="0x40213250"/></typename>
          </type-int>
        </arguments>
      </instance>
      <interface-functions>
        <function-ref name="getNow" ref="0x40991010" scoped=""/>
        <function-ref name="fired" ref="0x40992718" scoped=""/>
        <function-ref name="startAt" ref="0x40992c08" scoped=""/>
        <function-ref name="isRunning" ref="0x40992990" scoped=""/>
        <function-ref name="getAlarm" ref="0x40991288" scoped=""/>
        <function-ref name="start" ref="0x40992200" scoped=""/>
        <function-ref name="stop" ref="0x409924a0" scoped=""/>
      </interface-functions>
    </interface><component loc="40(AlarmMultiplexC.Alarm):/home/zly/tinyos-main/tos/platforms/telosa/chips/cc2420/HplCC2420AlarmC.nc" nicename="tos.platforms.telosa.chips.cc2420.HplCC2420AlarmC" qname="AlarmMultiplexC.Alarm">
      <documentation loc="32:/home/zly/tinyos-main/tos/platforms/telosa/chips/cc2420/HplCC2420AlarmC.nc">
        <short>
 HPL implementation of 32khz alarms for the ChipCon CC2420 radio
 connected to a TI MSP430 processor.</short>
        <long>
 HPL implementation of 32khz alarms for the ChipCon CC2420 radio
 connected to a TI MSP430 processor.

 @author Jonathan Hui &lt;jhui@archrock.com&gt;
 @version $Revision: 1.4 $ $Date: 2006-12-12 18:23:44 $
</long>
      </documentation>
      <instance number="0">
        <component-ref nicename="tos.platforms.telosa.chips.cc2420.HplCC2420AlarmC" qname="HplCC2420AlarmC"/>
      </instance>
      <configuration/>
      <wiring>
        <wire loc="51:/home/zly/tinyos-main/tos/platforms/telosa/chips/cc2420/HplCC2420AlarmC.nc">
          <from><interface-ref name="Init" ref="0x409725a8" scoped=""/></from>
          <to><interface-ref name="Init" ref="0x41452010" scoped=""/></to>
        </wire>
        <wire loc="52:/home/zly/tinyos-main/tos/platforms/telosa/chips/cc2420/HplCC2420AlarmC.nc">
          <from><interface-ref name="Alarm32khz32" ref="0x40972a20" scoped=""/></from>
          <to><interface-ref name="Alarm" ref="0x41452468" scoped=""/></to>
        </wire>
      </wiring>
    </component></referenced></component>