<?xml version="1.0" ?><component loc="38:/home/zly/tinyos-main/tos/chips/cc2420/unique/UniqueSendP.nc" nicename="tos.chips.cc2420.unique.UniqueSendP" qname="UniqueSendP" safe="">
      <documentation loc="32:/home/zly/tinyos-main/tos/chips/cc2420/unique/UniqueSendP.nc">
        <short>
 This layer is responsible for supplying a unique data sequence number (dsn)
 to each outgoing message.</short>
        <long>
 This layer is responsible for supplying a unique data sequence number (dsn)
 to each outgoing message.
 @author David Moss
</long>
      </documentation>
      <module/>
    <specification><interface loc="45:/home/zly/tinyos-main/tos/chips/cc2420/unique/UniqueSendP.nc" name="SubSend" provided="0" ref="0x40fff570">
      <component-ref nicename="tos.chips.cc2420.unique.UniqueSendP" qname="UniqueSendP"/>
      <type-interface alignment="I:2" size="I:2"><interface-ref name="SubSend" ref="0x40fff570" scoped=""/></type-interface>
      <instance>
        <interfacedef-ref nicename="tos.interfaces.Send" qname="Send"/>
      </instance>
      <interface-functions>
        <function-ref name="send" ref="0x40fff748" scoped=""/>
        <function-ref name="getPayload" ref="0x40fff828" scoped=""/>
        <function-ref name="maxPayloadLength" ref="0x40fff908" scoped=""/>
        <function-ref name="cancel" ref="0x40fff9e8" scoped=""/>
        <function-ref name="sendDone" ref="0x40fffac8" scoped=""/>
      </interface-functions>
    </interface><interface loc="40:/home/zly/tinyos-main/tos/chips/cc2420/unique/UniqueSendP.nc" name="Send" provided="1" ref="0x41002a20">
      <component-ref nicename="tos.chips.cc2420.unique.UniqueSendP" qname="UniqueSendP"/>
      <type-interface alignment="I:2" size="I:2"><interface-ref name="Send" ref="0x41002a20" scoped=""/></type-interface>
      <instance>
        <interfacedef-ref nicename="tos.interfaces.Send" qname="Send"/>
      </instance>
      <interface-functions>
        <function-ref name="send" ref="0x41002bf8" scoped=""/>
        <function-ref name="getPayload" ref="0x41002cd8" scoped=""/>
        <function-ref name="maxPayloadLength" ref="0x41002db8" scoped=""/>
        <function-ref name="cancel" ref="0x41002e98" scoped=""/>
        <function-ref name="sendDone" ref="0x40fff010" scoped=""/>
      </interface-functions>
    </interface><interface loc="47:/home/zly/tinyos-main/tos/chips/cc2420/unique/UniqueSendP.nc" name="Random" provided="0" ref="0x40ffe430">
      <component-ref nicename="tos.chips.cc2420.unique.UniqueSendP" qname="UniqueSendP"/>
      <type-interface alignment="I:2" size="I:2"><interface-ref name="Random" ref="0x40ffe430" scoped=""/></type-interface>
      <instance>
        <interfacedef-ref nicename="tos.interfaces.Random" qname="Random"/>
      </instance>
      <interface-functions>
        <function-ref name="rand16" ref="0x40ffe608" scoped=""/>
        <function-ref name="rand32" ref="0x40ffe6e8" scoped=""/>
      </interface-functions>
    </interface><interface loc="41:/home/zly/tinyos-main/tos/chips/cc2420/unique/UniqueSendP.nc" name="Init" provided="1" ref="0x40fff180">
      <component-ref nicename="tos.chips.cc2420.unique.UniqueSendP" qname="UniqueSendP"/>
      <type-interface alignment="I:2" size="I:2"><interface-ref name="Init" ref="0x40fff180" scoped=""/></type-interface>
      <instance>
        <interfacedef-ref nicename="tos.interfaces.Init" qname="Init"/>
      </instance>
      <interface-functions>
        <function-ref name="init" ref="0x40fff358" scoped=""/>
      </interface-functions>
    </interface><interface loc="48:/home/zly/tinyos-main/tos/chips/cc2420/unique/UniqueSendP.nc" name="CC2420PacketBody" provided="0" ref="0x40ffe8d0">
      <component-ref nicename="tos.chips.cc2420.unique.UniqueSendP" qname="UniqueSendP"/>
      <type-interface alignment="I:2" size="I:2"><interface-ref name="CC2420PacketBody" ref="0x40ffe8d0" scoped=""/></type-interface>
      <instance>
        <interfacedef-ref nicename="tos.chips.cc2420.interfaces.CC2420PacketBody" qname="CC2420PacketBody"/>
      </instance>
      <interface-functions>
        <function-ref name="getPayload" ref="0x40ffeaa8" scoped=""/>
        <function-ref name="getHeader" ref="0x40ffeb88" scoped=""/>
        <function-ref name="getMetadata" ref="0x40ffec68" scoped=""/>
      </interface-functions>
    </interface><interface loc="46:/home/zly/tinyos-main/tos/chips/cc2420/unique/UniqueSendP.nc" name="State" provided="0" ref="0x40fffc40">
      <component-ref nicename="tos.chips.cc2420.unique.UniqueSendP" qname="UniqueSendP"/>
      <type-interface alignment="I:2" size="I:2"><interface-ref name="State" ref="0x40fffc40" scoped=""/></type-interface>
      <instance>
        <interfacedef-ref nicename="tos.interfaces.State" qname="State"/>
      </instance>
      <interface-functions>
        <function-ref name="getState" ref="0x40fffe18" scoped=""/>
        <function-ref name="toIdle" ref="0x40fffef8" scoped=""/>
        <function-ref name="isState" ref="0x40ffe010" scoped=""/>
        <function-ref name="isIdle" ref="0x40ffe0f0" scoped=""/>
        <function-ref name="requestState" ref="0x40ffe1d0" scoped=""/>
        <function-ref name="forceState" ref="0x40ffe2b0" scoped=""/>
      </interface-functions>
    </interface></specification><referenced/></component>