<?xml version="1.0" ?><component abstract="" loc="42:/home/zly/tinyos-main/tos/chips/msp430/timer/Msp430CounterC.nc" nicename="tos.chips.msp430.timer.Msp430CounterC" qname="Msp430CounterC" safe="">
      <documentation loc="33:/home/zly/tinyos-main/tos/chips/msp430/timer/Msp430CounterC.nc">
        <short>
 Msp430Counter is a generic component that wraps the MSP430 HPL timers into a
 TinyOS Counter.</short>
        <long>
 Msp430Counter is a generic component that wraps the MSP430 HPL timers into a
 TinyOS Counter.

 @author Cory Sharp &lt;cssharp@eecs.berkeley.edu&gt;
 @see  Please refer to TEP 102 for more information about this component and its
          intended use.
</long>
      </documentation>
      <parameters>
        <typedef loc="42:/home/zly/tinyos-main/tos/chips/msp430/timer/Msp430CounterC.nc" name="frequency_tag" ref="0x407cd5c8">
          <component-ref nicename="tos.chips.msp430.timer.Msp430CounterC" qname="Msp430CounterC"/>
          <type-var alignment="U:" size="U:"><typedef-ref name="frequency_tag" ref="0x407cd5c8" scoped=""/></type-var>
        </typedef>
      </parameters>
      <module/>
    <specification><interface loc="45:/home/zly/tinyos-main/tos/chips/msp430/timer/Msp430CounterC.nc" name="Msp430Timer" provided="0" ref="0x407cae80">
      <component-ref nicename="tos.chips.msp430.timer.Msp430CounterC" qname="Msp430CounterC"/>
      <type-interface alignment="I:2" size="I:2"><interface-ref name="Msp430Timer" ref="0x407cae80" scoped=""/></type-interface>
      <instance>
        <interfacedef-ref nicename="tos.chips.msp430.timer.Msp430Timer" qname="Msp430Timer"/>
      </instance>
      <interface-functions>
        <function-ref name="clear" ref="0x407c9070" scoped=""/>
        <function-ref name="setClockSource" ref="0x407c9150" scoped=""/>
        <function-ref name="enableEvents" ref="0x407c9230" scoped=""/>
        <function-ref name="get" ref="0x407c9310" scoped=""/>
        <function-ref name="disableEvents" ref="0x407c93f0" scoped=""/>
        <function-ref name="clearOverflow" ref="0x407c94d0" scoped=""/>
        <function-ref name="getMode" ref="0x407c95b0" scoped=""/>
        <function-ref name="isOverflowPending" ref="0x407c9690" scoped=""/>
        <function-ref name="overflow" ref="0x407c9770" scoped=""/>
        <function-ref name="setMode" ref="0x407c9850" scoped=""/>
        <function-ref name="setInputDivider" ref="0x407c9930" scoped=""/>
      </interface-functions>
    </interface><interface loc="44:/home/zly/tinyos-main/tos/chips/msp430/timer/Msp430CounterC.nc" name="Counter" provided="1" ref="0x407cdcd8">
      <component-ref nicename="tos.chips.msp430.timer.Msp430CounterC" qname="Msp430CounterC"/>
      <type-interface alignment="I:2" size="I:2"><interface-ref name="Counter" ref="0x407cdcd8" scoped=""/></type-interface>
      <instance>
        <interfacedef-ref nicename="tos.lib.timer.Counter" qname="Counter"/>
        <arguments>
          <type-var alignment="U:" size="U:"><typedef-ref name="frequency_tag" ref="0x407cd5c8" scoped=""/></type-var>
          <type-int alignment="I:2" cname="unsigned int" size="I:2" unsigned="">
            <typename><typedef-ref name="uint16_t" ref="0x40213010"/></typename>
          </type-int>
        </arguments>
      </instance>
      <interface-functions>
        <function-ref name="get" ref="0x407ca478" scoped=""/>
        <function-ref name="clearOverflow" ref="0x407ca968" scoped=""/>
        <function-ref name="isOverflowPending" ref="0x407ca6f0" scoped=""/>
        <function-ref name="overflow" ref="0x407cabe0" scoped=""/>
      </interface-functions>
    </interface></specification><referenced/></component>