<?xml version="1.0" ?><component loc="64:/home/zly/tinyos-main/tos/system/StateImplC.nc" nicename="tos.system.StateImplC" qname="StateImplC">
      <documentation loc="32:/home/zly/tinyos-main/tos/types/State.h">
        <short>
 </short>
        <long>
 @author David Moss
</long>
      </documentation>
      <configuration/>
      <wiring>
        <wire loc="75:/home/zly/tinyos-main/tos/system/StateImplC.nc">
          <from><interface-ref name="State" ref="0x40be4100" scoped=""/></from>
          <to><interface-ref name="State" ref="0x40c09758" scoped=""/></to>
        </wire>
        <wire loc="74:/home/zly/tinyos-main/tos/system/StateImplC.nc">
          <from><interface-ref name="SoftwareInit" ref="0x40610df0" scoped=""/></from>
          <to><interface-ref name="Init" ref="0x40c09128" scoped=""/></to>
        </wire>
      </wiring>
    <specification><interface loc="66:/home/zly/tinyos-main/tos/system/StateImplC.nc" name="State" provided="1" ref="0x40be4100">
      <component-ref nicename="tos.system.StateImplC" qname="StateImplC"/>
      <type-interface alignment="I:2" size="I:2"><interface-ref name="State" ref="0x40be4100" scoped=""/></type-interface>
      <instance>
        <interfacedef-ref nicename="tos.interfaces.State" qname="State"/>
      </instance>
      <interface-parameters>
        <type-int alignment="I:1" cname="unsigned char" size="I:1" unsigned="">
          <typename><typedef-ref name="uint8_t" ref="0x40212dc8"/></typename>
        </type-int>
      </interface-parameters>
      <interface-functions>
        <function-ref name="getState" ref="0x40be42d8" scoped=""/>
        <function-ref name="toIdle" ref="0x40be43b8" scoped=""/>
        <function-ref name="isState" ref="0x40be4498" scoped=""/>
        <function-ref name="isIdle" ref="0x40be4578" scoped=""/>
        <function-ref name="requestState" ref="0x40be4658" scoped=""/>
        <function-ref name="forceState" ref="0x40be4738" scoped=""/>
      </interface-functions>
    </interface></specification><referenced><interface loc="66:/home/zly/tinyos-main/tos/system/StateImplP.nc" name="Init" provided="1" ref="0x40c09128">
      <component-ref nicename="tos.system.StateImplP" qname="StateImplP"/>
      <type-interface alignment="I:2" size="I:2"><interface-ref name="Init" ref="0x40c09128" scoped=""/></type-interface>
      <instance>
        <interfacedef-ref nicename="tos.interfaces.Init" qname="Init"/>
      </instance>
      <interface-functions>
        <function-ref name="init" ref="0x40c09300" scoped=""/>
      </interface-functions>
    </interface><interface loc="67:/home/zly/tinyos-main/tos/system/StateImplP.nc" name="State" provided="1" ref="0x40c09758">
      <component-ref nicename="tos.system.StateImplP" qname="StateImplP"/>
      <type-interface alignment="I:2" size="I:2"><interface-ref name="State" ref="0x40c09758" scoped=""/></type-interface>
      <instance>
        <interfacedef-ref nicename="tos.interfaces.State" qname="State"/>
      </instance>
      <interface-parameters>
        <type-int alignment="I:1" cname="unsigned char" size="I:1" unsigned="">
          <typename><typedef-ref name="uint8_t" ref="0x40212dc8"/></typename>
        </type-int>
      </interface-parameters>
      <interface-functions>
        <function-ref name="getState" ref="0x40c09930" scoped=""/>
        <function-ref name="toIdle" ref="0x40c09a10" scoped=""/>
        <function-ref name="isState" ref="0x40c09af0" scoped=""/>
        <function-ref name="isIdle" ref="0x40c09bd0" scoped=""/>
        <function-ref name="requestState" ref="0x40c09cb0" scoped=""/>
        <function-ref name="forceState" ref="0x40c09d90" scoped=""/>
      </interface-functions>
    </interface><interface loc="58:/home/zly/tinyos-main/tos/system/MainC.nc" name="SoftwareInit" provided="0" ref="0x40610df0">
      <component-ref nicename="tos.system.MainC" qname="MainC"/>
      <type-interface alignment="I:2" size="I:2"><interface-ref name="SoftwareInit" ref="0x40610df0" scoped=""/></type-interface>
      <instance>
        <interfacedef-ref nicename="tos.interfaces.Init" qname="Init"/>
      </instance>
      <interface-functions>
        <function-ref name="init" ref="0x40612010" scoped=""/>
      </interface-functions>
    </interface><component loc="56:/home/zly/tinyos-main/tos/system/MainC.nc" nicename="tos.system.MainC" qname="MainC">
      <documentation loc="45:/home/zly/tinyos-main/tos/system/MainC.nc">
        <short>
 MainC is the system interface the TinyOS boot sequence.</short>
        <long>
 MainC is the system interface the TinyOS boot sequence. It wires the
 boot sequence implementation to the scheduler and hardware resources.

 @author Philip Levis
 @date   August 6 2005
 @see    TEP 107: Boot Sequence
</long>
      </documentation>
      <configuration/>
      <wiring>
        <wire loc="72:/home/zly/tinyos-main/tos/system/MainC.nc">
          <from><interface-ref name="Boot" ref="0x406101c8" scoped=""/></from>
          <to><interface-ref name="Boot" ref="0x40611840" scoped=""/></to>
        </wire>
        <wire loc="67:/home/zly/tinyos-main/tos/system/MainC.nc">
          <from><interface-ref name="Scheduler" ref="0x40611bd8" scoped=""/></from>
          <to><interface-ref name="Scheduler" ref="0x403875f0" scoped=""/></to>
        </wire>
        <wire loc="68:/home/zly/tinyos-main/tos/system/MainC.nc">
          <from><interface-ref name="PlatformInit" ref="0x4062f240" scoped=""/></from>
          <to><interface-ref name="Init" ref="0x406126f8" scoped=""/></to>
        </wire>
        <wire loc="71:/home/zly/tinyos-main/tos/system/MainC.nc">
          <from><interface-ref name="SoftwareInit" ref="0x4062f648" scoped=""/></from>
          <to><interface-ref name="SoftwareInit" ref="0x40610df0" scoped=""/></to>
        </wire>
      </wiring>
    </component><component loc="64:/home/zly/tinyos-main/tos/system/StateImplP.nc" nicename="tos.system.StateImplP" qname="StateImplP" safe="">
      <documentation loc="32:/home/zly/tinyos-main/tos/types/State.h">
        <short>
 </short>
        <long>
 @author David Moss
</long>
      </documentation>
      <module/>
    </component></referenced></component>