<?xml version="1.0" ?><component loc="3:/home/zly/tinyos-main/tos/platforms/telosa/PlatformP.nc" nicename="tos.platforms.telosa.PlatformP" qname="PlatformP" safe="">
      <module/>
    <specification><interface loc="6:/home/zly/tinyos-main/tos/platforms/telosa/PlatformP.nc" name="MoteInit" provided="0" ref="0x4061e8d8">
      <component-ref nicename="tos.platforms.telosa.PlatformP" qname="PlatformP"/>
      <type-interface alignment="I:2" size="I:2"><interface-ref name="MoteInit" ref="0x4061e8d8" scoped=""/></type-interface>
      <instance>
        <interfacedef-ref nicename="tos.interfaces.Init" qname="Init"/>
      </instance>
      <interface-functions>
        <function-ref name="init" ref="0x4061eab0" scoped=""/>
      </interface-functions>
    </interface><interface loc="4:/home/zly/tinyos-main/tos/platforms/telosa/PlatformP.nc" name="Init" provided="1" ref="0x4061e0e8">
      <component-ref nicename="tos.platforms.telosa.PlatformP" qname="PlatformP"/>
      <type-interface alignment="I:2" size="I:2"><interface-ref name="Init" ref="0x4061e0e8" scoped=""/></type-interface>
      <instance>
        <interfacedef-ref nicename="tos.interfaces.Init" qname="Init"/>
      </instance>
      <interface-functions>
        <function-ref name="init" ref="0x4061e2c0" scoped=""/>
      </interface-functions>
    </interface><interface loc="5:/home/zly/tinyos-main/tos/platforms/telosa/PlatformP.nc" name="MoteClockInit" provided="0" ref="0x4061e4f8">
      <component-ref nicename="tos.platforms.telosa.PlatformP" qname="PlatformP"/>
      <type-interface alignment="I:2" size="I:2"><interface-ref name="MoteClockInit" ref="0x4061e4f8" scoped=""/></type-interface>
      <instance>
        <interfacedef-ref nicename="tos.interfaces.Init" qname="Init"/>
      </instance>
      <interface-functions>
        <function-ref name="init" ref="0x4061e6d0" scoped=""/>
      </interface-functions>
    </interface><interface loc="7:/home/zly/tinyos-main/tos/platforms/telosa/PlatformP.nc" name="LedsInit" provided="0" ref="0x4061ecb8">
      <component-ref nicename="tos.platforms.telosa.PlatformP" qname="PlatformP"/>
      <type-interface alignment="I:2" size="I:2"><interface-ref name="LedsInit" ref="0x4061ecb8" scoped=""/></type-interface>
      <instance>
        <interfacedef-ref nicename="tos.interfaces.Init" qname="Init"/>
      </instance>
      <interface-functions>
        <function-ref name="init" ref="0x4061ee90" scoped=""/>
      </interface-functions>
    </interface></specification><referenced/></component>