<?xml version="1.0" ?><component loc="39:/home/zly/tinyos-main/tos/chips/msp430/timer/BusyWaitMicroC.nc" nicename="tos.chips.msp430.timer.BusyWaitMicroC" qname="BusyWaitMicroC">
      <documentation loc="33:/home/zly/tinyos-main/tos/chips/msp430/timer/BusyWaitMicroC.nc">
        <short>
 </short>
        <long>
 @author Cory Sharp &lt;cssharp@eecs.berkeley.edu&gt;
 @see  Please refer to TEP 102 for more information about this component and its
          intended use.
</long>
      </documentation>
      <configuration/>
      <wiring>
        <wire loc="49:/home/zly/tinyos-main/tos/chips/msp430/timer/BusyWaitMicroC.nc">
          <from><interface-ref name="BusyWait" ref="0x40e853e8" scoped=""/></from>
          <to><interface-ref name="BusyWait" ref="0x40e83ad8" scoped=""/></to>
        </wire>
        <wire loc="50:/home/zly/tinyos-main/tos/chips/msp430/timer/BusyWaitMicroC.nc">
          <from><interface-ref name="Counter" ref="0x40e82680" scoped=""/></from>
          <to><interface-ref name="Msp430CounterMicro" ref="0x40e77440" scoped=""/></to>
        </wire>
      </wiring>
    <specification><interface loc="41:/home/zly/tinyos-main/tos/chips/msp430/timer/BusyWaitMicroC.nc" name="BusyWait" provided="1" ref="0x40e853e8">
      <component-ref nicename="tos.chips.msp430.timer.BusyWaitMicroC" qname="BusyWaitMicroC"/>
      <type-interface alignment="I:2" size="I:2"><interface-ref name="BusyWait" ref="0x40e853e8" scoped=""/></type-interface>
      <instance>
        <interfacedef-ref nicename="tos.lib.timer.BusyWait" qname="BusyWait"/>
        <arguments>
          <type-tag alignment="I:2" size="I:2"><struct-ref ref="0x40715138"/>
            <typename><typedef-ref name="TMicro" ref="0x40715300"/></typename>
          </type-tag>
          <type-int alignment="I:2" cname="unsigned int" size="I:2" unsigned="">
            <typename><typedef-ref name="uint16_t" ref="0x40213010"/></typename>
          </type-int>
        </arguments>
      </instance>
      <interface-functions>
        <function-ref name="wait" ref="0x40e85b38" scoped=""/>
      </interface-functions>
    </interface></specification><referenced><interface loc="53:/home/zly/tinyos-main/tos/lib/timer/BusyWaitCounterC.nc" name="BusyWait" provided="1" ref="0x40e83ad8">
      <component-ref nicename="tos.lib.timer.BusyWaitCounterC" qname="BusyWaitMicroC.BusyWaitCounterC"/>
      <type-interface alignment="I:2" size="I:2"><interface-ref name="BusyWait" ref="0x40e83ad8" scoped=""/></type-interface>
      <instance>
        <interfacedef-ref nicename="tos.lib.timer.BusyWait" qname="BusyWait"/>
        <arguments>
          <type-tag alignment="I:2" size="I:2"><struct-ref ref="0x40715138"/>
            <typename><typedef-ref name="TMicro" ref="0x40715300"/></typename>
          </type-tag>
          <type-int alignment="I:2" cname="unsigned int" size="I:2" unsigned="">
            <typename><typedef-ref name="uint16_t" ref="0x40213010"/></typename>
          </type-int>
        </arguments>
      </instance>
      <interface-functions>
        <function-ref name="wait" ref="0x40e82308" scoped=""/>
      </interface-functions>
    </interface><interface loc="43:/home/zly/tinyos-main/tos/chips/msp430/timer/Msp430CounterMicroC.nc" name="Msp430CounterMicro" provided="1" ref="0x40e77440">
      <component-ref nicename="tos.chips.msp430.timer.Msp430CounterMicroC" qname="Msp430CounterMicroC"/>
      <type-interface alignment="I:2" size="I:2"><interface-ref name="Msp430CounterMicro" ref="0x40e77440" scoped=""/></type-interface>
      <instance>
        <interfacedef-ref nicename="tos.lib.timer.Counter" qname="Counter"/>
        <arguments>
          <type-tag alignment="I:2" size="I:2"><struct-ref ref="0x40715138"/>
            <typename><typedef-ref name="TMicro" ref="0x40715300"/></typename>
          </type-tag>
          <type-int alignment="I:2" cname="unsigned int" size="I:2" unsigned="">
            <typename><typedef-ref name="uint16_t" ref="0x40213010"/></typename>
          </type-int>
        </arguments>
      </instance>
      <interface-functions>
        <function-ref name="get" ref="0x40e77b90" scoped=""/>
        <function-ref name="clearOverflow" ref="0x40e750a8" scoped=""/>
        <function-ref name="isOverflowPending" ref="0x40e77e08" scoped=""/>
        <function-ref name="overflow" ref="0x40e75320" scoped=""/>
      </interface-functions>
    </interface><interface loc="54:/home/zly/tinyos-main/tos/lib/timer/BusyWaitCounterC.nc" name="Counter" provided="0" ref="0x40e82680">
      <component-ref nicename="tos.lib.timer.BusyWaitCounterC" qname="BusyWaitMicroC.BusyWaitCounterC"/>
      <type-interface alignment="I:2" size="I:2"><interface-ref name="Counter" ref="0x40e82680" scoped=""/></type-interface>
      <instance>
        <interfacedef-ref nicename="tos.lib.timer.Counter" qname="Counter"/>
        <arguments>
          <type-tag alignment="I:2" size="I:2"><struct-ref ref="0x40715138"/>
            <typename><typedef-ref name="TMicro" ref="0x40715300"/></typename>
          </type-tag>
          <type-int alignment="I:2" cname="unsigned int" size="I:2" unsigned="">
            <typename><typedef-ref name="uint16_t" ref="0x40213010"/></typename>
          </type-int>
        </arguments>
      </instance>
      <interface-functions>
        <function-ref name="get" ref="0x40e82dd0" scoped=""/>
        <function-ref name="clearOverflow" ref="0x40e7a2e0" scoped=""/>
        <function-ref name="isOverflowPending" ref="0x40e7a068" scoped=""/>
        <function-ref name="overflow" ref="0x40e7a558" scoped=""/>
      </interface-functions>
    </interface><component loc="41:/home/zly/tinyos-main/tos/chips/msp430/timer/Msp430CounterMicroC.nc" nicename="tos.chips.msp430.timer.Msp430CounterMicroC" qname="Msp430CounterMicroC">
      <documentation loc="33:/home/zly/tinyos-main/tos/chips/msp430/timer/Msp430CounterMicroC.nc">
        <short>
 Msp430Counter32khC provides the standard 32khz counter for the MSP430.</short>
        <long>
 Msp430Counter32khC provides the standard 32khz counter for the MSP430.

 @author Cory Sharp &lt;cssharp@eecs.berkeley.edu&gt;
 @see  Please refer to TEP 102 for more information about this component and its
          intended use.
</long>
      </documentation>
      <configuration/>
      <wiring>
        <wire loc="51:/home/zly/tinyos-main/tos/chips/msp430/timer/Msp430CounterMicroC.nc">
          <from><interface-ref name="Msp430CounterMicro" ref="0x40e77440" scoped=""/></from>
          <to><interface-ref name="Counter" ref="0x40e741b0" scoped=""/></to>
        </wire>
        <wire loc="52:/home/zly/tinyos-main/tos/chips/msp430/timer/Msp430CounterMicroC.nc">
          <from><interface-ref name="Msp430Timer" ref="0x40ea62b8" scoped=""/></from>
          <to><interface-ref name="TimerA" ref="0x40657c40" scoped=""/></to>
        </wire>
      </wiring>
    </component><component loc="51(BusyWaitMicroC.BusyWaitCounterC):/home/zly/tinyos-main/tos/lib/timer/BusyWaitCounterC.nc" nicename="tos.lib.timer.BusyWaitCounterC" qname="BusyWaitMicroC.BusyWaitCounterC">
      <documentation loc="36:/home/zly/tinyos-main/tos/lib/timer/BusyWaitCounterC.nc">
        <short>
 BusyWaitCounterC uses a Counter to implement the BusyWait interface
 (block until a specified amount of time elapses).</short>
        <long>
 BusyWaitCounterC uses a Counter to implement the BusyWait interface
 (block until a specified amount of time elapses). See TEP102 for more
 details.

 &lt;p&gt;See TEP102 for more details.

 @param precision_tag A type indicating the precision of the BusyWait
   interface.
 @param size_type An integer type representing time values for the
   BusyWait interface.

 @author Cory Sharp &lt;cssharp@eecs.berkeley.edu&gt;
</long>
      </documentation>
      <instance number="0">
        <component-ref nicename="tos.lib.timer.BusyWaitCounterC" qname="BusyWaitCounterC"/>
        <arguments>
          <type-tag alignment="I:2" size="I:2"><struct-ref ref="0x40715138"/>
            <typename><typedef-ref name="TMicro" ref="0x40715300"/></typename>
          </type-tag>
          <type-int alignment="I:2" cname="unsigned int" size="I:2" unsigned="">
            <typename><typedef-ref name="uint16_t" ref="0x40213010"/></typename>
          </type-int>
        </arguments>
      </instance>
      <module/>
    </component></referenced></component>