<?xml version="1.0" ?><component loc="44:/home/zly/tinyos-main/tos/system/LedsP.nc" nicename="tos.system.LedsP" qname="LedsP" safe="">
      <documentation loc="35:/home/zly/tinyos-main/tos/system/LedsP.nc">
        <short>
 The implementation of the standard 3 LED mote abstraction.</short>
        <long>
 The implementation of the standard 3 LED mote abstraction.

 @author Joe Polastre
 @author Philip Levis

 @date   March 21, 2005
</long>
      </documentation>
      <module/>
    <specification><interface loc="50:/home/zly/tinyos-main/tos/system/LedsP.nc" name="Led0" provided="0" ref="0x40cffef8">
      <component-ref nicename="tos.system.LedsP" qname="LedsP"/>
      <type-interface alignment="I:2" size="I:2"><interface-ref name="Led0" ref="0x40cffef8" scoped=""/></type-interface>
      <instance>
        <interfacedef-ref nicename="tos.interfaces.GeneralIO" qname="GeneralIO"/>
      </instance>
      <interface-functions>
        <function-ref name="makeInput" ref="0x40cfe0e0" scoped=""/>
        <function-ref name="isInput" ref="0x40cfe1c0" scoped=""/>
        <function-ref name="toggle" ref="0x40cfe2a0" scoped=""/>
        <function-ref name="isOutput" ref="0x40cfe380" scoped=""/>
        <function-ref name="get" ref="0x40cfe460" scoped=""/>
        <function-ref name="makeOutput" ref="0x40cfe540" scoped=""/>
        <function-ref name="set" ref="0x40cfe620" scoped=""/>
        <function-ref name="clr" ref="0x40cfe700" scoped=""/>
      </interface-functions>
    </interface><interface loc="46:/home/zly/tinyos-main/tos/system/LedsP.nc" name="Init" provided="1" ref="0x40d02eb8">
      <component-ref nicename="tos.system.LedsP" qname="LedsP"/>
      <type-interface alignment="I:2" size="I:2"><interface-ref name="Init" ref="0x40d02eb8" scoped=""/></type-interface>
      <instance>
        <interfacedef-ref nicename="tos.interfaces.Init" qname="Init"/>
      </instance>
      <interface-functions>
        <function-ref name="init" ref="0x40cff0c0" scoped=""/>
      </interface-functions>
    </interface><interface loc="51:/home/zly/tinyos-main/tos/system/LedsP.nc" name="Led1" provided="0" ref="0x40cfe8f0">
      <component-ref nicename="tos.system.LedsP" qname="LedsP"/>
      <type-interface alignment="I:2" size="I:2"><interface-ref name="Led1" ref="0x40cfe8f0" scoped=""/></type-interface>
      <instance>
        <interfacedef-ref nicename="tos.interfaces.GeneralIO" qname="GeneralIO"/>
      </instance>
      <interface-functions>
        <function-ref name="makeInput" ref="0x40cfeac8" scoped=""/>
        <function-ref name="isInput" ref="0x40cfeba8" scoped=""/>
        <function-ref name="toggle" ref="0x40cfec88" scoped=""/>
        <function-ref name="isOutput" ref="0x40cfed68" scoped=""/>
        <function-ref name="get" ref="0x40cfee48" scoped=""/>
        <function-ref name="makeOutput" ref="0x40cfef28" scoped=""/>
        <function-ref name="set" ref="0x40cfd018" scoped=""/>
        <function-ref name="clr" ref="0x40cfd0f8" scoped=""/>
      </interface-functions>
    </interface><interface loc="47:/home/zly/tinyos-main/tos/system/LedsP.nc" name="Leds" provided="1" ref="0x40cff230">
      <component-ref nicename="tos.system.LedsP" qname="LedsP"/>
      <type-interface alignment="I:2" size="I:2"><interface-ref name="Leds" ref="0x40cff230" scoped=""/></type-interface>
      <instance>
        <interfacedef-ref nicename="tos.interfaces.Leds" qname="Leds"/>
      </instance>
      <interface-functions>
        <function-ref name="led0Off" ref="0x40cff408" scoped=""/>
        <function-ref name="led0Toggle" ref="0x40cff4e8" scoped=""/>
        <function-ref name="led1On" ref="0x40cff5c8" scoped=""/>
        <function-ref name="led1Toggle" ref="0x40cff6a8" scoped=""/>
        <function-ref name="led2Toggle" ref="0x40cff788" scoped=""/>
        <function-ref name="get" ref="0x40cff868" scoped=""/>
        <function-ref name="led1Off" ref="0x40cff948" scoped=""/>
        <function-ref name="led2Off" ref="0x40cffcc8" scoped=""/>
        <function-ref name="set" ref="0x40cffa28" scoped=""/>
        <function-ref name="led0On" ref="0x40cffb08" scoped=""/>
        <function-ref name="led2On" ref="0x40cffbe8" scoped=""/>
      </interface-functions>
    </interface><interface loc="52:/home/zly/tinyos-main/tos/system/LedsP.nc" name="Led2" provided="0" ref="0x40cfd2e8">
      <component-ref nicename="tos.system.LedsP" qname="LedsP"/>
      <type-interface alignment="I:2" size="I:2"><interface-ref name="Led2" ref="0x40cfd2e8" scoped=""/></type-interface>
      <instance>
        <interfacedef-ref nicename="tos.interfaces.GeneralIO" qname="GeneralIO"/>
      </instance>
      <interface-functions>
        <function-ref name="makeInput" ref="0x40cfd4c0" scoped=""/>
        <function-ref name="isInput" ref="0x40cfd5a0" scoped=""/>
        <function-ref name="toggle" ref="0x40cfd680" scoped=""/>
        <function-ref name="isOutput" ref="0x40cfd760" scoped=""/>
        <function-ref name="get" ref="0x40cfd840" scoped=""/>
        <function-ref name="makeOutput" ref="0x40cfd920" scoped=""/>
        <function-ref name="set" ref="0x40cfda00" scoped=""/>
        <function-ref name="clr" ref="0x40cfdae0" scoped=""/>
      </interface-functions>
    </interface></specification><referenced/></component>