<?xml version="1.0" ?><component abstract="" loc="42:/home/zly/tinyos-main/tos/chips/msp430/pins/Msp430GpioC.nc" nicename="tos.chips.msp430.pins.Msp430GpioC" qname="Msp430GpioC" safe="">
      <documentation loc="33:/home/zly/tinyos-main/tos/chips/msp430/pins/Msp430GpioC.nc">
        <short>
 Implementation of the general-purpose I/O abstraction
 for the TI MSP430 microcontroller.</short>
        <long>
 Implementation of the general-purpose I/O abstraction
 for the TI MSP430 microcontroller.

 @author Joe Polastre
 @see  Please refer to TEP 117 for more information about this component and its
          intended use.
</long>
      </documentation>
      <parameters>
      </parameters>
      <module/>
    <specification><interface loc="44:/home/zly/tinyos-main/tos/chips/msp430/pins/Msp430GpioC.nc" name="HplGeneralIO" provided="0" ref="0x40ab12c8">
      <component-ref nicename="tos.chips.msp430.pins.Msp430GpioC" qname="Msp430GpioC"/>
      <type-interface alignment="I:2" size="I:2"><interface-ref name="HplGeneralIO" ref="0x40ab12c8" scoped=""/></type-interface>
      <instance>
        <interfacedef-ref nicename="tos.chips.msp430.pins.HplMsp430GeneralIO" qname="HplMsp430GeneralIO"/>
      </instance>
      <interface-functions>
        <function-ref name="makeInput" ref="0x40ab14a0" scoped=""/>
        <function-ref name="isInput" ref="0x40ab1580" scoped=""/>
        <function-ref name="setResistor" ref="0x40ab1660" scoped=""/>
        <function-ref name="toggle" ref="0x40ab1740" scoped=""/>
        <function-ref name="isOutput" ref="0x40ab1820" scoped=""/>
        <function-ref name="getResistor" ref="0x40ab1900" scoped=""/>
        <function-ref name="makeOutput" ref="0x40ab19e0" scoped=""/>
        <function-ref name="get" ref="0x40ab1ac0" scoped=""/>
        <function-ref name="selectIOFunc" ref="0x40ab1ba0" scoped=""/>
        <function-ref name="getRaw" ref="0x40ab1c80" scoped=""/>
        <function-ref name="set" ref="0x40ab1d60" scoped=""/>
        <function-ref name="selectModuleFunc" ref="0x40ab1e40" scoped=""/>
        <function-ref name="isIOFunc" ref="0x40ab1f20" scoped=""/>
        <function-ref name="isModuleFunc" ref="0x40ab0098" scoped=""/>
        <function-ref name="clr" ref="0x40ab0178" scoped=""/>
      </interface-functions>
    </interface><interface loc="43:/home/zly/tinyos-main/tos/chips/msp430/pins/Msp430GpioC.nc" name="GeneralIO" provided="1" ref="0x40ab47f8">
      <component-ref nicename="tos.chips.msp430.pins.Msp430GpioC" qname="Msp430GpioC"/>
      <type-interface alignment="I:2" size="I:2"><interface-ref name="GeneralIO" ref="0x40ab47f8" scoped=""/></type-interface>
      <instance>
        <interfacedef-ref nicename="tos.interfaces.GeneralIO" qname="GeneralIO"/>
      </instance>
      <interface-functions>
        <function-ref name="makeInput" ref="0x40ab49d0" scoped=""/>
        <function-ref name="isInput" ref="0x40ab4ab0" scoped=""/>
        <function-ref name="toggle" ref="0x40ab4b90" scoped=""/>
        <function-ref name="isOutput" ref="0x40ab4c70" scoped=""/>
        <function-ref name="get" ref="0x40ab4d50" scoped=""/>
        <function-ref name="makeOutput" ref="0x40ab4e30" scoped=""/>
        <function-ref name="set" ref="0x40ab4f10" scoped=""/>
        <function-ref name="clr" ref="0x40ab1010" scoped=""/>
      </interface-functions>
    </interface></specification><referenced/></component>