<?xml version="1.0" ?><component loc="43:/home/zly/tinyos-main/tos/system/RandomC.nc" nicename="tos.system.RandomC" qname="RandomC">
      <documentation loc="33:/home/zly/tinyos-main/tos/system/RandomC.nc">
        <short>
 The standard TinyOS random number generator.</short>
        <long>
 The standard TinyOS random number generator. If your system requires a 
 specific random number generator, it should wire to that component
 directly. 

 @author  Barbara Hohlt 
 @author  Phil Levis 
 @date    March 1 2005
</long>
      </documentation>
      <configuration/>
      <wiring>
        <wire loc="56:/home/zly/tinyos-main/tos/system/RandomC.nc">
          <from><interface-ref name="Random" ref="0x40fda978" scoped=""/></from>
          <to><interface-ref name="Random" ref="0x40fd6478" scoped=""/></to>
        </wire>
        <wire loc="55:/home/zly/tinyos-main/tos/system/RandomC.nc">
          <from><interface-ref name="SeedInit" ref="0x40fda0b8" scoped=""/></from>
          <to><interface-ref name="SeedInit" ref="0x40fd9b10" scoped=""/></to>
        </wire>
        <wire loc="54:/home/zly/tinyos-main/tos/system/RandomC.nc">
          <from><interface-ref name="Init" ref="0x40fdee30" scoped=""/></from>
          <to><interface-ref name="Init" ref="0x40fd95f0" scoped=""/></to>
        </wire>
        <wire loc="52:/home/zly/tinyos-main/tos/system/RandomC.nc">
          <from><interface-ref name="SoftwareInit" ref="0x40610df0" scoped=""/></from>
          <to><interface-ref name="Init" ref="0x40fd95f0" scoped=""/></to>
        </wire>
      </wiring>
    <specification><interface loc="46:/home/zly/tinyos-main/tos/system/RandomC.nc" name="Random" provided="1" ref="0x40fda978">
      <component-ref nicename="tos.system.RandomC" qname="RandomC"/>
      <type-interface alignment="I:2" size="I:2"><interface-ref name="Random" ref="0x40fda978" scoped=""/></type-interface>
      <instance>
        <interfacedef-ref nicename="tos.interfaces.Random" qname="Random"/>
      </instance>
      <interface-functions>
        <function-ref name="rand16" ref="0x40fdab50" scoped=""/>
        <function-ref name="rand32" ref="0x40fdac30" scoped=""/>
      </interface-functions>
    </interface><interface loc="45:/home/zly/tinyos-main/tos/system/RandomC.nc" name="SeedInit" provided="1" ref="0x40fda0b8">
      <component-ref nicename="tos.system.RandomC" qname="RandomC"/>
      <type-interface alignment="I:2" size="I:2"><interface-ref name="SeedInit" ref="0x40fda0b8" scoped=""/></type-interface>
      <instance>
        <interfacedef-ref nicename="tos.interfaces.ParameterInit" qname="ParameterInit"/>
        <arguments>
          <type-int alignment="I:2" cname="unsigned int" size="I:2" unsigned="">
            <typename><typedef-ref name="uint16_t" ref="0x40213010"/></typename>
          </type-int>
        </arguments>
      </instance>
      <interface-functions>
        <function-ref name="init" ref="0x40fda6e0" scoped=""/>
      </interface-functions>
    </interface><interface loc="44:/home/zly/tinyos-main/tos/system/RandomC.nc" name="Init" provided="1" ref="0x40fdee30">
      <component-ref nicename="tos.system.RandomC" qname="RandomC"/>
      <type-interface alignment="I:2" size="I:2"><interface-ref name="Init" ref="0x40fdee30" scoped=""/></type-interface>
      <instance>
        <interfacedef-ref nicename="tos.interfaces.Init" qname="Init"/>
      </instance>
      <interface-functions>
        <function-ref name="init" ref="0x40fdb050" scoped=""/>
      </interface-functions>
    </interface></specification><referenced><interface loc="46:/home/zly/tinyos-main/tos/system/RandomMlcgC.nc" name="Init" provided="1" ref="0x40fd95f0">
      <component-ref nicename="tos.system.RandomMlcgC" qname="RandomMlcgC"/>
      <type-interface alignment="I:2" size="I:2"><interface-ref name="Init" ref="0x40fd95f0" scoped=""/></type-interface>
      <instance>
        <interfacedef-ref nicename="tos.interfaces.Init" qname="Init"/>
      </instance>
      <interface-functions>
        <function-ref name="init" ref="0x40fd97c8" scoped=""/>
      </interface-functions>
    </interface><interface loc="48:/home/zly/tinyos-main/tos/system/RandomMlcgC.nc" name="Random" provided="1" ref="0x40fd6478">
      <component-ref nicename="tos.system.RandomMlcgC" qname="RandomMlcgC"/>
      <type-interface alignment="I:2" size="I:2"><interface-ref name="Random" ref="0x40fd6478" scoped=""/></type-interface>
      <instance>
        <interfacedef-ref nicename="tos.interfaces.Random" qname="Random"/>
      </instance>
      <interface-functions>
        <function-ref name="rand16" ref="0x40fd6650" scoped=""/>
        <function-ref name="rand32" ref="0x40fd6730" scoped=""/>
      </interface-functions>
    </interface><interface loc="47:/home/zly/tinyos-main/tos/system/RandomMlcgC.nc" name="SeedInit" provided="1" ref="0x40fd9b10">
      <component-ref nicename="tos.system.RandomMlcgC" qname="RandomMlcgC"/>
      <type-interface alignment="I:2" size="I:2"><interface-ref name="SeedInit" ref="0x40fd9b10" scoped=""/></type-interface>
      <instance>
        <interfacedef-ref nicename="tos.interfaces.ParameterInit" qname="ParameterInit"/>
        <arguments>
          <type-int alignment="I:2" cname="unsigned int" size="I:2" unsigned="">
            <typename><typedef-ref name="uint16_t" ref="0x40213010"/></typename>
          </type-int>
        </arguments>
      </instance>
      <interface-functions>
        <function-ref name="init" ref="0x40fd61e0" scoped=""/>
      </interface-functions>
    </interface><interface loc="58:/home/zly/tinyos-main/tos/system/MainC.nc" name="SoftwareInit" provided="0" ref="0x40610df0">
      <component-ref nicename="tos.system.MainC" qname="MainC"/>
      <type-interface alignment="I:2" size="I:2"><interface-ref name="SoftwareInit" ref="0x40610df0" scoped=""/></type-interface>
      <instance>
        <interfacedef-ref nicename="tos.interfaces.Init" qname="Init"/>
      </instance>
      <interface-functions>
        <function-ref name="init" ref="0x40612010" scoped=""/>
      </interface-functions>
    </interface><component loc="45:/home/zly/tinyos-main/tos/system/RandomMlcgC.nc" nicename="tos.system.RandomMlcgC" qname="RandomMlcgC" safe="">
      <documentation loc="32:/home/zly/tinyos-main/tos/system/RandomMlcgC.nc">
        <short> This code is a fast implementation of the Park-Miller Minimal Standard 
  Generator for pseudo-random numbers.</short>
        <long> This code is a fast implementation of the Park-Miller Minimal Standard 
  Generator for pseudo-random numbers.  It uses the 32 bit multiplicative 
  linear congruential generator, 

		S' = (A x S) mod (2^31 - 1) 

  for A = 16807.


 @author Barbara Hohlt 
 @date   March 1 2005
</long>
      </documentation>
      <module/>
    </component><component loc="56:/home/zly/tinyos-main/tos/system/MainC.nc" nicename="tos.system.MainC" qname="MainC">
      <documentation loc="45:/home/zly/tinyos-main/tos/system/MainC.nc">
        <short>
 MainC is the system interface the TinyOS boot sequence.</short>
        <long>
 MainC is the system interface the TinyOS boot sequence. It wires the
 boot sequence implementation to the scheduler and hardware resources.

 @author Philip Levis
 @date   August 6 2005
 @see    TEP 107: Boot Sequence
</long>
      </documentation>
      <configuration/>
      <wiring>
        <wire loc="72:/home/zly/tinyos-main/tos/system/MainC.nc">
          <from><interface-ref name="Boot" ref="0x406101c8" scoped=""/></from>
          <to><interface-ref name="Boot" ref="0x40611840" scoped=""/></to>
        </wire>
        <wire loc="67:/home/zly/tinyos-main/tos/system/MainC.nc">
          <from><interface-ref name="Scheduler" ref="0x40611bd8" scoped=""/></from>
          <to><interface-ref name="Scheduler" ref="0x403875f0" scoped=""/></to>
        </wire>
        <wire loc="68:/home/zly/tinyos-main/tos/system/MainC.nc">
          <from><interface-ref name="PlatformInit" ref="0x4062f240" scoped=""/></from>
          <to><interface-ref name="Init" ref="0x406126f8" scoped=""/></to>
        </wire>
        <wire loc="71:/home/zly/tinyos-main/tos/system/MainC.nc">
          <from><interface-ref name="SoftwareInit" ref="0x4062f648" scoped=""/></from>
          <to><interface-ref name="SoftwareInit" ref="0x40610df0" scoped=""/></to>
        </wire>
      </wiring>
    </component></referenced></component>