<?xml version="1.0" ?><component loc="56:/home/zly/tinyos-main/tos/system/RealMainP.nc" nicename="tos.system.RealMainP" qname="RealMainP" safe="">
      <documentation loc="49:/home/zly/tinyos-main/tos/system/RealMainP.nc">
        <short>
 RealMain implements the TinyOS boot sequence, as documented in TEP 107.</short>
        <long>
 RealMain implements the TinyOS boot sequence, as documented in TEP 107.

 @author Philip Levis
 @date   January 17 2005
</long>
      </documentation>
      <module/>
    <specification><interface loc="60:/home/zly/tinyos-main/tos/system/RealMainP.nc" name="SoftwareInit" provided="0" ref="0x4062f648">
      <component-ref nicename="tos.system.RealMainP" qname="RealMainP"/>
      <type-interface alignment="I:2" size="I:2"><interface-ref name="SoftwareInit" ref="0x4062f648" scoped=""/></type-interface>
      <instance>
        <interfacedef-ref nicename="tos.interfaces.Init" qname="Init"/>
      </instance>
      <interface-functions>
        <function-ref name="init" ref="0x4062f820" scoped=""/>
      </interface-functions>
    </interface><interface loc="57:/home/zly/tinyos-main/tos/system/RealMainP.nc" name="Boot" provided="1" ref="0x40611840">
      <component-ref nicename="tos.system.RealMainP" qname="RealMainP"/>
      <type-interface alignment="I:2" size="I:2"><interface-ref name="Boot" ref="0x40611840" scoped=""/></type-interface>
      <instance>
        <interfacedef-ref nicename="tos.interfaces.Boot" qname="Boot"/>
      </instance>
      <interface-functions>
        <function-ref name="booted" ref="0x40611a18" scoped=""/>
      </interface-functions>
    </interface><interface loc="59:/home/zly/tinyos-main/tos/system/RealMainP.nc" name="PlatformInit" provided="0" ref="0x4062f240">
      <component-ref nicename="tos.system.RealMainP" qname="RealMainP"/>
      <type-interface alignment="I:2" size="I:2"><interface-ref name="PlatformInit" ref="0x4062f240" scoped=""/></type-interface>
      <instance>
        <interfacedef-ref nicename="tos.interfaces.Init" qname="Init"/>
      </instance>
      <interface-functions>
        <function-ref name="init" ref="0x4062f418" scoped=""/>
      </interface-functions>
    </interface><interface loc="58:/home/zly/tinyos-main/tos/system/RealMainP.nc" name="Scheduler" provided="0" ref="0x40611bd8">
      <component-ref nicename="tos.system.RealMainP" qname="RealMainP"/>
      <type-interface alignment="I:2" size="I:2"><interface-ref name="Scheduler" ref="0x40611bd8" scoped=""/></type-interface>
      <instance>
        <interfacedef-ref nicename="tos.interfaces.Scheduler" qname="Scheduler"/>
      </instance>
      <interface-functions>
        <function-ref name="init" ref="0x40611db0" scoped=""/>
        <function-ref name="taskLoop" ref="0x40611e90" scoped=""/>
        <function-ref name="runNextTask" ref="0x4062f010" scoped=""/>
      </interface-functions>
    </interface></specification><referenced/></component>