<?xml version="1.0" ?><component loc="44:/home/zly/tinyos-main/tos/lib/serial/SerialActiveMessageC.nc" nicename="tos.lib.serial.SerialActiveMessageC" qname="SerialActiveMessageC">
      <documentation loc="71:/home/zly/tinyos-main/tos/lib/serial/Serial.h">
        <short>
 </short>
        <long>
 @author Phil Buonadonna
 @author Lewis Girod
 @author Ben Greenstein
 @author Philip Levis
 @date   August 7 2005
</long>
      </documentation>
      <configuration/>
      <wiring>
        <wire loc="61:/home/zly/tinyos-main/tos/lib/serial/SerialActiveMessageC.nc">
          <from><interface-ref name="SplitControl" ref="0x41129330" scoped=""/></from>
          <to><interface-ref name="SplitControl" ref="0x4116a8f0" scoped=""/></to>
        </wire>
        <wire loc="63:/home/zly/tinyos-main/tos/lib/serial/SerialActiveMessageC.nc">
          <from><interface-ref name="AMSend" ref="0x41129c08" scoped=""/></from>
          <to><interface-ref name="AMSend" ref="0x41122738" scoped=""/></to>
        </wire>
        <wire loc="65:/home/zly/tinyos-main/tos/lib/serial/SerialActiveMessageC.nc">
          <from><interface-ref name="Packet" ref="0x41126990" scoped=""/></from>
          <to><interface-ref name="Packet" ref="0x41121d88" scoped=""/></to>
        </wire>
        <wire loc="64:/home/zly/tinyos-main/tos/lib/serial/SerialActiveMessageC.nc">
          <from><interface-ref name="Receive" ref="0x41126638" scoped=""/></from>
          <to><interface-ref name="Receive" ref="0x41122e78" scoped=""/></to>
        </wire>
        <wire loc="67:/home/zly/tinyos-main/tos/lib/serial/SerialActiveMessageC.nc">
          <from><interface-ref name="PacketAcknowledgements" ref="0x41125d70" scoped=""/></from>
          <to><interface-ref name="PacketAcknowledgements" ref="0x4112f4d0" scoped=""/></to>
        </wire>
        <wire loc="66:/home/zly/tinyos-main/tos/lib/serial/SerialActiveMessageC.nc">
          <from><interface-ref name="AMPacket" ref="0x411250b8" scoped=""/></from>
          <to><interface-ref name="AMPacket" ref="0x411211b0" scoped=""/></to>
        </wire>
        <wire loc="59:/home/zly/tinyos-main/tos/lib/serial/SerialActiveMessageC.nc">
          <from><interface-ref name="SoftwareInit" ref="0x40610df0" scoped=""/></from>
          <to><interface-ref name="Init" ref="0x4116a558" scoped=""/></to>
        </wire>
        <wire loc="60:/home/zly/tinyos-main/tos/lib/serial/SerialActiveMessageC.nc">
          <from><interface-ref name="Leds" ref="0x411653f0" scoped=""/></from>
          <to><interface-ref name="Leds" ref="0x41124370" scoped=""/></to>
        </wire>
        <wire loc="69:/home/zly/tinyos-main/tos/lib/serial/SerialActiveMessageC.nc">
          <from><interface-ref name="SubSend" ref="0x4112f9f8" scoped=""/></from>
          <to><interface-ref name="Send" ref="0x411677e0" scoped=""/>
          <arguments>
            <value cst="I:0">
              <type-int alignment="I:2" cname="int" size="I:2"/>
            </value>
          </arguments>
          </to>
        </wire>
        <wire loc="70:/home/zly/tinyos-main/tos/lib/serial/SerialActiveMessageC.nc">
          <from><interface-ref name="SubReceive" ref="0x4116b170" scoped=""/></from>
          <to><interface-ref name="Receive" ref="0x411671d8" scoped=""/>
          <arguments>
            <value cst="I:0">
              <type-int alignment="I:2" cname="int" size="I:2"/>
            </value>
          </arguments>
          </to>
        </wire>
        <wire loc="72:/home/zly/tinyos-main/tos/lib/serial/SerialActiveMessageC.nc">
          <from><interface-ref name="SerialPacketInfo" ref="0x41163ea8" scoped=""/>
          <arguments>
            <value cst="I:0">
              <type-int alignment="I:2" cname="int" size="I:2"/>
            </value>
          </arguments>
          </from>
          <to><interface-ref name="Info" ref="0x41304be8" scoped=""/></to>
        </wire>
      </wiring>
    <specification><interface loc="46:/home/zly/tinyos-main/tos/lib/serial/SerialActiveMessageC.nc" name="SplitControl" provided="1" ref="0x41129330">
      <component-ref nicename="tos.lib.serial.SerialActiveMessageC" qname="SerialActiveMessageC"/>
      <type-interface alignment="I:2" size="I:2"><interface-ref name="SplitControl" ref="0x41129330" scoped=""/></type-interface>
      <instance>
        <interfacedef-ref nicename="tos.interfaces.SplitControl" qname="SplitControl"/>
      </instance>
      <interface-functions>
        <function-ref name="startDone" ref="0x41129508" scoped=""/>
        <function-ref name="stopDone" ref="0x411295e8" scoped=""/>
        <function-ref name="start" ref="0x411296c8" scoped=""/>
        <function-ref name="stop" ref="0x411297a8" scoped=""/>
      </interface-functions>
    </interface><interface loc="47:/home/zly/tinyos-main/tos/lib/serial/SerialActiveMessageC.nc" name="AMSend" provided="1" ref="0x41129c08">
      <component-ref nicename="tos.lib.serial.SerialActiveMessageC" qname="SerialActiveMessageC"/>
      <type-interface alignment="I:2" size="I:2"><interface-ref name="AMSend" ref="0x41129c08" scoped=""/></type-interface>
      <instance>
        <interfacedef-ref nicename="tos.interfaces.AMSend" qname="AMSend"/>
      </instance>
      <interface-parameters>
        <type-int alignment="I:1" cname="unsigned char" size="I:1" unsigned="">
          <typename><typedef-ref name="am_id_t" ref="0x4074eae0"/></typename>
        </type-int>
      </interface-parameters>
      <interface-functions>
        <function-ref name="send" ref="0x41129de0" scoped=""/>
        <function-ref name="getPayload" ref="0x41129ec0" scoped=""/>
        <function-ref name="maxPayloadLength" ref="0x41126010" scoped=""/>
        <function-ref name="cancel" ref="0x411260f0" scoped=""/>
        <function-ref name="sendDone" ref="0x411261d0" scoped=""/>
      </interface-functions>
    </interface><interface loc="49:/home/zly/tinyos-main/tos/lib/serial/SerialActiveMessageC.nc" name="Packet" provided="1" ref="0x41126990">
      <component-ref nicename="tos.lib.serial.SerialActiveMessageC" qname="SerialActiveMessageC"/>
      <type-interface alignment="I:2" size="I:2"><interface-ref name="Packet" ref="0x41126990" scoped=""/></type-interface>
      <instance>
        <interfacedef-ref nicename="tos.interfaces.Packet" qname="Packet"/>
      </instance>
      <interface-functions>
        <function-ref name="clear" ref="0x41126b68" scoped=""/>
        <function-ref name="payloadLength" ref="0x41126c48" scoped=""/>
        <function-ref name="getPayload" ref="0x41126d28" scoped=""/>
        <function-ref name="maxPayloadLength" ref="0x41126e08" scoped=""/>
        <function-ref name="setPayloadLength" ref="0x41126ee8" scoped=""/>
      </interface-functions>
    </interface><interface loc="48:/home/zly/tinyos-main/tos/lib/serial/SerialActiveMessageC.nc" name="Receive" provided="1" ref="0x41126638">
      <component-ref nicename="tos.lib.serial.SerialActiveMessageC" qname="SerialActiveMessageC"/>
      <type-interface alignment="I:2" size="I:2"><interface-ref name="Receive" ref="0x41126638" scoped=""/></type-interface>
      <instance>
        <interfacedef-ref nicename="tos.interfaces.Receive" qname="Receive"/>
      </instance>
      <interface-parameters>
        <type-int alignment="I:1" cname="unsigned char" size="I:1" unsigned="">
          <typename><typedef-ref name="am_id_t" ref="0x4074eae0"/></typename>
        </type-int>
      </interface-parameters>
      <interface-functions>
        <function-ref name="receive" ref="0x41126810" scoped=""/>
      </interface-functions>
    </interface><interface loc="53:/home/zly/tinyos-main/tos/lib/serial/SerialActiveMessageC.nc" name="Leds" provided="0" ref="0x41124370">
      <component-ref nicename="tos.lib.serial.SerialActiveMessageC" qname="SerialActiveMessageC"/>
      <type-interface alignment="I:2" size="I:2"><interface-ref name="Leds" ref="0x41124370" scoped=""/></type-interface>
      <instance>
        <interfacedef-ref nicename="tos.interfaces.Leds" qname="Leds"/>
      </instance>
      <interface-functions>
        <function-ref name="led0Off" ref="0x41124548" scoped=""/>
        <function-ref name="led0Toggle" ref="0x41124628" scoped=""/>
        <function-ref name="led1On" ref="0x41124708" scoped=""/>
        <function-ref name="led1Toggle" ref="0x411247e8" scoped=""/>
        <function-ref name="led2Toggle" ref="0x411248c8" scoped=""/>
        <function-ref name="get" ref="0x411249a8" scoped=""/>
        <function-ref name="led1Off" ref="0x41124a88" scoped=""/>
        <function-ref name="led2Off" ref="0x41124e08" scoped=""/>
        <function-ref name="set" ref="0x41124b68" scoped=""/>
        <function-ref name="led0On" ref="0x41124c48" scoped=""/>
        <function-ref name="led2On" ref="0x41124d28" scoped=""/>
      </interface-functions>
    </interface><interface loc="51:/home/zly/tinyos-main/tos/lib/serial/SerialActiveMessageC.nc" name="PacketAcknowledgements" provided="1" ref="0x41125d70">
      <component-ref nicename="tos.lib.serial.SerialActiveMessageC" qname="SerialActiveMessageC"/>
      <type-interface alignment="I:2" size="I:2"><interface-ref name="PacketAcknowledgements" ref="0x41125d70" scoped=""/></type-interface>
      <instance>
        <interfacedef-ref nicename="tos.interfaces.PacketAcknowledgements" qname="PacketAcknowledgements"/>
      </instance>
      <interface-functions>
        <function-ref name="requestAck" ref="0x41124010" scoped=""/>
        <function-ref name="noAck" ref="0x411240f0" scoped=""/>
        <function-ref name="wasAcked" ref="0x411241d0" scoped=""/>
      </interface-functions>
    </interface><interface loc="50:/home/zly/tinyos-main/tos/lib/serial/SerialActiveMessageC.nc" name="AMPacket" provided="1" ref="0x411250b8">
      <component-ref nicename="tos.lib.serial.SerialActiveMessageC" qname="SerialActiveMessageC"/>
      <type-interface alignment="I:2" size="I:2"><interface-ref name="AMPacket" ref="0x411250b8" scoped=""/></type-interface>
      <instance>
        <interfacedef-ref nicename="tos.interfaces.AMPacket" qname="AMPacket"/>
      </instance>
      <interface-functions>
        <function-ref name="group" ref="0x41125290" scoped=""/>
        <function-ref name="source" ref="0x41125370" scoped=""/>
        <function-ref name="address" ref="0x41125450" scoped=""/>
        <function-ref name="destination" ref="0x41125530" scoped=""/>
        <function-ref name="setSource" ref="0x41125610" scoped=""/>
        <function-ref name="setDestination" ref="0x411256f0" scoped=""/>
        <function-ref name="type" ref="0x411257d0" scoped=""/>
        <function-ref name="setType" ref="0x411258b0" scoped=""/>
        <function-ref name="isForMe" ref="0x41125990" scoped=""/>
        <function-ref name="setGroup" ref="0x41125a70" scoped=""/>
        <function-ref name="localGroup" ref="0x41125b50" scoped=""/>
      </interface-functions>
    </interface></specification><referenced><interface loc="51:/home/zly/tinyos-main/tos/lib/serial/SerialActiveMessageP.nc" name="PacketAcknowledgements" provided="1" ref="0x4112f4d0">
      <component-ref nicename="tos.lib.serial.SerialActiveMessageP" qname="SerialActiveMessageC.AM"/>
      <type-interface alignment="I:2" size="I:2"><interface-ref name="PacketAcknowledgements" ref="0x4112f4d0" scoped=""/></type-interface>
      <instance>
        <interfacedef-ref nicename="tos.interfaces.PacketAcknowledgements" qname="PacketAcknowledgements"/>
      </instance>
      <interface-functions>
        <function-ref name="requestAck" ref="0x4112f6a8" scoped=""/>
        <function-ref name="noAck" ref="0x4112f788" scoped=""/>
        <function-ref name="wasAcked" ref="0x4112f868" scoped=""/>
      </interface-functions>
    </interface><interface loc="55:/home/zly/tinyos-main/tos/lib/serial/SerialDispatcherC.nc" name="SerialPacketInfo" provided="0" ref="0x41163ea8">
      <component-ref nicename="tos.lib.serial.SerialDispatcherC" qname="SerialDispatcherC"/>
      <type-interface alignment="I:2" size="I:2"><interface-ref name="SerialPacketInfo" ref="0x41163ea8" scoped=""/></type-interface>
      <instance>
        <interfacedef-ref nicename="tos.lib.serial.SerialPacketInfo" qname="SerialPacketInfo"/>
      </instance>
      <interface-parameters>
        <type-int alignment="I:1" cname="unsigned char" size="I:1" unsigned="">
          <typename><typedef-ref name="uart_id_t" ref="0x4074db30"/></typename>
        </type-int>
      </interface-parameters>
      <interface-functions>
        <function-ref name="upperLength" ref="0x411650c0" scoped=""/>
        <function-ref name="offset" ref="0x411651a0" scoped=""/>
        <function-ref name="dataLinkLength" ref="0x41165280" scoped=""/>
      </interface-functions>
    </interface><interface loc="50:/home/zly/tinyos-main/tos/lib/serial/SerialDispatcherC.nc" name="SplitControl" provided="1" ref="0x4116a8f0">
      <component-ref nicename="tos.lib.serial.SerialDispatcherC" qname="SerialDispatcherC"/>
      <type-interface alignment="I:2" size="I:2"><interface-ref name="SplitControl" ref="0x4116a8f0" scoped=""/></type-interface>
      <instance>
        <interfacedef-ref nicename="tos.interfaces.SplitControl" qname="SplitControl"/>
      </instance>
      <interface-functions>
        <function-ref name="startDone" ref="0x4116aac8" scoped=""/>
        <function-ref name="stopDone" ref="0x4116aba8" scoped=""/>
        <function-ref name="start" ref="0x4116ac88" scoped=""/>
        <function-ref name="stop" ref="0x4116ad68" scoped=""/>
      </interface-functions>
    </interface><interface loc="48:/home/zly/tinyos-main/tos/lib/serial/SerialActiveMessageP.nc" name="Receive" provided="1" ref="0x41122e78">
      <component-ref nicename="tos.lib.serial.SerialActiveMessageP" qname="SerialActiveMessageC.AM"/>
      <type-interface alignment="I:2" size="I:2"><interface-ref name="Receive" ref="0x41122e78" scoped=""/></type-interface>
      <instance>
        <interfacedef-ref nicename="tos.interfaces.Receive" qname="Receive"/>
      </instance>
      <interface-parameters>
        <type-int alignment="I:1" cname="unsigned char" size="I:1" unsigned="">
          <typename><typedef-ref name="am_id_t" ref="0x4074eae0"/></typename>
        </type-int>
      </interface-parameters>
      <interface-functions>
        <function-ref name="receive" ref="0x41121070" scoped=""/>
      </interface-functions>
    </interface><interface loc="58:/home/zly/tinyos-main/tos/system/MainC.nc" name="SoftwareInit" provided="0" ref="0x40610df0">
      <component-ref nicename="tos.system.MainC" qname="MainC"/>
      <type-interface alignment="I:2" size="I:2"><interface-ref name="SoftwareInit" ref="0x40610df0" scoped=""/></type-interface>
      <instance>
        <interfacedef-ref nicename="tos.interfaces.Init" qname="Init"/>
      </instance>
      <interface-functions>
        <function-ref name="init" ref="0x40612010" scoped=""/>
      </interface-functions>
    </interface><interface loc="52:/home/zly/tinyos-main/tos/lib/serial/SerialDispatcherC.nc" name="Send" provided="1" ref="0x411677e0">
      <component-ref nicename="tos.lib.serial.SerialDispatcherC" qname="SerialDispatcherC"/>
      <type-interface alignment="I:2" size="I:2"><interface-ref name="Send" ref="0x411677e0" scoped=""/></type-interface>
      <instance>
        <interfacedef-ref nicename="tos.interfaces.Send" qname="Send"/>
      </instance>
      <interface-parameters>
        <type-int alignment="I:1" cname="unsigned char" size="I:1" unsigned="">
          <typename><typedef-ref name="uart_id_t" ref="0x4074db30"/></typename>
        </type-int>
      </interface-parameters>
      <interface-functions>
        <function-ref name="send" ref="0x411679b8" scoped=""/>
        <function-ref name="getPayload" ref="0x41167a98" scoped=""/>
        <function-ref name="maxPayloadLength" ref="0x41167b78" scoped=""/>
        <function-ref name="cancel" ref="0x41167c58" scoped=""/>
        <function-ref name="sendDone" ref="0x41167d38" scoped=""/>
      </interface-functions>
    </interface><interface loc="50:/home/zly/tinyos-main/tos/lib/serial/SerialActiveMessageP.nc" name="Packet" provided="1" ref="0x41121d88">
      <component-ref nicename="tos.lib.serial.SerialActiveMessageP" qname="SerialActiveMessageC.AM"/>
      <type-interface alignment="I:2" size="I:2"><interface-ref name="Packet" ref="0x41121d88" scoped=""/></type-interface>
      <instance>
        <interfacedef-ref nicename="tos.interfaces.Packet" qname="Packet"/>
      </instance>
      <interface-functions>
        <function-ref name="clear" ref="0x4112f010" scoped=""/>
        <function-ref name="payloadLength" ref="0x4112f0f0" scoped=""/>
        <function-ref name="getPayload" ref="0x4112f1d0" scoped=""/>
        <function-ref name="maxPayloadLength" ref="0x4112f2b0" scoped=""/>
        <function-ref name="setPayloadLength" ref="0x4112f390" scoped=""/>
      </interface-functions>
    </interface><interface loc="54:/home/zly/tinyos-main/tos/lib/serial/SerialActiveMessageP.nc" name="SubSend" provided="0" ref="0x4112f9f8">
      <component-ref nicename="tos.lib.serial.SerialActiveMessageP" qname="SerialActiveMessageC.AM"/>
      <type-interface alignment="I:2" size="I:2"><interface-ref name="SubSend" ref="0x4112f9f8" scoped=""/></type-interface>
      <instance>
        <interfacedef-ref nicename="tos.interfaces.Send" qname="Send"/>
      </instance>
      <interface-functions>
        <function-ref name="send" ref="0x4112fbd0" scoped=""/>
        <function-ref name="getPayload" ref="0x4112fcb0" scoped=""/>
        <function-ref name="maxPayloadLength" ref="0x4112fd90" scoped=""/>
        <function-ref name="cancel" ref="0x4112fe70" scoped=""/>
        <function-ref name="sendDone" ref="0x4116b010" scoped=""/>
      </interface-functions>
    </interface><interface loc="55:/home/zly/tinyos-main/tos/lib/serial/SerialActiveMessageP.nc" name="SubReceive" provided="0" ref="0x4116b170">
      <component-ref nicename="tos.lib.serial.SerialActiveMessageP" qname="SerialActiveMessageC.AM"/>
      <type-interface alignment="I:2" size="I:2"><interface-ref name="SubReceive" ref="0x4116b170" scoped=""/></type-interface>
      <instance>
        <interfacedef-ref nicename="tos.interfaces.Receive" qname="Receive"/>
      </instance>
      <interface-functions>
        <function-ref name="receive" ref="0x4116b348" scoped=""/>
      </interface-functions>
    </interface><interface loc="49:/home/zly/tinyos-main/tos/lib/serial/SerialDispatcherC.nc" name="Init" provided="1" ref="0x4116a558">
      <component-ref nicename="tos.lib.serial.SerialDispatcherC" qname="SerialDispatcherC"/>
      <type-interface alignment="I:2" size="I:2"><interface-ref name="Init" ref="0x4116a558" scoped=""/></type-interface>
      <instance>
        <interfacedef-ref nicename="tos.interfaces.Init" qname="Init"/>
      </instance>
      <interface-functions>
        <function-ref name="init" ref="0x4116a730" scoped=""/>
      </interface-functions>
    </interface><interface loc="47:/home/zly/tinyos-main/tos/lib/serial/SerialPacketInfoActiveMessageP.nc" name="Info" provided="1" ref="0x41304be8">
      <component-ref nicename="tos.lib.serial.SerialPacketInfoActiveMessageP" qname="SerialPacketInfoActiveMessageP"/>
      <type-interface alignment="I:2" size="I:2"><interface-ref name="Info" ref="0x41304be8" scoped=""/></type-interface>
      <instance>
        <interfacedef-ref nicename="tos.lib.serial.SerialPacketInfo" qname="SerialPacketInfo"/>
      </instance>
      <interface-functions>
        <function-ref name="upperLength" ref="0x41304dc0" scoped=""/>
        <function-ref name="offset" ref="0x41304ea0" scoped=""/>
        <function-ref name="dataLinkLength" ref="0x41300010" scoped=""/>
      </interface-functions>
    </interface><interface loc="51:/home/zly/tinyos-main/tos/lib/serial/SerialDispatcherC.nc" name="Receive" provided="1" ref="0x411671d8">
      <component-ref nicename="tos.lib.serial.SerialDispatcherC" qname="SerialDispatcherC"/>
      <type-interface alignment="I:2" size="I:2"><interface-ref name="Receive" ref="0x411671d8" scoped=""/></type-interface>
      <instance>
        <interfacedef-ref nicename="tos.interfaces.Receive" qname="Receive"/>
      </instance>
      <interface-parameters>
        <type-int alignment="I:1" cname="unsigned char" size="I:1" unsigned="">
          <typename><typedef-ref name="uart_id_t" ref="0x4074db30"/></typename>
        </type-int>
      </interface-parameters>
      <interface-functions>
        <function-ref name="receive" ref="0x411673b0" scoped=""/>
      </interface-functions>
    </interface><interface loc="56:/home/zly/tinyos-main/tos/lib/serial/SerialDispatcherC.nc" name="Leds" provided="0" ref="0x411653f0">
      <component-ref nicename="tos.lib.serial.SerialDispatcherC" qname="SerialDispatcherC"/>
      <type-interface alignment="I:2" size="I:2"><interface-ref name="Leds" ref="0x411653f0" scoped=""/></type-interface>
      <instance>
        <interfacedef-ref nicename="tos.interfaces.Leds" qname="Leds"/>
      </instance>
      <interface-functions>
        <function-ref name="led0Off" ref="0x411655c8" scoped=""/>
        <function-ref name="led0Toggle" ref="0x411656a8" scoped=""/>
        <function-ref name="led1On" ref="0x41165788" scoped=""/>
        <function-ref name="led1Toggle" ref="0x41165868" scoped=""/>
        <function-ref name="led2Toggle" ref="0x41165948" scoped=""/>
        <function-ref name="get" ref="0x41165a28" scoped=""/>
        <function-ref name="led1Off" ref="0x41165b08" scoped=""/>
        <function-ref name="led2Off" ref="0x41165e88" scoped=""/>
        <function-ref name="set" ref="0x41165be8" scoped=""/>
        <function-ref name="led0On" ref="0x41165cc8" scoped=""/>
        <function-ref name="led2On" ref="0x41165da8" scoped=""/>
      </interface-functions>
    </interface><interface loc="47:/home/zly/tinyos-main/tos/lib/serial/SerialActiveMessageP.nc" name="AMSend" provided="1" ref="0x41122738">
      <component-ref nicename="tos.lib.serial.SerialActiveMessageP" qname="SerialActiveMessageC.AM"/>
      <type-interface alignment="I:2" size="I:2"><interface-ref name="AMSend" ref="0x41122738" scoped=""/></type-interface>
      <instance>
        <interfacedef-ref nicename="tos.interfaces.AMSend" qname="AMSend"/>
      </instance>
      <interface-parameters>
        <type-int alignment="I:1" cname="unsigned char" size="I:1" unsigned="">
          <typename><typedef-ref name="am_id_t" ref="0x4074eae0"/></typename>
        </type-int>
      </interface-parameters>
      <interface-functions>
        <function-ref name="send" ref="0x41122920" scoped=""/>
        <function-ref name="getPayload" ref="0x41122a00" scoped=""/>
        <function-ref name="maxPayloadLength" ref="0x41122ae0" scoped=""/>
        <function-ref name="cancel" ref="0x41122bc0" scoped=""/>
        <function-ref name="sendDone" ref="0x41122ca0" scoped=""/>
      </interface-functions>
    </interface><interface loc="49:/home/zly/tinyos-main/tos/lib/serial/SerialActiveMessageP.nc" name="AMPacket" provided="1" ref="0x411211b0">
      <component-ref nicename="tos.lib.serial.SerialActiveMessageP" qname="SerialActiveMessageC.AM"/>
      <type-interface alignment="I:2" size="I:2"><interface-ref name="AMPacket" ref="0x411211b0" scoped=""/></type-interface>
      <instance>
        <interfacedef-ref nicename="tos.interfaces.AMPacket" qname="AMPacket"/>
      </instance>
      <interface-functions>
        <function-ref name="group" ref="0x41121388" scoped=""/>
        <function-ref name="source" ref="0x41121468" scoped=""/>
        <function-ref name="address" ref="0x41121548" scoped=""/>
        <function-ref name="destination" ref="0x41121628" scoped=""/>
        <function-ref name="setSource" ref="0x41121708" scoped=""/>
        <function-ref name="setDestination" ref="0x411217e8" scoped=""/>
        <function-ref name="type" ref="0x411218c8" scoped=""/>
        <function-ref name="setType" ref="0x411219a8" scoped=""/>
        <function-ref name="isForMe" ref="0x41121a88" scoped=""/>
        <function-ref name="setGroup" ref="0x41121b68" scoped=""/>
        <function-ref name="localGroup" ref="0x41121c48" scoped=""/>
      </interface-functions>
    </interface><component loc="56:/home/zly/tinyos-main/tos/system/MainC.nc" nicename="tos.system.MainC" qname="MainC">
      <documentation loc="45:/home/zly/tinyos-main/tos/system/MainC.nc">
        <short>
 MainC is the system interface the TinyOS boot sequence.</short>
        <long>
 MainC is the system interface the TinyOS boot sequence. It wires the
 boot sequence implementation to the scheduler and hardware resources.

 @author Philip Levis
 @date   August 6 2005
 @see    TEP 107: Boot Sequence
</long>
      </documentation>
      <configuration/>
      <wiring>
        <wire loc="72:/home/zly/tinyos-main/tos/system/MainC.nc">
          <from><interface-ref name="Boot" ref="0x406101c8" scoped=""/></from>
          <to><interface-ref name="Boot" ref="0x40611840" scoped=""/></to>
        </wire>
        <wire loc="67:/home/zly/tinyos-main/tos/system/MainC.nc">
          <from><interface-ref name="Scheduler" ref="0x40611bd8" scoped=""/></from>
          <to><interface-ref name="Scheduler" ref="0x403875f0" scoped=""/></to>
        </wire>
        <wire loc="68:/home/zly/tinyos-main/tos/system/MainC.nc">
          <from><interface-ref name="PlatformInit" ref="0x4062f240" scoped=""/></from>
          <to><interface-ref name="Init" ref="0x406126f8" scoped=""/></to>
        </wire>
        <wire loc="71:/home/zly/tinyos-main/tos/system/MainC.nc">
          <from><interface-ref name="SoftwareInit" ref="0x4062f648" scoped=""/></from>
          <to><interface-ref name="SoftwareInit" ref="0x40610df0" scoped=""/></to>
        </wire>
      </wiring>
    </component><component loc="45(SerialActiveMessageC.AM):/home/zly/tinyos-main/tos/lib/serial/SerialActiveMessageP.nc" nicename="tos.lib.serial.SerialActiveMessageP" qname="SerialActiveMessageC.AM">
      <documentation loc="71:/home/zly/tinyos-main/tos/lib/serial/Serial.h">
        <short>
 </short>
        <long>
 @author Phil Buonadonna
 @author Lewis Girod
 @author Ben Greenstein
 @author Philip Levis
 @date   August 7 2005
</long>
      </documentation>
      <instance number="0">
        <component-ref nicename="tos.lib.serial.SerialActiveMessageP" qname="SerialActiveMessageP"/>
      </instance>
      <module/>
    </component><component loc="46:/home/zly/tinyos-main/tos/lib/serial/SerialPacketInfoActiveMessageP.nc" nicename="tos.lib.serial.SerialPacketInfoActiveMessageP" qname="SerialPacketInfoActiveMessageP">
      <documentation loc="71:/home/zly/tinyos-main/tos/lib/serial/Serial.h">
        <short>
 </short>
        <long>
 @author Phil Buonadonna
 @author Lewis Girod
 @author Ben Greenstein
 @author Philip Levis
 @date   August 7 2005
</long>
      </documentation>
      <module/>
    </component><component loc="47:/home/zly/tinyos-main/tos/lib/serial/SerialDispatcherC.nc" nicename="tos.lib.serial.SerialDispatcherC" qname="SerialDispatcherC">
      <documentation loc="35:/home/zly/tinyos-main/tos/lib/serial/SerialDispatcherC.nc">
        <short>
 This component provides functionality to send many different kinds
 of serial packets on top of a general packet sending component.</short>
        <long>
 This component provides functionality to send many different kinds
 of serial packets on top of a general packet sending component. It
 achieves this by knowing where the different packets in a message_t
 exist through the SerialPacketInfo interface.

 @author Philip Levis
 @author Ben Greenstein
 @date August 7 2005

</long>
      </documentation>
      <configuration/>
      <wiring>
        <wire loc="67:/home/zly/tinyos-main/tos/lib/serial/SerialDispatcherC.nc">
          <from><interface-ref name="SplitControl" ref="0x4116a8f0" scoped=""/></from>
          <to><interface-ref name="SplitControl" ref="0x41164828" scoped=""/></to>
        </wire>
        <wire loc="64:/home/zly/tinyos-main/tos/lib/serial/SerialDispatcherC.nc">
          <from><interface-ref name="Send" ref="0x411677e0" scoped=""/></from>
          <to><interface-ref name="Send" ref="0x411e9c60" scoped=""/></to>
        </wire>
        <wire loc="69:/home/zly/tinyos-main/tos/lib/serial/SerialDispatcherC.nc">
          <from><interface-ref name="Init" ref="0x4116a558" scoped=""/></from>
          <to><interface-ref name="Init" ref="0x41164490" scoped=""/></to>
        </wire>
        <wire loc="65:/home/zly/tinyos-main/tos/lib/serial/SerialDispatcherC.nc">
          <from><interface-ref name="Receive" ref="0x411671d8" scoped=""/></from>
          <to><interface-ref name="Receive" ref="0x411e98a0" scoped=""/></to>
        </wire>
        <wire loc="66:/home/zly/tinyos-main/tos/lib/serial/SerialDispatcherC.nc">
          <from><interface-ref name="PacketInfo" ref="0x411ef400" scoped=""/></from>
          <to><interface-ref name="SerialPacketInfo" ref="0x41163ea8" scoped=""/></to>
        </wire>
        <wire loc="70:/home/zly/tinyos-main/tos/lib/serial/SerialDispatcherC.nc">
          <from><interface-ref name="Leds" ref="0x41155cf0" scoped=""/></from>
          <to><interface-ref name="Leds" ref="0x411653f0" scoped=""/></to>
        </wire>
        <wire loc="71:/home/zly/tinyos-main/tos/lib/serial/SerialDispatcherC.nc">
          <from><interface-ref name="Leds" ref="0x411ee3f0" scoped=""/></from>
          <to><interface-ref name="Leds" ref="0x411653f0" scoped=""/></to>
        </wire>
        <wire loc="72:/home/zly/tinyos-main/tos/lib/serial/SerialDispatcherC.nc">
          <from><interface-ref name="Leds" ref="0x41229420" scoped=""/></from>
          <to><interface-ref name="Leds" ref="0x411653f0" scoped=""/></to>
        </wire>
        <wire loc="74:/home/zly/tinyos-main/tos/lib/serial/SerialDispatcherC.nc">
          <from><interface-ref name="ReceiveBytePacket" ref="0x411ef8e8" scoped=""/></from>
          <to><interface-ref name="ReceiveBytePacket" ref="0x411592a8" scoped=""/></to>
        </wire>
        <wire loc="75:/home/zly/tinyos-main/tos/lib/serial/SerialDispatcherC.nc">
          <from><interface-ref name="SendBytePacket" ref="0x411efdc0" scoped=""/></from>
          <to><interface-ref name="SendBytePacket" ref="0x4115f010" scoped=""/></to>
        </wire>
        <wire loc="77:/home/zly/tinyos-main/tos/lib/serial/SerialDispatcherC.nc">
          <from><interface-ref name="SerialFrameComm" ref="0x41155468" scoped=""/></from>
          <to><interface-ref name="SerialFrameComm" ref="0x411ec868" scoped=""/></to>
        </wire>
        <wire loc="78:/home/zly/tinyos-main/tos/lib/serial/SerialDispatcherC.nc">
          <from><interface-ref name="SerialControl" ref="0x4115ea40" scoped=""/></from>
          <to><interface-ref name="StdControl" ref="0x411eb338" scoped=""/></to>
        </wire>
        <wire loc="80:/home/zly/tinyos-main/tos/lib/serial/SerialDispatcherC.nc">
          <from><interface-ref name="UartStream" ref="0x41223b80" scoped=""/></from>
          <to><interface-ref name="UartStream" ref="0x411eb7b8" scoped=""/></to>
        </wire>
      </wiring>
    </component></referenced></component>