<?xml version="1.0" ?><component abstract="" loc="40:/home/zly/tinyos-main/tos/platforms/telosa/chips/cc2420/HplCC2420AlarmC.nc" nicename="tos.platforms.telosa.chips.cc2420.HplCC2420AlarmC" qname="HplCC2420AlarmC">
      <documentation loc="32:/home/zly/tinyos-main/tos/platforms/telosa/chips/cc2420/HplCC2420AlarmC.nc">
        <short>
 HPL implementation of 32khz alarms for the ChipCon CC2420 radio
 connected to a TI MSP430 processor.</short>
        <long>
 HPL implementation of 32khz alarms for the ChipCon CC2420 radio
 connected to a TI MSP430 processor.

 @author Jonathan Hui &lt;jhui@archrock.com&gt;
 @version $Revision: 1.4 $ $Date: 2006-12-12 18:23:44 $
</long>
      </documentation>
      <parameters>
      </parameters>
      <configuration/>
      <wiring>
        <wire loc="51:/home/zly/tinyos-main/tos/platforms/telosa/chips/cc2420/HplCC2420AlarmC.nc">
          <from><interface-ref name="Init" ref="0x40970268" scoped=""/></from>
          <to><interface-ref name="Init" ref="0x4098b280" scoped=""/></to>
        </wire>
        <wire loc="52:/home/zly/tinyos-main/tos/platforms/telosa/chips/cc2420/HplCC2420AlarmC.nc">
          <from><interface-ref name="Alarm32khz32" ref="0x40970830" scoped=""/></from>
          <to><interface-ref name="Alarm" ref="0x4098b6d8" scoped=""/></to>
        </wire>
      </wiring>
    <specification><interface loc="42:/home/zly/tinyos-main/tos/platforms/telosa/chips/cc2420/HplCC2420AlarmC.nc" name="Init" provided="1" ref="0x40970268">
      <component-ref nicename="tos.platforms.telosa.chips.cc2420.HplCC2420AlarmC" qname="HplCC2420AlarmC"/>
      <type-interface alignment="I:2" size="I:2"><interface-ref name="Init" ref="0x40970268" scoped=""/></type-interface>
      <instance>
        <interfacedef-ref nicename="tos.interfaces.Init" qname="Init"/>
      </instance>
      <interface-functions>
        <function-ref name="init" ref="0x40970440" scoped=""/>
      </interface-functions>
    </interface><interface loc="43:/home/zly/tinyos-main/tos/platforms/telosa/chips/cc2420/HplCC2420AlarmC.nc" name="Alarm32khz32" provided="1" ref="0x40970830">
      <component-ref nicename="tos.platforms.telosa.chips.cc2420.HplCC2420AlarmC" qname="HplCC2420AlarmC"/>
      <type-interface alignment="I:2" size="I:2"><interface-ref name="Alarm32khz32" ref="0x40970830" scoped=""/></type-interface>
      <instance>
        <interfacedef-ref nicename="tos.lib.timer.Alarm" qname="Alarm"/>
        <arguments>
          <type-tag alignment="I:2" size="I:2"><struct-ref ref="0x40614ca8"/>
            <typename><typedef-ref name="T32khz" ref="0x40614e70"/></typename>
          </type-tag>
          <type-int alignment="I:2" cname="unsigned long" size="I:4" unsigned="">
            <typename><typedef-ref name="uint32_t" ref="0x40213250"/></typename>
          </type-int>
        </arguments>
      </instance>
      <interface-functions>
        <function-ref name="getNow" ref="0x4096fd58" scoped=""/>
        <function-ref name="fired" ref="0x4096f528" scoped=""/>
        <function-ref name="startAt" ref="0x4096fa18" scoped=""/>
        <function-ref name="isRunning" ref="0x4096f7a0" scoped=""/>
        <function-ref name="getAlarm" ref="0x4096e010" scoped=""/>
        <function-ref name="start" ref="0x4096f010" scoped=""/>
        <function-ref name="stop" ref="0x4096f2b0" scoped=""/>
      </interface-functions>
    </interface></specification><referenced><interface loc="43:/home/zly/tinyos-main/tos/chips/msp430/timer/Alarm32khz32C.nc" name="Init" provided="1" ref="0x4098b280">
      <component-ref nicename="tos.chips.msp430.timer.Alarm32khz32C" qname="HplCC2420AlarmC.Alarm32khz32C"/>
      <type-interface alignment="I:2" size="I:2"><interface-ref name="Init" ref="0x4098b280" scoped=""/></type-interface>
      <instance>
        <interfacedef-ref nicename="tos.interfaces.Init" qname="Init"/>
      </instance>
      <interface-functions>
        <function-ref name="init" ref="0x4098b458" scoped=""/>
      </interface-functions>
    </interface><interface loc="44:/home/zly/tinyos-main/tos/chips/msp430/timer/Alarm32khz32C.nc" name="Alarm" provided="1" ref="0x4098b6d8">
      <component-ref nicename="tos.chips.msp430.timer.Alarm32khz32C" qname="HplCC2420AlarmC.Alarm32khz32C"/>
      <type-interface alignment="I:2" size="I:2"><interface-ref name="Alarm" ref="0x4098b6d8" scoped=""/></type-interface>
      <instance>
        <interfacedef-ref nicename="tos.lib.timer.Alarm" qname="Alarm"/>
        <arguments>
          <type-tag alignment="I:2" size="I:2"><struct-ref ref="0x40614ca8"/>
            <typename><typedef-ref name="T32khz" ref="0x40614e70"/></typename>
          </type-tag>
          <type-int alignment="I:2" cname="unsigned long" size="I:4" unsigned="">
            <typename><typedef-ref name="uint32_t" ref="0x40213250"/></typename>
          </type-int>
        </arguments>
      </instance>
      <interface-functions>
        <function-ref name="getNow" ref="0x40994ba0" scoped=""/>
        <function-ref name="fired" ref="0x40994370" scoped=""/>
        <function-ref name="startAt" ref="0x40994860" scoped=""/>
        <function-ref name="isRunning" ref="0x409945e8" scoped=""/>
        <function-ref name="getAlarm" ref="0x40994e18" scoped=""/>
        <function-ref name="start" ref="0x4098be28" scoped=""/>
        <function-ref name="stop" ref="0x409940f8" scoped=""/>
      </interface-functions>
    </interface><component abstract="" loc="41(HplCC2420AlarmC.Alarm32khz32C):/home/zly/tinyos-main/tos/chips/msp430/timer/Alarm32khz32C.nc" nicename="tos.chips.msp430.timer.Alarm32khz32C" qname="HplCC2420AlarmC.Alarm32khz32C">
      <documentation loc="33:/home/zly/tinyos-main/tos/chips/msp430/timer/Alarm32khz32C.nc">
        <short>
 Alarm32khzC is the alarm for async 32khz alarms

 </short>
        <long>
 Alarm32khzC is the alarm for async 32khz alarms

 @author Cory Sharp &lt;cssharp@eecs.berkeley.edu&gt;
 @see  Please refer to TEP 102 for more information about this component and its
          intended use.
</long>
      </documentation>
      <instance>
        <component-ref nicename="tos.chips.msp430.timer.Alarm32khz32C" qname="Alarm32khz32C"/>
      </instance>
      <configuration/>
    </component></referenced></component>