<?xml version="1.0" ?><component abstract="" loc="40:/home/zly/tinyos-main/tos/platforms/telosa/chips/cc2420/HplCC2420SpiC.nc" nicename="tos.platforms.telosa.chips.cc2420.HplCC2420SpiC" qname="HplCC2420SpiC">
      <documentation loc="32:/home/zly/tinyos-main/tos/platforms/telosa/chips/cc2420/HplCC2420SpiC.nc">
        <short>
 HPL implementation of the SPI bus for the ChipCon CC2420 radio
 connected to a TI MSP430 processor.</short>
        <long>
 HPL implementation of the SPI bus for the ChipCon CC2420 radio
 connected to a TI MSP430 processor.

 @author Jonathan Hui &lt;jhui@archrock.com&gt;
 @version $Revision: 1.4 $ $Date: 2006-12-12 18:23:44 $
</long>
      </documentation>
      <parameters>
      </parameters>
      <configuration/>
      <wiring>
        <wire loc="54:/home/zly/tinyos-main/tos/platforms/telosa/chips/cc2420/HplCC2420SpiC.nc">
          <from><interface-ref name="SpiPacket" ref="0x40c0ad28" scoped=""/></from>
          <to><interface-ref name="SpiPacket" ref="0x40de3170" scoped=""/></to>
        </wire>
        <wire loc="53:/home/zly/tinyos-main/tos/platforms/telosa/chips/cc2420/HplCC2420SpiC.nc">
          <from><interface-ref name="SpiByte" ref="0x40c0a990" scoped=""/></from>
          <to><interface-ref name="SpiByte" ref="0x40de4828" scoped=""/></to>
        </wire>
        <wire loc="52:/home/zly/tinyos-main/tos/platforms/telosa/chips/cc2420/HplCC2420SpiC.nc">
          <from><interface-ref name="Resource" ref="0x40c0a290" scoped=""/></from>
          <to><interface-ref name="Resource" ref="0x40bf9cc8" scoped=""/></to>
        </wire>
      </wiring>
    <specification><interface loc="44:/home/zly/tinyos-main/tos/platforms/telosa/chips/cc2420/HplCC2420SpiC.nc" name="SpiPacket" provided="1" ref="0x40c0ad28">
      <component-ref nicename="tos.platforms.telosa.chips.cc2420.HplCC2420SpiC" qname="HplCC2420SpiC"/>
      <type-interface alignment="I:2" size="I:2"><interface-ref name="SpiPacket" ref="0x40c0ad28" scoped=""/></type-interface>
      <instance>
        <interfacedef-ref nicename="tos.interfaces.SpiPacket" qname="SpiPacket"/>
      </instance>
      <interface-functions>
        <function-ref name="send" ref="0x40c0af00" scoped=""/>
        <function-ref name="sendDone" ref="0x40bfb010" scoped=""/>
      </interface-functions>
    </interface><interface loc="43:/home/zly/tinyos-main/tos/platforms/telosa/chips/cc2420/HplCC2420SpiC.nc" name="SpiByte" provided="1" ref="0x40c0a990">
      <component-ref nicename="tos.platforms.telosa.chips.cc2420.HplCC2420SpiC" qname="HplCC2420SpiC"/>
      <type-interface alignment="I:2" size="I:2"><interface-ref name="SpiByte" ref="0x40c0a990" scoped=""/></type-interface>
      <instance>
        <interfacedef-ref nicename="tos.interfaces.SpiByte" qname="SpiByte"/>
      </instance>
      <interface-functions>
        <function-ref name="write" ref="0x40c0ab68" scoped=""/>
      </interface-functions>
    </interface><interface loc="42:/home/zly/tinyos-main/tos/platforms/telosa/chips/cc2420/HplCC2420SpiC.nc" name="Resource" provided="1" ref="0x40c0a290">
      <component-ref nicename="tos.platforms.telosa.chips.cc2420.HplCC2420SpiC" qname="HplCC2420SpiC"/>
      <type-interface alignment="I:2" size="I:2"><interface-ref name="Resource" ref="0x40c0a290" scoped=""/></type-interface>
      <instance>
        <interfacedef-ref nicename="tos.interfaces.Resource" qname="Resource"/>
      </instance>
      <interface-functions>
        <function-ref name="release" ref="0x40c0a468" scoped=""/>
        <function-ref name="immediateRequest" ref="0x40c0a548" scoped=""/>
        <function-ref name="request" ref="0x40c0a628" scoped=""/>
        <function-ref name="granted" ref="0x40c0a708" scoped=""/>
        <function-ref name="isOwner" ref="0x40c0a7e8" scoped=""/>
      </interface-functions>
    </interface></specification><referenced><interface loc="83:/home/zly/tinyos-main/tos/chips/msp430/usart/Msp430Spi0C.nc" name="SpiByte" provided="1" ref="0x40de4828">
      <component-ref nicename="tos.chips.msp430.usart.Msp430Spi0C" qname="HplCC2420SpiC.SpiC"/>
      <type-interface alignment="I:2" size="I:2"><interface-ref name="SpiByte" ref="0x40de4828" scoped=""/></type-interface>
      <instance>
        <interfacedef-ref nicename="tos.interfaces.SpiByte" qname="SpiByte"/>
      </instance>
      <interface-functions>
        <function-ref name="write" ref="0x40de4a00" scoped=""/>
      </interface-functions>
    </interface><interface loc="87:/home/zly/tinyos-main/tos/chips/msp430/usart/Msp430Spi0C.nc" name="SpiPacket" provided="1" ref="0x40de3170">
      <component-ref nicename="tos.chips.msp430.usart.Msp430Spi0C" qname="HplCC2420SpiC.SpiC"/>
      <type-interface alignment="I:2" size="I:2"><interface-ref name="SpiPacket" ref="0x40de3170" scoped=""/></type-interface>
      <instance>
        <interfacedef-ref nicename="tos.interfaces.SpiPacket" qname="SpiPacket"/>
      </instance>
      <interface-functions>
        <function-ref name="send" ref="0x40de3348" scoped=""/>
        <function-ref name="sendDone" ref="0x40de3428" scoped=""/>
      </interface-functions>
    </interface><interface loc="81:/home/zly/tinyos-main/tos/chips/msp430/usart/Msp430Spi0C.nc" name="Resource" provided="1" ref="0x40bf9cc8">
      <component-ref nicename="tos.chips.msp430.usart.Msp430Spi0C" qname="HplCC2420SpiC.SpiC"/>
      <type-interface alignment="I:2" size="I:2"><interface-ref name="Resource" ref="0x40bf9cc8" scoped=""/></type-interface>
      <instance>
        <interfacedef-ref nicename="tos.interfaces.Resource" qname="Resource"/>
      </instance>
      <interface-functions>
        <function-ref name="release" ref="0x40bf9ea0" scoped=""/>
        <function-ref name="immediateRequest" ref="0x40de4010" scoped=""/>
        <function-ref name="request" ref="0x40de40f0" scoped=""/>
        <function-ref name="granted" ref="0x40de41d0" scoped=""/>
        <function-ref name="isOwner" ref="0x40de42b0" scoped=""/>
      </interface-functions>
    </interface><component abstract="" loc="79(HplCC2420SpiC.SpiC):/home/zly/tinyos-main/tos/chips/msp430/usart/Msp430Spi0C.nc" nicename="tos.chips.msp430.usart.Msp430Spi0C" qname="HplCC2420SpiC.SpiC">
      <instance>
        <component-ref nicename="tos.chips.msp430.usart.Msp430Spi0C" qname="Msp430Spi0C"/>
      </instance>
      <configuration/>
    </component></referenced></component>