<?xml version="1.0" ?><component loc="41:/home/zly/tinyos-main/tos/chips/cc2420/lpl/DummyLplC.nc" nicename="tos.chips.cc2420.lpl.DummyLplC" qname="DummyLplC">
      <documentation loc="32:/home/zly/tinyos-main/tos/chips/cc2420/lpl/DummyLplC.nc">
        <short>
 Dummy low power listening interface used when LowPowerListening is not
 compiled in with the application.</short>
        <long>
 Dummy low power listening interface used when LowPowerListening is not
 compiled in with the application.
 Sleep interval is always 0, and duty cycle is always 100%
 @author David Moss
</long>
      </documentation>
      <configuration/>
      <wiring>
        <wire loc="63:/home/zly/tinyos-main/tos/chips/cc2420/lpl/DummyLplC.nc">
          <from><interface-ref name="SplitControl" ref="0x41047568" scoped=""/></from>
          <to><interface-ref name="SubControl" ref="0x41045098" scoped=""/></to>
        </wire>
        <wire loc="61:/home/zly/tinyos-main/tos/chips/cc2420/lpl/DummyLplC.nc">
          <from><interface-ref name="Send" ref="0x4104a470" scoped=""/></from>
          <to><interface-ref name="SubSend" ref="0x410464c8" scoped=""/></to>
        </wire>
        <wire loc="64:/home/zly/tinyos-main/tos/chips/cc2420/lpl/DummyLplC.nc">
          <from><interface-ref name="LowPowerListening" ref="0x4104af18" scoped=""/></from>
          <to><interface-ref name="LowPowerListening" ref="0x41045cb0" scoped=""/></to>
        </wire>
        <wire loc="65:/home/zly/tinyos-main/tos/chips/cc2420/lpl/DummyLplC.nc">
          <from><interface-ref name="SendState" ref="0x41047bd8" scoped=""/></from>
          <to><interface-ref name="State" ref="0x41077d20" scoped=""/></to>
        </wire>
        <wire loc="62:/home/zly/tinyos-main/tos/chips/cc2420/lpl/DummyLplC.nc">
          <from><interface-ref name="Receive" ref="0x4104ab50" scoped=""/></from>
          <to><interface-ref name="SubReceive" ref="0x41046c30" scoped=""/></to>
        </wire>
      </wiring>
    <specification><interface loc="46:/home/zly/tinyos-main/tos/chips/cc2420/lpl/DummyLplC.nc" name="SplitControl" provided="1" ref="0x41047568">
      <component-ref nicename="tos.chips.cc2420.lpl.DummyLplC" qname="DummyLplC"/>
      <type-interface alignment="I:2" size="I:2"><interface-ref name="SplitControl" ref="0x41047568" scoped=""/></type-interface>
      <instance>
        <interfacedef-ref nicename="tos.interfaces.SplitControl" qname="SplitControl"/>
      </instance>
      <interface-functions>
        <function-ref name="startDone" ref="0x41047740" scoped=""/>
        <function-ref name="stopDone" ref="0x41047820" scoped=""/>
        <function-ref name="start" ref="0x41047900" scoped=""/>
        <function-ref name="stop" ref="0x410479e0" scoped=""/>
      </interface-functions>
    </interface><interface loc="51:/home/zly/tinyos-main/tos/chips/cc2420/lpl/DummyLplC.nc" name="SubSend" provided="0" ref="0x410464c8">
      <component-ref nicename="tos.chips.cc2420.lpl.DummyLplC" qname="DummyLplC"/>
      <type-interface alignment="I:2" size="I:2"><interface-ref name="SubSend" ref="0x410464c8" scoped=""/></type-interface>
      <instance>
        <interfacedef-ref nicename="tos.interfaces.Send" qname="Send"/>
      </instance>
      <interface-functions>
        <function-ref name="send" ref="0x410466a0" scoped=""/>
        <function-ref name="getPayload" ref="0x41046780" scoped=""/>
        <function-ref name="maxPayloadLength" ref="0x41046860" scoped=""/>
        <function-ref name="cancel" ref="0x41046940" scoped=""/>
        <function-ref name="sendDone" ref="0x41046a20" scoped=""/>
      </interface-functions>
    </interface><interface loc="52:/home/zly/tinyos-main/tos/chips/cc2420/lpl/DummyLplC.nc" name="SubReceive" provided="0" ref="0x41046c30">
      <component-ref nicename="tos.chips.cc2420.lpl.DummyLplC" qname="DummyLplC"/>
      <type-interface alignment="I:2" size="I:2"><interface-ref name="SubReceive" ref="0x41046c30" scoped=""/></type-interface>
      <instance>
        <interfacedef-ref nicename="tos.interfaces.Receive" qname="Receive"/>
      </instance>
      <interface-functions>
        <function-ref name="receive" ref="0x41046e08" scoped=""/>
      </interface-functions>
    </interface><interface loc="43:/home/zly/tinyos-main/tos/chips/cc2420/lpl/DummyLplC.nc" name="Send" provided="1" ref="0x4104a470">
      <component-ref nicename="tos.chips.cc2420.lpl.DummyLplC" qname="DummyLplC"/>
      <type-interface alignment="I:2" size="I:2"><interface-ref name="Send" ref="0x4104a470" scoped=""/></type-interface>
      <instance>
        <interfacedef-ref nicename="tos.interfaces.Send" qname="Send"/>
      </instance>
      <interface-functions>
        <function-ref name="send" ref="0x4104a648" scoped=""/>
        <function-ref name="getPayload" ref="0x4104a728" scoped=""/>
        <function-ref name="maxPayloadLength" ref="0x4104a808" scoped=""/>
        <function-ref name="cancel" ref="0x4104a8e8" scoped=""/>
        <function-ref name="sendDone" ref="0x4104a9c8" scoped=""/>
      </interface-functions>
    </interface><interface loc="45:/home/zly/tinyos-main/tos/chips/cc2420/lpl/DummyLplC.nc" name="LowPowerListening" provided="1" ref="0x4104af18">
      <component-ref nicename="tos.chips.cc2420.lpl.DummyLplC" qname="DummyLplC"/>
      <type-interface alignment="I:2" size="I:2"><interface-ref name="LowPowerListening" ref="0x4104af18" scoped=""/></type-interface>
      <instance>
        <interfacedef-ref nicename="tos.interfaces.LowPowerListening" qname="LowPowerListening"/>
      </instance>
      <interface-functions>
        <function-ref name="setRemoteWakeupInterval" ref="0x41047108" scoped=""/>
        <function-ref name="getRemoteWakeupInterval" ref="0x410471e8" scoped=""/>
        <function-ref name="getLocalWakeupInterval" ref="0x410472c8" scoped=""/>
        <function-ref name="setLocalWakeupInterval" ref="0x410473a8" scoped=""/>
      </interface-functions>
    </interface><interface loc="47:/home/zly/tinyos-main/tos/chips/cc2420/lpl/DummyLplC.nc" name="SendState" provided="1" ref="0x41047bd8">
      <component-ref nicename="tos.chips.cc2420.lpl.DummyLplC" qname="DummyLplC"/>
      <type-interface alignment="I:2" size="I:2"><interface-ref name="SendState" ref="0x41047bd8" scoped=""/></type-interface>
      <instance>
        <interfacedef-ref nicename="tos.interfaces.State" qname="State"/>
      </instance>
      <interface-functions>
        <function-ref name="getState" ref="0x41047db0" scoped=""/>
        <function-ref name="toIdle" ref="0x41047e90" scoped=""/>
        <function-ref name="isState" ref="0x41046010" scoped=""/>
        <function-ref name="isIdle" ref="0x410460f0" scoped=""/>
        <function-ref name="requestState" ref="0x410461d0" scoped=""/>
        <function-ref name="forceState" ref="0x410462b0" scoped=""/>
      </interface-functions>
    </interface><interface loc="53:/home/zly/tinyos-main/tos/chips/cc2420/lpl/DummyLplC.nc" name="SubControl" provided="0" ref="0x41045098">
      <component-ref nicename="tos.chips.cc2420.lpl.DummyLplC" qname="DummyLplC"/>
      <type-interface alignment="I:2" size="I:2"><interface-ref name="SubControl" ref="0x41045098" scoped=""/></type-interface>
      <instance>
        <interfacedef-ref nicename="tos.interfaces.SplitControl" qname="SplitControl"/>
      </instance>
      <interface-functions>
        <function-ref name="startDone" ref="0x41045270" scoped=""/>
        <function-ref name="stopDone" ref="0x41045350" scoped=""/>
        <function-ref name="start" ref="0x41045430" scoped=""/>
        <function-ref name="stop" ref="0x41045510" scoped=""/>
      </interface-functions>
    </interface><interface loc="44:/home/zly/tinyos-main/tos/chips/cc2420/lpl/DummyLplC.nc" name="Receive" provided="1" ref="0x4104ab50">
      <component-ref nicename="tos.chips.cc2420.lpl.DummyLplC" qname="DummyLplC"/>
      <type-interface alignment="I:2" size="I:2"><interface-ref name="Receive" ref="0x4104ab50" scoped=""/></type-interface>
      <instance>
        <interfacedef-ref nicename="tos.interfaces.Receive" qname="Receive"/>
      </instance>
      <interface-functions>
        <function-ref name="receive" ref="0x4104ad28" scoped=""/>
      </interface-functions>
    </interface></specification><referenced><interface loc="41:/home/zly/tinyos-main/tos/chips/cc2420/lpl/DummyLplP.nc" name="LowPowerListening" provided="1" ref="0x41045cb0">
      <component-ref nicename="tos.chips.cc2420.lpl.DummyLplP" qname="DummyLplP"/>
      <type-interface alignment="I:2" size="I:2"><interface-ref name="LowPowerListening" ref="0x41045cb0" scoped=""/></type-interface>
      <instance>
        <interfacedef-ref nicename="tos.interfaces.LowPowerListening" qname="LowPowerListening"/>
      </instance>
      <interface-functions>
        <function-ref name="setRemoteWakeupInterval" ref="0x41045e88" scoped=""/>
        <function-ref name="getRemoteWakeupInterval" ref="0x41042010" scoped=""/>
        <function-ref name="getLocalWakeupInterval" ref="0x410420f0" scoped=""/>
        <function-ref name="setLocalWakeupInterval" ref="0x410421d0" scoped=""/>
      </interface-functions>
    </interface><interface loc="67:/home/zly/tinyos-main/tos/system/StateC.nc" name="State" provided="1" ref="0x41077d20">
      <component-ref nicename="tos.system.StateC" qname="DummyLplC.StateC"/>
      <type-interface alignment="I:2" size="I:2"><interface-ref name="State" ref="0x41077d20" scoped=""/></type-interface>
      <instance>
        <interfacedef-ref nicename="tos.interfaces.State" qname="State"/>
      </instance>
      <interface-functions>
        <function-ref name="getState" ref="0x41077ef8" scoped=""/>
        <function-ref name="toIdle" ref="0x41044010" scoped=""/>
        <function-ref name="isState" ref="0x410440f0" scoped=""/>
        <function-ref name="isIdle" ref="0x410441d0" scoped=""/>
        <function-ref name="requestState" ref="0x410442b0" scoped=""/>
        <function-ref name="forceState" ref="0x41044390" scoped=""/>
      </interface-functions>
    </interface><component loc="65(DummyLplC.StateC):/home/zly/tinyos-main/tos/system/StateC.nc" nicename="tos.system.StateC" qname="DummyLplC.StateC">
      <documentation loc="32:/home/zly/tinyos-main/tos/types/State.h">
        <short>
 </short>
        <long>
 @author David Moss
</long>
      </documentation>
      <instance number="3">
        <component-ref nicename="tos.system.StateC" qname="StateC"/>
      </instance>
      <configuration/>
      <wiring>
        <wire loc="74:/home/zly/tinyos-main/tos/system/StateC.nc">
          <from><interface-ref name="State" ref="0x41077d20" scoped=""/></from>
          <to><interface-ref name="State" ref="0x40be4100" scoped=""/>
          <arguments>
            <value cst="I:3">
              <type-int alignment="I:2" cname="unsigned int" size="I:2" unsigned=""/>
            </value>
          </arguments>
          </to>
        </wire>
      </wiring>
    </component><component loc="39:/home/zly/tinyos-main/tos/chips/cc2420/lpl/DummyLplP.nc" nicename="tos.chips.cc2420.lpl.DummyLplP" qname="DummyLplP">
      <documentation loc="32:/home/zly/tinyos-main/tos/chips/cc2420/lpl/DummyLplP.nc">
        <short>
 Dummy low power listening interface used when LowPowerListening is not
 compiled in with the application.</short>
        <long>
 Dummy low power listening interface used when LowPowerListening is not
 compiled in with the application.
 Wakeup interval is always 0 (always on)
 @author David Moss
</long>
      </documentation>
      <module/>
    </component></referenced></component>