<?xml version="1.0" ?><component loc="39:/home/zly/tinyos-main/tos/chips/cc2420/receive/CC2420ReceiveC.nc" nicename="tos.chips.cc2420.receive.CC2420ReceiveC" qname="CC2420ReceiveC">
      <documentation loc="32:/home/zly/tinyos-main/tos/chips/cc2420/receive/CC2420ReceiveC.nc">
        <short>
 Implementation of the receive path for the ChipCon CC2420 radio.</short>
        <long>
 Implementation of the receive path for the ChipCon CC2420 radio.

 @author Jonathan Hui &lt;jhui@archrock.com&gt;
 @version $Revision: 1.4 $ $Date: 2009-08-14 20:33:43 $
</long>
      </documentation>
      <configuration/>
      <wiring>
        <wire loc="62:/home/zly/tinyos-main/tos/chips/cc2420/receive/CC2420ReceiveC.nc">
          <from><interface-ref name="CC2420Receive" ref="0x40f16b68" scoped=""/></from>
          <to><interface-ref name="CC2420Receive" ref="0x40f10a50" scoped=""/></to>
        </wire>
        <wire loc="63:/home/zly/tinyos-main/tos/chips/cc2420/receive/CC2420ReceiveC.nc">
          <from><interface-ref name="Receive" ref="0x40f130d8" scoped=""/></from>
          <to><interface-ref name="Receive" ref="0x40f0f010" scoped=""/></to>
        </wire>
        <wire loc="64:/home/zly/tinyos-main/tos/chips/cc2420/receive/CC2420ReceiveC.nc">
          <from><interface-ref name="PacketIndicator" ref="0x40f13570" scoped=""/></from>
          <to><interface-ref name="PacketIndicator" ref="0x40f0f4a8" scoped=""/></to>
        </wire>
        <wire loc="61:/home/zly/tinyos-main/tos/chips/cc2420/receive/CC2420ReceiveC.nc">
          <from><interface-ref name="StdControl" ref="0x40f166c8" scoped=""/></from>
          <to><interface-ref name="StdControl" ref="0x40f105b0" scoped=""/></to>
        </wire>
        <wire loc="59:/home/zly/tinyos-main/tos/chips/cc2420/receive/CC2420ReceiveC.nc">
          <from><interface-ref name="Leds" ref="0x40f3a598" scoped=""/></from>
          <to><interface-ref name="Leds" ref="0x40d05b58" scoped=""/></to>
        </wire>
        <wire loc="66:/home/zly/tinyos-main/tos/chips/cc2420/receive/CC2420ReceiveC.nc">
          <from><interface-ref name="SoftwareInit" ref="0x40610df0" scoped=""/></from>
          <to><interface-ref name="Init" ref="0x40f10210" scoped=""/></to>
        </wire>
        <wire loc="68:/home/zly/tinyos-main/tos/chips/cc2420/receive/CC2420ReceiveC.nc">
          <from><interface-ref name="CSN" ref="0x40f0f880" scoped=""/></from>
          <to><interface-ref name="CSN" ref="0x4098f830" scoped=""/></to>
        </wire>
        <wire loc="69:/home/zly/tinyos-main/tos/chips/cc2420/receive/CC2420ReceiveC.nc">
          <from><interface-ref name="FIFO" ref="0x40f44300" scoped=""/></from>
          <to><interface-ref name="FIFO" ref="0x4098e300" scoped=""/></to>
        </wire>
        <wire loc="70:/home/zly/tinyos-main/tos/chips/cc2420/receive/CC2420ReceiveC.nc">
          <from><interface-ref name="FIFOP" ref="0x40f44d10" scoped=""/></from>
          <to><interface-ref name="FIFOP" ref="0x4098ed10" scoped=""/></to>
        </wire>
        <wire loc="71:/home/zly/tinyos-main/tos/chips/cc2420/receive/CC2420ReceiveC.nc">
          <from><interface-ref name="InterruptFIFOP" ref="0x40f437e8" scoped=""/></from>
          <to><interface-ref name="InterruptFIFOP" ref="0x40ada618" scoped=""/></to>
        </wire>
        <wire loc="72:/home/zly/tinyos-main/tos/chips/cc2420/receive/CC2420ReceiveC.nc">
          <from><interface-ref name="SpiResource" ref="0x40f43ea8" scoped=""/></from>
          <to><interface-ref name="Resource" ref="0x40f69ed0" scoped=""/></to>
        </wire>
        <wire loc="73:/home/zly/tinyos-main/tos/chips/cc2420/receive/CC2420ReceiveC.nc">
          <from><interface-ref name="RXFIFO" ref="0x40f42668" scoped=""/></from>
          <to><interface-ref name="RXFIFO" ref="0x40fb95c8" scoped=""/></to>
        </wire>
        <wire loc="74:/home/zly/tinyos-main/tos/chips/cc2420/receive/CC2420ReceiveC.nc">
          <from><interface-ref name="SFLUSHRX" ref="0x40f41268" scoped=""/></from>
          <to><interface-ref name="SFLUSHRX" ref="0x40fc55b8" scoped=""/></to>
        </wire>
        <wire loc="75:/home/zly/tinyos-main/tos/chips/cc2420/receive/CC2420ReceiveC.nc">
          <from><interface-ref name="SACK" ref="0x40f42df0" scoped=""/></from>
          <to><interface-ref name="SACK" ref="0x40fc5c68" scoped=""/></to>
        </wire>
        <wire loc="76:/home/zly/tinyos-main/tos/chips/cc2420/receive/CC2420ReceiveC.nc">
          <from><interface-ref name="CC2420Packet" ref="0x40f416a0" scoped=""/></from>
          <to><interface-ref name="CC2420Packet" ref="0x40f6bb88" scoped=""/></to>
        </wire>
        <wire loc="77:/home/zly/tinyos-main/tos/chips/cc2420/receive/CC2420ReceiveC.nc">
          <from><interface-ref name="CC2420PacketBody" ref="0x40f41ee0" scoped=""/></from>
          <to><interface-ref name="CC2420PacketBody" ref="0x40f689c8" scoped=""/></to>
        </wire>
        <wire loc="78:/home/zly/tinyos-main/tos/chips/cc2420/receive/CC2420ReceiveC.nc">
          <from><interface-ref name="PacketTimeStamp" ref="0x40f3e6e0" scoped=""/></from>
          <to><interface-ref name="PacketTimeStamp32khz" ref="0x40f67668" scoped=""/></to>
        </wire>
        <wire loc="79:/home/zly/tinyos-main/tos/chips/cc2420/receive/CC2420ReceiveC.nc">
          <from><interface-ref name="CC2420Config" ref="0x40f3f480" scoped=""/></from>
          <to><interface-ref name="CC2420Config" ref="0x4090fed0" scoped=""/></to>
        </wire>
        <wire loc="81:/home/zly/tinyos-main/tos/chips/cc2420/receive/CC2420ReceiveC.nc">
          <from><interface-ref name="SECCTRL0" ref="0x40f3c2b8" scoped=""/></from>
          <to><interface-ref name="SECCTRL0" ref="0x40fc15c8" scoped=""/></to>
        </wire>
        <wire loc="82:/home/zly/tinyos-main/tos/chips/cc2420/receive/CC2420ReceiveC.nc">
          <from><interface-ref name="SECCTRL1" ref="0x40f3c7d8" scoped=""/></from>
          <to><interface-ref name="SECCTRL1" ref="0x40fc1a00" scoped=""/></to>
        </wire>
        <wire loc="83:/home/zly/tinyos-main/tos/chips/cc2420/receive/CC2420ReceiveC.nc">
          <from><interface-ref name="SRXDEC" ref="0x40f3de50" scoped=""/></from>
          <to><interface-ref name="SRXDEC" ref="0x40fc43d8" scoped=""/></to>
        </wire>
        <wire loc="84:/home/zly/tinyos-main/tos/chips/cc2420/receive/CC2420ReceiveC.nc">
          <from><interface-ref name="RXNONCE" ref="0x40f3b700" scoped=""/></from>
          <to><interface-ref name="RXNONCE" ref="0x40fb9190" scoped=""/></to>
        </wire>
        <wire loc="85:/home/zly/tinyos-main/tos/chips/cc2420/receive/CC2420ReceiveC.nc">
          <from><interface-ref name="KEY0" ref="0x40f3cca0" scoped=""/></from>
          <to><interface-ref name="KEY0" ref="0x40fbb010" scoped=""/></to>
        </wire>
        <wire loc="86:/home/zly/tinyos-main/tos/chips/cc2420/receive/CC2420ReceiveC.nc">
          <from><interface-ref name="KEY1" ref="0x40f3b220" scoped=""/></from>
          <to><interface-ref name="KEY1" ref="0x40fbb448" scoped=""/></to>
        </wire>
        <wire loc="87:/home/zly/tinyos-main/tos/chips/cc2420/receive/CC2420ReceiveC.nc">
          <from><interface-ref name="RXFIFO_RAM" ref="0x40f3bc00" scoped=""/></from>
          <to><interface-ref name="RXFIFO_RAM" ref="0x40fbcb20" scoped=""/></to>
        </wire>
        <wire loc="88:/home/zly/tinyos-main/tos/chips/cc2420/receive/CC2420ReceiveC.nc">
          <from><interface-ref name="SNOP" ref="0x40f3a130" scoped=""/></from>
          <to><interface-ref name="SNOP" ref="0x40fc8ab8" scoped=""/></to>
        </wire>
      </wiring>
    <specification><interface loc="42:/home/zly/tinyos-main/tos/chips/cc2420/receive/CC2420ReceiveC.nc" name="CC2420Receive" provided="1" ref="0x40f16b68">
      <component-ref nicename="tos.chips.cc2420.receive.CC2420ReceiveC" qname="CC2420ReceiveC"/>
      <type-interface alignment="I:2" size="I:2"><interface-ref name="CC2420Receive" ref="0x40f16b68" scoped=""/></type-interface>
      <instance>
        <interfacedef-ref nicename="tos.chips.cc2420.interfaces.CC2420Receive" qname="CC2420Receive"/>
      </instance>
      <interface-functions>
        <function-ref name="receive" ref="0x40f16d40" scoped=""/>
        <function-ref name="sfd_dropped" ref="0x40f16e20" scoped=""/>
        <function-ref name="sfd" ref="0x40f16f00" scoped=""/>
      </interface-functions>
    </interface><interface loc="43:/home/zly/tinyos-main/tos/chips/cc2420/receive/CC2420ReceiveC.nc" name="Receive" provided="1" ref="0x40f130d8">
      <component-ref nicename="tos.chips.cc2420.receive.CC2420ReceiveC" qname="CC2420ReceiveC"/>
      <type-interface alignment="I:2" size="I:2"><interface-ref name="Receive" ref="0x40f130d8" scoped=""/></type-interface>
      <instance>
        <interfacedef-ref nicename="tos.interfaces.Receive" qname="Receive"/>
      </instance>
      <interface-functions>
        <function-ref name="receive" ref="0x40f132b0" scoped=""/>
      </interface-functions>
    </interface><interface loc="44:/home/zly/tinyos-main/tos/chips/cc2420/receive/CC2420ReceiveC.nc" name="PacketIndicator" provided="1" ref="0x40f13570">
      <component-ref nicename="tos.chips.cc2420.receive.CC2420ReceiveC" qname="CC2420ReceiveC"/>
      <type-interface alignment="I:2" size="I:2"><interface-ref name="PacketIndicator" ref="0x40f13570" scoped=""/></type-interface>
      <instance>
        <interfacedef-ref nicename="tos.chips.cc2420.interfaces.ReceiveIndicator" qname="ReceiveIndicator"/>
      </instance>
      <interface-functions>
        <function-ref name="isReceiving" ref="0x40f13748" scoped=""/>
      </interface-functions>
    </interface><interface loc="41:/home/zly/tinyos-main/tos/chips/cc2420/receive/CC2420ReceiveC.nc" name="StdControl" provided="1" ref="0x40f166c8">
      <component-ref nicename="tos.chips.cc2420.receive.CC2420ReceiveC" qname="CC2420ReceiveC"/>
      <type-interface alignment="I:2" size="I:2"><interface-ref name="StdControl" ref="0x40f166c8" scoped=""/></type-interface>
      <instance>
        <interfacedef-ref nicename="tos.interfaces.StdControl" qname="StdControl"/>
      </instance>
      <interface-functions>
        <function-ref name="start" ref="0x40f168a0" scoped=""/>
        <function-ref name="stop" ref="0x40f16980" scoped=""/>
      </interface-functions>
    </interface></specification><referenced><interface loc="71:/home/zly/tinyos-main/tos/chips/cc2420/spi/CC2420SpiC.nc" name="SECCTRL0" provided="1" ref="0x40fc15c8">
      <component-ref nicename="tos.chips.cc2420.spi.CC2420SpiC" qname="CC2420ReceiveC.Spi"/>
      <type-interface alignment="I:2" size="I:2"><interface-ref name="SECCTRL0" ref="0x40fc15c8" scoped=""/></type-interface>
      <instance>
        <interfacedef-ref nicename="tos.chips.cc2420.interfaces.CC2420Register" qname="CC2420Register"/>
      </instance>
      <interface-functions>
        <function-ref name="read" ref="0x40fc17a0" scoped=""/>
        <function-ref name="write" ref="0x40fc1880" scoped=""/>
      </interface-functions>
    </interface><interface loc="44:/home/zly/tinyos-main/tos/platforms/telosa/chips/cc2420/HplCC2420PinsC.nc" name="FIFO" provided="1" ref="0x4098e300">
      <component-ref nicename="tos.platforms.telosa.chips.cc2420.HplCC2420PinsC" qname="HplCC2420PinsC"/>
      <type-interface alignment="I:2" size="I:2"><interface-ref name="FIFO" ref="0x4098e300" scoped=""/></type-interface>
      <instance>
        <interfacedef-ref nicename="tos.interfaces.GeneralIO" qname="GeneralIO"/>
      </instance>
      <interface-functions>
        <function-ref name="makeInput" ref="0x4098e4d8" scoped=""/>
        <function-ref name="isInput" ref="0x4098e5b8" scoped=""/>
        <function-ref name="toggle" ref="0x4098e698" scoped=""/>
        <function-ref name="isOutput" ref="0x4098e778" scoped=""/>
        <function-ref name="get" ref="0x4098e858" scoped=""/>
        <function-ref name="makeOutput" ref="0x4098e938" scoped=""/>
        <function-ref name="set" ref="0x4098ea18" scoped=""/>
        <function-ref name="clr" ref="0x4098eaf8" scoped=""/>
      </interface-functions>
    </interface><interface loc="59:/home/zly/tinyos-main/tos/chips/cc2420/receive/CC2420ReceiveP.nc" name="RXFIFO" provided="0" ref="0x40f42668">
      <component-ref nicename="tos.chips.cc2420.receive.CC2420ReceiveP" qname="CC2420ReceiveP"/>
      <type-interface alignment="I:2" size="I:2"><interface-ref name="RXFIFO" ref="0x40f42668" scoped=""/></type-interface>
      <instance>
        <interfacedef-ref nicename="tos.chips.cc2420.interfaces.CC2420Fifo" qname="CC2420Fifo"/>
      </instance>
      <interface-functions>
        <function-ref name="continueRead" ref="0x40f42840" scoped=""/>
        <function-ref name="writeDone" ref="0x40f42920" scoped=""/>
        <function-ref name="write" ref="0x40f42a00" scoped=""/>
        <function-ref name="beginRead" ref="0x40f42ae0" scoped=""/>
        <function-ref name="readDone" ref="0x40f42bc0" scoped=""/>
      </interface-functions>
    </interface><interface loc="61:/home/zly/tinyos-main/tos/chips/cc2420/receive/CC2420ReceiveP.nc" name="SFLUSHRX" provided="0" ref="0x40f41268">
      <component-ref nicename="tos.chips.cc2420.receive.CC2420ReceiveP" qname="CC2420ReceiveP"/>
      <type-interface alignment="I:2" size="I:2"><interface-ref name="SFLUSHRX" ref="0x40f41268" scoped=""/></type-interface>
      <instance>
        <interfacedef-ref nicename="tos.chips.cc2420.interfaces.CC2420Strobe" qname="CC2420Strobe"/>
      </instance>
      <interface-functions>
        <function-ref name="strobe" ref="0x40f414c0" scoped=""/>
      </interface-functions>
    </interface><interface loc="41:/home/zly/tinyos-main/tos/chips/cc2420/packet/CC2420PacketC.nc" name="CC2420Packet" provided="1" ref="0x40f6bb88">
      <component-ref nicename="tos.chips.cc2420.packet.CC2420PacketC" qname="CC2420PacketC"/>
      <type-interface alignment="I:2" size="I:2"><interface-ref name="CC2420Packet" ref="0x40f6bb88" scoped=""/></type-interface>
      <instance>
        <interfacedef-ref nicename="tos.chips.cc2420.interfaces.CC2420Packet" qname="CC2420Packet"/>
      </instance>
      <interface-functions>
        <function-ref name="setPower" ref="0x40f6bd60" scoped=""/>
        <function-ref name="setNetwork" ref="0x40f6be40" scoped=""/>
        <function-ref name="getRssi" ref="0x40f6bf20" scoped=""/>
        <function-ref name="getNetwork" ref="0x40f68018" scoped=""/>
        <function-ref name="getPower" ref="0x40f680f8" scoped=""/>
        <function-ref name="getLqi" ref="0x40f681d8" scoped=""/>
      </interface-functions>
    </interface><interface loc="55:/home/zly/tinyos-main/tos/chips/cc2420/spi/CC2420SpiC.nc" name="SACK" provided="1" ref="0x40fc5c68">
      <component-ref nicename="tos.chips.cc2420.spi.CC2420SpiC" qname="CC2420ReceiveC.Spi"/>
      <type-interface alignment="I:2" size="I:2"><interface-ref name="SACK" ref="0x40fc5c68" scoped=""/></type-interface>
      <instance>
        <interfacedef-ref nicename="tos.chips.cc2420.interfaces.CC2420Strobe" qname="CC2420Strobe"/>
      </instance>
      <interface-functions>
        <function-ref name="strobe" ref="0x40fc5ec0" scoped=""/>
      </interface-functions>
    </interface><interface loc="46:/home/zly/tinyos-main/tos/chips/cc2420/packet/CC2420PacketC.nc" name="PacketTimeStamp32khz" provided="1" ref="0x40f67668">
      <component-ref nicename="tos.chips.cc2420.packet.CC2420PacketC" qname="CC2420PacketC"/>
      <type-interface alignment="I:2" size="I:2"><interface-ref name="PacketTimeStamp32khz" ref="0x40f67668" scoped=""/></type-interface>
      <instance>
        <interfacedef-ref nicename="tos.interfaces.PacketTimeStamp" qname="PacketTimeStamp"/>
        <arguments>
          <type-tag alignment="I:2" size="I:2"><struct-ref ref="0x40614ca8"/>
            <typename><typedef-ref name="T32khz" ref="0x40614e70"/></typename>
          </type-tag>
          <type-int alignment="I:2" cname="unsigned long" size="I:4" unsigned="">
            <typename><typedef-ref name="uint32_t" ref="0x40213250"/></typename>
          </type-int>
        </arguments>
      </instance>
      <interface-functions>
        <function-ref name="timestamp" ref="0x40f65198" scoped=""/>
        <function-ref name="clear" ref="0x40f65548" scoped=""/>
        <function-ref name="isValid" ref="0x40f67db8" scoped=""/>
        <function-ref name="set" ref="0x40f658f8" scoped=""/>
      </interface-functions>
    </interface><interface loc="72:/home/zly/tinyos-main/tos/chips/cc2420/receive/CC2420ReceiveP.nc" name="RXNONCE" provided="0" ref="0x40f3b700">
      <component-ref nicename="tos.chips.cc2420.receive.CC2420ReceiveP" qname="CC2420ReceiveP"/>
      <type-interface alignment="I:2" size="I:2"><interface-ref name="RXNONCE" ref="0x40f3b700" scoped=""/></type-interface>
      <instance>
        <interfacedef-ref nicename="tos.chips.cc2420.interfaces.CC2420Ram" qname="CC2420Ram"/>
      </instance>
      <interface-functions>
        <function-ref name="read" ref="0x40f3b8d8" scoped=""/>
        <function-ref name="write" ref="0x40f3b9b8" scoped=""/>
      </interface-functions>
    </interface><interface loc="70:/home/zly/tinyos-main/tos/chips/cc2420/receive/CC2420ReceiveP.nc" name="KEY0" provided="0" ref="0x40f3cca0">
      <component-ref nicename="tos.chips.cc2420.receive.CC2420ReceiveP" qname="CC2420ReceiveP"/>
      <type-interface alignment="I:2" size="I:2"><interface-ref name="KEY0" ref="0x40f3cca0" scoped=""/></type-interface>
      <instance>
        <interfacedef-ref nicename="tos.chips.cc2420.interfaces.CC2420Ram" qname="CC2420Ram"/>
      </instance>
      <interface-functions>
        <function-ref name="read" ref="0x40f3ce78" scoped=""/>
        <function-ref name="write" ref="0x40f3b010" scoped=""/>
      </interface-functions>
    </interface><interface loc="45:/home/zly/tinyos-main/tos/platforms/telosa/chips/cc2420/HplCC2420PinsC.nc" name="FIFOP" provided="1" ref="0x4098ed10">
      <component-ref nicename="tos.platforms.telosa.chips.cc2420.HplCC2420PinsC" qname="HplCC2420PinsC"/>
      <type-interface alignment="I:2" size="I:2"><interface-ref name="FIFOP" ref="0x4098ed10" scoped=""/></type-interface>
      <instance>
        <interfacedef-ref nicename="tos.interfaces.GeneralIO" qname="GeneralIO"/>
      </instance>
      <interface-functions>
        <function-ref name="makeInput" ref="0x4098eee8" scoped=""/>
        <function-ref name="isInput" ref="0x4098d010" scoped=""/>
        <function-ref name="toggle" ref="0x4098d0f0" scoped=""/>
        <function-ref name="isOutput" ref="0x4098d1d0" scoped=""/>
        <function-ref name="get" ref="0x4098d2b0" scoped=""/>
        <function-ref name="makeOutput" ref="0x4098d390" scoped=""/>
        <function-ref name="set" ref="0x4098d470" scoped=""/>
        <function-ref name="clr" ref="0x4098d550" scoped=""/>
      </interface-functions>
    </interface><interface loc="45:/home/zly/tinyos-main/tos/chips/cc2420/spi/CC2420SpiC.nc" name="SNOP" provided="1" ref="0x40fc8ab8">
      <component-ref nicename="tos.chips.cc2420.spi.CC2420SpiC" qname="CC2420ReceiveC.Spi"/>
      <type-interface alignment="I:2" size="I:2"><interface-ref name="SNOP" ref="0x40fc8ab8" scoped=""/></type-interface>
      <instance>
        <interfacedef-ref nicename="tos.chips.cc2420.interfaces.CC2420Strobe" qname="CC2420Strobe"/>
      </instance>
      <interface-functions>
        <function-ref name="strobe" ref="0x40fc8c90" scoped=""/>
      </interface-functions>
    </interface><interface loc="56:/home/zly/tinyos-main/tos/chips/cc2420/receive/CC2420ReceiveP.nc" name="InterruptFIFOP" provided="0" ref="0x40f437e8">
      <component-ref nicename="tos.chips.cc2420.receive.CC2420ReceiveP" qname="CC2420ReceiveP"/>
      <type-interface alignment="I:2" size="I:2"><interface-ref name="InterruptFIFOP" ref="0x40f437e8" scoped=""/></type-interface>
      <instance>
        <interfacedef-ref nicename="tos.interfaces.GpioInterrupt" qname="GpioInterrupt"/>
      </instance>
      <interface-functions>
        <function-ref name="fired" ref="0x40f439c0" scoped=""/>
        <function-ref name="disable" ref="0x40f43aa0" scoped=""/>
        <function-ref name="enableFallingEdge" ref="0x40f43b80" scoped=""/>
        <function-ref name="enableRisingEdge" ref="0x40f43c60" scoped=""/>
      </interface-functions>
    </interface><interface loc="73:/home/zly/tinyos-main/tos/chips/cc2420/receive/CC2420ReceiveP.nc" name="RXFIFO_RAM" provided="0" ref="0x40f3bc00">
      <component-ref nicename="tos.chips.cc2420.receive.CC2420ReceiveP" qname="CC2420ReceiveP"/>
      <type-interface alignment="I:2" size="I:2"><interface-ref name="RXFIFO_RAM" ref="0x40f3bc00" scoped=""/></type-interface>
      <instance>
        <interfacedef-ref nicename="tos.chips.cc2420.interfaces.CC2420Ram" qname="CC2420Ram"/>
      </instance>
      <interface-functions>
        <function-ref name="read" ref="0x40f3bdd8" scoped=""/>
        <function-ref name="write" ref="0x40f3beb8" scoped=""/>
      </interface-functions>
    </interface><interface loc="55:/home/zly/tinyos-main/tos/chips/cc2420/receive/CC2420ReceiveP.nc" name="FIFOP" provided="0" ref="0x40f44d10">
      <component-ref nicename="tos.chips.cc2420.receive.CC2420ReceiveP" qname="CC2420ReceiveP"/>
      <type-interface alignment="I:2" size="I:2"><interface-ref name="FIFOP" ref="0x40f44d10" scoped=""/></type-interface>
      <instance>
        <interfacedef-ref nicename="tos.interfaces.GeneralIO" qname="GeneralIO"/>
      </instance>
      <interface-functions>
        <function-ref name="makeInput" ref="0x40f44ee8" scoped=""/>
        <function-ref name="isInput" ref="0x40f43010" scoped=""/>
        <function-ref name="toggle" ref="0x40f430f0" scoped=""/>
        <function-ref name="isOutput" ref="0x40f431d0" scoped=""/>
        <function-ref name="get" ref="0x40f432b0" scoped=""/>
        <function-ref name="makeOutput" ref="0x40f43390" scoped=""/>
        <function-ref name="set" ref="0x40f43470" scoped=""/>
        <function-ref name="clr" ref="0x40f43550" scoped=""/>
      </interface-functions>
    </interface><interface loc="43:/home/zly/tinyos-main/tos/platforms/telosa/chips/cc2420/HplCC2420PinsC.nc" name="CSN" provided="1" ref="0x4098f830">
      <component-ref nicename="tos.platforms.telosa.chips.cc2420.HplCC2420PinsC" qname="HplCC2420PinsC"/>
      <type-interface alignment="I:2" size="I:2"><interface-ref name="CSN" ref="0x4098f830" scoped=""/></type-interface>
      <instance>
        <interfacedef-ref nicename="tos.interfaces.GeneralIO" qname="GeneralIO"/>
      </instance>
      <interface-functions>
        <function-ref name="makeInput" ref="0x4098fa08" scoped=""/>
        <function-ref name="isInput" ref="0x4098fae8" scoped=""/>
        <function-ref name="toggle" ref="0x4098fbc8" scoped=""/>
        <function-ref name="isOutput" ref="0x4098fca8" scoped=""/>
        <function-ref name="get" ref="0x4098fd88" scoped=""/>
        <function-ref name="makeOutput" ref="0x4098fe68" scoped=""/>
        <function-ref name="set" ref="0x4098e010" scoped=""/>
        <function-ref name="clr" ref="0x4098e0f0" scoped=""/>
      </interface-functions>
    </interface><interface loc="43:/home/zly/tinyos-main/tos/chips/cc2420/packet/CC2420PacketC.nc" name="CC2420PacketBody" provided="1" ref="0x40f689c8">
      <component-ref nicename="tos.chips.cc2420.packet.CC2420PacketC" qname="CC2420PacketC"/>
      <type-interface alignment="I:2" size="I:2"><interface-ref name="CC2420PacketBody" ref="0x40f689c8" scoped=""/></type-interface>
      <instance>
        <interfacedef-ref nicename="tos.chips.cc2420.interfaces.CC2420PacketBody" qname="CC2420PacketBody"/>
      </instance>
      <interface-functions>
        <function-ref name="getPayload" ref="0x40f68ba0" scoped=""/>
        <function-ref name="getHeader" ref="0x40f68c80" scoped=""/>
        <function-ref name="getMetadata" ref="0x40f68d60" scoped=""/>
      </interface-functions>
    </interface><interface loc="90:/home/zly/tinyos-main/tos/chips/cc2420/spi/CC2420SpiC.nc" name="KEY0" provided="1" ref="0x40fbb010">
      <component-ref nicename="tos.chips.cc2420.spi.CC2420SpiC" qname="CC2420ReceiveC.Spi"/>
      <type-interface alignment="I:2" size="I:2"><interface-ref name="KEY0" ref="0x40fbb010" scoped=""/></type-interface>
      <instance>
        <interfacedef-ref nicename="tos.chips.cc2420.interfaces.CC2420Ram" qname="CC2420Ram"/>
      </instance>
      <interface-functions>
        <function-ref name="read" ref="0x40fbb1e8" scoped=""/>
        <function-ref name="write" ref="0x40fbb2c8" scoped=""/>
      </interface-functions>
    </interface><interface loc="97:/home/zly/tinyos-main/tos/chips/cc2420/spi/CC2420SpiC.nc" name="RXFIFO" provided="1" ref="0x40fb95c8">
      <component-ref nicename="tos.chips.cc2420.spi.CC2420SpiC" qname="CC2420ReceiveC.Spi"/>
      <type-interface alignment="I:2" size="I:2"><interface-ref name="RXFIFO" ref="0x40fb95c8" scoped=""/></type-interface>
      <instance>
        <interfacedef-ref nicename="tos.chips.cc2420.interfaces.CC2420Fifo" qname="CC2420Fifo"/>
      </instance>
      <interface-functions>
        <function-ref name="continueRead" ref="0x40fb99a0" scoped=""/>
        <function-ref name="writeDone" ref="0x40fb9a80" scoped=""/>
        <function-ref name="write" ref="0x40fb9b60" scoped=""/>
        <function-ref name="beginRead" ref="0x40fb9c40" scoped=""/>
        <function-ref name="readDone" ref="0x40fb9d20" scoped=""/>
      </interface-functions>
    </interface><interface loc="44:/home/zly/tinyos-main/tos/platforms/telosa/chips/cc2420/HplCC2420InterruptsC.nc" name="InterruptFIFOP" provided="1" ref="0x40ada618">
      <component-ref nicename="tos.platforms.telosa.chips.cc2420.HplCC2420InterruptsC" qname="HplCC2420InterruptsC"/>
      <type-interface alignment="I:2" size="I:2"><interface-ref name="InterruptFIFOP" ref="0x40ada618" scoped=""/></type-interface>
      <instance>
        <interfacedef-ref nicename="tos.interfaces.GpioInterrupt" qname="GpioInterrupt"/>
      </instance>
      <interface-functions>
        <function-ref name="fired" ref="0x40ada7f0" scoped=""/>
        <function-ref name="disable" ref="0x40ada8d0" scoped=""/>
        <function-ref name="enableFallingEdge" ref="0x40ada9b0" scoped=""/>
        <function-ref name="enableRisingEdge" ref="0x40adaa90" scoped=""/>
      </interface-functions>
    </interface><interface loc="89:/home/zly/tinyos-main/tos/chips/cc2420/spi/CC2420SpiC.nc" name="RXFIFO_RAM" provided="1" ref="0x40fbcb20">
      <component-ref nicename="tos.chips.cc2420.spi.CC2420SpiC" qname="CC2420ReceiveC.Spi"/>
      <type-interface alignment="I:2" size="I:2"><interface-ref name="RXFIFO_RAM" ref="0x40fbcb20" scoped=""/></type-interface>
      <instance>
        <interfacedef-ref nicename="tos.chips.cc2420.interfaces.CC2420Ram" qname="CC2420Ram"/>
      </instance>
      <interface-functions>
        <function-ref name="read" ref="0x40fbccf8" scoped=""/>
        <function-ref name="write" ref="0x40fbcdd8" scoped=""/>
      </interface-functions>
    </interface><interface loc="57:/home/zly/tinyos-main/tos/chips/cc2420/spi/CC2420SpiC.nc" name="SRXDEC" provided="1" ref="0x40fc43d8">
      <component-ref nicename="tos.chips.cc2420.spi.CC2420SpiC" qname="CC2420ReceiveC.Spi"/>
      <type-interface alignment="I:2" size="I:2"><interface-ref name="SRXDEC" ref="0x40fc43d8" scoped=""/></type-interface>
      <instance>
        <interfacedef-ref nicename="tos.chips.cc2420.interfaces.CC2420Strobe" qname="CC2420Strobe"/>
      </instance>
      <interface-functions>
        <function-ref name="strobe" ref="0x40fc45b0" scoped=""/>
      </interface-functions>
    </interface><interface loc="74:/home/zly/tinyos-main/tos/chips/cc2420/receive/CC2420ReceiveP.nc" name="SNOP" provided="0" ref="0x40f3a130">
      <component-ref nicename="tos.chips.cc2420.receive.CC2420ReceiveP" qname="CC2420ReceiveP"/>
      <type-interface alignment="I:2" size="I:2"><interface-ref name="SNOP" ref="0x40f3a130" scoped=""/></type-interface>
      <instance>
        <interfacedef-ref nicename="tos.chips.cc2420.interfaces.CC2420Strobe" qname="CC2420Strobe"/>
      </instance>
      <interface-functions>
        <function-ref name="strobe" ref="0x40f3a408" scoped=""/>
      </interface-functions>
    </interface><interface loc="71:/home/zly/tinyos-main/tos/chips/cc2420/receive/CC2420ReceiveP.nc" name="KEY1" provided="0" ref="0x40f3b220">
      <component-ref nicename="tos.chips.cc2420.receive.CC2420ReceiveP" qname="CC2420ReceiveP"/>
      <type-interface alignment="I:2" size="I:2"><interface-ref name="KEY1" ref="0x40f3b220" scoped=""/></type-interface>
      <instance>
        <interfacedef-ref nicename="tos.chips.cc2420.interfaces.CC2420Ram" qname="CC2420Ram"/>
      </instance>
      <interface-functions>
        <function-ref name="read" ref="0x40f3b3f8" scoped=""/>
        <function-ref name="write" ref="0x40f3b4d8" scoped=""/>
      </interface-functions>
    </interface><interface loc="48:/home/zly/tinyos-main/tos/chips/cc2420/receive/CC2420ReceiveP.nc" name="StdControl" provided="1" ref="0x40f105b0">
      <component-ref nicename="tos.chips.cc2420.receive.CC2420ReceiveP" qname="CC2420ReceiveP"/>
      <type-interface alignment="I:2" size="I:2"><interface-ref name="StdControl" ref="0x40f105b0" scoped=""/></type-interface>
      <instance>
        <interfacedef-ref nicename="tos.interfaces.StdControl" qname="StdControl"/>
      </instance>
      <interface-functions>
        <function-ref name="start" ref="0x40f10788" scoped=""/>
        <function-ref name="stop" ref="0x40f10868" scoped=""/>
      </interface-functions>
    </interface><interface loc="41:/home/zly/tinyos-main/tos/chips/cc2420/spi/CC2420SpiC.nc" name="Resource" provided="1" ref="0x40f69ed0">
      <component-ref nicename="tos.chips.cc2420.spi.CC2420SpiC" qname="CC2420ReceiveC.Spi"/>
      <type-interface alignment="I:2" size="I:2"><interface-ref name="Resource" ref="0x40f69ed0" scoped=""/></type-interface>
      <instance>
        <interfacedef-ref nicename="tos.interfaces.Resource" qname="Resource"/>
      </instance>
      <interface-functions>
        <function-ref name="release" ref="0x40fc80c0" scoped=""/>
        <function-ref name="immediateRequest" ref="0x40fc81a0" scoped=""/>
        <function-ref name="request" ref="0x40fc8280" scoped=""/>
        <function-ref name="granted" ref="0x40fc8360" scoped=""/>
        <function-ref name="isOwner" ref="0x40fc8440" scoped=""/>
      </interface-functions>
    </interface><interface loc="69:/home/zly/tinyos-main/tos/chips/cc2420/receive/CC2420ReceiveP.nc" name="SECCTRL1" provided="0" ref="0x40f3c7d8">
      <component-ref nicename="tos.chips.cc2420.receive.CC2420ReceiveP" qname="CC2420ReceiveP"/>
      <type-interface alignment="I:2" size="I:2"><interface-ref name="SECCTRL1" ref="0x40f3c7d8" scoped=""/></type-interface>
      <instance>
        <interfacedef-ref nicename="tos.chips.cc2420.interfaces.CC2420Register" qname="CC2420Register"/>
      </instance>
      <interface-functions>
        <function-ref name="read" ref="0x40f3c9b0" scoped=""/>
        <function-ref name="write" ref="0x40f3ca90" scoped=""/>
      </interface-functions>
    </interface><interface loc="46:/home/zly/tinyos-main/tos/system/LedsC.nc" name="Leds" provided="1" ref="0x40d05b58">
      <component-ref nicename="tos.system.LedsC" qname="LedsC"/>
      <type-interface alignment="I:2" size="I:2"><interface-ref name="Leds" ref="0x40d05b58" scoped=""/></type-interface>
      <instance>
        <interfacedef-ref nicename="tos.interfaces.Leds" qname="Leds"/>
      </instance>
      <interface-functions>
        <function-ref name="led0Off" ref="0x40d05d30" scoped=""/>
        <function-ref name="led0Toggle" ref="0x40d05e10" scoped=""/>
        <function-ref name="led1On" ref="0x40d05ef0" scoped=""/>
        <function-ref name="led1Toggle" ref="0x40d02010" scoped=""/>
        <function-ref name="led2Toggle" ref="0x40d020f0" scoped=""/>
        <function-ref name="get" ref="0x40d021d0" scoped=""/>
        <function-ref name="led1Off" ref="0x40d022b0" scoped=""/>
        <function-ref name="led2Off" ref="0x40d02630" scoped=""/>
        <function-ref name="set" ref="0x40d02390" scoped=""/>
        <function-ref name="led0On" ref="0x40d02470" scoped=""/>
        <function-ref name="led2On" ref="0x40d02550" scoped=""/>
      </interface-functions>
    </interface><interface loc="91:/home/zly/tinyos-main/tos/chips/cc2420/spi/CC2420SpiC.nc" name="KEY1" provided="1" ref="0x40fbb448">
      <component-ref nicename="tos.chips.cc2420.spi.CC2420SpiC" qname="CC2420ReceiveC.Spi"/>
      <type-interface alignment="I:2" size="I:2"><interface-ref name="KEY1" ref="0x40fbb448" scoped=""/></type-interface>
      <instance>
        <interfacedef-ref nicename="tos.chips.cc2420.interfaces.CC2420Ram" qname="CC2420Ram"/>
      </instance>
      <interface-functions>
        <function-ref name="read" ref="0x40fbb620" scoped=""/>
        <function-ref name="write" ref="0x40fbb700" scoped=""/>
      </interface-functions>
    </interface><interface loc="49:/home/zly/tinyos-main/tos/chips/cc2420/receive/CC2420ReceiveP.nc" name="CC2420Receive" provided="1" ref="0x40f10a50">
      <component-ref nicename="tos.chips.cc2420.receive.CC2420ReceiveP" qname="CC2420ReceiveP"/>
      <type-interface alignment="I:2" size="I:2"><interface-ref name="CC2420Receive" ref="0x40f10a50" scoped=""/></type-interface>
      <instance>
        <interfacedef-ref nicename="tos.chips.cc2420.interfaces.CC2420Receive" qname="CC2420Receive"/>
      </instance>
      <interface-functions>
        <function-ref name="receive" ref="0x40f10c28" scoped=""/>
        <function-ref name="sfd_dropped" ref="0x40f10d08" scoped=""/>
        <function-ref name="sfd" ref="0x40f10de8" scoped=""/>
      </interface-functions>
    </interface><interface loc="47:/home/zly/tinyos-main/tos/chips/cc2420/receive/CC2420ReceiveP.nc" name="Init" provided="1" ref="0x40f10210">
      <component-ref nicename="tos.chips.cc2420.receive.CC2420ReceiveP" qname="CC2420ReceiveP"/>
      <type-interface alignment="I:2" size="I:2"><interface-ref name="Init" ref="0x40f10210" scoped=""/></type-interface>
      <instance>
        <interfacedef-ref nicename="tos.interfaces.Init" qname="Init"/>
      </instance>
      <interface-functions>
        <function-ref name="init" ref="0x40f103e8" scoped=""/>
      </interface-functions>
    </interface><interface loc="72:/home/zly/tinyos-main/tos/chips/cc2420/spi/CC2420SpiC.nc" name="SECCTRL1" provided="1" ref="0x40fc1a00">
      <component-ref nicename="tos.chips.cc2420.spi.CC2420SpiC" qname="CC2420ReceiveC.Spi"/>
      <type-interface alignment="I:2" size="I:2"><interface-ref name="SECCTRL1" ref="0x40fc1a00" scoped=""/></type-interface>
      <instance>
        <interfacedef-ref nicename="tos.chips.cc2420.interfaces.CC2420Register" qname="CC2420Register"/>
      </instance>
      <interface-functions>
        <function-ref name="read" ref="0x40fc1bd8" scoped=""/>
        <function-ref name="write" ref="0x40fc1cb8" scoped=""/>
      </interface-functions>
    </interface><interface loc="45:/home/zly/tinyos-main/tos/chips/cc2420/control/CC2420ControlC.nc" name="CC2420Config" provided="1" ref="0x4090fed0">
      <component-ref nicename="tos.chips.cc2420.control.CC2420ControlC" qname="CC2420ControlC"/>
      <type-interface alignment="I:2" size="I:2"><interface-ref name="CC2420Config" ref="0x4090fed0" scoped=""/></type-interface>
      <instance>
        <interfacedef-ref nicename="tos.chips.cc2420.interfaces.CC2420Config" qname="CC2420Config"/>
      </instance>
      <interface-functions>
        <function-ref name="setAutoAck" ref="0x408f90c0" scoped=""/>
        <function-ref name="isAddressRecognitionEnabled" ref="0x408f91a0" scoped=""/>
        <function-ref name="setAddressRecognition" ref="0x408f9280" scoped=""/>
        <function-ref name="syncDone" ref="0x408f9360" scoped=""/>
        <function-ref name="isHwAddressRecognitionDefault" ref="0x408f9440" scoped=""/>
        <function-ref name="setShortAddr" ref="0x408f9520" scoped=""/>
        <function-ref name="setChannel" ref="0x408f9600" scoped=""/>
        <function-ref name="isAutoAckEnabled" ref="0x408f96e0" scoped=""/>
        <function-ref name="setPanAddr" ref="0x408f97c0" scoped=""/>
        <function-ref name="isHwAutoAckDefault" ref="0x408f98a0" scoped=""/>
        <function-ref name="getExtAddr" ref="0x408f9980" scoped=""/>
        <function-ref name="getShortAddr" ref="0x408f9a60" scoped=""/>
        <function-ref name="sync" ref="0x408f9b40" scoped=""/>
        <function-ref name="getChannel" ref="0x408f9ca0" scoped=""/>
        <function-ref name="getPanAddr" ref="0x408f9d80" scoped=""/>
      </interface-functions>
    </interface><interface loc="53:/home/zly/tinyos-main/tos/chips/cc2420/receive/CC2420ReceiveP.nc" name="CSN" provided="0" ref="0x40f0f880">
      <component-ref nicename="tos.chips.cc2420.receive.CC2420ReceiveP" qname="CC2420ReceiveP"/>
      <type-interface alignment="I:2" size="I:2"><interface-ref name="CSN" ref="0x40f0f880" scoped=""/></type-interface>
      <instance>
        <interfacedef-ref nicename="tos.interfaces.GeneralIO" qname="GeneralIO"/>
      </instance>
      <interface-functions>
        <function-ref name="makeInput" ref="0x40f0fa58" scoped=""/>
        <function-ref name="isInput" ref="0x40f0fb38" scoped=""/>
        <function-ref name="toggle" ref="0x40f0fc18" scoped=""/>
        <function-ref name="isOutput" ref="0x40f0fcf8" scoped=""/>
        <function-ref name="get" ref="0x40f0fdd8" scoped=""/>
        <function-ref name="makeOutput" ref="0x40f0feb8" scoped=""/>
        <function-ref name="set" ref="0x40f44010" scoped=""/>
        <function-ref name="clr" ref="0x40f440f0" scoped=""/>
      </interface-functions>
    </interface><interface loc="58:/home/zly/tinyos-main/tos/chips/cc2420/receive/CC2420ReceiveP.nc" name="SpiResource" provided="0" ref="0x40f43ea8">
      <component-ref nicename="tos.chips.cc2420.receive.CC2420ReceiveP" qname="CC2420ReceiveP"/>
      <type-interface alignment="I:2" size="I:2"><interface-ref name="SpiResource" ref="0x40f43ea8" scoped=""/></type-interface>
      <instance>
        <interfacedef-ref nicename="tos.interfaces.Resource" qname="Resource"/>
      </instance>
      <interface-functions>
        <function-ref name="release" ref="0x40f420c0" scoped=""/>
        <function-ref name="immediateRequest" ref="0x40f421a0" scoped=""/>
        <function-ref name="request" ref="0x40f42280" scoped=""/>
        <function-ref name="granted" ref="0x40f42360" scoped=""/>
        <function-ref name="isOwner" ref="0x40f42440" scoped=""/>
      </interface-functions>
    </interface><interface loc="60:/home/zly/tinyos-main/tos/chips/cc2420/receive/CC2420ReceiveP.nc" name="SACK" provided="0" ref="0x40f42df0">
      <component-ref nicename="tos.chips.cc2420.receive.CC2420ReceiveP" qname="CC2420ReceiveP"/>
      <type-interface alignment="I:2" size="I:2"><interface-ref name="SACK" ref="0x40f42df0" scoped=""/></type-interface>
      <instance>
        <interfacedef-ref nicename="tos.chips.cc2420.interfaces.CC2420Strobe" qname="CC2420Strobe"/>
      </instance>
      <interface-functions>
        <function-ref name="strobe" ref="0x40f41010" scoped=""/>
      </interface-functions>
    </interface><interface loc="67:/home/zly/tinyos-main/tos/chips/cc2420/receive/CC2420ReceiveP.nc" name="SRXDEC" provided="0" ref="0x40f3de50">
      <component-ref nicename="tos.chips.cc2420.receive.CC2420ReceiveP" qname="CC2420ReceiveP"/>
      <type-interface alignment="I:2" size="I:2"><interface-ref name="SRXDEC" ref="0x40f3de50" scoped=""/></type-interface>
      <instance>
        <interfacedef-ref nicename="tos.chips.cc2420.interfaces.CC2420Strobe" qname="CC2420Strobe"/>
      </instance>
      <interface-functions>
        <function-ref name="strobe" ref="0x40f3c050" scoped=""/>
      </interface-functions>
    </interface><interface loc="62:/home/zly/tinyos-main/tos/chips/cc2420/receive/CC2420ReceiveP.nc" name="CC2420Packet" provided="0" ref="0x40f416a0">
      <component-ref nicename="tos.chips.cc2420.receive.CC2420ReceiveP" qname="CC2420ReceiveP"/>
      <type-interface alignment="I:2" size="I:2"><interface-ref name="CC2420Packet" ref="0x40f416a0" scoped=""/></type-interface>
      <instance>
        <interfacedef-ref nicename="tos.chips.cc2420.interfaces.CC2420Packet" qname="CC2420Packet"/>
      </instance>
      <interface-functions>
        <function-ref name="setPower" ref="0x40f41878" scoped=""/>
        <function-ref name="setNetwork" ref="0x40f41958" scoped=""/>
        <function-ref name="getRssi" ref="0x40f41a38" scoped=""/>
        <function-ref name="getNetwork" ref="0x40f41b18" scoped=""/>
        <function-ref name="getPower" ref="0x40f41bf8" scoped=""/>
        <function-ref name="getLqi" ref="0x40f41cd8" scoped=""/>
      </interface-functions>
    </interface><interface loc="63:/home/zly/tinyos-main/tos/chips/cc2420/receive/CC2420ReceiveP.nc" name="CC2420PacketBody" provided="0" ref="0x40f41ee0">
      <component-ref nicename="tos.chips.cc2420.receive.CC2420ReceiveP" qname="CC2420ReceiveP"/>
      <type-interface alignment="I:2" size="I:2"><interface-ref name="CC2420PacketBody" ref="0x40f41ee0" scoped=""/></type-interface>
      <instance>
        <interfacedef-ref nicename="tos.chips.cc2420.interfaces.CC2420PacketBody" qname="CC2420PacketBody"/>
      </instance>
      <interface-functions>
        <function-ref name="getPayload" ref="0x40f3f0e0" scoped=""/>
        <function-ref name="getHeader" ref="0x40f3f1c0" scoped=""/>
        <function-ref name="getMetadata" ref="0x40f3f2a0" scoped=""/>
      </interface-functions>
    </interface><interface loc="76:/home/zly/tinyos-main/tos/chips/cc2420/receive/CC2420ReceiveP.nc" name="Leds" provided="0" ref="0x40f3a598">
      <component-ref nicename="tos.chips.cc2420.receive.CC2420ReceiveP" qname="CC2420ReceiveP"/>
      <type-interface alignment="I:2" size="I:2"><interface-ref name="Leds" ref="0x40f3a598" scoped=""/></type-interface>
      <instance>
        <interfacedef-ref nicename="tos.interfaces.Leds" qname="Leds"/>
      </instance>
      <interface-functions>
        <function-ref name="led0Off" ref="0x40f3a770" scoped=""/>
        <function-ref name="led0Toggle" ref="0x40f3a850" scoped=""/>
        <function-ref name="led1On" ref="0x40f3a930" scoped=""/>
        <function-ref name="led1Toggle" ref="0x40f3aa10" scoped=""/>
        <function-ref name="led2Toggle" ref="0x40f3aaf0" scoped=""/>
        <function-ref name="get" ref="0x40f3abd0" scoped=""/>
        <function-ref name="led1Off" ref="0x40f3acb0" scoped=""/>
        <function-ref name="led2Off" ref="0x40f390f0" scoped=""/>
        <function-ref name="set" ref="0x40f3ad90" scoped=""/>
        <function-ref name="led0On" ref="0x40f3ae70" scoped=""/>
        <function-ref name="led2On" ref="0x40f39010" scoped=""/>
      </interface-functions>
    </interface><interface loc="58:/home/zly/tinyos-main/tos/system/MainC.nc" name="SoftwareInit" provided="0" ref="0x40610df0">
      <component-ref nicename="tos.system.MainC" qname="MainC"/>
      <type-interface alignment="I:2" size="I:2"><interface-ref name="SoftwareInit" ref="0x40610df0" scoped=""/></type-interface>
      <instance>
        <interfacedef-ref nicename="tos.interfaces.Init" qname="Init"/>
      </instance>
      <interface-functions>
        <function-ref name="init" ref="0x40612010" scoped=""/>
      </interface-functions>
    </interface><interface loc="68:/home/zly/tinyos-main/tos/chips/cc2420/receive/CC2420ReceiveP.nc" name="SECCTRL0" provided="0" ref="0x40f3c2b8">
      <component-ref nicename="tos.chips.cc2420.receive.CC2420ReceiveP" qname="CC2420ReceiveP"/>
      <type-interface alignment="I:2" size="I:2"><interface-ref name="SECCTRL0" ref="0x40f3c2b8" scoped=""/></type-interface>
      <instance>
        <interfacedef-ref nicename="tos.chips.cc2420.interfaces.CC2420Register" qname="CC2420Register"/>
      </instance>
      <interface-functions>
        <function-ref name="read" ref="0x40f3c490" scoped=""/>
        <function-ref name="write" ref="0x40f3c570" scoped=""/>
      </interface-functions>
    </interface><interface loc="50:/home/zly/tinyos-main/tos/chips/cc2420/receive/CC2420ReceiveP.nc" name="Receive" provided="1" ref="0x40f0f010">
      <component-ref nicename="tos.chips.cc2420.receive.CC2420ReceiveP" qname="CC2420ReceiveP"/>
      <type-interface alignment="I:2" size="I:2"><interface-ref name="Receive" ref="0x40f0f010" scoped=""/></type-interface>
      <instance>
        <interfacedef-ref nicename="tos.interfaces.Receive" qname="Receive"/>
      </instance>
      <interface-functions>
        <function-ref name="receive" ref="0x40f0f1e8" scoped=""/>
      </interface-functions>
    </interface><interface loc="54:/home/zly/tinyos-main/tos/chips/cc2420/receive/CC2420ReceiveP.nc" name="FIFO" provided="0" ref="0x40f44300">
      <component-ref nicename="tos.chips.cc2420.receive.CC2420ReceiveP" qname="CC2420ReceiveP"/>
      <type-interface alignment="I:2" size="I:2"><interface-ref name="FIFO" ref="0x40f44300" scoped=""/></type-interface>
      <instance>
        <interfacedef-ref nicename="tos.interfaces.GeneralIO" qname="GeneralIO"/>
      </instance>
      <interface-functions>
        <function-ref name="makeInput" ref="0x40f444d8" scoped=""/>
        <function-ref name="isInput" ref="0x40f445b8" scoped=""/>
        <function-ref name="toggle" ref="0x40f44698" scoped=""/>
        <function-ref name="isOutput" ref="0x40f44778" scoped=""/>
        <function-ref name="get" ref="0x40f44858" scoped=""/>
        <function-ref name="makeOutput" ref="0x40f44938" scoped=""/>
        <function-ref name="set" ref="0x40f44a18" scoped=""/>
        <function-ref name="clr" ref="0x40f44af8" scoped=""/>
      </interface-functions>
    </interface><interface loc="51:/home/zly/tinyos-main/tos/chips/cc2420/receive/CC2420ReceiveP.nc" name="PacketIndicator" provided="1" ref="0x40f0f4a8">
      <component-ref nicename="tos.chips.cc2420.receive.CC2420ReceiveP" qname="CC2420ReceiveP"/>
      <type-interface alignment="I:2" size="I:2"><interface-ref name="PacketIndicator" ref="0x40f0f4a8" scoped=""/></type-interface>
      <instance>
        <interfacedef-ref nicename="tos.chips.cc2420.interfaces.ReceiveIndicator" qname="ReceiveIndicator"/>
      </instance>
      <interface-functions>
        <function-ref name="isReceiving" ref="0x40f0f680" scoped=""/>
      </interface-functions>
    </interface><interface loc="53:/home/zly/tinyos-main/tos/chips/cc2420/spi/CC2420SpiC.nc" name="SFLUSHRX" provided="1" ref="0x40fc55b8">
      <component-ref nicename="tos.chips.cc2420.spi.CC2420SpiC" qname="CC2420ReceiveC.Spi"/>
      <type-interface alignment="I:2" size="I:2"><interface-ref name="SFLUSHRX" ref="0x40fc55b8" scoped=""/></type-interface>
      <instance>
        <interfacedef-ref nicename="tos.chips.cc2420.interfaces.CC2420Strobe" qname="CC2420Strobe"/>
      </instance>
      <interface-functions>
        <function-ref name="strobe" ref="0x40fc5790" scoped=""/>
      </interface-functions>
    </interface><interface loc="94:/home/zly/tinyos-main/tos/chips/cc2420/spi/CC2420SpiC.nc" name="RXNONCE" provided="1" ref="0x40fb9190">
      <component-ref nicename="tos.chips.cc2420.spi.CC2420SpiC" qname="CC2420ReceiveC.Spi"/>
      <type-interface alignment="I:2" size="I:2"><interface-ref name="RXNONCE" ref="0x40fb9190" scoped=""/></type-interface>
      <instance>
        <interfacedef-ref nicename="tos.chips.cc2420.interfaces.CC2420Ram" qname="CC2420Ram"/>
      </instance>
      <interface-functions>
        <function-ref name="read" ref="0x40fb9368" scoped=""/>
        <function-ref name="write" ref="0x40fb9448" scoped=""/>
      </interface-functions>
    </interface><interface loc="64:/home/zly/tinyos-main/tos/chips/cc2420/receive/CC2420ReceiveP.nc" name="CC2420Config" provided="0" ref="0x40f3f480">
      <component-ref nicename="tos.chips.cc2420.receive.CC2420ReceiveP" qname="CC2420ReceiveP"/>
      <type-interface alignment="I:2" size="I:2"><interface-ref name="CC2420Config" ref="0x40f3f480" scoped=""/></type-interface>
      <instance>
        <interfacedef-ref nicename="tos.chips.cc2420.interfaces.CC2420Config" qname="CC2420Config"/>
      </instance>
      <interface-functions>
        <function-ref name="setAutoAck" ref="0x40f3f658" scoped=""/>
        <function-ref name="isAddressRecognitionEnabled" ref="0x40f3f738" scoped=""/>
        <function-ref name="setAddressRecognition" ref="0x40f3f818" scoped=""/>
        <function-ref name="syncDone" ref="0x40f3f8f8" scoped=""/>
        <function-ref name="isHwAddressRecognitionDefault" ref="0x40f3f9d8" scoped=""/>
        <function-ref name="setShortAddr" ref="0x40f3fab8" scoped=""/>
        <function-ref name="setChannel" ref="0x40f3fb98" scoped=""/>
        <function-ref name="isAutoAckEnabled" ref="0x40f3fc78" scoped=""/>
        <function-ref name="setPanAddr" ref="0x40f3fd58" scoped=""/>
        <function-ref name="isHwAutoAckDefault" ref="0x40f3fe38" scoped=""/>
        <function-ref name="getExtAddr" ref="0x40f3ff18" scoped=""/>
        <function-ref name="getShortAddr" ref="0x40f3e010" scoped=""/>
        <function-ref name="sync" ref="0x40f3e0f0" scoped=""/>
        <function-ref name="getChannel" ref="0x40f3e250" scoped=""/>
        <function-ref name="getPanAddr" ref="0x40f3e330" scoped=""/>
      </interface-functions>
    </interface><interface loc="65:/home/zly/tinyos-main/tos/chips/cc2420/receive/CC2420ReceiveP.nc" name="PacketTimeStamp" provided="0" ref="0x40f3e6e0">
      <component-ref nicename="tos.chips.cc2420.receive.CC2420ReceiveP" qname="CC2420ReceiveP"/>
      <type-interface alignment="I:2" size="I:2"><interface-ref name="PacketTimeStamp" ref="0x40f3e6e0" scoped=""/></type-interface>
      <instance>
        <interfacedef-ref nicename="tos.interfaces.PacketTimeStamp" qname="PacketTimeStamp"/>
        <arguments>
          <type-tag alignment="I:2" size="I:2"><struct-ref ref="0x40614ca8"/>
            <typename><typedef-ref name="T32khz" ref="0x40614e70"/></typename>
          </type-tag>
          <type-int alignment="I:2" cname="unsigned long" size="I:4" unsigned="">
            <typename><typedef-ref name="uint32_t" ref="0x40213250"/></typename>
          </type-int>
        </arguments>
      </instance>
      <interface-functions>
        <function-ref name="timestamp" ref="0x40f3d1f8" scoped=""/>
        <function-ref name="clear" ref="0x40f3d5a8" scoped=""/>
        <function-ref name="isValid" ref="0x40f3ee30" scoped=""/>
        <function-ref name="set" ref="0x40f3d958" scoped=""/>
      </interface-functions>
    </interface><component loc="40:/home/zly/tinyos-main/tos/platforms/telosa/chips/cc2420/HplCC2420PinsC.nc" nicename="tos.platforms.telosa.chips.cc2420.HplCC2420PinsC" qname="HplCC2420PinsC">
      <documentation loc="32:/home/zly/tinyos-main/tos/platforms/telosa/chips/cc2420/HplCC2420PinsC.nc">
        <short>
 HPL implementation of general-purpose I/O for the ChipCon CC2420
 radio connected to a TI MSP430 processor.</short>
        <long>
 HPL implementation of general-purpose I/O for the ChipCon CC2420
 radio connected to a TI MSP430 processor.

 @author Jonathan Hui &lt;jhui@archrock.com&gt;
 @version $Revision: 1.4 $ $Date: 2006-12-12 18:23:44 $
</long>
      </documentation>
      <configuration/>
      <wiring>
        <wire loc="73:/home/zly/tinyos-main/tos/platforms/telosa/chips/cc2420/HplCC2420PinsC.nc">
          <from><interface-ref name="FIFO" ref="0x4098e300" scoped=""/></from>
          <to><interface-ref name="GeneralIO" ref="0x40ace1a8" scoped=""/></to>
        </wire>
        <wire loc="74:/home/zly/tinyos-main/tos/platforms/telosa/chips/cc2420/HplCC2420PinsC.nc">
          <from><interface-ref name="FIFOP" ref="0x4098ed10" scoped=""/></from>
          <to><interface-ref name="GeneralIO" ref="0x40acc988" scoped=""/></to>
        </wire>
        <wire loc="75:/home/zly/tinyos-main/tos/platforms/telosa/chips/cc2420/HplCC2420PinsC.nc">
          <from><interface-ref name="RSTN" ref="0x4098d760" scoped=""/></from>
          <to><interface-ref name="GeneralIO" ref="0x40ac81a8" scoped=""/></to>
        </wire>
        <wire loc="72:/home/zly/tinyos-main/tos/platforms/telosa/chips/cc2420/HplCC2420PinsC.nc">
          <from><interface-ref name="CSN" ref="0x4098f830" scoped=""/></from>
          <to><interface-ref name="GeneralIO" ref="0x40ad1978" scoped=""/></to>
        </wire>
        <wire loc="77:/home/zly/tinyos-main/tos/platforms/telosa/chips/cc2420/HplCC2420PinsC.nc">
          <from><interface-ref name="VREN" ref="0x409acc18" scoped=""/></from>
          <to><interface-ref name="GeneralIO" ref="0x40ae71a8" scoped=""/></to>
        </wire>
        <wire loc="71:/home/zly/tinyos-main/tos/platforms/telosa/chips/cc2420/HplCC2420PinsC.nc">
          <from><interface-ref name="CCA" ref="0x40977da8" scoped=""/></from>
          <to><interface-ref name="GeneralIO" ref="0x40ab31f0" scoped=""/></to>
        </wire>
        <wire loc="76:/home/zly/tinyos-main/tos/platforms/telosa/chips/cc2420/HplCC2420PinsC.nc">
          <from><interface-ref name="SFD" ref="0x409ac210" scoped=""/></from>
          <to><interface-ref name="GeneralIO" ref="0x40ac6978" scoped=""/></to>
        </wire>
        <wire loc="63:/home/zly/tinyos-main/tos/platforms/telosa/chips/cc2420/HplCC2420PinsC.nc">
          <from><interface-ref name="HplGeneralIO" ref="0x40ab3b68" scoped=""/></from>
          <to><interface-ref name="Port14" ref="0x4099fbc8" scoped=""/></to>
        </wire>
        <wire loc="64:/home/zly/tinyos-main/tos/platforms/telosa/chips/cc2420/HplCC2420PinsC.nc">
          <from><interface-ref name="HplGeneralIO" ref="0x40ad0350" scoped=""/></from>
          <to><interface-ref name="Port42" ref="0x409c53e8" scoped=""/></to>
        </wire>
        <wire loc="65:/home/zly/tinyos-main/tos/platforms/telosa/chips/cc2420/HplCC2420PinsC.nc">
          <from><interface-ref name="HplGeneralIO" ref="0x40aceb20" scoped=""/></from>
          <to><interface-ref name="Port13" ref="0x409a0a08" scoped=""/></to>
        </wire>
        <wire loc="66:/home/zly/tinyos-main/tos/platforms/telosa/chips/cc2420/HplCC2420PinsC.nc">
          <from><interface-ref name="HplGeneralIO" ref="0x40acb350" scoped=""/></from>
          <to><interface-ref name="Port10" ref="0x409a1558" scoped=""/></to>
        </wire>
        <wire loc="67:/home/zly/tinyos-main/tos/platforms/telosa/chips/cc2420/HplCC2420PinsC.nc">
          <from><interface-ref name="HplGeneralIO" ref="0x40ac8b20" scoped=""/></from>
          <to><interface-ref name="Port46" ref="0x409c1ae8" scoped=""/></to>
        </wire>
        <wire loc="68:/home/zly/tinyos-main/tos/platforms/telosa/chips/cc2420/HplCC2420PinsC.nc">
          <from><interface-ref name="HplGeneralIO" ref="0x40ac5350" scoped=""/></from>
          <to><interface-ref name="Port41" ref="0x409c6288" scoped=""/></to>
        </wire>
        <wire loc="69:/home/zly/tinyos-main/tos/platforms/telosa/chips/cc2420/HplCC2420PinsC.nc">
          <from><interface-ref name="HplGeneralIO" ref="0x40ae7b20" scoped=""/></from>
          <to><interface-ref name="Port45" ref="0x409c2928" scoped=""/></to>
        </wire>
      </wiring>
    </component><component loc="40:/home/zly/tinyos-main/tos/platforms/telosa/chips/cc2420/HplCC2420InterruptsC.nc" nicename="tos.platforms.telosa.chips.cc2420.HplCC2420InterruptsC" qname="HplCC2420InterruptsC">
      <documentation loc="32:/home/zly/tinyos-main/tos/platforms/telosa/chips/cc2420/HplCC2420InterruptsC.nc">
        <short>
 HPL implementation of interrupts and captures for the ChipCon
 CC2420 radio connected to a TI MSP430 processor.</short>
        <long>
 HPL implementation of interrupts and captures for the ChipCon
 CC2420 radio connected to a TI MSP430 processor.

 @author Jonathan Hui &lt;jhui@archrock.com&gt;
 @version $Revision: 1.4 $ $Date: 2006-12-12 18:23:44 $
</long>
      </documentation>
      <configuration/>
      <wiring>
        <wire loc="63:/home/zly/tinyos-main/tos/platforms/telosa/chips/cc2420/HplCC2420InterruptsC.nc">
          <from><interface-ref name="CaptureSFD" ref="0x40ad87f0" scoped=""/></from>
          <to><interface-ref name="Capture" ref="0x40ad78b8" scoped=""/></to>
        </wire>
        <wire loc="64:/home/zly/tinyos-main/tos/platforms/telosa/chips/cc2420/HplCC2420InterruptsC.nc">
          <from><interface-ref name="InterruptCCA" ref="0x40ad8ef0" scoped=""/></from>
          <to><interface-ref name="Interrupt" ref="0x40b8f6e8" scoped=""/></to>
        </wire>
        <wire loc="65:/home/zly/tinyos-main/tos/platforms/telosa/chips/cc2420/HplCC2420InterruptsC.nc">
          <from><interface-ref name="InterruptFIFOP" ref="0x40ada618" scoped=""/></from>
          <to><interface-ref name="Interrupt" ref="0x40b870c0" scoped=""/></to>
        </wire>
        <wire loc="53:/home/zly/tinyos-main/tos/platforms/telosa/chips/cc2420/HplCC2420InterruptsC.nc">
          <from><interface-ref name="Msp430TimerControl" ref="0x40ad7e90" scoped=""/></from>
          <to><interface-ref name="ControlB1" ref="0x4066c7e8" scoped=""/></to>
        </wire>
        <wire loc="54:/home/zly/tinyos-main/tos/platforms/telosa/chips/cc2420/HplCC2420InterruptsC.nc">
          <from><interface-ref name="Msp430Capture" ref="0x40afa8e0" scoped=""/></from>
          <to><interface-ref name="CaptureB1" ref="0x40675010" scoped=""/></to>
        </wire>
        <wire loc="55:/home/zly/tinyos-main/tos/platforms/telosa/chips/cc2420/HplCC2420InterruptsC.nc">
          <from><interface-ref name="GeneralIO" ref="0x40aef0b0" scoped=""/></from>
          <to><interface-ref name="Port41" ref="0x409c6288" scoped=""/></to>
        </wire>
        <wire loc="60:/home/zly/tinyos-main/tos/platforms/telosa/chips/cc2420/HplCC2420InterruptsC.nc">
          <from><interface-ref name="HplInterrupt" ref="0x40b8fce0" scoped=""/></from>
          <to><interface-ref name="Port14" ref="0x40ae9eb8" scoped=""/></to>
        </wire>
        <wire loc="61:/home/zly/tinyos-main/tos/platforms/telosa/chips/cc2420/HplCC2420InterruptsC.nc">
          <from><interface-ref name="HplInterrupt" ref="0x40b876b8" scoped=""/></from>
          <to><interface-ref name="Port10" ref="0x40b0bb50" scoped=""/></to>
        </wire>
      </wiring>
    </component><component loc="42:/home/zly/tinyos-main/tos/chips/cc2420/control/CC2420ControlC.nc" nicename="tos.chips.cc2420.control.CC2420ControlC" qname="CC2420ControlC">
      <documentation loc="32:/home/zly/tinyos-main/tos/chips/cc2420/control/CC2420ControlC.nc">
        <short>
 Implementation for configuring a ChipCon CC2420 radio.</short>
        <long>
 Implementation for configuring a ChipCon CC2420 radio.

 @author Jonathan Hui &lt;jhui@archrock.com&gt;
 @version $Revision: 1.3 $ $Date: 2008/05/14 21:33:07 $
</long>
      </documentation>
      <configuration/>
      <wiring>
        <wire loc="55:/home/zly/tinyos-main/tos/chips/cc2420/control/CC2420ControlC.nc">
          <from><interface-ref name="CC2420Config" ref="0x4090fed0" scoped=""/></from>
          <to><interface-ref name="CC2420Config" ref="0x4090ad08" scoped=""/></to>
        </wire>
        <wire loc="57:/home/zly/tinyos-main/tos/chips/cc2420/control/CC2420ControlC.nc">
          <from><interface-ref name="ReadRssi" ref="0x4090ce60" scoped=""/></from>
          <to><interface-ref name="ReadRssi" ref="0x40908920" scoped=""/></to>
        </wire>
        <wire loc="56:/home/zly/tinyos-main/tos/chips/cc2420/control/CC2420ControlC.nc">
          <from><interface-ref name="CC2420Power" ref="0x408f8010" scoped=""/></from>
          <to><interface-ref name="CC2420Power" ref="0x40909dc0" scoped=""/></to>
        </wire>
        <wire loc="54:/home/zly/tinyos-main/tos/chips/cc2420/control/CC2420ControlC.nc">
          <from><interface-ref name="Resource" ref="0x408fef08" scoped=""/></from>
          <to><interface-ref name="Resource" ref="0x4090a5d0" scoped=""/></to>
        </wire>
        <wire loc="60:/home/zly/tinyos-main/tos/chips/cc2420/control/CC2420ControlC.nc">
          <from><interface-ref name="SoftwareInit" ref="0x40610df0" scoped=""/></from>
          <to><interface-ref name="Init" ref="0x4090a240" scoped=""/></to>
        </wire>
        <wire loc="63:/home/zly/tinyos-main/tos/chips/cc2420/control/CC2420ControlC.nc">
          <from><interface-ref name="StartupTimer" ref="0x40905400" scoped=""/></from>
          <to><interface-ref name="Alarm32khz32" ref="0x409750e0" scoped=""/></to>
        </wire>
        <wire loc="66:/home/zly/tinyos-main/tos/chips/cc2420/control/CC2420ControlC.nc">
          <from><interface-ref name="CSN" ref="0x4091cf18" scoped=""/></from>
          <to><interface-ref name="CSN" ref="0x4098f830" scoped=""/></to>
        </wire>
        <wire loc="67:/home/zly/tinyos-main/tos/chips/cc2420/control/CC2420ControlC.nc">
          <from><interface-ref name="RSTN" ref="0x40921938" scoped=""/></from>
          <to><interface-ref name="RSTN" ref="0x4098d760" scoped=""/></to>
        </wire>
        <wire loc="68:/home/zly/tinyos-main/tos/chips/cc2420/control/CC2420ControlC.nc">
          <from><interface-ref name="VREN" ref="0x4091f3e0" scoped=""/></from>
          <to><interface-ref name="VREN" ref="0x409acc18" scoped=""/></to>
        </wire>
        <wire loc="71:/home/zly/tinyos-main/tos/chips/cc2420/control/CC2420ControlC.nc">
          <from><interface-ref name="InterruptCCA" ref="0x409184f0" scoped=""/></from>
          <to><interface-ref name="InterruptCCA" ref="0x40ad8ef0" scoped=""/></to>
        </wire>
        <wire loc="74:/home/zly/tinyos-main/tos/chips/cc2420/control/CC2420ControlC.nc">
          <from><interface-ref name="SpiResource" ref="0x4092cca0" scoped=""/></from>
          <to><interface-ref name="Resource" ref="0x40e011f0" scoped=""/></to>
        </wire>
        <wire loc="75:/home/zly/tinyos-main/tos/chips/cc2420/control/CC2420ControlC.nc">
          <from><interface-ref name="SRXON" ref="0x4092daf8" scoped=""/></from>
          <to><interface-ref name="SRXON" ref="0x40e00840" scoped=""/></to>
        </wire>
        <wire loc="76:/home/zly/tinyos-main/tos/chips/cc2420/control/CC2420ControlC.nc">
          <from><interface-ref name="SRFOFF" ref="0x4092df10" scoped=""/></from>
          <to><interface-ref name="SRFOFF" ref="0x40dfe260" scoped=""/></to>
        </wire>
        <wire loc="77:/home/zly/tinyos-main/tos/chips/cc2420/control/CC2420ControlC.nc">
          <from><interface-ref name="SXOSCON" ref="0x4092c880" scoped=""/></from>
          <to><interface-ref name="SXOSCON" ref="0x40e00190" scoped=""/></to>
        </wire>
        <wire loc="78:/home/zly/tinyos-main/tos/chips/cc2420/control/CC2420ControlC.nc">
          <from><interface-ref name="SXOSCOFF" ref="0x4092c360" scoped=""/></from>
          <to><interface-ref name="SXOSCOFF" ref="0x40dfe5b8" scoped=""/></to>
        </wire>
        <wire loc="79:/home/zly/tinyos-main/tos/chips/cc2420/control/CC2420ControlC.nc">
          <from><interface-ref name="FSCTRL" ref="0x4092f820" scoped=""/></from>
          <to><interface-ref name="FSCTRL" ref="0x40dfa548" scoped=""/></to>
        </wire>
        <wire loc="80:/home/zly/tinyos-main/tos/chips/cc2420/control/CC2420ControlC.nc">
          <from><interface-ref name="IOCFG0" ref="0x4092fd28" scoped=""/></from>
          <to><interface-ref name="IOCFG0" ref="0x40df86a8" scoped=""/></to>
        </wire>
        <wire loc="81:/home/zly/tinyos-main/tos/chips/cc2420/control/CC2420ControlC.nc">
          <from><interface-ref name="IOCFG1" ref="0x4091a260" scoped=""/></from>
          <to><interface-ref name="IOCFG1" ref="0x40df8ae0" scoped=""/></to>
        </wire>
        <wire loc="82:/home/zly/tinyos-main/tos/chips/cc2420/control/CC2420ControlC.nc">
          <from><interface-ref name="MDMCTRL0" ref="0x4091a780" scoped=""/></from>
          <to><interface-ref name="MDMCTRL0" ref="0x40dfc5c8" scoped=""/></to>
        </wire>
        <wire loc="83:/home/zly/tinyos-main/tos/chips/cc2420/control/CC2420ControlC.nc">
          <from><interface-ref name="MDMCTRL1" ref="0x4091aca0" scoped=""/></from>
          <to><interface-ref name="MDMCTRL1" ref="0x40dfca00" scoped=""/></to>
        </wire>
        <wire loc="84:/home/zly/tinyos-main/tos/chips/cc2420/control/CC2420ControlC.nc">
          <from><interface-ref name="PANID" ref="0x4091b0b8" scoped=""/></from>
          <to><interface-ref name="PANID" ref="0x40e26190" scoped=""/></to>
        </wire>
        <wire loc="85:/home/zly/tinyos-main/tos/chips/cc2420/control/CC2420ControlC.nc">
          <from><interface-ref name="IEEEADR" ref="0x40931b50" scoped=""/></from>
          <to><interface-ref name="IEEEADR" ref="0x40e27cd8" scoped=""/></to>
        </wire>
        <wire loc="86:/home/zly/tinyos-main/tos/chips/cc2420/control/CC2420ControlC.nc">
          <from><interface-ref name="RXCTRL1" ref="0x40930268" scoped=""/></from>
          <to><interface-ref name="RXCTRL1" ref="0x40dfa010" scoped=""/></to>
        </wire>
        <wire loc="87:/home/zly/tinyos-main/tos/chips/cc2420/control/CC2420ControlC.nc">
          <from><interface-ref name="RSSI" ref="0x40930760" scoped=""/></from>
          <to><interface-ref name="RSSI" ref="0x40dfce38" scoped=""/></to>
        </wire>
        <wire loc="88:/home/zly/tinyos-main/tos/chips/cc2420/control/CC2420ControlC.nc">
          <from><interface-ref name="TXCTRL" ref="0x40930c68" scoped=""/></from>
          <to><interface-ref name="TXCTRL" ref="0x40dfb6e8" scoped=""/></to>
        </wire>
        <wire loc="91:/home/zly/tinyos-main/tos/chips/cc2420/control/CC2420ControlC.nc">
          <from><interface-ref name="SyncResource" ref="0x4092bcb8" scoped=""/></from>
          <to><interface-ref name="Resource" ref="0x40e1dc80" scoped=""/></to>
        </wire>
        <wire loc="94:/home/zly/tinyos-main/tos/chips/cc2420/control/CC2420ControlC.nc">
          <from><interface-ref name="RssiResource" ref="0x4092b508" scoped=""/></from>
          <to><interface-ref name="Resource" ref="0x40e3c518" scoped=""/></to>
        </wire>
        <wire loc="97:/home/zly/tinyos-main/tos/chips/cc2420/control/CC2420ControlC.nc">
          <from><interface-ref name="ActiveMessageAddress" ref="0x40915480" scoped=""/></from>
          <to><interface-ref name="ActiveMessageAddress" ref="0x40e29ea8" scoped=""/></to>
        </wire>
        <wire loc="100:/home/zly/tinyos-main/tos/chips/cc2420/control/CC2420ControlC.nc">
          <from><interface-ref name="LocalIeeeEui64" ref="0x40906dc8" scoped=""/></from>
          <to><interface-ref name="LocalIeeeEui64" ref="0x40e5a750" scoped=""/></to>
        </wire>
      </wiring>
    </component><component loc="38:/home/zly/tinyos-main/tos/chips/cc2420/packet/CC2420PacketC.nc" nicename="tos.chips.cc2420.packet.CC2420PacketC" qname="CC2420PacketC">
      <documentation loc="32:/home/zly/tinyos-main/tos/chips/cc2420/packet/CC2420PacketC.nc">
        <short>
 </short>
        <long>
 @author Jonathan Hui &lt;jhui@archrock.com&gt;
 @author David Moss
 @author Chad Metcalf
</long>
      </documentation>
      <configuration/>
      <wiring>
        <wire loc="58:/home/zly/tinyos-main/tos/chips/cc2420/packet/CC2420PacketC.nc">
          <from><interface-ref name="LinkPacketMetadata" ref="0x40f67010" scoped=""/></from>
          <to><interface-ref name="LinkPacketMetadata" ref="0x40f94a40" scoped=""/></to>
        </wire>
        <wire loc="55:/home/zly/tinyos-main/tos/chips/cc2420/packet/CC2420PacketC.nc">
          <from><interface-ref name="CC2420Packet" ref="0x40f6bb88" scoped=""/></from>
          <to><interface-ref name="CC2420Packet" ref="0x40f61668" scoped=""/></to>
        </wire>
        <wire loc="59:/home/zly/tinyos-main/tos/chips/cc2420/packet/CC2420PacketC.nc">
          <from><interface-ref name="PacketTimeStamp32khz" ref="0x40f67668" scoped=""/></from>
          <to><interface-ref name="PacketTimeStamp32khz" ref="0x40f93100" scoped=""/></to>
        </wire>
        <wire loc="57:/home/zly/tinyos-main/tos/chips/cc2420/packet/CC2420PacketC.nc">
          <from><interface-ref name="CC2420PacketBody" ref="0x40f689c8" scoped=""/></from>
          <to><interface-ref name="CC2420PacketBody" ref="0x40f944b0" scoped=""/></to>
        </wire>
        <wire loc="61:/home/zly/tinyos-main/tos/chips/cc2420/packet/CC2420PacketC.nc">
          <from><interface-ref name="PacketTimeSyncOffset" ref="0x40f63888" scoped=""/></from>
          <to><interface-ref name="PacketTimeSyncOffset" ref="0x40f8f308" scoped=""/></to>
        </wire>
        <wire loc="60:/home/zly/tinyos-main/tos/chips/cc2420/packet/CC2420PacketC.nc">
          <from><interface-ref name="PacketTimeStampMilli" ref="0x40f64100" scoped=""/></from>
          <to><interface-ref name="PacketTimeStampMilli" ref="0x40f92af8" scoped=""/></to>
        </wire>
        <wire loc="56:/home/zly/tinyos-main/tos/chips/cc2420/packet/CC2420PacketC.nc">
          <from><interface-ref name="Acks" ref="0x40f68448" scoped=""/></from>
          <to><interface-ref name="Acks" ref="0x40f61f10" scoped=""/></to>
        </wire>
        <wire loc="64:/home/zly/tinyos-main/tos/chips/cc2420/packet/CC2420PacketC.nc">
          <from><interface-ref name="Counter" ref="0x40f96010" scoped=""/></from>
          <to><interface-ref name="Counter" ref="0x409858f0" scoped=""/></to>
        </wire>
        <wire loc="65:/home/zly/tinyos-main/tos/chips/cc2420/packet/CC2420PacketC.nc">
          <from><interface-ref name="LocalTime32khz" ref="0x40f8e1e0" scoped=""/></from>
          <to><interface-ref name="LocalTime" ref="0x40f975d8" scoped=""/></to>
        </wire>
        <wire loc="69:/home/zly/tinyos-main/tos/chips/cc2420/packet/CC2420PacketC.nc">
          <from><interface-ref name="LocalTimeMilli" ref="0x40f8ec38" scoped=""/></from>
          <to><interface-ref name="LocalTime" ref="0x407864d8" scoped=""/></to>
        </wire>
      </wiring>
    </component><component loc="45:/home/zly/tinyos-main/tos/system/LedsC.nc" nicename="tos.system.LedsC" qname="LedsC">
      <documentation loc="34:/home/zly/tinyos-main/tos/system/LedsC.nc">
        <short>

 The basic TinyOS LEDs abstraction.</short>
        <long>

 The basic TinyOS LEDs abstraction.

 @author Phil Buonadonna
 @author David Gay
 @author Philip Levis
 @author Joe Polastre
</long>
      </documentation>
      <configuration/>
      <wiring>
        <wire loc="51:/home/zly/tinyos-main/tos/system/LedsC.nc">
          <from><interface-ref name="Leds" ref="0x40d05b58" scoped=""/></from>
          <to><interface-ref name="Leds" ref="0x40cff230" scoped=""/></to>
        </wire>
        <wire loc="53:/home/zly/tinyos-main/tos/system/LedsC.nc">
          <from><interface-ref name="Init" ref="0x40d19a38" scoped=""/></from>
          <to><interface-ref name="Init" ref="0x40d02eb8" scoped=""/></to>
        </wire>
        <wire loc="54:/home/zly/tinyos-main/tos/system/LedsC.nc">
          <from><interface-ref name="Led0" ref="0x40cffef8" scoped=""/></from>
          <to><interface-ref name="Led0" ref="0x40d01c38" scoped=""/></to>
        </wire>
        <wire loc="55:/home/zly/tinyos-main/tos/system/LedsC.nc">
          <from><interface-ref name="Led1" ref="0x40cfe8f0" scoped=""/></from>
          <to><interface-ref name="Led1" ref="0x40d1a680" scoped=""/></to>
        </wire>
        <wire loc="56:/home/zly/tinyos-main/tos/system/LedsC.nc">
          <from><interface-ref name="Led2" ref="0x40cfd2e8" scoped=""/></from>
          <to><interface-ref name="Led2" ref="0x40d190b0" scoped=""/></to>
        </wire>
      </wiring>
    </component><component loc="39(CC2420ReceiveC.Spi):/home/zly/tinyos-main/tos/chips/cc2420/spi/CC2420SpiC.nc" nicename="tos.chips.cc2420.spi.CC2420SpiC" qname="CC2420ReceiveC.Spi">
      <documentation loc="32:/home/zly/tinyos-main/tos/chips/cc2420/spi/CC2420SpiC.nc">
        <short>
 Implementation of basic SPI primitives for the ChipCon CC2420 radio.</short>
        <long>
 Implementation of basic SPI primitives for the ChipCon CC2420 radio.

 @author Jonathan Hui &lt;jhui@archrock.com&gt;
 @version $Revision: 1.4 $ $Date: 2009-08-14 20:33:43 $
</long>
      </documentation>
      <instance number="4">
        <component-ref nicename="tos.chips.cc2420.spi.CC2420SpiC" qname="CC2420SpiC"/>
      </instance>
      <configuration/>
      <wiring>
        <wire loc="139:/home/zly/tinyos-main/tos/chips/cc2420/spi/CC2420SpiC.nc">
          <from><interface-ref name="RXCTRL1" ref="0x40fc2bd8" scoped=""/></from>
          <to><interface-ref name="Reg" ref="0x40bb3330" scoped=""/>
          <arguments>
            <value cst="I:23">
              <type-int alignment="I:2" cname="int" size="I:2"/>
            </value>
          </arguments>
          </to>
        </wire>
        <wire loc="117:/home/zly/tinyos-main/tos/chips/cc2420/spi/CC2420SpiC.nc">
          <from><interface-ref name="STXCAL" ref="0x40fc7190" scoped=""/></from>
          <to><interface-ref name="Strobe" ref="0x40bb3b08" scoped=""/>
          <arguments>
            <value cst="I:2">
              <type-int alignment="I:2" cname="int" size="I:2"/>
            </value>
          </arguments>
          </to>
        </wire>
        <wire loc="133:/home/zly/tinyos-main/tos/chips/cc2420/spi/CC2420SpiC.nc">
          <from><interface-ref name="MDMCTRL0" ref="0x40fc3270" scoped=""/></from>
          <to><interface-ref name="Reg" ref="0x40bb3330" scoped=""/>
          <arguments>
            <value cst="I:17">
              <type-int alignment="I:2" cname="int" size="I:2"/>
            </value>
          </arguments>
          </to>
        </wire>
        <wire loc="142:/home/zly/tinyos-main/tos/chips/cc2420/spi/CC2420SpiC.nc">
          <from><interface-ref name="SECCTRL1" ref="0x40fc1a00" scoped=""/></from>
          <to><interface-ref name="Reg" ref="0x40bb3330" scoped=""/>
          <arguments>
            <value cst="I:26">
              <type-int alignment="I:2" cname="int" size="I:2"/>
            </value>
          </arguments>
          </to>
        </wire>
        <wire loc="143:/home/zly/tinyos-main/tos/chips/cc2420/spi/CC2420SpiC.nc">
          <from><interface-ref name="BATTMON" ref="0x40fc1e38" scoped=""/></from>
          <to><interface-ref name="Reg" ref="0x40bb3330" scoped=""/>
          <arguments>
            <value cst="I:27">
              <type-int alignment="I:2" cname="int" size="I:2"/>
            </value>
          </arguments>
          </to>
        </wire>
        <wire loc="164:/home/zly/tinyos-main/tos/chips/cc2420/spi/CC2420SpiC.nc">
          <from><interface-ref name="RXNONCE" ref="0x40fb9190" scoped=""/></from>
          <to><interface-ref name="Ram" ref="0x40bb5b48" scoped=""/>
          <arguments>
            <value cst="I:272">
              <type-int alignment="I:2" cname="int" size="I:2"/>
            </value>
          </arguments>
          </to>
        </wire>
        <wire loc="160:/home/zly/tinyos-main/tos/chips/cc2420/spi/CC2420SpiC.nc">
          <from><interface-ref name="KEY0" ref="0x40fbb010" scoped=""/></from>
          <to><interface-ref name="Ram" ref="0x40bb5b48" scoped=""/>
          <arguments>
            <value cst="I:256">
              <type-int alignment="I:2" cname="int" size="I:2"/>
            </value>
          </arguments>
          </to>
        </wire>
        <wire loc="120:/home/zly/tinyos-main/tos/chips/cc2420/spi/CC2420SpiC.nc">
          <from><interface-ref name="STXONCCA" ref="0x40fc7b98" scoped=""/></from>
          <to><interface-ref name="Strobe" ref="0x40bb3b08" scoped=""/>
          <arguments>
            <value cst="I:5">
              <type-int alignment="I:2" cname="int" size="I:2"/>
            </value>
          </arguments>
          </to>
        </wire>
        <wire loc="158:/home/zly/tinyos-main/tos/chips/cc2420/spi/CC2420SpiC.nc">
          <from><interface-ref name="TXFIFO_RAM" ref="0x40fbc6e8" scoped=""/></from>
          <to><interface-ref name="Ram" ref="0x40bb5b48" scoped=""/>
          <arguments>
            <value cst="I:0">
              <type-int alignment="I:2" cname="int" size="I:2"/>
            </value>
          </arguments>
          </to>
        </wire>
        <wire loc="135:/home/zly/tinyos-main/tos/chips/cc2420/spi/CC2420SpiC.nc">
          <from><interface-ref name="RSSI" ref="0x40fc3ae0" scoped=""/></from>
          <to><interface-ref name="Reg" ref="0x40bb3330" scoped=""/>
          <arguments>
            <value cst="I:19">
              <type-int alignment="I:2" cname="int" size="I:2"/>
            </value>
          </arguments>
          </to>
        </wire>
        <wire loc="137:/home/zly/tinyos-main/tos/chips/cc2420/spi/CC2420SpiC.nc">
          <from><interface-ref name="TXCTRL" ref="0x40fc2368" scoped=""/></from>
          <to><interface-ref name="Reg" ref="0x40bb3330" scoped=""/>
          <arguments>
            <value cst="I:21">
              <type-int alignment="I:2" cname="int" size="I:2"/>
            </value>
          </arguments>
          </to>
        </wire>
        <wire loc="149:/home/zly/tinyos-main/tos/chips/cc2420/spi/CC2420SpiC.nc">
          <from><interface-ref name="MANAND" ref="0x40fbe880" scoped=""/></from>
          <to><interface-ref name="Reg" ref="0x40bb3330" scoped=""/>
          <arguments>
            <value cst="I:33">
              <type-int alignment="I:2" cname="int" size="I:2"/>
            </value>
          </arguments>
          </to>
        </wire>
        <wire loc="144:/home/zly/tinyos-main/tos/chips/cc2420/spi/CC2420SpiC.nc">
          <from><interface-ref name="IOCFG0" ref="0x40fbf2b0" scoped=""/></from>
          <to><interface-ref name="Reg" ref="0x40bb3330" scoped=""/>
          <arguments>
            <value cst="I:28">
              <type-int alignment="I:2" cname="int" size="I:2"/>
            </value>
          </arguments>
          </to>
        </wire>
        <wire loc="111:/home/zly/tinyos-main/tos/chips/cc2420/spi/CC2420SpiC.nc">
          <from><interface-ref name="ChipSpiResource" ref="0x40fc85a0" scoped=""/></from>
          <to><interface-ref name="ChipSpiResource" ref="0x40bb6850" scoped=""/></to>
        </wire>
        <wire loc="124:/home/zly/tinyos-main/tos/chips/cc2420/spi/CC2420SpiC.nc">
          <from><interface-ref name="SFLUSHTX" ref="0x40fc5910" scoped=""/></from>
          <to><interface-ref name="Strobe" ref="0x40bb3b08" scoped=""/>
          <arguments>
            <value cst="I:9">
              <type-int alignment="I:2" cname="int" size="I:2"/>
            </value>
          </arguments>
          </to>
        </wire>
        <wire loc="125:/home/zly/tinyos-main/tos/chips/cc2420/spi/CC2420SpiC.nc">
          <from><interface-ref name="SACK" ref="0x40fc5c68" scoped=""/></from>
          <to><interface-ref name="Strobe" ref="0x40bb3b08" scoped=""/>
          <arguments>
            <value cst="I:10">
              <type-int alignment="I:2" cname="int" size="I:2"/>
            </value>
          </arguments>
          </to>
        </wire>
        <wire loc="126:/home/zly/tinyos-main/tos/chips/cc2420/spi/CC2420SpiC.nc">
          <from><interface-ref name="SACKPEND" ref="0x40fc4080" scoped=""/></from>
          <to><interface-ref name="Strobe" ref="0x40bb3b08" scoped=""/>
          <arguments>
            <value cst="I:11">
              <type-int alignment="I:2" cname="int" size="I:2"/>
            </value>
          </arguments>
          </to>
        </wire>
        <wire loc="159:/home/zly/tinyos-main/tos/chips/cc2420/spi/CC2420SpiC.nc">
          <from><interface-ref name="RXFIFO_RAM" ref="0x40fbcb20" scoped=""/></from>
          <to><interface-ref name="Ram" ref="0x40bb5b48" scoped=""/>
          <arguments>
            <value cst="I:128">
              <type-int alignment="I:2" cname="int" size="I:2"/>
            </value>
          </arguments>
          </to>
        </wire>
        <wire loc="122:/home/zly/tinyos-main/tos/chips/cc2420/spi/CC2420SpiC.nc">
          <from><interface-ref name="SXOSCOFF" ref="0x40fc5260" scoped=""/></from>
          <to><interface-ref name="Strobe" ref="0x40bb3b08" scoped=""/>
          <arguments>
            <value cst="I:7">
              <type-int alignment="I:2" cname="int" size="I:2"/>
            </value>
          </arguments>
          </to>
        </wire>
        <wire loc="136:/home/zly/tinyos-main/tos/chips/cc2420/spi/CC2420SpiC.nc">
          <from><interface-ref name="SYNCWORD" ref="0x40fc3f18" scoped=""/></from>
          <to><interface-ref name="Reg" ref="0x40bb3330" scoped=""/>
          <arguments>
            <value cst="I:20">
              <type-int alignment="I:2" cname="int" size="I:2"/>
            </value>
          </arguments>
          </to>
        </wire>
        <wire loc="134:/home/zly/tinyos-main/tos/chips/cc2420/spi/CC2420SpiC.nc">
          <from><interface-ref name="MDMCTRL1" ref="0x40fc36a8" scoped=""/></from>
          <to><interface-ref name="Reg" ref="0x40bb3330" scoped=""/>
          <arguments>
            <value cst="I:18">
              <type-int alignment="I:2" cname="int" size="I:2"/>
            </value>
          </arguments>
          </to>
        </wire>
        <wire loc="116:/home/zly/tinyos-main/tos/chips/cc2420/spi/CC2420SpiC.nc">
          <from><interface-ref name="SXOSCON" ref="0x40fc8e10" scoped=""/></from>
          <to><interface-ref name="Strobe" ref="0x40bb3b08" scoped=""/>
          <arguments>
            <value cst="I:1">
              <type-int alignment="I:2" cname="int" size="I:2"/>
            </value>
          </arguments>
          </to>
        </wire>
        <wire loc="163:/home/zly/tinyos-main/tos/chips/cc2420/spi/CC2420SpiC.nc">
          <from><interface-ref name="TXNONCE" ref="0x40fbbcb8" scoped=""/></from>
          <to><interface-ref name="Ram" ref="0x40bb5b48" scoped=""/>
          <arguments>
            <value cst="I:320">
              <type-int alignment="I:2" cname="int" size="I:2"/>
            </value>
          </arguments>
          </to>
        </wire>
        <wire loc="161:/home/zly/tinyos-main/tos/chips/cc2420/spi/CC2420SpiC.nc">
          <from><interface-ref name="KEY1" ref="0x40fbb448" scoped=""/></from>
          <to><interface-ref name="Ram" ref="0x40bb5b48" scoped=""/>
          <arguments>
            <value cst="I:304">
              <type-int alignment="I:2" cname="int" size="I:2"/>
            </value>
          </arguments>
          </to>
        </wire>
        <wire loc="150:/home/zly/tinyos-main/tos/chips/cc2420/spi/CC2420SpiC.nc">
          <from><interface-ref name="MANOR" ref="0x40fbecb8" scoped=""/></from>
          <to><interface-ref name="Reg" ref="0x40bb3330" scoped=""/>
          <arguments>
            <value cst="I:34">
              <type-int alignment="I:2" cname="int" size="I:2"/>
            </value>
          </arguments>
          </to>
        </wire>
        <wire loc="157:/home/zly/tinyos-main/tos/chips/cc2420/spi/CC2420SpiC.nc">
          <from><interface-ref name="SHORTADR" ref="0x40fbc2b0" scoped=""/></from>
          <to><interface-ref name="Ram" ref="0x40bb5b48" scoped=""/>
          <arguments>
            <value cst="I:362">
              <type-int alignment="I:2" cname="int" size="I:2"/>
            </value>
          </arguments>
          </to>
        </wire>
        <wire loc="146:/home/zly/tinyos-main/tos/chips/cc2420/spi/CC2420SpiC.nc">
          <from><interface-ref name="MANFIDL" ref="0x40fbfb20" scoped=""/></from>
          <to><interface-ref name="Reg" ref="0x40bb3330" scoped=""/>
          <arguments>
            <value cst="I:30">
              <type-int alignment="I:2" cname="int" size="I:2"/>
            </value>
          </arguments>
          </to>
        </wire>
        <wire loc="167:/home/zly/tinyos-main/tos/chips/cc2420/spi/CC2420SpiC.nc">
          <from><interface-ref name="RXFIFO" ref="0x40fb95c8" scoped=""/></from>
          <to><interface-ref name="Fifo" ref="0x40bb5100" scoped=""/>
          <arguments>
            <value cst="I:63">
              <type-int alignment="I:2" cname="int" size="I:2"/>
            </value>
          </arguments>
          </to>
        </wire>
        <wire loc="115:/home/zly/tinyos-main/tos/chips/cc2420/spi/CC2420SpiC.nc">
          <from><interface-ref name="SNOP" ref="0x40fc8ab8" scoped=""/></from>
          <to><interface-ref name="Strobe" ref="0x40bb3b08" scoped=""/>
          <arguments>
            <value cst="I:0">
              <type-int alignment="I:2" cname="int" size="I:2"/>
            </value>
          </arguments>
          </to>
        </wire>
        <wire loc="132:/home/zly/tinyos-main/tos/chips/cc2420/spi/CC2420SpiC.nc">
          <from><interface-ref name="MAIN" ref="0x40fc4de0" scoped=""/></from>
          <to><interface-ref name="Reg" ref="0x40bb3330" scoped=""/>
          <arguments>
            <value cst="I:16">
              <type-int alignment="I:2" cname="int" size="I:2"/>
            </value>
          </arguments>
          </to>
        </wire>
        <wire loc="138:/home/zly/tinyos-main/tos/chips/cc2420/spi/CC2420SpiC.nc">
          <from><interface-ref name="RXCTRL0" ref="0x40fc27a0" scoped=""/></from>
          <to><interface-ref name="Reg" ref="0x40bb3330" scoped=""/>
          <arguments>
            <value cst="I:22">
              <type-int alignment="I:2" cname="int" size="I:2"/>
            </value>
          </arguments>
          </to>
        </wire>
        <wire loc="145:/home/zly/tinyos-main/tos/chips/cc2420/spi/CC2420SpiC.nc">
          <from><interface-ref name="IOCFG1" ref="0x40fbf6e8" scoped=""/></from>
          <to><interface-ref name="Reg" ref="0x40bb3330" scoped=""/>
          <arguments>
            <value cst="I:29">
              <type-int alignment="I:2" cname="int" size="I:2"/>
            </value>
          </arguments>
          </to>
        </wire>
        <wire loc="140:/home/zly/tinyos-main/tos/chips/cc2420/spi/CC2420SpiC.nc">
          <from><interface-ref name="FSCTRL" ref="0x40fc1190" scoped=""/></from>
          <to><interface-ref name="Reg" ref="0x40bb3330" scoped=""/>
          <arguments>
            <value cst="I:24">
              <type-int alignment="I:2" cname="int" size="I:2"/>
            </value>
          </arguments>
          </to>
        </wire>
        <wire loc="118:/home/zly/tinyos-main/tos/chips/cc2420/spi/CC2420SpiC.nc">
          <from><interface-ref name="SRXON" ref="0x40fc74e8" scoped=""/></from>
          <to><interface-ref name="Strobe" ref="0x40bb3b08" scoped=""/>
          <arguments>
            <value cst="I:3">
              <type-int alignment="I:2" cname="int" size="I:2"/>
            </value>
          </arguments>
          </to>
        </wire>
        <wire loc="141:/home/zly/tinyos-main/tos/chips/cc2420/spi/CC2420SpiC.nc">
          <from><interface-ref name="SECCTRL0" ref="0x40fc15c8" scoped=""/></from>
          <to><interface-ref name="Reg" ref="0x40bb3330" scoped=""/>
          <arguments>
            <value cst="I:25">
              <type-int alignment="I:2" cname="int" size="I:2"/>
            </value>
          </arguments>
          </to>
        </wire>
        <wire loc="112:/home/zly/tinyos-main/tos/chips/cc2420/spi/CC2420SpiC.nc">
          <from><interface-ref name="Resource" ref="0x40f69ed0" scoped=""/></from>
          <to><interface-ref name="Resource" ref="0x40bb6100" scoped=""/>
          <arguments>
            <value cst="I:4">
              <type-int alignment="I:2" cname="int" size="I:2"/>
            </value>
          </arguments>
          </to>
        </wire>
        <wire loc="127:/home/zly/tinyos-main/tos/chips/cc2420/spi/CC2420SpiC.nc">
          <from><interface-ref name="SRXDEC" ref="0x40fc43d8" scoped=""/></from>
          <to><interface-ref name="Strobe" ref="0x40bb3b08" scoped=""/>
          <arguments>
            <value cst="I:12">
              <type-int alignment="I:2" cname="int" size="I:2"/>
            </value>
          </arguments>
          </to>
        </wire>
        <wire loc="129:/home/zly/tinyos-main/tos/chips/cc2420/spi/CC2420SpiC.nc">
          <from><interface-ref name="SAES" ref="0x40fc4a88" scoped=""/></from>
          <to><interface-ref name="Strobe" ref="0x40bb3b08" scoped=""/>
          <arguments>
            <value cst="I:14">
              <type-int alignment="I:2" cname="int" size="I:2"/>
            </value>
          </arguments>
          </to>
        </wire>
        <wire loc="156:/home/zly/tinyos-main/tos/chips/cc2420/spi/CC2420SpiC.nc">
          <from><interface-ref name="PANID" ref="0x40fbde38" scoped=""/></from>
          <to><interface-ref name="Ram" ref="0x40bb5b48" scoped=""/>
          <arguments>
            <value cst="I:360">
              <type-int alignment="I:2" cname="int" size="I:2"/>
            </value>
          </arguments>
          </to>
        </wire>
        <wire loc="155:/home/zly/tinyos-main/tos/chips/cc2420/spi/CC2420SpiC.nc">
          <from><interface-ref name="IEEEADR" ref="0x40fbda00" scoped=""/></from>
          <to><interface-ref name="Ram" ref="0x40bb5b48" scoped=""/>
          <arguments>
            <value cst="I:352">
              <type-int alignment="I:2" cname="int" size="I:2"/>
            </value>
          </arguments>
          </to>
        </wire>
        <wire loc="123:/home/zly/tinyos-main/tos/chips/cc2420/spi/CC2420SpiC.nc">
          <from><interface-ref name="SFLUSHRX" ref="0x40fc55b8" scoped=""/></from>
          <to><interface-ref name="Strobe" ref="0x40bb3b08" scoped=""/>
          <arguments>
            <value cst="I:8">
              <type-int alignment="I:2" cname="int" size="I:2"/>
            </value>
          </arguments>
          </to>
        </wire>
        <wire loc="152:/home/zly/tinyos-main/tos/chips/cc2420/spi/CC2420SpiC.nc">
          <from><interface-ref name="RXFIFO_REGISTER" ref="0x40fbd5c8" scoped=""/></from>
          <to><interface-ref name="Reg" ref="0x40bb3330" scoped=""/>
          <arguments>
            <value cst="I:63">
              <type-int alignment="I:2" cname="int" size="I:2"/>
            </value>
          </arguments>
          </to>
        </wire>
        <wire loc="162:/home/zly/tinyos-main/tos/chips/cc2420/spi/CC2420SpiC.nc">
          <from><interface-ref name="SABUF" ref="0x40fbb880" scoped=""/></from>
          <to><interface-ref name="Ram" ref="0x40bb5b48" scoped=""/>
          <arguments>
            <value cst="I:288">
              <type-int alignment="I:2" cname="int" size="I:2"/>
            </value>
          </arguments>
          </to>
        </wire>
        <wire loc="151:/home/zly/tinyos-main/tos/chips/cc2420/spi/CC2420SpiC.nc">
          <from><interface-ref name="AGCCTRL" ref="0x40fbd190" scoped=""/></from>
          <to><interface-ref name="Reg" ref="0x40bb3330" scoped=""/>
          <arguments>
            <value cst="I:35">
              <type-int alignment="I:2" cname="int" size="I:2"/>
            </value>
          </arguments>
          </to>
        </wire>
        <wire loc="119:/home/zly/tinyos-main/tos/chips/cc2420/spi/CC2420SpiC.nc">
          <from><interface-ref name="STXON" ref="0x40fc7840" scoped=""/></from>
          <to><interface-ref name="Strobe" ref="0x40bb3b08" scoped=""/>
          <arguments>
            <value cst="I:4">
              <type-int alignment="I:2" cname="int" size="I:2"/>
            </value>
          </arguments>
          </to>
        </wire>
        <wire loc="148:/home/zly/tinyos-main/tos/chips/cc2420/spi/CC2420SpiC.nc">
          <from><interface-ref name="FSMTC" ref="0x40fbe448" scoped=""/></from>
          <to><interface-ref name="Reg" ref="0x40bb3330" scoped=""/>
          <arguments>
            <value cst="I:32">
              <type-int alignment="I:2" cname="int" size="I:2"/>
            </value>
          </arguments>
          </to>
        </wire>
        <wire loc="121:/home/zly/tinyos-main/tos/chips/cc2420/spi/CC2420SpiC.nc">
          <from><interface-ref name="SRFOFF" ref="0x40fc7ef0" scoped=""/></from>
          <to><interface-ref name="Strobe" ref="0x40bb3b08" scoped=""/>
          <arguments>
            <value cst="I:6">
              <type-int alignment="I:2" cname="int" size="I:2"/>
            </value>
          </arguments>
          </to>
        </wire>
        <wire loc="147:/home/zly/tinyos-main/tos/chips/cc2420/spi/CC2420SpiC.nc">
          <from><interface-ref name="MANFIDH" ref="0x40fbe010" scoped=""/></from>
          <to><interface-ref name="Reg" ref="0x40bb3330" scoped=""/>
          <arguments>
            <value cst="I:31">
              <type-int alignment="I:2" cname="int" size="I:2"/>
            </value>
          </arguments>
          </to>
        </wire>
        <wire loc="128:/home/zly/tinyos-main/tos/chips/cc2420/spi/CC2420SpiC.nc">
          <from><interface-ref name="STXENC" ref="0x40fc4730" scoped=""/></from>
          <to><interface-ref name="Strobe" ref="0x40bb3b08" scoped=""/>
          <arguments>
            <value cst="I:13">
              <type-int alignment="I:2" cname="int" size="I:2"/>
            </value>
          </arguments>
          </to>
        </wire>
        <wire loc="168:/home/zly/tinyos-main/tos/chips/cc2420/spi/CC2420SpiC.nc">
          <from><interface-ref name="TXFIFO" ref="0x40fb9ea0" scoped=""/></from>
          <to><interface-ref name="Fifo" ref="0x40bb5100" scoped=""/>
          <arguments>
            <value cst="I:62">
              <type-int alignment="I:2" cname="int" size="I:2"/>
            </value>
          </arguments>
          </to>
        </wire>
      </wiring>
    </component><component loc="45:/home/zly/tinyos-main/tos/chips/cc2420/receive/CC2420ReceiveP.nc" nicename="tos.chips.cc2420.receive.CC2420ReceiveP" qname="CC2420ReceiveP" safe="">
      <documentation loc="32:/home/zly/tinyos-main/tos/chips/cc2420/receive/CC2420ReceiveP.nc">
        <short>
 </short>
        <long>
 @author Jonathan Hui &lt;jhui@archrock.com&gt;
 @author David Moss
 @author Jung Il Choi
 @author JeongGil Ko
 @author Razvan Musaloiu-E
 @version $Revision: 1.21 $ $Date: 2009/09/17 23:36:36 $
</long>
      </documentation>
      <module/>
    </component><component loc="56:/home/zly/tinyos-main/tos/system/MainC.nc" nicename="tos.system.MainC" qname="MainC">
      <documentation loc="45:/home/zly/tinyos-main/tos/system/MainC.nc">
        <short>
 MainC is the system interface the TinyOS boot sequence.</short>
        <long>
 MainC is the system interface the TinyOS boot sequence. It wires the
 boot sequence implementation to the scheduler and hardware resources.

 @author Philip Levis
 @date   August 6 2005
 @see    TEP 107: Boot Sequence
</long>
      </documentation>
      <configuration/>
      <wiring>
        <wire loc="72:/home/zly/tinyos-main/tos/system/MainC.nc">
          <from><interface-ref name="Boot" ref="0x406101c8" scoped=""/></from>
          <to><interface-ref name="Boot" ref="0x40611840" scoped=""/></to>
        </wire>
        <wire loc="67:/home/zly/tinyos-main/tos/system/MainC.nc">
          <from><interface-ref name="Scheduler" ref="0x40611bd8" scoped=""/></from>
          <to><interface-ref name="Scheduler" ref="0x403875f0" scoped=""/></to>
        </wire>
        <wire loc="68:/home/zly/tinyos-main/tos/system/MainC.nc">
          <from><interface-ref name="PlatformInit" ref="0x4062f240" scoped=""/></from>
          <to><interface-ref name="Init" ref="0x406126f8" scoped=""/></to>
        </wire>
        <wire loc="71:/home/zly/tinyos-main/tos/system/MainC.nc">
          <from><interface-ref name="SoftwareInit" ref="0x4062f648" scoped=""/></from>
          <to><interface-ref name="SoftwareInit" ref="0x40610df0" scoped=""/></to>
        </wire>
      </wiring>
    </component></referenced></component>