<?xml version="1.0" ?><component abstract="" loc="39:/home/zly/tinyos-main/tos/chips/cc2420/spi/CC2420SpiC.nc" nicename="tos.chips.cc2420.spi.CC2420SpiC" qname="CC2420SpiC">
      <documentation loc="32:/home/zly/tinyos-main/tos/chips/cc2420/spi/CC2420SpiC.nc">
        <short>
 Implementation of basic SPI primitives for the ChipCon CC2420 radio.</short>
        <long>
 Implementation of basic SPI primitives for the ChipCon CC2420 radio.

 @author Jonathan Hui &lt;jhui@archrock.com&gt;
 @version $Revision: 1.4 $ $Date: 2009-08-14 20:33:43 $
</long>
      </documentation>
      <parameters>
      </parameters>
      <configuration/>
      <wiring>
        <wire loc="139:/home/zly/tinyos-main/tos/chips/cc2420/spi/CC2420SpiC.nc">
          <from><interface-ref name="RXCTRL1" ref="0x40ba1d60" scoped=""/></from>
          <to><interface-ref name="Reg" ref="0x40bb3330" scoped=""/>
          <arguments>
            <value cst="I:23">
              <type-int alignment="I:2" cname="int" size="I:2"/>
            </value>
          </arguments>
          </to>
        </wire>
        <wire loc="117:/home/zly/tinyos-main/tos/chips/cc2420/spi/CC2420SpiC.nc">
          <from><interface-ref name="STXCAL" ref="0x40b7f170" scoped=""/></from>
          <to><interface-ref name="Strobe" ref="0x40bb3b08" scoped=""/>
          <arguments>
            <value cst="I:2">
              <type-int alignment="I:2" cname="int" size="I:2"/>
            </value>
          </arguments>
          </to>
        </wire>
        <wire loc="133:/home/zly/tinyos-main/tos/chips/cc2420/spi/CC2420SpiC.nc">
          <from><interface-ref name="MDMCTRL0" ref="0x40ba3d60" scoped=""/></from>
          <to><interface-ref name="Reg" ref="0x40bb3330" scoped=""/>
          <arguments>
            <value cst="I:17">
              <type-int alignment="I:2" cname="int" size="I:2"/>
            </value>
          </arguments>
          </to>
        </wire>
        <wire loc="142:/home/zly/tinyos-main/tos/chips/cc2420/spi/CC2420SpiC.nc">
          <from><interface-ref name="SECCTRL1" ref="0x40ba0dc0" scoped=""/></from>
          <to><interface-ref name="Reg" ref="0x40bb3330" scoped=""/>
          <arguments>
            <value cst="I:26">
              <type-int alignment="I:2" cname="int" size="I:2"/>
            </value>
          </arguments>
          </to>
        </wire>
        <wire loc="143:/home/zly/tinyos-main/tos/chips/cc2420/spi/CC2420SpiC.nc">
          <from><interface-ref name="BATTMON" ref="0x40b9f348" scoped=""/></from>
          <to><interface-ref name="Reg" ref="0x40bb3330" scoped=""/>
          <arguments>
            <value cst="I:27">
              <type-int alignment="I:2" cname="int" size="I:2"/>
            </value>
          </arguments>
          </to>
        </wire>
        <wire loc="164:/home/zly/tinyos-main/tos/chips/cc2420/spi/CC2420SpiC.nc">
          <from><interface-ref name="RXNONCE" ref="0x40b984f0" scoped=""/></from>
          <to><interface-ref name="Ram" ref="0x40bb5b48" scoped=""/>
          <arguments>
            <value cst="I:272">
              <type-int alignment="I:2" cname="int" size="I:2"/>
            </value>
          </arguments>
          </to>
        </wire>
        <wire loc="160:/home/zly/tinyos-main/tos/chips/cc2420/spi/CC2420SpiC.nc">
          <from><interface-ref name="KEY0" ref="0x40b99140" scoped=""/></from>
          <to><interface-ref name="Ram" ref="0x40bb5b48" scoped=""/>
          <arguments>
            <value cst="I:256">
              <type-int alignment="I:2" cname="int" size="I:2"/>
            </value>
          </arguments>
          </to>
        </wire>
        <wire loc="120:/home/zly/tinyos-main/tos/chips/cc2420/spi/CC2420SpiC.nc">
          <from><interface-ref name="STXONCCA" ref="0x40b7fdc0" scoped=""/></from>
          <to><interface-ref name="Strobe" ref="0x40bb3b08" scoped=""/>
          <arguments>
            <value cst="I:5">
              <type-int alignment="I:2" cname="int" size="I:2"/>
            </value>
          </arguments>
          </to>
        </wire>
        <wire loc="158:/home/zly/tinyos-main/tos/chips/cc2420/spi/CC2420SpiC.nc">
          <from><interface-ref name="TXFIFO_RAM" ref="0x40b9a748" scoped=""/></from>
          <to><interface-ref name="Ram" ref="0x40bb5b48" scoped=""/>
          <arguments>
            <value cst="I:0">
              <type-int alignment="I:2" cname="int" size="I:2"/>
            </value>
          </arguments>
          </to>
        </wire>
        <wire loc="135:/home/zly/tinyos-main/tos/chips/cc2420/spi/CC2420SpiC.nc">
          <from><interface-ref name="RSSI" ref="0x40ba2850" scoped=""/></from>
          <to><interface-ref name="Reg" ref="0x40bb3330" scoped=""/>
          <arguments>
            <value cst="I:19">
              <type-int alignment="I:2" cname="int" size="I:2"/>
            </value>
          </arguments>
          </to>
        </wire>
        <wire loc="137:/home/zly/tinyos-main/tos/chips/cc2420/spi/CC2420SpiC.nc">
          <from><interface-ref name="TXCTRL" ref="0x40ba1340" scoped=""/></from>
          <to><interface-ref name="Reg" ref="0x40bb3330" scoped=""/>
          <arguments>
            <value cst="I:21">
              <type-int alignment="I:2" cname="int" size="I:2"/>
            </value>
          </arguments>
          </to>
        </wire>
        <wire loc="149:/home/zly/tinyos-main/tos/chips/cc2420/spi/CC2420SpiC.nc">
          <from><interface-ref name="MANAND" ref="0x40b9c340" scoped=""/></from>
          <to><interface-ref name="Reg" ref="0x40bb3330" scoped=""/>
          <arguments>
            <value cst="I:33">
              <type-int alignment="I:2" cname="int" size="I:2"/>
            </value>
          </arguments>
          </to>
        </wire>
        <wire loc="144:/home/zly/tinyos-main/tos/chips/cc2420/spi/CC2420SpiC.nc">
          <from><interface-ref name="IOCFG0" ref="0x40b9f850" scoped=""/></from>
          <to><interface-ref name="Reg" ref="0x40bb3330" scoped=""/>
          <arguments>
            <value cst="I:28">
              <type-int alignment="I:2" cname="int" size="I:2"/>
            </value>
          </arguments>
          </to>
        </wire>
        <wire loc="111:/home/zly/tinyos-main/tos/chips/cc2420/spi/CC2420SpiC.nc">
          <from><interface-ref name="ChipSpiResource" ref="0x40ba5338" scoped=""/></from>
          <to><interface-ref name="ChipSpiResource" ref="0x40bb6850" scoped=""/></to>
        </wire>
        <wire loc="124:/home/zly/tinyos-main/tos/chips/cc2420/spi/CC2420SpiC.nc">
          <from><interface-ref name="SFLUSHTX" ref="0x40ba6ee0" scoped=""/></from>
          <to><interface-ref name="Strobe" ref="0x40bb3b08" scoped=""/>
          <arguments>
            <value cst="I:9">
              <type-int alignment="I:2" cname="int" size="I:2"/>
            </value>
          </arguments>
          </to>
        </wire>
        <wire loc="125:/home/zly/tinyos-main/tos/chips/cc2420/spi/CC2420SpiC.nc">
          <from><interface-ref name="SACK" ref="0x40ba4310" scoped=""/></from>
          <to><interface-ref name="Strobe" ref="0x40bb3b08" scoped=""/>
          <arguments>
            <value cst="I:10">
              <type-int alignment="I:2" cname="int" size="I:2"/>
            </value>
          </arguments>
          </to>
        </wire>
        <wire loc="126:/home/zly/tinyos-main/tos/chips/cc2420/spi/CC2420SpiC.nc">
          <from><interface-ref name="SACKPEND" ref="0x40ba47c0" scoped=""/></from>
          <to><interface-ref name="Strobe" ref="0x40bb3b08" scoped=""/>
          <arguments>
            <value cst="I:11">
              <type-int alignment="I:2" cname="int" size="I:2"/>
            </value>
          </arguments>
          </to>
        </wire>
        <wire loc="159:/home/zly/tinyos-main/tos/chips/cc2420/spi/CC2420SpiC.nc">
          <from><interface-ref name="RXFIFO_RAM" ref="0x40b9ac48" scoped=""/></from>
          <to><interface-ref name="Ram" ref="0x40bb5b48" scoped=""/>
          <arguments>
            <value cst="I:128">
              <type-int alignment="I:2" cname="int" size="I:2"/>
            </value>
          </arguments>
          </to>
        </wire>
        <wire loc="122:/home/zly/tinyos-main/tos/chips/cc2420/spi/CC2420SpiC.nc">
          <from><interface-ref name="SXOSCOFF" ref="0x40ba6680" scoped=""/></from>
          <to><interface-ref name="Strobe" ref="0x40bb3b08" scoped=""/>
          <arguments>
            <value cst="I:7">
              <type-int alignment="I:2" cname="int" size="I:2"/>
            </value>
          </arguments>
          </to>
        </wire>
        <wire loc="136:/home/zly/tinyos-main/tos/chips/cc2420/spi/CC2420SpiC.nc">
          <from><interface-ref name="SYNCWORD" ref="0x40ba2d70" scoped=""/></from>
          <to><interface-ref name="Reg" ref="0x40bb3330" scoped=""/>
          <arguments>
            <value cst="I:20">
              <type-int alignment="I:2" cname="int" size="I:2"/>
            </value>
          </arguments>
          </to>
        </wire>
        <wire loc="134:/home/zly/tinyos-main/tos/chips/cc2420/spi/CC2420SpiC.nc">
          <from><interface-ref name="MDMCTRL1" ref="0x40ba2358" scoped=""/></from>
          <to><interface-ref name="Reg" ref="0x40bb3330" scoped=""/>
          <arguments>
            <value cst="I:18">
              <type-int alignment="I:2" cname="int" size="I:2"/>
            </value>
          </arguments>
          </to>
        </wire>
        <wire loc="116:/home/zly/tinyos-main/tos/chips/cc2420/spi/CC2420SpiC.nc">
          <from><interface-ref name="SXOSCON" ref="0x40ba5d30" scoped=""/></from>
          <to><interface-ref name="Strobe" ref="0x40bb3b08" scoped=""/>
          <arguments>
            <value cst="I:1">
              <type-int alignment="I:2" cname="int" size="I:2"/>
            </value>
          </arguments>
          </to>
        </wire>
        <wire loc="163:/home/zly/tinyos-main/tos/chips/cc2420/spi/CC2420SpiC.nc">
          <from><interface-ref name="TXNONCE" ref="0x40b98010" scoped=""/></from>
          <to><interface-ref name="Ram" ref="0x40bb5b48" scoped=""/>
          <arguments>
            <value cst="I:320">
              <type-int alignment="I:2" cname="int" size="I:2"/>
            </value>
          </arguments>
          </to>
        </wire>
        <wire loc="161:/home/zly/tinyos-main/tos/chips/cc2420/spi/CC2420SpiC.nc">
          <from><interface-ref name="KEY1" ref="0x40b99608" scoped=""/></from>
          <to><interface-ref name="Ram" ref="0x40bb5b48" scoped=""/>
          <arguments>
            <value cst="I:304">
              <type-int alignment="I:2" cname="int" size="I:2"/>
            </value>
          </arguments>
          </to>
        </wire>
        <wire loc="150:/home/zly/tinyos-main/tos/chips/cc2420/spi/CC2420SpiC.nc">
          <from><interface-ref name="MANOR" ref="0x40b9c840" scoped=""/></from>
          <to><interface-ref name="Reg" ref="0x40bb3330" scoped=""/>
          <arguments>
            <value cst="I:34">
              <type-int alignment="I:2" cname="int" size="I:2"/>
            </value>
          </arguments>
          </to>
        </wire>
        <wire loc="157:/home/zly/tinyos-main/tos/chips/cc2420/spi/CC2420SpiC.nc">
          <from><interface-ref name="SHORTADR" ref="0x40b9a248" scoped=""/></from>
          <to><interface-ref name="Ram" ref="0x40bb5b48" scoped=""/>
          <arguments>
            <value cst="I:362">
              <type-int alignment="I:2" cname="int" size="I:2"/>
            </value>
          </arguments>
          </to>
        </wire>
        <wire loc="146:/home/zly/tinyos-main/tos/chips/cc2420/spi/CC2420SpiC.nc">
          <from><interface-ref name="MANFIDL" ref="0x40b9d348" scoped=""/></from>
          <to><interface-ref name="Reg" ref="0x40bb3330" scoped=""/>
          <arguments>
            <value cst="I:30">
              <type-int alignment="I:2" cname="int" size="I:2"/>
            </value>
          </arguments>
          </to>
        </wire>
        <wire loc="167:/home/zly/tinyos-main/tos/chips/cc2420/spi/CC2420SpiC.nc">
          <from><interface-ref name="RXFIFO" ref="0x40bb9da8" scoped=""/></from>
          <to><interface-ref name="Fifo" ref="0x40bb5100" scoped=""/>
          <arguments>
            <value cst="I:63">
              <type-int alignment="I:2" cname="int" size="I:2"/>
            </value>
          </arguments>
          </to>
        </wire>
        <wire loc="115:/home/zly/tinyos-main/tos/chips/cc2420/spi/CC2420SpiC.nc">
          <from><interface-ref name="SNOP" ref="0x40ba5910" scoped=""/></from>
          <to><interface-ref name="Strobe" ref="0x40bb3b08" scoped=""/>
          <arguments>
            <value cst="I:0">
              <type-int alignment="I:2" cname="int" size="I:2"/>
            </value>
          </arguments>
          </to>
        </wire>
        <wire loc="132:/home/zly/tinyos-main/tos/chips/cc2420/spi/CC2420SpiC.nc">
          <from><interface-ref name="MAIN" ref="0x40ba3840" scoped=""/></from>
          <to><interface-ref name="Reg" ref="0x40bb3330" scoped=""/>
          <arguments>
            <value cst="I:16">
              <type-int alignment="I:2" cname="int" size="I:2"/>
            </value>
          </arguments>
          </to>
        </wire>
        <wire loc="138:/home/zly/tinyos-main/tos/chips/cc2420/spi/CC2420SpiC.nc">
          <from><interface-ref name="RXCTRL0" ref="0x40ba1850" scoped=""/></from>
          <to><interface-ref name="Reg" ref="0x40bb3330" scoped=""/>
          <arguments>
            <value cst="I:22">
              <type-int alignment="I:2" cname="int" size="I:2"/>
            </value>
          </arguments>
          </to>
        </wire>
        <wire loc="145:/home/zly/tinyos-main/tos/chips/cc2420/spi/CC2420SpiC.nc">
          <from><interface-ref name="IOCFG1" ref="0x40b9fd58" scoped=""/></from>
          <to><interface-ref name="Reg" ref="0x40bb3330" scoped=""/>
          <arguments>
            <value cst="I:29">
              <type-int alignment="I:2" cname="int" size="I:2"/>
            </value>
          </arguments>
          </to>
        </wire>
        <wire loc="140:/home/zly/tinyos-main/tos/chips/cc2420/spi/CC2420SpiC.nc">
          <from><interface-ref name="FSCTRL" ref="0x40ba0380" scoped=""/></from>
          <to><interface-ref name="Reg" ref="0x40bb3330" scoped=""/>
          <arguments>
            <value cst="I:24">
              <type-int alignment="I:2" cname="int" size="I:2"/>
            </value>
          </arguments>
          </to>
        </wire>
        <wire loc="118:/home/zly/tinyos-main/tos/chips/cc2420/spi/CC2420SpiC.nc">
          <from><interface-ref name="SRXON" ref="0x40b7f580" scoped=""/></from>
          <to><interface-ref name="Strobe" ref="0x40bb3b08" scoped=""/>
          <arguments>
            <value cst="I:3">
              <type-int alignment="I:2" cname="int" size="I:2"/>
            </value>
          </arguments>
          </to>
        </wire>
        <wire loc="141:/home/zly/tinyos-main/tos/chips/cc2420/spi/CC2420SpiC.nc">
          <from><interface-ref name="SECCTRL0" ref="0x40ba08a0" scoped=""/></from>
          <to><interface-ref name="Reg" ref="0x40bb3330" scoped=""/>
          <arguments>
            <value cst="I:25">
              <type-int alignment="I:2" cname="int" size="I:2"/>
            </value>
          </arguments>
          </to>
        </wire>
        <wire loc="112:/home/zly/tinyos-main/tos/chips/cc2420/spi/CC2420SpiC.nc">
          <from><interface-ref name="Resource" ref="0x40b83750" scoped=""/></from>
          <to><interface-ref name="Resource" ref="0x40bb6100" scoped=""/>
          <arguments>
            <value cst="U:">
              <type-int alignment="I:2" cname="int" size="I:2"/>
            </value>
          </arguments>
          </to>
        </wire>
        <wire loc="127:/home/zly/tinyos-main/tos/chips/cc2420/spi/CC2420SpiC.nc">
          <from><interface-ref name="SRXDEC" ref="0x40ba4bd8" scoped=""/></from>
          <to><interface-ref name="Strobe" ref="0x40bb3b08" scoped=""/>
          <arguments>
            <value cst="I:12">
              <type-int alignment="I:2" cname="int" size="I:2"/>
            </value>
          </arguments>
          </to>
        </wire>
        <wire loc="129:/home/zly/tinyos-main/tos/chips/cc2420/spi/CC2420SpiC.nc">
          <from><interface-ref name="SAES" ref="0x40ba3418" scoped=""/></from>
          <to><interface-ref name="Strobe" ref="0x40bb3b08" scoped=""/>
          <arguments>
            <value cst="I:14">
              <type-int alignment="I:2" cname="int" size="I:2"/>
            </value>
          </arguments>
          </to>
        </wire>
        <wire loc="156:/home/zly/tinyos-main/tos/chips/cc2420/spi/CC2420SpiC.nc">
          <from><interface-ref name="PANID" ref="0x40b9bc80" scoped=""/></from>
          <to><interface-ref name="Ram" ref="0x40bb5b48" scoped=""/>
          <arguments>
            <value cst="I:360">
              <type-int alignment="I:2" cname="int" size="I:2"/>
            </value>
          </arguments>
          </to>
        </wire>
        <wire loc="155:/home/zly/tinyos-main/tos/chips/cc2420/spi/CC2420SpiC.nc">
          <from><interface-ref name="IEEEADR" ref="0x40b9b7b0" scoped=""/></from>
          <to><interface-ref name="Ram" ref="0x40bb5b48" scoped=""/>
          <arguments>
            <value cst="I:352">
              <type-int alignment="I:2" cname="int" size="I:2"/>
            </value>
          </arguments>
          </to>
        </wire>
        <wire loc="123:/home/zly/tinyos-main/tos/chips/cc2420/spi/CC2420SpiC.nc">
          <from><interface-ref name="SFLUSHRX" ref="0x40ba6ab0" scoped=""/></from>
          <to><interface-ref name="Strobe" ref="0x40bb3b08" scoped=""/>
          <arguments>
            <value cst="I:8">
              <type-int alignment="I:2" cname="int" size="I:2"/>
            </value>
          </arguments>
          </to>
        </wire>
        <wire loc="152:/home/zly/tinyos-main/tos/chips/cc2420/spi/CC2420SpiC.nc">
          <from><interface-ref name="RXFIFO_REGISTER" ref="0x40b9b2c0" scoped=""/></from>
          <to><interface-ref name="Reg" ref="0x40bb3330" scoped=""/>
          <arguments>
            <value cst="I:63">
              <type-int alignment="I:2" cname="int" size="I:2"/>
            </value>
          </arguments>
          </to>
        </wire>
        <wire loc="162:/home/zly/tinyos-main/tos/chips/cc2420/spi/CC2420SpiC.nc">
          <from><interface-ref name="SABUF" ref="0x40b99ad8" scoped=""/></from>
          <to><interface-ref name="Ram" ref="0x40bb5b48" scoped=""/>
          <arguments>
            <value cst="I:288">
              <type-int alignment="I:2" cname="int" size="I:2"/>
            </value>
          </arguments>
          </to>
        </wire>
        <wire loc="151:/home/zly/tinyos-main/tos/chips/cc2420/spi/CC2420SpiC.nc">
          <from><interface-ref name="AGCCTRL" ref="0x40b9cd50" scoped=""/></from>
          <to><interface-ref name="Reg" ref="0x40bb3330" scoped=""/>
          <arguments>
            <value cst="I:35">
              <type-int alignment="I:2" cname="int" size="I:2"/>
            </value>
          </arguments>
          </to>
        </wire>
        <wire loc="119:/home/zly/tinyos-main/tos/chips/cc2420/spi/CC2420SpiC.nc">
          <from><interface-ref name="STXON" ref="0x40b7f990" scoped=""/></from>
          <to><interface-ref name="Strobe" ref="0x40bb3b08" scoped=""/>
          <arguments>
            <value cst="I:4">
              <type-int alignment="I:2" cname="int" size="I:2"/>
            </value>
          </arguments>
          </to>
        </wire>
        <wire loc="148:/home/zly/tinyos-main/tos/chips/cc2420/spi/CC2420SpiC.nc">
          <from><interface-ref name="FSMTC" ref="0x40b9dd58" scoped=""/></from>
          <to><interface-ref name="Reg" ref="0x40bb3330" scoped=""/>
          <arguments>
            <value cst="I:32">
              <type-int alignment="I:2" cname="int" size="I:2"/>
            </value>
          </arguments>
          </to>
        </wire>
        <wire loc="121:/home/zly/tinyos-main/tos/chips/cc2420/spi/CC2420SpiC.nc">
          <from><interface-ref name="SRFOFF" ref="0x40ba6250" scoped=""/></from>
          <to><interface-ref name="Strobe" ref="0x40bb3b08" scoped=""/>
          <arguments>
            <value cst="I:6">
              <type-int alignment="I:2" cname="int" size="I:2"/>
            </value>
          </arguments>
          </to>
        </wire>
        <wire loc="147:/home/zly/tinyos-main/tos/chips/cc2420/spi/CC2420SpiC.nc">
          <from><interface-ref name="MANFIDH" ref="0x40b9d858" scoped=""/></from>
          <to><interface-ref name="Reg" ref="0x40bb3330" scoped=""/>
          <arguments>
            <value cst="I:31">
              <type-int alignment="I:2" cname="int" size="I:2"/>
            </value>
          </arguments>
          </to>
        </wire>
        <wire loc="128:/home/zly/tinyos-main/tos/chips/cc2420/spi/CC2420SpiC.nc">
          <from><interface-ref name="STXENC" ref="0x40ba3010" scoped=""/></from>
          <to><interface-ref name="Strobe" ref="0x40bb3b08" scoped=""/>
          <arguments>
            <value cst="I:13">
              <type-int alignment="I:2" cname="int" size="I:2"/>
            </value>
          </arguments>
          </to>
        </wire>
        <wire loc="168:/home/zly/tinyos-main/tos/chips/cc2420/spi/CC2420SpiC.nc">
          <from><interface-ref name="TXFIFO" ref="0x40b978b0" scoped=""/></from>
          <to><interface-ref name="Fifo" ref="0x40bb5100" scoped=""/>
          <arguments>
            <value cst="I:62">
              <type-int alignment="I:2" cname="int" size="I:2"/>
            </value>
          </arguments>
          </to>
        </wire>
      </wiring>
    <specification><interface loc="69:/home/zly/tinyos-main/tos/chips/cc2420/spi/CC2420SpiC.nc" name="RXCTRL1" provided="1" ref="0x40ba1d60">
      <component-ref nicename="tos.chips.cc2420.spi.CC2420SpiC" qname="CC2420SpiC"/>
      <type-interface alignment="I:2" size="I:2"><interface-ref name="RXCTRL1" ref="0x40ba1d60" scoped=""/></type-interface>
      <instance>
        <interfacedef-ref nicename="tos.chips.cc2420.interfaces.CC2420Register" qname="CC2420Register"/>
      </instance>
      <interface-functions>
        <function-ref name="read" ref="0x40ba0050" scoped=""/>
        <function-ref name="write" ref="0x40ba0130" scoped=""/>
      </interface-functions>
    </interface><interface loc="47:/home/zly/tinyos-main/tos/chips/cc2420/spi/CC2420SpiC.nc" name="STXCAL" provided="1" ref="0x40b7f170">
      <component-ref nicename="tos.chips.cc2420.spi.CC2420SpiC" qname="CC2420SpiC"/>
      <type-interface alignment="I:2" size="I:2"><interface-ref name="STXCAL" ref="0x40b7f170" scoped=""/></type-interface>
      <instance>
        <interfacedef-ref nicename="tos.chips.cc2420.interfaces.CC2420Strobe" qname="CC2420Strobe"/>
      </instance>
      <interface-functions>
        <function-ref name="strobe" ref="0x40b7f348" scoped=""/>
      </interface-functions>
    </interface><interface loc="63:/home/zly/tinyos-main/tos/chips/cc2420/spi/CC2420SpiC.nc" name="MDMCTRL0" provided="1" ref="0x40ba3d60">
      <component-ref nicename="tos.chips.cc2420.spi.CC2420SpiC" qname="CC2420SpiC"/>
      <type-interface alignment="I:2" size="I:2"><interface-ref name="MDMCTRL0" ref="0x40ba3d60" scoped=""/></type-interface>
      <instance>
        <interfacedef-ref nicename="tos.chips.cc2420.interfaces.CC2420Register" qname="CC2420Register"/>
      </instance>
      <interface-functions>
        <function-ref name="read" ref="0x40ba2010" scoped=""/>
        <function-ref name="write" ref="0x40ba20f0" scoped=""/>
      </interface-functions>
    </interface><interface loc="72:/home/zly/tinyos-main/tos/chips/cc2420/spi/CC2420SpiC.nc" name="SECCTRL1" provided="1" ref="0x40ba0dc0">
      <component-ref nicename="tos.chips.cc2420.spi.CC2420SpiC" qname="CC2420SpiC"/>
      <type-interface alignment="I:2" size="I:2"><interface-ref name="SECCTRL1" ref="0x40ba0dc0" scoped=""/></type-interface>
      <instance>
        <interfacedef-ref nicename="tos.chips.cc2420.interfaces.CC2420Register" qname="CC2420Register"/>
      </instance>
      <interface-functions>
        <function-ref name="read" ref="0x40b9f010" scoped=""/>
        <function-ref name="write" ref="0x40b9f0f0" scoped=""/>
      </interface-functions>
    </interface><interface loc="73:/home/zly/tinyos-main/tos/chips/cc2420/spi/CC2420SpiC.nc" name="BATTMON" provided="1" ref="0x40b9f348">
      <component-ref nicename="tos.chips.cc2420.spi.CC2420SpiC" qname="CC2420SpiC"/>
      <type-interface alignment="I:2" size="I:2"><interface-ref name="BATTMON" ref="0x40b9f348" scoped=""/></type-interface>
      <instance>
        <interfacedef-ref nicename="tos.chips.cc2420.interfaces.CC2420Register" qname="CC2420Register"/>
      </instance>
      <interface-functions>
        <function-ref name="read" ref="0x40b9f520" scoped=""/>
        <function-ref name="write" ref="0x40b9f600" scoped=""/>
      </interface-functions>
    </interface><interface loc="94:/home/zly/tinyos-main/tos/chips/cc2420/spi/CC2420SpiC.nc" name="RXNONCE" provided="1" ref="0x40b984f0">
      <component-ref nicename="tos.chips.cc2420.spi.CC2420SpiC" qname="CC2420SpiC"/>
      <type-interface alignment="I:2" size="I:2"><interface-ref name="RXNONCE" ref="0x40b984f0" scoped=""/></type-interface>
      <instance>
        <interfacedef-ref nicename="tos.chips.cc2420.interfaces.CC2420Ram" qname="CC2420Ram"/>
      </instance>
      <interface-functions>
        <function-ref name="read" ref="0x40b986c8" scoped=""/>
        <function-ref name="write" ref="0x40b987a8" scoped=""/>
      </interface-functions>
    </interface><interface loc="90:/home/zly/tinyos-main/tos/chips/cc2420/spi/CC2420SpiC.nc" name="KEY0" provided="1" ref="0x40b99140">
      <component-ref nicename="tos.chips.cc2420.spi.CC2420SpiC" qname="CC2420SpiC"/>
      <type-interface alignment="I:2" size="I:2"><interface-ref name="KEY0" ref="0x40b99140" scoped=""/></type-interface>
      <instance>
        <interfacedef-ref nicename="tos.chips.cc2420.interfaces.CC2420Ram" qname="CC2420Ram"/>
      </instance>
      <interface-functions>
        <function-ref name="read" ref="0x40b99318" scoped=""/>
        <function-ref name="write" ref="0x40b993f8" scoped=""/>
      </interface-functions>
    </interface><interface loc="50:/home/zly/tinyos-main/tos/chips/cc2420/spi/CC2420SpiC.nc" name="STXONCCA" provided="1" ref="0x40b7fdc0">
      <component-ref nicename="tos.chips.cc2420.spi.CC2420SpiC" qname="CC2420SpiC"/>
      <type-interface alignment="I:2" size="I:2"><interface-ref name="STXONCCA" ref="0x40b7fdc0" scoped=""/></type-interface>
      <instance>
        <interfacedef-ref nicename="tos.chips.cc2420.interfaces.CC2420Strobe" qname="CC2420Strobe"/>
      </instance>
      <interface-functions>
        <function-ref name="strobe" ref="0x40ba6010" scoped=""/>
      </interface-functions>
    </interface><interface loc="88:/home/zly/tinyos-main/tos/chips/cc2420/spi/CC2420SpiC.nc" name="TXFIFO_RAM" provided="1" ref="0x40b9a748">
      <component-ref nicename="tos.chips.cc2420.spi.CC2420SpiC" qname="CC2420SpiC"/>
      <type-interface alignment="I:2" size="I:2"><interface-ref name="TXFIFO_RAM" ref="0x40b9a748" scoped=""/></type-interface>
      <instance>
        <interfacedef-ref nicename="tos.chips.cc2420.interfaces.CC2420Ram" qname="CC2420Ram"/>
      </instance>
      <interface-functions>
        <function-ref name="read" ref="0x40b9a920" scoped=""/>
        <function-ref name="write" ref="0x40b9aa00" scoped=""/>
      </interface-functions>
    </interface><interface loc="65:/home/zly/tinyos-main/tos/chips/cc2420/spi/CC2420SpiC.nc" name="RSSI" provided="1" ref="0x40ba2850">
      <component-ref nicename="tos.chips.cc2420.spi.CC2420SpiC" qname="CC2420SpiC"/>
      <type-interface alignment="I:2" size="I:2"><interface-ref name="RSSI" ref="0x40ba2850" scoped=""/></type-interface>
      <instance>
        <interfacedef-ref nicename="tos.chips.cc2420.interfaces.CC2420Register" qname="CC2420Register"/>
      </instance>
      <interface-functions>
        <function-ref name="read" ref="0x40ba2a28" scoped=""/>
        <function-ref name="write" ref="0x40ba2b08" scoped=""/>
      </interface-functions>
    </interface><interface loc="67:/home/zly/tinyos-main/tos/chips/cc2420/spi/CC2420SpiC.nc" name="TXCTRL" provided="1" ref="0x40ba1340">
      <component-ref nicename="tos.chips.cc2420.spi.CC2420SpiC" qname="CC2420SpiC"/>
      <type-interface alignment="I:2" size="I:2"><interface-ref name="TXCTRL" ref="0x40ba1340" scoped=""/></type-interface>
      <instance>
        <interfacedef-ref nicename="tos.chips.cc2420.interfaces.CC2420Register" qname="CC2420Register"/>
      </instance>
      <interface-functions>
        <function-ref name="read" ref="0x40ba1518" scoped=""/>
        <function-ref name="write" ref="0x40ba15f8" scoped=""/>
      </interface-functions>
    </interface><interface loc="79:/home/zly/tinyos-main/tos/chips/cc2420/spi/CC2420SpiC.nc" name="MANAND" provided="1" ref="0x40b9c340">
      <component-ref nicename="tos.chips.cc2420.spi.CC2420SpiC" qname="CC2420SpiC"/>
      <type-interface alignment="I:2" size="I:2"><interface-ref name="MANAND" ref="0x40b9c340" scoped=""/></type-interface>
      <instance>
        <interfacedef-ref nicename="tos.chips.cc2420.interfaces.CC2420Register" qname="CC2420Register"/>
      </instance>
      <interface-functions>
        <function-ref name="read" ref="0x40b9c518" scoped=""/>
        <function-ref name="write" ref="0x40b9c5f8" scoped=""/>
      </interface-functions>
    </interface><interface loc="74:/home/zly/tinyos-main/tos/chips/cc2420/spi/CC2420SpiC.nc" name="IOCFG0" provided="1" ref="0x40b9f850">
      <component-ref nicename="tos.chips.cc2420.spi.CC2420SpiC" qname="CC2420SpiC"/>
      <type-interface alignment="I:2" size="I:2"><interface-ref name="IOCFG0" ref="0x40b9f850" scoped=""/></type-interface>
      <instance>
        <interfacedef-ref nicename="tos.chips.cc2420.interfaces.CC2420Register" qname="CC2420Register"/>
      </instance>
      <interface-functions>
        <function-ref name="read" ref="0x40b9fa28" scoped=""/>
        <function-ref name="write" ref="0x40b9fb08" scoped=""/>
      </interface-functions>
    </interface><interface loc="42:/home/zly/tinyos-main/tos/chips/cc2420/spi/CC2420SpiC.nc" name="ChipSpiResource" provided="1" ref="0x40ba5338">
      <component-ref nicename="tos.chips.cc2420.spi.CC2420SpiC" qname="CC2420SpiC"/>
      <type-interface alignment="I:2" size="I:2"><interface-ref name="ChipSpiResource" ref="0x40ba5338" scoped=""/></type-interface>
      <instance>
        <interfacedef-ref nicename="tos.chips.cc2420.interfaces.ChipSpiResource" qname="ChipSpiResource"/>
      </instance>
      <interface-functions>
        <function-ref name="releasing" ref="0x40ba5510" scoped=""/>
        <function-ref name="abortRelease" ref="0x40ba55f0" scoped=""/>
        <function-ref name="attemptRelease" ref="0x40ba56d0" scoped=""/>
      </interface-functions>
    </interface><interface loc="54:/home/zly/tinyos-main/tos/chips/cc2420/spi/CC2420SpiC.nc" name="SFLUSHTX" provided="1" ref="0x40ba6ee0">
      <component-ref nicename="tos.chips.cc2420.spi.CC2420SpiC" qname="CC2420SpiC"/>
      <type-interface alignment="I:2" size="I:2"><interface-ref name="SFLUSHTX" ref="0x40ba6ee0" scoped=""/></type-interface>
      <instance>
        <interfacedef-ref nicename="tos.chips.cc2420.interfaces.CC2420Strobe" qname="CC2420Strobe"/>
      </instance>
      <interface-functions>
        <function-ref name="strobe" ref="0x40ba40e0" scoped=""/>
      </interface-functions>
    </interface><interface loc="55:/home/zly/tinyos-main/tos/chips/cc2420/spi/CC2420SpiC.nc" name="SACK" provided="1" ref="0x40ba4310">
      <component-ref nicename="tos.chips.cc2420.spi.CC2420SpiC" qname="CC2420SpiC"/>
      <type-interface alignment="I:2" size="I:2"><interface-ref name="SACK" ref="0x40ba4310" scoped=""/></type-interface>
      <instance>
        <interfacedef-ref nicename="tos.chips.cc2420.interfaces.CC2420Strobe" qname="CC2420Strobe"/>
      </instance>
      <interface-functions>
        <function-ref name="strobe" ref="0x40ba4568" scoped=""/>
      </interface-functions>
    </interface><interface loc="56:/home/zly/tinyos-main/tos/chips/cc2420/spi/CC2420SpiC.nc" name="SACKPEND" provided="1" ref="0x40ba47c0">
      <component-ref nicename="tos.chips.cc2420.spi.CC2420SpiC" qname="CC2420SpiC"/>
      <type-interface alignment="I:2" size="I:2"><interface-ref name="SACKPEND" ref="0x40ba47c0" scoped=""/></type-interface>
      <instance>
        <interfacedef-ref nicename="tos.chips.cc2420.interfaces.CC2420Strobe" qname="CC2420Strobe"/>
      </instance>
      <interface-functions>
        <function-ref name="strobe" ref="0x40ba4998" scoped=""/>
      </interface-functions>
    </interface><interface loc="89:/home/zly/tinyos-main/tos/chips/cc2420/spi/CC2420SpiC.nc" name="RXFIFO_RAM" provided="1" ref="0x40b9ac48">
      <component-ref nicename="tos.chips.cc2420.spi.CC2420SpiC" qname="CC2420SpiC"/>
      <type-interface alignment="I:2" size="I:2"><interface-ref name="RXFIFO_RAM" ref="0x40b9ac48" scoped=""/></type-interface>
      <instance>
        <interfacedef-ref nicename="tos.chips.cc2420.interfaces.CC2420Ram" qname="CC2420Ram"/>
      </instance>
      <interface-functions>
        <function-ref name="read" ref="0x40b9ae20" scoped=""/>
        <function-ref name="write" ref="0x40b9af00" scoped=""/>
      </interface-functions>
    </interface><interface loc="52:/home/zly/tinyos-main/tos/chips/cc2420/spi/CC2420SpiC.nc" name="SXOSCOFF" provided="1" ref="0x40ba6680">
      <component-ref nicename="tos.chips.cc2420.spi.CC2420SpiC" qname="CC2420SpiC"/>
      <type-interface alignment="I:2" size="I:2"><interface-ref name="SXOSCOFF" ref="0x40ba6680" scoped=""/></type-interface>
      <instance>
        <interfacedef-ref nicename="tos.chips.cc2420.interfaces.CC2420Strobe" qname="CC2420Strobe"/>
      </instance>
      <interface-functions>
        <function-ref name="strobe" ref="0x40ba6858" scoped=""/>
      </interface-functions>
    </interface><interface loc="66:/home/zly/tinyos-main/tos/chips/cc2420/spi/CC2420SpiC.nc" name="SYNCWORD" provided="1" ref="0x40ba2d70">
      <component-ref nicename="tos.chips.cc2420.spi.CC2420SpiC" qname="CC2420SpiC"/>
      <type-interface alignment="I:2" size="I:2"><interface-ref name="SYNCWORD" ref="0x40ba2d70" scoped=""/></type-interface>
      <instance>
        <interfacedef-ref nicename="tos.chips.cc2420.interfaces.CC2420Register" qname="CC2420Register"/>
      </instance>
      <interface-functions>
        <function-ref name="read" ref="0x40ba1010" scoped=""/>
        <function-ref name="write" ref="0x40ba10f0" scoped=""/>
      </interface-functions>
    </interface><interface loc="64:/home/zly/tinyos-main/tos/chips/cc2420/spi/CC2420SpiC.nc" name="MDMCTRL1" provided="1" ref="0x40ba2358">
      <component-ref nicename="tos.chips.cc2420.spi.CC2420SpiC" qname="CC2420SpiC"/>
      <type-interface alignment="I:2" size="I:2"><interface-ref name="MDMCTRL1" ref="0x40ba2358" scoped=""/></type-interface>
      <instance>
        <interfacedef-ref nicename="tos.chips.cc2420.interfaces.CC2420Register" qname="CC2420Register"/>
      </instance>
      <interface-functions>
        <function-ref name="read" ref="0x40ba2530" scoped=""/>
        <function-ref name="write" ref="0x40ba2610" scoped=""/>
      </interface-functions>
    </interface><interface loc="46:/home/zly/tinyos-main/tos/chips/cc2420/spi/CC2420SpiC.nc" name="SXOSCON" provided="1" ref="0x40ba5d30">
      <component-ref nicename="tos.chips.cc2420.spi.CC2420SpiC" qname="CC2420SpiC"/>
      <type-interface alignment="I:2" size="I:2"><interface-ref name="SXOSCON" ref="0x40ba5d30" scoped=""/></type-interface>
      <instance>
        <interfacedef-ref nicename="tos.chips.cc2420.interfaces.CC2420Strobe" qname="CC2420Strobe"/>
      </instance>
      <interface-functions>
        <function-ref name="strobe" ref="0x40ba5f08" scoped=""/>
      </interface-functions>
    </interface><interface loc="93:/home/zly/tinyos-main/tos/chips/cc2420/spi/CC2420SpiC.nc" name="TXNONCE" provided="1" ref="0x40b98010">
      <component-ref nicename="tos.chips.cc2420.spi.CC2420SpiC" qname="CC2420SpiC"/>
      <type-interface alignment="I:2" size="I:2"><interface-ref name="TXNONCE" ref="0x40b98010" scoped=""/></type-interface>
      <instance>
        <interfacedef-ref nicename="tos.chips.cc2420.interfaces.CC2420Ram" qname="CC2420Ram"/>
      </instance>
      <interface-functions>
        <function-ref name="read" ref="0x40b981e8" scoped=""/>
        <function-ref name="write" ref="0x40b982c8" scoped=""/>
      </interface-functions>
    </interface><interface loc="91:/home/zly/tinyos-main/tos/chips/cc2420/spi/CC2420SpiC.nc" name="KEY1" provided="1" ref="0x40b99608">
      <component-ref nicename="tos.chips.cc2420.spi.CC2420SpiC" qname="CC2420SpiC"/>
      <type-interface alignment="I:2" size="I:2"><interface-ref name="KEY1" ref="0x40b99608" scoped=""/></type-interface>
      <instance>
        <interfacedef-ref nicename="tos.chips.cc2420.interfaces.CC2420Ram" qname="CC2420Ram"/>
      </instance>
      <interface-functions>
        <function-ref name="read" ref="0x40b997e0" scoped=""/>
        <function-ref name="write" ref="0x40b998c0" scoped=""/>
      </interface-functions>
    </interface><interface loc="80:/home/zly/tinyos-main/tos/chips/cc2420/spi/CC2420SpiC.nc" name="MANOR" provided="1" ref="0x40b9c840">
      <component-ref nicename="tos.chips.cc2420.spi.CC2420SpiC" qname="CC2420SpiC"/>
      <type-interface alignment="I:2" size="I:2"><interface-ref name="MANOR" ref="0x40b9c840" scoped=""/></type-interface>
      <instance>
        <interfacedef-ref nicename="tos.chips.cc2420.interfaces.CC2420Register" qname="CC2420Register"/>
      </instance>
      <interface-functions>
        <function-ref name="read" ref="0x40b9ca18" scoped=""/>
        <function-ref name="write" ref="0x40b9caf8" scoped=""/>
      </interface-functions>
    </interface><interface loc="87:/home/zly/tinyos-main/tos/chips/cc2420/spi/CC2420SpiC.nc" name="SHORTADR" provided="1" ref="0x40b9a248">
      <component-ref nicename="tos.chips.cc2420.spi.CC2420SpiC" qname="CC2420SpiC"/>
      <type-interface alignment="I:2" size="I:2"><interface-ref name="SHORTADR" ref="0x40b9a248" scoped=""/></type-interface>
      <instance>
        <interfacedef-ref nicename="tos.chips.cc2420.interfaces.CC2420Ram" qname="CC2420Ram"/>
      </instance>
      <interface-functions>
        <function-ref name="read" ref="0x40b9a420" scoped=""/>
        <function-ref name="write" ref="0x40b9a500" scoped=""/>
      </interface-functions>
    </interface><interface loc="76:/home/zly/tinyos-main/tos/chips/cc2420/spi/CC2420SpiC.nc" name="MANFIDL" provided="1" ref="0x40b9d348">
      <component-ref nicename="tos.chips.cc2420.spi.CC2420SpiC" qname="CC2420SpiC"/>
      <type-interface alignment="I:2" size="I:2"><interface-ref name="MANFIDL" ref="0x40b9d348" scoped=""/></type-interface>
      <instance>
        <interfacedef-ref nicename="tos.chips.cc2420.interfaces.CC2420Register" qname="CC2420Register"/>
      </instance>
      <interface-functions>
        <function-ref name="read" ref="0x40b9d520" scoped=""/>
        <function-ref name="write" ref="0x40b9d600" scoped=""/>
      </interface-functions>
    </interface><interface loc="97:/home/zly/tinyos-main/tos/chips/cc2420/spi/CC2420SpiC.nc" name="RXFIFO" provided="1" ref="0x40bb9da8">
      <component-ref nicename="tos.chips.cc2420.spi.CC2420SpiC" qname="CC2420SpiC"/>
      <type-interface alignment="I:2" size="I:2"><interface-ref name="RXFIFO" ref="0x40bb9da8" scoped=""/></type-interface>
      <instance>
        <interfacedef-ref nicename="tos.chips.cc2420.interfaces.CC2420Fifo" qname="CC2420Fifo"/>
      </instance>
      <interface-functions>
        <function-ref name="continueRead" ref="0x40b97308" scoped=""/>
        <function-ref name="writeDone" ref="0x40b973e8" scoped=""/>
        <function-ref name="write" ref="0x40b974c8" scoped=""/>
        <function-ref name="beginRead" ref="0x40b975a8" scoped=""/>
        <function-ref name="readDone" ref="0x40b97688" scoped=""/>
      </interface-functions>
    </interface><interface loc="45:/home/zly/tinyos-main/tos/chips/cc2420/spi/CC2420SpiC.nc" name="SNOP" provided="1" ref="0x40ba5910">
      <component-ref nicename="tos.chips.cc2420.spi.CC2420SpiC" qname="CC2420SpiC"/>
      <type-interface alignment="I:2" size="I:2"><interface-ref name="SNOP" ref="0x40ba5910" scoped=""/></type-interface>
      <instance>
        <interfacedef-ref nicename="tos.chips.cc2420.interfaces.CC2420Strobe" qname="CC2420Strobe"/>
      </instance>
      <interface-functions>
        <function-ref name="strobe" ref="0x40ba5ae8" scoped=""/>
      </interface-functions>
    </interface><interface loc="62:/home/zly/tinyos-main/tos/chips/cc2420/spi/CC2420SpiC.nc" name="MAIN" provided="1" ref="0x40ba3840">
      <component-ref nicename="tos.chips.cc2420.spi.CC2420SpiC" qname="CC2420SpiC"/>
      <type-interface alignment="I:2" size="I:2"><interface-ref name="MAIN" ref="0x40ba3840" scoped=""/></type-interface>
      <instance>
        <interfacedef-ref nicename="tos.chips.cc2420.interfaces.CC2420Register" qname="CC2420Register"/>
      </instance>
      <interface-functions>
        <function-ref name="read" ref="0x40ba3a18" scoped=""/>
        <function-ref name="write" ref="0x40ba3af8" scoped=""/>
      </interface-functions>
    </interface><interface loc="68:/home/zly/tinyos-main/tos/chips/cc2420/spi/CC2420SpiC.nc" name="RXCTRL0" provided="1" ref="0x40ba1850">
      <component-ref nicename="tos.chips.cc2420.spi.CC2420SpiC" qname="CC2420SpiC"/>
      <type-interface alignment="I:2" size="I:2"><interface-ref name="RXCTRL0" ref="0x40ba1850" scoped=""/></type-interface>
      <instance>
        <interfacedef-ref nicename="tos.chips.cc2420.interfaces.CC2420Register" qname="CC2420Register"/>
      </instance>
      <interface-functions>
        <function-ref name="read" ref="0x40ba1a28" scoped=""/>
        <function-ref name="write" ref="0x40ba1b08" scoped=""/>
      </interface-functions>
    </interface><interface loc="75:/home/zly/tinyos-main/tos/chips/cc2420/spi/CC2420SpiC.nc" name="IOCFG1" provided="1" ref="0x40b9fd58">
      <component-ref nicename="tos.chips.cc2420.spi.CC2420SpiC" qname="CC2420SpiC"/>
      <type-interface alignment="I:2" size="I:2"><interface-ref name="IOCFG1" ref="0x40b9fd58" scoped=""/></type-interface>
      <instance>
        <interfacedef-ref nicename="tos.chips.cc2420.interfaces.CC2420Register" qname="CC2420Register"/>
      </instance>
      <interface-functions>
        <function-ref name="read" ref="0x40b9d010" scoped=""/>
        <function-ref name="write" ref="0x40b9d0f0" scoped=""/>
      </interface-functions>
    </interface><interface loc="70:/home/zly/tinyos-main/tos/chips/cc2420/spi/CC2420SpiC.nc" name="FSCTRL" provided="1" ref="0x40ba0380">
      <component-ref nicename="tos.chips.cc2420.spi.CC2420SpiC" qname="CC2420SpiC"/>
      <type-interface alignment="I:2" size="I:2"><interface-ref name="FSCTRL" ref="0x40ba0380" scoped=""/></type-interface>
      <instance>
        <interfacedef-ref nicename="tos.chips.cc2420.interfaces.CC2420Register" qname="CC2420Register"/>
      </instance>
      <interface-functions>
        <function-ref name="read" ref="0x40ba0558" scoped=""/>
        <function-ref name="write" ref="0x40ba0638" scoped=""/>
      </interface-functions>
    </interface><interface loc="48:/home/zly/tinyos-main/tos/chips/cc2420/spi/CC2420SpiC.nc" name="SRXON" provided="1" ref="0x40b7f580">
      <component-ref nicename="tos.chips.cc2420.spi.CC2420SpiC" qname="CC2420SpiC"/>
      <type-interface alignment="I:2" size="I:2"><interface-ref name="SRXON" ref="0x40b7f580" scoped=""/></type-interface>
      <instance>
        <interfacedef-ref nicename="tos.chips.cc2420.interfaces.CC2420Strobe" qname="CC2420Strobe"/>
      </instance>
      <interface-functions>
        <function-ref name="strobe" ref="0x40b7f758" scoped=""/>
      </interface-functions>
    </interface><interface loc="71:/home/zly/tinyos-main/tos/chips/cc2420/spi/CC2420SpiC.nc" name="SECCTRL0" provided="1" ref="0x40ba08a0">
      <component-ref nicename="tos.chips.cc2420.spi.CC2420SpiC" qname="CC2420SpiC"/>
      <type-interface alignment="I:2" size="I:2"><interface-ref name="SECCTRL0" ref="0x40ba08a0" scoped=""/></type-interface>
      <instance>
        <interfacedef-ref nicename="tos.chips.cc2420.interfaces.CC2420Register" qname="CC2420Register"/>
      </instance>
      <interface-functions>
        <function-ref name="read" ref="0x40ba0a78" scoped=""/>
        <function-ref name="write" ref="0x40ba0b58" scoped=""/>
      </interface-functions>
    </interface><interface loc="41:/home/zly/tinyos-main/tos/chips/cc2420/spi/CC2420SpiC.nc" name="Resource" provided="1" ref="0x40b83750">
      <component-ref nicename="tos.chips.cc2420.spi.CC2420SpiC" qname="CC2420SpiC"/>
      <type-interface alignment="I:2" size="I:2"><interface-ref name="Resource" ref="0x40b83750" scoped=""/></type-interface>
      <instance>
        <interfacedef-ref nicename="tos.interfaces.Resource" qname="Resource"/>
      </instance>
      <interface-functions>
        <function-ref name="release" ref="0x40b83928" scoped=""/>
        <function-ref name="immediateRequest" ref="0x40b83a08" scoped=""/>
        <function-ref name="request" ref="0x40b83ae8" scoped=""/>
        <function-ref name="granted" ref="0x40b83bc8" scoped=""/>
        <function-ref name="isOwner" ref="0x40b83ca8" scoped=""/>
      </interface-functions>
    </interface><interface loc="57:/home/zly/tinyos-main/tos/chips/cc2420/spi/CC2420SpiC.nc" name="SRXDEC" provided="1" ref="0x40ba4bd8">
      <component-ref nicename="tos.chips.cc2420.spi.CC2420SpiC" qname="CC2420SpiC"/>
      <type-interface alignment="I:2" size="I:2"><interface-ref name="SRXDEC" ref="0x40ba4bd8" scoped=""/></type-interface>
      <instance>
        <interfacedef-ref nicename="tos.chips.cc2420.interfaces.CC2420Strobe" qname="CC2420Strobe"/>
      </instance>
      <interface-functions>
        <function-ref name="strobe" ref="0x40ba4db0" scoped=""/>
      </interface-functions>
    </interface><interface loc="59:/home/zly/tinyos-main/tos/chips/cc2420/spi/CC2420SpiC.nc" name="SAES" provided="1" ref="0x40ba3418">
      <component-ref nicename="tos.chips.cc2420.spi.CC2420SpiC" qname="CC2420SpiC"/>
      <type-interface alignment="I:2" size="I:2"><interface-ref name="SAES" ref="0x40ba3418" scoped=""/></type-interface>
      <instance>
        <interfacedef-ref nicename="tos.chips.cc2420.interfaces.CC2420Strobe" qname="CC2420Strobe"/>
      </instance>
      <interface-functions>
        <function-ref name="strobe" ref="0x40ba35f0" scoped=""/>
      </interface-functions>
    </interface><interface loc="86:/home/zly/tinyos-main/tos/chips/cc2420/spi/CC2420SpiC.nc" name="PANID" provided="1" ref="0x40b9bc80">
      <component-ref nicename="tos.chips.cc2420.spi.CC2420SpiC" qname="CC2420SpiC"/>
      <type-interface alignment="I:2" size="I:2"><interface-ref name="PANID" ref="0x40b9bc80" scoped=""/></type-interface>
      <instance>
        <interfacedef-ref nicename="tos.chips.cc2420.interfaces.CC2420Ram" qname="CC2420Ram"/>
      </instance>
      <interface-functions>
        <function-ref name="read" ref="0x40b9be58" scoped=""/>
        <function-ref name="write" ref="0x40b9a010" scoped=""/>
      </interface-functions>
    </interface><interface loc="85:/home/zly/tinyos-main/tos/chips/cc2420/spi/CC2420SpiC.nc" name="IEEEADR" provided="1" ref="0x40b9b7b0">
      <component-ref nicename="tos.chips.cc2420.spi.CC2420SpiC" qname="CC2420SpiC"/>
      <type-interface alignment="I:2" size="I:2"><interface-ref name="IEEEADR" ref="0x40b9b7b0" scoped=""/></type-interface>
      <instance>
        <interfacedef-ref nicename="tos.chips.cc2420.interfaces.CC2420Ram" qname="CC2420Ram"/>
      </instance>
      <interface-functions>
        <function-ref name="read" ref="0x40b9b988" scoped=""/>
        <function-ref name="write" ref="0x40b9ba68" scoped=""/>
      </interface-functions>
    </interface><interface loc="53:/home/zly/tinyos-main/tos/chips/cc2420/spi/CC2420SpiC.nc" name="SFLUSHRX" provided="1" ref="0x40ba6ab0">
      <component-ref nicename="tos.chips.cc2420.spi.CC2420SpiC" qname="CC2420SpiC"/>
      <type-interface alignment="I:2" size="I:2"><interface-ref name="SFLUSHRX" ref="0x40ba6ab0" scoped=""/></type-interface>
      <instance>
        <interfacedef-ref nicename="tos.chips.cc2420.interfaces.CC2420Strobe" qname="CC2420Strobe"/>
      </instance>
      <interface-functions>
        <function-ref name="strobe" ref="0x40ba6c88" scoped=""/>
      </interface-functions>
    </interface><interface loc="82:/home/zly/tinyos-main/tos/chips/cc2420/spi/CC2420SpiC.nc" name="RXFIFO_REGISTER" provided="1" ref="0x40b9b2c0">
      <component-ref nicename="tos.chips.cc2420.spi.CC2420SpiC" qname="CC2420SpiC"/>
      <type-interface alignment="I:2" size="I:2"><interface-ref name="RXFIFO_REGISTER" ref="0x40b9b2c0" scoped=""/></type-interface>
      <instance>
        <interfacedef-ref nicename="tos.chips.cc2420.interfaces.CC2420Register" qname="CC2420Register"/>
      </instance>
      <interface-functions>
        <function-ref name="read" ref="0x40b9b498" scoped=""/>
        <function-ref name="write" ref="0x40b9b578" scoped=""/>
      </interface-functions>
    </interface><interface loc="92:/home/zly/tinyos-main/tos/chips/cc2420/spi/CC2420SpiC.nc" name="SABUF" provided="1" ref="0x40b99ad8">
      <component-ref nicename="tos.chips.cc2420.spi.CC2420SpiC" qname="CC2420SpiC"/>
      <type-interface alignment="I:2" size="I:2"><interface-ref name="SABUF" ref="0x40b99ad8" scoped=""/></type-interface>
      <instance>
        <interfacedef-ref nicename="tos.chips.cc2420.interfaces.CC2420Ram" qname="CC2420Ram"/>
      </instance>
      <interface-functions>
        <function-ref name="read" ref="0x40b99cb0" scoped=""/>
        <function-ref name="write" ref="0x40b99d90" scoped=""/>
      </interface-functions>
    </interface><interface loc="81:/home/zly/tinyos-main/tos/chips/cc2420/spi/CC2420SpiC.nc" name="AGCCTRL" provided="1" ref="0x40b9cd50">
      <component-ref nicename="tos.chips.cc2420.spi.CC2420SpiC" qname="CC2420SpiC"/>
      <type-interface alignment="I:2" size="I:2"><interface-ref name="AGCCTRL" ref="0x40b9cd50" scoped=""/></type-interface>
      <instance>
        <interfacedef-ref nicename="tos.chips.cc2420.interfaces.CC2420Register" qname="CC2420Register"/>
      </instance>
      <interface-functions>
        <function-ref name="read" ref="0x40b9cf28" scoped=""/>
        <function-ref name="write" ref="0x40b9b018" scoped=""/>
      </interface-functions>
    </interface><interface loc="49:/home/zly/tinyos-main/tos/chips/cc2420/spi/CC2420SpiC.nc" name="STXON" provided="1" ref="0x40b7f990">
      <component-ref nicename="tos.chips.cc2420.spi.CC2420SpiC" qname="CC2420SpiC"/>
      <type-interface alignment="I:2" size="I:2"><interface-ref name="STXON" ref="0x40b7f990" scoped=""/></type-interface>
      <instance>
        <interfacedef-ref nicename="tos.chips.cc2420.interfaces.CC2420Strobe" qname="CC2420Strobe"/>
      </instance>
      <interface-functions>
        <function-ref name="strobe" ref="0x40b7fb68" scoped=""/>
      </interface-functions>
    </interface><interface loc="78:/home/zly/tinyos-main/tos/chips/cc2420/spi/CC2420SpiC.nc" name="FSMTC" provided="1" ref="0x40b9dd58">
      <component-ref nicename="tos.chips.cc2420.spi.CC2420SpiC" qname="CC2420SpiC"/>
      <type-interface alignment="I:2" size="I:2"><interface-ref name="FSMTC" ref="0x40b9dd58" scoped=""/></type-interface>
      <instance>
        <interfacedef-ref nicename="tos.chips.cc2420.interfaces.CC2420Register" qname="CC2420Register"/>
      </instance>
      <interface-functions>
        <function-ref name="read" ref="0x40b9c010" scoped=""/>
        <function-ref name="write" ref="0x40b9c0f0" scoped=""/>
      </interface-functions>
    </interface><interface loc="51:/home/zly/tinyos-main/tos/chips/cc2420/spi/CC2420SpiC.nc" name="SRFOFF" provided="1" ref="0x40ba6250">
      <component-ref nicename="tos.chips.cc2420.spi.CC2420SpiC" qname="CC2420SpiC"/>
      <type-interface alignment="I:2" size="I:2"><interface-ref name="SRFOFF" ref="0x40ba6250" scoped=""/></type-interface>
      <instance>
        <interfacedef-ref nicename="tos.chips.cc2420.interfaces.CC2420Strobe" qname="CC2420Strobe"/>
      </instance>
      <interface-functions>
        <function-ref name="strobe" ref="0x40ba6428" scoped=""/>
      </interface-functions>
    </interface><interface loc="77:/home/zly/tinyos-main/tos/chips/cc2420/spi/CC2420SpiC.nc" name="MANFIDH" provided="1" ref="0x40b9d858">
      <component-ref nicename="tos.chips.cc2420.spi.CC2420SpiC" qname="CC2420SpiC"/>
      <type-interface alignment="I:2" size="I:2"><interface-ref name="MANFIDH" ref="0x40b9d858" scoped=""/></type-interface>
      <instance>
        <interfacedef-ref nicename="tos.chips.cc2420.interfaces.CC2420Register" qname="CC2420Register"/>
      </instance>
      <interface-functions>
        <function-ref name="read" ref="0x40b9da30" scoped=""/>
        <function-ref name="write" ref="0x40b9db10" scoped=""/>
      </interface-functions>
    </interface><interface loc="58:/home/zly/tinyos-main/tos/chips/cc2420/spi/CC2420SpiC.nc" name="STXENC" provided="1" ref="0x40ba3010">
      <component-ref nicename="tos.chips.cc2420.spi.CC2420SpiC" qname="CC2420SpiC"/>
      <type-interface alignment="I:2" size="I:2"><interface-ref name="STXENC" ref="0x40ba3010" scoped=""/></type-interface>
      <instance>
        <interfacedef-ref nicename="tos.chips.cc2420.interfaces.CC2420Strobe" qname="CC2420Strobe"/>
      </instance>
      <interface-functions>
        <function-ref name="strobe" ref="0x40ba31e8" scoped=""/>
      </interface-functions>
    </interface><interface loc="98:/home/zly/tinyos-main/tos/chips/cc2420/spi/CC2420SpiC.nc" name="TXFIFO" provided="1" ref="0x40b978b0">
      <component-ref nicename="tos.chips.cc2420.spi.CC2420SpiC" qname="CC2420SpiC"/>
      <type-interface alignment="I:2" size="I:2"><interface-ref name="TXFIFO" ref="0x40b978b0" scoped=""/></type-interface>
      <instance>
        <interfacedef-ref nicename="tos.chips.cc2420.interfaces.CC2420Fifo" qname="CC2420Fifo"/>
      </instance>
      <interface-functions>
        <function-ref name="continueRead" ref="0x40b97a88" scoped=""/>
        <function-ref name="writeDone" ref="0x40b97b68" scoped=""/>
        <function-ref name="write" ref="0x40b97c48" scoped=""/>
        <function-ref name="beginRead" ref="0x40b97d28" scoped=""/>
        <function-ref name="readDone" ref="0x40b97e08" scoped=""/>
      </interface-functions>
    </interface></specification><referenced><interface loc="40:/home/zly/tinyos-main/tos/chips/cc2420/spi/CC2420SpiWireC.nc" name="ChipSpiResource" provided="1" ref="0x40bb6850">
      <component-ref nicename="tos.chips.cc2420.spi.CC2420SpiWireC" qname="CC2420SpiWireC"/>
      <type-interface alignment="I:2" size="I:2"><interface-ref name="ChipSpiResource" ref="0x40bb6850" scoped=""/></type-interface>
      <instance>
        <interfacedef-ref nicename="tos.chips.cc2420.interfaces.ChipSpiResource" qname="ChipSpiResource"/>
      </instance>
      <interface-functions>
        <function-ref name="releasing" ref="0x40bb6a28" scoped=""/>
        <function-ref name="abortRelease" ref="0x40bb6b08" scoped=""/>
        <function-ref name="attemptRelease" ref="0x40bb6be8" scoped=""/>
      </interface-functions>
    </interface><interface loc="43:/home/zly/tinyos-main/tos/chips/cc2420/spi/CC2420SpiWireC.nc" name="Reg" provided="1" ref="0x40bb3330">
      <component-ref nicename="tos.chips.cc2420.spi.CC2420SpiWireC" qname="CC2420SpiWireC"/>
      <type-interface alignment="I:2" size="I:2"><interface-ref name="Reg" ref="0x40bb3330" scoped=""/></type-interface>
      <instance>
        <interfacedef-ref nicename="tos.chips.cc2420.interfaces.CC2420Register" qname="CC2420Register"/>
      </instance>
      <interface-parameters>
        <type-int alignment="I:1" cname="unsigned char" size="I:1" unsigned="">
          <typename><typedef-ref name="uint8_t" ref="0x40212dc8"/></typename>
        </type-int>
      </interface-parameters>
      <interface-functions>
        <function-ref name="read" ref="0x40bb3508" scoped=""/>
        <function-ref name="write" ref="0x40bb35e8" scoped=""/>
      </interface-functions>
    </interface><interface loc="39:/home/zly/tinyos-main/tos/chips/cc2420/spi/CC2420SpiWireC.nc" name="Resource" provided="1" ref="0x40bb6100">
      <component-ref nicename="tos.chips.cc2420.spi.CC2420SpiWireC" qname="CC2420SpiWireC"/>
      <type-interface alignment="I:2" size="I:2"><interface-ref name="Resource" ref="0x40bb6100" scoped=""/></type-interface>
      <instance>
        <interfacedef-ref nicename="tos.interfaces.Resource" qname="Resource"/>
      </instance>
      <interface-parameters>
        <type-int alignment="I:1" cname="unsigned char" size="I:1" unsigned="">
          <typename><typedef-ref name="uint8_t" ref="0x40212dc8"/></typename>
        </type-int>
      </interface-parameters>
      <interface-functions>
        <function-ref name="release" ref="0x40bb62d8" scoped=""/>
        <function-ref name="immediateRequest" ref="0x40bb63b8" scoped=""/>
        <function-ref name="request" ref="0x40bb6498" scoped=""/>
        <function-ref name="granted" ref="0x40bb6578" scoped=""/>
        <function-ref name="isOwner" ref="0x40bb6658" scoped=""/>
      </interface-functions>
    </interface><interface loc="42:/home/zly/tinyos-main/tos/chips/cc2420/spi/CC2420SpiWireC.nc" name="Ram" provided="1" ref="0x40bb5b48">
      <component-ref nicename="tos.chips.cc2420.spi.CC2420SpiWireC" qname="CC2420SpiWireC"/>
      <type-interface alignment="I:2" size="I:2"><interface-ref name="Ram" ref="0x40bb5b48" scoped=""/></type-interface>
      <instance>
        <interfacedef-ref nicename="tos.chips.cc2420.interfaces.CC2420Ram" qname="CC2420Ram"/>
      </instance>
      <interface-parameters>
        <type-int alignment="I:2" cname="unsigned int" size="I:2" unsigned="">
          <typename><typedef-ref name="uint16_t" ref="0x40213010"/></typename>
        </type-int>
      </interface-parameters>
      <interface-functions>
        <function-ref name="read" ref="0x40bb5d20" scoped=""/>
        <function-ref name="write" ref="0x40bb5e00" scoped=""/>
      </interface-functions>
    </interface><interface loc="44:/home/zly/tinyos-main/tos/chips/cc2420/spi/CC2420SpiWireC.nc" name="Strobe" provided="1" ref="0x40bb3b08">
      <component-ref nicename="tos.chips.cc2420.spi.CC2420SpiWireC" qname="CC2420SpiWireC"/>
      <type-interface alignment="I:2" size="I:2"><interface-ref name="Strobe" ref="0x40bb3b08" scoped=""/></type-interface>
      <instance>
        <interfacedef-ref nicename="tos.chips.cc2420.interfaces.CC2420Strobe" qname="CC2420Strobe"/>
      </instance>
      <interface-parameters>
        <type-int alignment="I:1" cname="unsigned char" size="I:1" unsigned="">
          <typename><typedef-ref name="uint8_t" ref="0x40212dc8"/></typename>
        </type-int>
      </interface-parameters>
      <interface-functions>
        <function-ref name="strobe" ref="0x40bb3ce0" scoped=""/>
      </interface-functions>
    </interface><interface loc="41:/home/zly/tinyos-main/tos/chips/cc2420/spi/CC2420SpiWireC.nc" name="Fifo" provided="1" ref="0x40bb5100">
      <component-ref nicename="tos.chips.cc2420.spi.CC2420SpiWireC" qname="CC2420SpiWireC"/>
      <type-interface alignment="I:2" size="I:2"><interface-ref name="Fifo" ref="0x40bb5100" scoped=""/></type-interface>
      <instance>
        <interfacedef-ref nicename="tos.chips.cc2420.interfaces.CC2420Fifo" qname="CC2420Fifo"/>
      </instance>
      <interface-parameters>
        <type-int alignment="I:1" cname="unsigned char" size="I:1" unsigned="">
          <typename><typedef-ref name="uint8_t" ref="0x40212dc8"/></typename>
        </type-int>
      </interface-parameters>
      <interface-functions>
        <function-ref name="continueRead" ref="0x40bb52d8" scoped=""/>
        <function-ref name="writeDone" ref="0x40bb53b8" scoped=""/>
        <function-ref name="write" ref="0x40bb5498" scoped=""/>
        <function-ref name="beginRead" ref="0x40bb5578" scoped=""/>
        <function-ref name="readDone" ref="0x40bb5658" scoped=""/>
      </interface-functions>
    </interface><component loc="37:/home/zly/tinyos-main/tos/chips/cc2420/spi/CC2420SpiWireC.nc" nicename="tos.chips.cc2420.spi.CC2420SpiWireC" qname="CC2420SpiWireC">
      <documentation loc="32:/home/zly/tinyos-main/tos/chips/cc2420/spi/CC2420SpiWireC.nc">
        <short>
 </short>
        <long>
 @author Jonathan Hui &lt;jhui@archrock.com&gt;
 @version $Revision: 1.1 $ $Date: 2007-07-04 00:37:16 $
</long>
      </documentation>
      <configuration/>
      <wiring>
        <wire loc="52:/home/zly/tinyos-main/tos/chips/cc2420/spi/CC2420SpiWireC.nc">
          <from><interface-ref name="Fifo" ref="0x40bb5100" scoped=""/></from>
          <to><interface-ref name="Fifo" ref="0x40baf918" scoped=""/></to>
        </wire>
        <wire loc="56:/home/zly/tinyos-main/tos/chips/cc2420/spi/CC2420SpiWireC.nc">
          <from><interface-ref name="ChipSpiResource" ref="0x40bb6850" scoped=""/></from>
          <to><interface-ref name="ChipSpiResource" ref="0x40bb2698" scoped=""/></to>
        </wire>
        <wire loc="53:/home/zly/tinyos-main/tos/chips/cc2420/spi/CC2420SpiWireC.nc">
          <from><interface-ref name="Ram" ref="0x40bb5b48" scoped=""/></from>
          <to><interface-ref name="Ram" ref="0x40bae370" scoped=""/></to>
        </wire>
        <wire loc="54:/home/zly/tinyos-main/tos/chips/cc2420/spi/CC2420SpiWireC.nc">
          <from><interface-ref name="Reg" ref="0x40bb3330" scoped=""/></from>
          <to><interface-ref name="Reg" ref="0x40baeb18" scoped=""/></to>
        </wire>
        <wire loc="51:/home/zly/tinyos-main/tos/chips/cc2420/spi/CC2420SpiWireC.nc">
          <from><interface-ref name="Resource" ref="0x40bb6100" scoped=""/></from>
          <to><interface-ref name="Resource" ref="0x40bb2ea8" scoped=""/></to>
        </wire>
        <wire loc="55:/home/zly/tinyos-main/tos/chips/cc2420/spi/CC2420SpiWireC.nc">
          <from><interface-ref name="Strobe" ref="0x40bb3b08" scoped=""/></from>
          <to><interface-ref name="Strobe" ref="0x40bac2f0" scoped=""/></to>
        </wire>
        <wire loc="59:/home/zly/tinyos-main/tos/chips/cc2420/spi/CC2420SpiWireC.nc">
          <from><interface-ref name="WorkingState" ref="0x40ba7ef8" scoped=""/></from>
          <to><interface-ref name="State" ref="0x40be6e40" scoped=""/></to>
        </wire>
        <wire loc="62:/home/zly/tinyos-main/tos/chips/cc2420/spi/CC2420SpiWireC.nc">
          <from><interface-ref name="SpiResource" ref="0x40bac730" scoped=""/></from>
          <to><interface-ref name="Resource" ref="0x40be81d0" scoped=""/></to>
        </wire>
        <wire loc="63:/home/zly/tinyos-main/tos/chips/cc2420/spi/CC2420SpiWireC.nc">
          <from><interface-ref name="SpiByte" ref="0x40ba9718" scoped=""/></from>
          <to><interface-ref name="SpiByte" ref="0x40be8888" scoped=""/></to>
        </wire>
        <wire loc="64:/home/zly/tinyos-main/tos/chips/cc2420/spi/CC2420SpiWireC.nc">
          <from><interface-ref name="SpiPacket" ref="0x40ba7a28" scoped=""/></from>
          <to><interface-ref name="SpiPacket" ref="0x40be8bc0" scoped=""/></to>
        </wire>
        <wire loc="67:/home/zly/tinyos-main/tos/chips/cc2420/spi/CC2420SpiWireC.nc">
          <from><interface-ref name="Leds" ref="0x40bab6b0" scoped=""/></from>
          <to><interface-ref name="Leds" ref="0x40d05b58" scoped=""/></to>
        </wire>
      </wiring>
    </component></referenced></component>