<?xml version="1.0" ?><component loc="71:/home/zly/tinyos-main/tos/chips/msp430/usart/Msp430SpiNoDma0P.nc" nicename="tos.chips.msp430.usart.Msp430SpiNoDma0P" qname="Msp430SpiNoDma0P">
      <documentation loc="66:/home/zly/tinyos-main/tos/chips/msp430/usart/Msp430SpiNoDma0P.nc">
        <short>
 </short>
        <long>
 @author Jonathan Hui &lt;jhui@archedrock.com&gt;
 @version $Revision: 1.6 $ $Date: 2010-06-29 22:07:45 $
</long>
      </documentation>
      <configuration/>
      <wiring>
        <wire loc="89:/home/zly/tinyos-main/tos/chips/msp430/usart/Msp430SpiNoDma0P.nc">
          <from><interface-ref name="ResourceConfigure" ref="0x40c3c6e0" scoped=""/></from>
          <to><interface-ref name="ResourceConfigure" ref="0x40c76208" scoped=""/></to>
        </wire>
        <wire loc="93:/home/zly/tinyos-main/tos/chips/msp430/usart/Msp430SpiNoDma0P.nc">
          <from><interface-ref name="SpiPacket" ref="0x40c3e820" scoped=""/></from>
          <to><interface-ref name="SpiPacket" ref="0x40c75010" scoped=""/></to>
        </wire>
        <wire loc="91:/home/zly/tinyos-main/tos/chips/msp430/usart/Msp430SpiNoDma0P.nc">
          <from><interface-ref name="SpiByte" ref="0x40c3cb40" scoped=""/></from>
          <to><interface-ref name="SpiByte" ref="0x40c76630" scoped=""/></to>
        </wire>
        <wire loc="88:/home/zly/tinyos-main/tos/chips/msp430/usart/Msp430SpiNoDma0P.nc">
          <from><interface-ref name="Resource" ref="0x40c45d38" scoped=""/></from>
          <to><interface-ref name="Resource" ref="0x40c37a68" scoped=""/></to>
        </wire>
        <wire loc="92:/home/zly/tinyos-main/tos/chips/msp430/usart/Msp430SpiNoDma0P.nc">
          <from><interface-ref name="FastSpiByte" ref="0x40c3cee8" scoped=""/></from>
          <to><interface-ref name="FastSpiByte" ref="0x40c76968" scoped=""/></to>
        </wire>
        <wire loc="90:/home/zly/tinyos-main/tos/chips/msp430/usart/Msp430SpiNoDma0P.nc">
          <from><interface-ref name="Msp430SpiConfigure" ref="0x40c75c50" scoped=""/></from>
          <to><interface-ref name="Msp430SpiConfigure" ref="0x40c3da78" scoped=""/></to>
        </wire>
        <wire loc="94:/home/zly/tinyos-main/tos/chips/msp430/usart/Msp430SpiNoDma0P.nc">
          <from><interface-ref name="UsartResource" ref="0x40c754f0" scoped=""/></from>
          <to><interface-ref name="UsartResource" ref="0x40c3d028" scoped=""/></to>
        </wire>
        <wire loc="95:/home/zly/tinyos-main/tos/chips/msp430/usart/Msp430SpiNoDma0P.nc">
          <from><interface-ref name="UsartInterrupts" ref="0x40c9d7b0" scoped=""/></from>
          <to><interface-ref name="UsartInterrupts" ref="0x40c3bd60" scoped=""/></to>
        </wire>
        <wire loc="98:/home/zly/tinyos-main/tos/chips/msp430/usart/Msp430SpiNoDma0P.nc">
          <from><interface-ref name="Usart" ref="0x40c74010" scoped=""/></from>
          <to><interface-ref name="HplMsp430Usart" ref="0x40c99cb8" scoped=""/></to>
        </wire>
        <wire loc="101:/home/zly/tinyos-main/tos/chips/msp430/usart/Msp430SpiNoDma0P.nc">
          <from><interface-ref name="Leds" ref="0x40c9dbc8" scoped=""/></from>
          <to><interface-ref name="Leds" ref="0x40d05b58" scoped=""/></to>
        </wire>
      </wiring>
    <specification><interface loc="74:/home/zly/tinyos-main/tos/chips/msp430/usart/Msp430SpiNoDma0P.nc" name="ResourceConfigure" provided="1" ref="0x40c3c6e0">
      <component-ref nicename="tos.chips.msp430.usart.Msp430SpiNoDma0P" qname="Msp430SpiNoDma0P"/>
      <type-interface alignment="I:2" size="I:2"><interface-ref name="ResourceConfigure" ref="0x40c3c6e0" scoped=""/></type-interface>
      <instance>
        <interfacedef-ref nicename="tos.interfaces.ResourceConfigure" qname="ResourceConfigure"/>
      </instance>
      <interface-parameters>
        <type-int alignment="I:1" cname="unsigned char" size="I:1" unsigned="">
          <typename><typedef-ref name="uint8_t" ref="0x40212dc8"/></typename>
        </type-int>
      </interface-parameters>
      <interface-functions>
        <function-ref name="unconfigure" ref="0x40c3c8b8" scoped=""/>
        <function-ref name="configure" ref="0x40c3c998" scoped=""/>
      </interface-functions>
    </interface><interface loc="77:/home/zly/tinyos-main/tos/chips/msp430/usart/Msp430SpiNoDma0P.nc" name="SpiPacket" provided="1" ref="0x40c3e820">
      <component-ref nicename="tos.chips.msp430.usart.Msp430SpiNoDma0P" qname="Msp430SpiNoDma0P"/>
      <type-interface alignment="I:2" size="I:2"><interface-ref name="SpiPacket" ref="0x40c3e820" scoped=""/></type-interface>
      <instance>
        <interfacedef-ref nicename="tos.interfaces.SpiPacket" qname="SpiPacket"/>
      </instance>
      <interface-parameters>
        <type-int alignment="I:1" cname="unsigned char" size="I:1" unsigned="">
          <typename><typedef-ref name="uint8_t" ref="0x40212dc8"/></typename>
        </type-int>
      </interface-parameters>
      <interface-functions>
        <function-ref name="send" ref="0x40c3e9f8" scoped=""/>
        <function-ref name="sendDone" ref="0x40c3ead8" scoped=""/>
      </interface-functions>
    </interface><interface loc="80:/home/zly/tinyos-main/tos/chips/msp430/usart/Msp430SpiNoDma0P.nc" name="Msp430SpiConfigure" provided="0" ref="0x40c3da78">
      <component-ref nicename="tos.chips.msp430.usart.Msp430SpiNoDma0P" qname="Msp430SpiNoDma0P"/>
      <type-interface alignment="I:2" size="I:2"><interface-ref name="Msp430SpiConfigure" ref="0x40c3da78" scoped=""/></type-interface>
      <instance>
        <interfacedef-ref nicename="tos.chips.msp430.usart.Msp430SpiConfigure" qname="Msp430SpiConfigure"/>
      </instance>
      <interface-parameters>
        <type-int alignment="I:1" cname="unsigned char" size="I:1" unsigned="">
          <typename><typedef-ref name="uint8_t" ref="0x40212dc8"/></typename>
        </type-int>
      </interface-parameters>
      <interface-functions>
        <function-ref name="getConfig" ref="0x40c3dc50" scoped=""/>
      </interface-functions>
    </interface><interface loc="75:/home/zly/tinyos-main/tos/chips/msp430/usart/Msp430SpiNoDma0P.nc" name="SpiByte" provided="1" ref="0x40c3cb40">
      <component-ref nicename="tos.chips.msp430.usart.Msp430SpiNoDma0P" qname="Msp430SpiNoDma0P"/>
      <type-interface alignment="I:2" size="I:2"><interface-ref name="SpiByte" ref="0x40c3cb40" scoped=""/></type-interface>
      <instance>
        <interfacedef-ref nicename="tos.interfaces.SpiByte" qname="SpiByte"/>
      </instance>
      <interface-functions>
        <function-ref name="write" ref="0x40c3cd18" scoped=""/>
      </interface-functions>
    </interface><interface loc="79:/home/zly/tinyos-main/tos/chips/msp430/usart/Msp430SpiNoDma0P.nc" name="UsartResource" provided="0" ref="0x40c3d028">
      <component-ref nicename="tos.chips.msp430.usart.Msp430SpiNoDma0P" qname="Msp430SpiNoDma0P"/>
      <type-interface alignment="I:2" size="I:2"><interface-ref name="UsartResource" ref="0x40c3d028" scoped=""/></type-interface>
      <instance>
        <interfacedef-ref nicename="tos.interfaces.Resource" qname="Resource"/>
      </instance>
      <interface-parameters>
        <type-int alignment="I:1" cname="unsigned char" size="I:1" unsigned="">
          <typename><typedef-ref name="uint8_t" ref="0x40212dc8"/></typename>
        </type-int>
      </interface-parameters>
      <interface-functions>
        <function-ref name="release" ref="0x40c3d200" scoped=""/>
        <function-ref name="immediateRequest" ref="0x40c3d2e0" scoped=""/>
        <function-ref name="request" ref="0x40c3d3c0" scoped=""/>
        <function-ref name="granted" ref="0x40c3d4a0" scoped=""/>
        <function-ref name="isOwner" ref="0x40c3d580" scoped=""/>
      </interface-functions>
    </interface><interface loc="73:/home/zly/tinyos-main/tos/chips/msp430/usart/Msp430SpiNoDma0P.nc" name="Resource" provided="1" ref="0x40c45d38">
      <component-ref nicename="tos.chips.msp430.usart.Msp430SpiNoDma0P" qname="Msp430SpiNoDma0P"/>
      <type-interface alignment="I:2" size="I:2"><interface-ref name="Resource" ref="0x40c45d38" scoped=""/></type-interface>
      <instance>
        <interfacedef-ref nicename="tos.interfaces.Resource" qname="Resource"/>
      </instance>
      <interface-parameters>
        <type-int alignment="I:1" cname="unsigned char" size="I:1" unsigned="">
          <typename><typedef-ref name="uint8_t" ref="0x40212dc8"/></typename>
        </type-int>
      </interface-parameters>
      <interface-functions>
        <function-ref name="release" ref="0x40c45f10" scoped=""/>
        <function-ref name="immediateRequest" ref="0x40c40010" scoped=""/>
        <function-ref name="request" ref="0x40c400f0" scoped=""/>
        <function-ref name="granted" ref="0x40c401d0" scoped=""/>
        <function-ref name="isOwner" ref="0x40c402b0" scoped=""/>
      </interface-functions>
    </interface><interface loc="76:/home/zly/tinyos-main/tos/chips/msp430/usart/Msp430SpiNoDma0P.nc" name="FastSpiByte" provided="1" ref="0x40c3cee8">
      <component-ref nicename="tos.chips.msp430.usart.Msp430SpiNoDma0P" qname="Msp430SpiNoDma0P"/>
      <type-interface alignment="I:2" size="I:2"><interface-ref name="FastSpiByte" ref="0x40c3cee8" scoped=""/></type-interface>
      <instance>
        <interfacedef-ref nicename="tos.interfaces.FastSpiByte" qname="FastSpiByte"/>
      </instance>
      <interface-functions>
        <function-ref name="splitWrite" ref="0x40c3e0e0" scoped=""/>
        <function-ref name="splitReadWrite" ref="0x40c3e1c0" scoped=""/>
        <function-ref name="splitRead" ref="0x40c3e2a0" scoped=""/>
        <function-ref name="write" ref="0x40c3e380" scoped=""/>
      </interface-functions>
    </interface><interface loc="81:/home/zly/tinyos-main/tos/chips/msp430/usart/Msp430SpiNoDma0P.nc" name="UsartInterrupts" provided="0" ref="0x40c3bd60">
      <component-ref nicename="tos.chips.msp430.usart.Msp430SpiNoDma0P" qname="Msp430SpiNoDma0P"/>
      <type-interface alignment="I:2" size="I:2"><interface-ref name="UsartInterrupts" ref="0x40c3bd60" scoped=""/></type-interface>
      <instance>
        <interfacedef-ref nicename="tos.chips.msp430.usart.HplMsp430UsartInterrupts" qname="HplMsp430UsartInterrupts"/>
      </instance>
      <interface-functions>
        <function-ref name="rxDone" ref="0x40c3a010" scoped=""/>
        <function-ref name="txDone" ref="0x40c3a0f0" scoped=""/>
      </interface-functions>
    </interface></specification><referenced><interface loc="82:/home/zly/tinyos-main/tos/chips/msp430/usart/Msp430SpiNoDmaP.nc" name="Msp430SpiConfigure" provided="0" ref="0x40c75c50">
      <component-ref nicename="tos.chips.msp430.usart.Msp430SpiNoDmaP" qname="Msp430SpiNoDma0P.SpiP"/>
      <type-interface alignment="I:2" size="I:2"><interface-ref name="Msp430SpiConfigure" ref="0x40c75c50" scoped=""/></type-interface>
      <instance>
        <interfacedef-ref nicename="tos.chips.msp430.usart.Msp430SpiConfigure" qname="Msp430SpiConfigure"/>
      </instance>
      <interface-parameters>
        <type-int alignment="I:1" cname="unsigned char" size="I:1" unsigned="">
          <typename><typedef-ref name="uint8_t" ref="0x40212dc8"/></typename>
        </type-int>
      </interface-parameters>
      <interface-functions>
        <function-ref name="getConfig" ref="0x40c75e38" scoped=""/>
      </interface-functions>
    </interface><interface loc="77:/home/zly/tinyos-main/tos/chips/msp430/usart/Msp430SpiNoDmaP.nc" name="SpiByte" provided="1" ref="0x40c76630">
      <component-ref nicename="tos.chips.msp430.usart.Msp430SpiNoDmaP" qname="Msp430SpiNoDma0P.SpiP"/>
      <type-interface alignment="I:2" size="I:2"><interface-ref name="SpiByte" ref="0x40c76630" scoped=""/></type-interface>
      <instance>
        <interfacedef-ref nicename="tos.interfaces.SpiByte" qname="SpiByte"/>
      </instance>
      <interface-functions>
        <function-ref name="write" ref="0x40c76808" scoped=""/>
      </interface-functions>
    </interface><interface loc="83:/home/zly/tinyos-main/tos/chips/msp430/usart/Msp430SpiNoDmaP.nc" name="Usart" provided="0" ref="0x40c74010">
      <component-ref nicename="tos.chips.msp430.usart.Msp430SpiNoDmaP" qname="Msp430SpiNoDma0P.SpiP"/>
      <type-interface alignment="I:2" size="I:2"><interface-ref name="Usart" ref="0x40c74010" scoped=""/></type-interface>
      <instance>
        <interfacedef-ref nicename="tos.chips.msp430.usart.HplMsp430Usart" qname="HplMsp430Usart"/>
      </instance>
      <interface-functions>
        <function-ref name="isTxEmpty" ref="0x40c741e8" scoped=""/>
        <function-ref name="enableUartRx" ref="0x40c742c8" scoped=""/>
        <function-ref name="setUctl" ref="0x40c743a8" scoped=""/>
        <function-ref name="enableUart" ref="0x40c74488" scoped=""/>
        <function-ref name="setUrctl" ref="0x40c74568" scoped=""/>
        <function-ref name="enableRxIntr" ref="0x40c74648" scoped=""/>
        <function-ref name="clrRxIntr" ref="0x40c74728" scoped=""/>
        <function-ref name="getUtctl" ref="0x40c74808" scoped=""/>
        <function-ref name="getUrctl" ref="0x40c748e8" scoped=""/>
        <function-ref name="resetUsart" ref="0x40c749c8" scoped=""/>
        <function-ref name="getUmctl" ref="0x40c74aa8" scoped=""/>
        <function-ref name="disableIntr" ref="0x40c74b88" scoped=""/>
        <function-ref name="setUtctl" ref="0x40c74c68" scoped=""/>
        <function-ref name="getUbr" ref="0x40c74dc8" scoped=""/>
        <function-ref name="enableTxIntr" ref="0x40c74ea8" scoped=""/>
        <function-ref name="setUmctl" ref="0x40c9e010" scoped=""/>
        <function-ref name="isUartRx" ref="0x40c9e0f0" scoped=""/>
        <function-ref name="isUart" ref="0x40c9e1d0" scoped=""/>
        <function-ref name="disableRxIntr" ref="0x40c9e2b0" scoped=""/>
        <function-ref name="isSpi" ref="0x40c9e390" scoped=""/>
        <function-ref name="enableUartTx" ref="0x40c9e470" scoped=""/>
        <function-ref name="disableTxIntr" ref="0x40c9e550" scoped=""/>
        <function-ref name="disableUartRx" ref="0x40c9e630" scoped=""/>
        <function-ref name="enableIntr" ref="0x40c9e710" scoped=""/>
        <function-ref name="getMode" ref="0x40c9e7f0" scoped=""/>
        <function-ref name="isTxIntrPending" ref="0x40c9e9d0" scoped=""/>
        <function-ref name="clrIntr" ref="0x40c9eab0" scoped=""/>
        <function-ref name="setUbr" ref="0x40c9eb90" scoped=""/>
        <function-ref name="tx" ref="0x40c9ec70" scoped=""/>
        <function-ref name="getUctl" ref="0x40c9ed50" scoped=""/>
        <function-ref name="disableUart" ref="0x40c9ee30" scoped=""/>
        <function-ref name="enableSpi" ref="0x40c9ef10" scoped=""/>
        <function-ref name="setModeUart" ref="0x40c9d010" scoped=""/>
        <function-ref name="setModeSpi" ref="0x40c9d0f0" scoped=""/>
        <function-ref name="rx" ref="0x40c9d1d0" scoped=""/>
        <function-ref name="isRxIntrPending" ref="0x40c9d2b0" scoped=""/>
        <function-ref name="isUartTx" ref="0x40c9d390" scoped=""/>
        <function-ref name="clrTxIntr" ref="0x40c9d470" scoped=""/>
        <function-ref name="disableSpi" ref="0x40c9d550" scoped=""/>
        <function-ref name="disableUartTx" ref="0x40c9d630" scoped=""/>
      </interface-functions>
    </interface><interface loc="46:/home/zly/tinyos-main/tos/system/LedsC.nc" name="Leds" provided="1" ref="0x40d05b58">
      <component-ref nicename="tos.system.LedsC" qname="LedsC"/>
      <type-interface alignment="I:2" size="I:2"><interface-ref name="Leds" ref="0x40d05b58" scoped=""/></type-interface>
      <instance>
        <interfacedef-ref nicename="tos.interfaces.Leds" qname="Leds"/>
      </instance>
      <interface-functions>
        <function-ref name="led0Off" ref="0x40d05d30" scoped=""/>
        <function-ref name="led0Toggle" ref="0x40d05e10" scoped=""/>
        <function-ref name="led1On" ref="0x40d05ef0" scoped=""/>
        <function-ref name="led1Toggle" ref="0x40d02010" scoped=""/>
        <function-ref name="led2Toggle" ref="0x40d020f0" scoped=""/>
        <function-ref name="get" ref="0x40d021d0" scoped=""/>
        <function-ref name="led1Off" ref="0x40d022b0" scoped=""/>
        <function-ref name="led2Off" ref="0x40d02630" scoped=""/>
        <function-ref name="set" ref="0x40d02390" scoped=""/>
        <function-ref name="led0On" ref="0x40d02470" scoped=""/>
        <function-ref name="led2On" ref="0x40d02550" scoped=""/>
      </interface-functions>
    </interface><interface loc="78:/home/zly/tinyos-main/tos/chips/msp430/usart/Msp430SpiNoDmaP.nc" name="FastSpiByte" provided="1" ref="0x40c76968">
      <component-ref nicename="tos.chips.msp430.usart.Msp430SpiNoDmaP" qname="Msp430SpiNoDma0P.SpiP"/>
      <type-interface alignment="I:2" size="I:2"><interface-ref name="FastSpiByte" ref="0x40c76968" scoped=""/></type-interface>
      <instance>
        <interfacedef-ref nicename="tos.interfaces.FastSpiByte" qname="FastSpiByte"/>
      </instance>
      <interface-functions>
        <function-ref name="splitWrite" ref="0x40c76b40" scoped=""/>
        <function-ref name="splitReadWrite" ref="0x40c76c20" scoped=""/>
        <function-ref name="splitRead" ref="0x40c76d00" scoped=""/>
        <function-ref name="write" ref="0x40c76de0" scoped=""/>
      </interface-functions>
    </interface><interface loc="75:/home/zly/tinyos-main/tos/chips/msp430/usart/Msp430SpiNoDmaP.nc" name="Resource" provided="1" ref="0x40c37a68">
      <component-ref nicename="tos.chips.msp430.usart.Msp430SpiNoDmaP" qname="Msp430SpiNoDma0P.SpiP"/>
      <type-interface alignment="I:2" size="I:2"><interface-ref name="Resource" ref="0x40c37a68" scoped=""/></type-interface>
      <instance>
        <interfacedef-ref nicename="tos.interfaces.Resource" qname="Resource"/>
      </instance>
      <interface-parameters>
        <type-int alignment="I:1" cname="unsigned char" size="I:1" unsigned="">
          <typename><typedef-ref name="uint8_t" ref="0x40212dc8"/></typename>
        </type-int>
      </interface-parameters>
      <interface-functions>
        <function-ref name="release" ref="0x40c37c50" scoped=""/>
        <function-ref name="immediateRequest" ref="0x40c37d30" scoped=""/>
        <function-ref name="request" ref="0x40c37e10" scoped=""/>
        <function-ref name="granted" ref="0x40c37ef0" scoped=""/>
        <function-ref name="isOwner" ref="0x40c76010" scoped=""/>
      </interface-functions>
    </interface><interface loc="76:/home/zly/tinyos-main/tos/chips/msp430/usart/HplMsp430Usart0C.nc" name="HplMsp430Usart" provided="1" ref="0x40c99cb8">
      <component-ref nicename="tos.chips.msp430.usart.HplMsp430Usart0C" qname="HplMsp430Usart0C"/>
      <type-interface alignment="I:2" size="I:2"><interface-ref name="HplMsp430Usart" ref="0x40c99cb8" scoped=""/></type-interface>
      <instance>
        <interfacedef-ref nicename="tos.chips.msp430.usart.HplMsp430Usart" qname="HplMsp430Usart"/>
      </instance>
      <interface-functions>
        <function-ref name="isTxEmpty" ref="0x40c99e90" scoped=""/>
        <function-ref name="enableUartRx" ref="0x40c96010" scoped=""/>
        <function-ref name="setUctl" ref="0x40c960f0" scoped=""/>
        <function-ref name="enableUart" ref="0x40c961d0" scoped=""/>
        <function-ref name="setUrctl" ref="0x40c962b0" scoped=""/>
        <function-ref name="enableRxIntr" ref="0x40c96390" scoped=""/>
        <function-ref name="clrRxIntr" ref="0x40c96470" scoped=""/>
        <function-ref name="getUtctl" ref="0x40c96550" scoped=""/>
        <function-ref name="getUrctl" ref="0x40c96630" scoped=""/>
        <function-ref name="resetUsart" ref="0x40c96710" scoped=""/>
        <function-ref name="getUmctl" ref="0x40c967f0" scoped=""/>
        <function-ref name="disableIntr" ref="0x40c968d0" scoped=""/>
        <function-ref name="setUtctl" ref="0x40c969b0" scoped=""/>
        <function-ref name="getUbr" ref="0x40c96b10" scoped=""/>
        <function-ref name="enableTxIntr" ref="0x40c96bf0" scoped=""/>
        <function-ref name="setUmctl" ref="0x40c96cd0" scoped=""/>
        <function-ref name="isUartRx" ref="0x40c96db0" scoped=""/>
        <function-ref name="isUart" ref="0x40c96e90" scoped=""/>
        <function-ref name="disableRxIntr" ref="0x40c95010" scoped=""/>
        <function-ref name="isSpi" ref="0x40c950f0" scoped=""/>
        <function-ref name="enableUartTx" ref="0x40c951d0" scoped=""/>
        <function-ref name="disableTxIntr" ref="0x40c952b0" scoped=""/>
        <function-ref name="disableUartRx" ref="0x40c95390" scoped=""/>
        <function-ref name="enableIntr" ref="0x40c95470" scoped=""/>
        <function-ref name="getMode" ref="0x40c95550" scoped=""/>
        <function-ref name="isTxIntrPending" ref="0x40c95730" scoped=""/>
        <function-ref name="clrIntr" ref="0x40c95810" scoped=""/>
        <function-ref name="setUbr" ref="0x40c958f0" scoped=""/>
        <function-ref name="tx" ref="0x40c959d0" scoped=""/>
        <function-ref name="getUctl" ref="0x40c95ab0" scoped=""/>
        <function-ref name="disableUart" ref="0x40c95b90" scoped=""/>
        <function-ref name="enableSpi" ref="0x40c95c70" scoped=""/>
        <function-ref name="setModeUart" ref="0x40c95d50" scoped=""/>
        <function-ref name="setModeSpi" ref="0x40c95e30" scoped=""/>
        <function-ref name="rx" ref="0x40c95f10" scoped=""/>
        <function-ref name="isRxIntrPending" ref="0x40c94010" scoped=""/>
        <function-ref name="isUartTx" ref="0x40c940f0" scoped=""/>
        <function-ref name="clrTxIntr" ref="0x40c941d0" scoped=""/>
        <function-ref name="disableSpi" ref="0x40c942b0" scoped=""/>
        <function-ref name="disableUartTx" ref="0x40c94390" scoped=""/>
      </interface-functions>
    </interface><interface loc="81:/home/zly/tinyos-main/tos/chips/msp430/usart/Msp430SpiNoDmaP.nc" name="UsartResource" provided="0" ref="0x40c754f0">
      <component-ref nicename="tos.chips.msp430.usart.Msp430SpiNoDmaP" qname="Msp430SpiNoDma0P.SpiP"/>
      <type-interface alignment="I:2" size="I:2"><interface-ref name="UsartResource" ref="0x40c754f0" scoped=""/></type-interface>
      <instance>
        <interfacedef-ref nicename="tos.interfaces.Resource" qname="Resource"/>
      </instance>
      <interface-parameters>
        <type-int alignment="I:1" cname="unsigned char" size="I:1" unsigned="">
          <typename><typedef-ref name="uint8_t" ref="0x40212dc8"/></typename>
        </type-int>
      </interface-parameters>
      <interface-functions>
        <function-ref name="release" ref="0x40c756d8" scoped=""/>
        <function-ref name="immediateRequest" ref="0x40c757b8" scoped=""/>
        <function-ref name="request" ref="0x40c75898" scoped=""/>
        <function-ref name="granted" ref="0x40c75978" scoped=""/>
        <function-ref name="isOwner" ref="0x40c75a58" scoped=""/>
      </interface-functions>
    </interface><interface loc="85:/home/zly/tinyos-main/tos/chips/msp430/usart/Msp430SpiNoDmaP.nc" name="Leds" provided="0" ref="0x40c9dbc8">
      <component-ref nicename="tos.chips.msp430.usart.Msp430SpiNoDmaP" qname="Msp430SpiNoDma0P.SpiP"/>
      <type-interface alignment="I:2" size="I:2"><interface-ref name="Leds" ref="0x40c9dbc8" scoped=""/></type-interface>
      <instance>
        <interfacedef-ref nicename="tos.interfaces.Leds" qname="Leds"/>
      </instance>
      <interface-functions>
        <function-ref name="led0Off" ref="0x40c9dda0" scoped=""/>
        <function-ref name="led0Toggle" ref="0x40c9de80" scoped=""/>
        <function-ref name="led1On" ref="0x40c9c010" scoped=""/>
        <function-ref name="led1Toggle" ref="0x40c9c0f0" scoped=""/>
        <function-ref name="led2Toggle" ref="0x40c9c1d0" scoped=""/>
        <function-ref name="get" ref="0x40c9c2b0" scoped=""/>
        <function-ref name="led1Off" ref="0x40c9c390" scoped=""/>
        <function-ref name="led2On" ref="0x40c9c710" scoped=""/>
        <function-ref name="set" ref="0x40c9c550" scoped=""/>
        <function-ref name="led2Off" ref="0x40c9c470" scoped=""/>
        <function-ref name="led0On" ref="0x40c9c630" scoped=""/>
      </interface-functions>
    </interface><interface loc="84:/home/zly/tinyos-main/tos/chips/msp430/usart/Msp430SpiNoDmaP.nc" name="UsartInterrupts" provided="0" ref="0x40c9d7b0">
      <component-ref nicename="tos.chips.msp430.usart.Msp430SpiNoDmaP" qname="Msp430SpiNoDma0P.SpiP"/>
      <type-interface alignment="I:2" size="I:2"><interface-ref name="UsartInterrupts" ref="0x40c9d7b0" scoped=""/></type-interface>
      <instance>
        <interfacedef-ref nicename="tos.chips.msp430.usart.HplMsp430UsartInterrupts" qname="HplMsp430UsartInterrupts"/>
      </instance>
      <interface-functions>
        <function-ref name="rxDone" ref="0x40c9d988" scoped=""/>
        <function-ref name="txDone" ref="0x40c9da68" scoped=""/>
      </interface-functions>
    </interface><interface loc="76:/home/zly/tinyos-main/tos/chips/msp430/usart/Msp430SpiNoDmaP.nc" name="ResourceConfigure" provided="1" ref="0x40c76208">
      <component-ref nicename="tos.chips.msp430.usart.Msp430SpiNoDmaP" qname="Msp430SpiNoDma0P.SpiP"/>
      <type-interface alignment="I:2" size="I:2"><interface-ref name="ResourceConfigure" ref="0x40c76208" scoped=""/></type-interface>
      <instance>
        <interfacedef-ref nicename="tos.interfaces.ResourceConfigure" qname="ResourceConfigure"/>
      </instance>
      <interface-parameters>
        <type-int alignment="I:1" cname="unsigned char" size="I:1" unsigned="">
          <typename><typedef-ref name="uint8_t" ref="0x40212dc8"/></typename>
        </type-int>
      </interface-parameters>
      <interface-functions>
        <function-ref name="unconfigure" ref="0x40c763f0" scoped=""/>
        <function-ref name="configure" ref="0x40c764d0" scoped=""/>
      </interface-functions>
    </interface><interface loc="79:/home/zly/tinyos-main/tos/chips/msp430/usart/Msp430SpiNoDmaP.nc" name="SpiPacket" provided="1" ref="0x40c75010">
      <component-ref nicename="tos.chips.msp430.usart.Msp430SpiNoDmaP" qname="Msp430SpiNoDma0P.SpiP"/>
      <type-interface alignment="I:2" size="I:2"><interface-ref name="SpiPacket" ref="0x40c75010" scoped=""/></type-interface>
      <instance>
        <interfacedef-ref nicename="tos.interfaces.SpiPacket" qname="SpiPacket"/>
      </instance>
      <interface-parameters>
        <type-int alignment="I:1" cname="unsigned char" size="I:1" unsigned="">
          <typename><typedef-ref name="uint8_t" ref="0x40212dc8"/></typename>
        </type-int>
      </interface-parameters>
      <interface-functions>
        <function-ref name="send" ref="0x40c751f8" scoped=""/>
        <function-ref name="sendDone" ref="0x40c752d8" scoped=""/>
      </interface-functions>
    </interface><component loc="73(Msp430SpiNoDma0P.SpiP):/home/zly/tinyos-main/tos/chips/msp430/usart/Msp430SpiNoDmaP.nc" nicename="tos.chips.msp430.usart.Msp430SpiNoDmaP" qname="Msp430SpiNoDma0P.SpiP">
      <documentation loc="66:/home/zly/tinyos-main/tos/chips/msp430/usart/Msp430SpiNoDmaP.nc">
        <short>
 </short>
        <long>
 @author Jonathan Hui &lt;jhui@archedrock.com&gt;
 @author Jan Hauer &lt;hauer@tkn.tu-berlin.de&gt; (bugfix in continueOp())
 @version $Revision: 1.8 $ $Date: 2010-06-29 22:07:45 $
</long>
      </documentation>
      <instance number="0">
        <component-ref nicename="tos.chips.msp430.usart.Msp430SpiNoDmaP" qname="Msp430SpiNoDmaP"/>
      </instance>
      <module/>
    </component><component loc="45:/home/zly/tinyos-main/tos/system/LedsC.nc" nicename="tos.system.LedsC" qname="LedsC">
      <documentation loc="34:/home/zly/tinyos-main/tos/system/LedsC.nc">
        <short>

 The basic TinyOS LEDs abstraction.</short>
        <long>

 The basic TinyOS LEDs abstraction.

 @author Phil Buonadonna
 @author David Gay
 @author Philip Levis
 @author Joe Polastre
</long>
      </documentation>
      <configuration/>
      <wiring>
        <wire loc="51:/home/zly/tinyos-main/tos/system/LedsC.nc">
          <from><interface-ref name="Leds" ref="0x40d05b58" scoped=""/></from>
          <to><interface-ref name="Leds" ref="0x40cff230" scoped=""/></to>
        </wire>
        <wire loc="53:/home/zly/tinyos-main/tos/system/LedsC.nc">
          <from><interface-ref name="Init" ref="0x40d19a38" scoped=""/></from>
          <to><interface-ref name="Init" ref="0x40d02eb8" scoped=""/></to>
        </wire>
        <wire loc="54:/home/zly/tinyos-main/tos/system/LedsC.nc">
          <from><interface-ref name="Led0" ref="0x40cffef8" scoped=""/></from>
          <to><interface-ref name="Led0" ref="0x40d01c38" scoped=""/></to>
        </wire>
        <wire loc="55:/home/zly/tinyos-main/tos/system/LedsC.nc">
          <from><interface-ref name="Led1" ref="0x40cfe8f0" scoped=""/></from>
          <to><interface-ref name="Led1" ref="0x40d1a680" scoped=""/></to>
        </wire>
        <wire loc="56:/home/zly/tinyos-main/tos/system/LedsC.nc">
          <from><interface-ref name="Led2" ref="0x40cfd2e8" scoped=""/></from>
          <to><interface-ref name="Led2" ref="0x40d190b0" scoped=""/></to>
        </wire>
      </wiring>
    </component><component loc="74:/home/zly/tinyos-main/tos/chips/msp430/usart/HplMsp430Usart0C.nc" nicename="tos.chips.msp430.usart.HplMsp430Usart0C" qname="HplMsp430Usart0C">
      <documentation loc="31:/home/zly/tinyos-main/tos/chips/msp430/usart/msp430usart.h">
        <short>
 </short>
        <long>
 @author Vlado Handziski &lt;handzisk@tkn.tu-berlin.de&gt;
 @author Philipp Huppertz &lt;huppertz@tkn.tu-berlin.de&gt;
</long>
      </documentation>
      <configuration/>
      <wiring>
        <wire loc="87:/home/zly/tinyos-main/tos/chips/msp430/usart/HplMsp430Usart0C.nc">
          <from><interface-ref name="HplMsp430I2CInterrupts" ref="0x40c90230" scoped=""/></from>
          <to><interface-ref name="I2CInterrupts" ref="0x40c8deb0" scoped=""/></to>
        </wire>
        <wire loc="86:/home/zly/tinyos-main/tos/chips/msp430/usart/HplMsp430Usart0C.nc">
          <from><interface-ref name="HplMsp430UsartInterrupts" ref="0x40c945e8" scoped=""/></from>
          <to><interface-ref name="Interrupts" ref="0x40c8d910" scoped=""/></to>
        </wire>
        <wire loc="85:/home/zly/tinyos-main/tos/chips/msp430/usart/HplMsp430Usart0C.nc">
          <from><interface-ref name="HplMsp430Usart" ref="0x40c99cb8" scoped=""/></from>
          <to><interface-ref name="Usart" ref="0x40c8f010" scoped=""/></to>
        </wire>
        <wire loc="90:/home/zly/tinyos-main/tos/chips/msp430/usart/HplMsp430Usart0C.nc">
          <from><interface-ref name="SIMO" ref="0x40c9fd38" scoped=""/></from>
          <to><interface-ref name="SIMO0" ref="0x409ebd80" scoped=""/></to>
        </wire>
        <wire loc="91:/home/zly/tinyos-main/tos/chips/msp430/usart/HplMsp430Usart0C.nc">
          <from><interface-ref name="SOMI" ref="0x40ccae58" scoped=""/></from>
          <to><interface-ref name="SOMI0" ref="0x409e8068" scoped=""/></to>
        </wire>
        <wire loc="92:/home/zly/tinyos-main/tos/chips/msp430/usart/HplMsp430Usart0C.nc">
          <from><interface-ref name="UCLK" ref="0x40cc8010" scoped=""/></from>
          <to><interface-ref name="UCLK0" ref="0x409e71a0" scoped=""/></to>
        </wire>
        <wire loc="93:/home/zly/tinyos-main/tos/chips/msp430/usart/HplMsp430Usart0C.nc">
          <from><interface-ref name="URXD" ref="0x40cc7168" scoped=""/></from>
          <to><interface-ref name="URXD0" ref="0x409e4680" scoped=""/></to>
        </wire>
        <wire loc="94:/home/zly/tinyos-main/tos/chips/msp430/usart/HplMsp430Usart0C.nc">
          <from><interface-ref name="UTXD" ref="0x40cc6280" scoped=""/></from>
          <to><interface-ref name="UTXD0" ref="0x409e54c0" scoped=""/></to>
        </wire>
      </wiring>
    </component></referenced></component>