<?xml version="1.0" ?><component loc="39:/home/zly/tinyos-main/tos/chips/msp430/usart/Msp430Uart1P.nc" nicename="tos.chips.msp430.usart.Msp430Uart1P" qname="Msp430Uart1P">
      <documentation loc="32:/home/zly/tinyos-main/tos/chips/msp430/usart/Msp430Uart1P.nc">
        <short>
 </short>
        <long>
 @author Jonathan Hui &lt;jhui@archedrock.com&gt;
 @author Vlado Handziski &lt;handzisk@tkn.tu-berlin.de&gt;
 @author Eric B. Decker &lt;cire831@gmail.com&gt;
 @version $Revision: 1.5 $ $Date: 2008-05-21 22:11:57 $
</long>
      </documentation>
      <configuration/>
      <wiring>
        <wire loc="56:/home/zly/tinyos-main/tos/chips/msp430/usart/Msp430Uart1P.nc">
          <from><interface-ref name="ResourceConfigure" ref="0x41249100" scoped=""/></from>
          <to><interface-ref name="ResourceConfigure" ref="0x4124e770" scoped=""/></to>
        </wire>
        <wire loc="59:/home/zly/tinyos-main/tos/chips/msp430/usart/Msp430Uart1P.nc">
          <from><interface-ref name="UartByte" ref="0x412484a8" scoped=""/></from>
          <to><interface-ref name="UartByte" ref="0x4124d588" scoped=""/></to>
        </wire>
        <wire loc="58:/home/zly/tinyos-main/tos/chips/msp430/usart/Msp430Uart1P.nc">
          <from><interface-ref name="UartStream" ref="0x41249860" scoped=""/></from>
          <to><interface-ref name="UartStream" ref="0x4124ec30" scoped=""/></to>
        </wire>
        <wire loc="55:/home/zly/tinyos-main/tos/chips/msp430/usart/Msp430Uart1P.nc">
          <from><interface-ref name="Resource" ref="0x4120b5f0" scoped=""/></from>
          <to><interface-ref name="Resource" ref="0x4124e010" scoped=""/></to>
        </wire>
        <wire loc="57:/home/zly/tinyos-main/tos/chips/msp430/usart/Msp430Uart1P.nc">
          <from><interface-ref name="Msp430UartConfigure" ref="0x4128e208" scoped=""/></from>
          <to><interface-ref name="Msp430UartConfigure" ref="0x412477b0" scoped=""/></to>
        </wire>
        <wire loc="60:/home/zly/tinyos-main/tos/chips/msp430/usart/Msp430Uart1P.nc">
          <from><interface-ref name="UsartResource" ref="0x4124da68" scoped=""/></from>
          <to><interface-ref name="UsartResource" ref="0x41248ca0" scoped=""/></to>
        </wire>
        <wire loc="61:/home/zly/tinyos-main/tos/chips/msp430/usart/Msp430Uart1P.nc">
          <from><interface-ref name="UsartInterrupts" ref="0x4128cd88" scoped=""/></from>
          <to><interface-ref name="UsartInterrupts" ref="0x41246010" scoped=""/></to>
        </wire>
        <wire loc="64:/home/zly/tinyos-main/tos/chips/msp430/usart/Msp430Uart1P.nc">
          <from><interface-ref name="Usart" ref="0x4128e570" scoped=""/></from>
          <to><interface-ref name="HplMsp430Usart" ref="0x41280640" scoped=""/></to>
        </wire>
        <wire loc="67:/home/zly/tinyos-main/tos/chips/msp430/usart/Msp430Uart1P.nc">
          <from><interface-ref name="Counter" ref="0x4128b370" scoped=""/></from>
          <to><interface-ref name="Counter" ref="0x412b6010" scoped=""/></to>
        </wire>
        <wire loc="70:/home/zly/tinyos-main/tos/chips/msp430/usart/Msp430Uart1P.nc">
          <from><interface-ref name="Leds" ref="0x4128a4b8" scoped=""/></from>
          <to><interface-ref name="Leds" ref="0x40d05b58" scoped=""/></to>
        </wire>
      </wiring>
    <specification><interface loc="42:/home/zly/tinyos-main/tos/chips/msp430/usart/Msp430Uart1P.nc" name="ResourceConfigure" provided="1" ref="0x41249100">
      <component-ref nicename="tos.chips.msp430.usart.Msp430Uart1P" qname="Msp430Uart1P"/>
      <type-interface alignment="I:2" size="I:2"><interface-ref name="ResourceConfigure" ref="0x41249100" scoped=""/></type-interface>
      <instance>
        <interfacedef-ref nicename="tos.interfaces.ResourceConfigure" qname="ResourceConfigure"/>
      </instance>
      <interface-parameters>
        <type-int alignment="I:1" cname="unsigned char" size="I:1" unsigned="">
          <typename><typedef-ref name="uint8_t" ref="0x40212dc8"/></typename>
        </type-int>
      </interface-parameters>
      <interface-functions>
        <function-ref name="unconfigure" ref="0x412492d8" scoped=""/>
        <function-ref name="configure" ref="0x412493b8" scoped=""/>
      </interface-functions>
    </interface><interface loc="44:/home/zly/tinyos-main/tos/chips/msp430/usart/Msp430Uart1P.nc" name="UartByte" provided="1" ref="0x412484a8">
      <component-ref nicename="tos.chips.msp430.usart.Msp430Uart1P" qname="Msp430Uart1P"/>
      <type-interface alignment="I:2" size="I:2"><interface-ref name="UartByte" ref="0x412484a8" scoped=""/></type-interface>
      <instance>
        <interfacedef-ref nicename="tos.interfaces.UartByte" qname="UartByte"/>
      </instance>
      <interface-parameters>
        <type-int alignment="I:1" cname="unsigned char" size="I:1" unsigned="">
          <typename><typedef-ref name="uint8_t" ref="0x40212dc8"/></typename>
        </type-int>
      </interface-parameters>
      <interface-functions>
        <function-ref name="send" ref="0x41248680" scoped=""/>
        <function-ref name="receive" ref="0x41248760" scoped=""/>
      </interface-functions>
    </interface><interface loc="47:/home/zly/tinyos-main/tos/chips/msp430/usart/Msp430Uart1P.nc" name="Msp430UartConfigure" provided="0" ref="0x412477b0">
      <component-ref nicename="tos.chips.msp430.usart.Msp430Uart1P" qname="Msp430Uart1P"/>
      <type-interface alignment="I:2" size="I:2"><interface-ref name="Msp430UartConfigure" ref="0x412477b0" scoped=""/></type-interface>
      <instance>
        <interfacedef-ref nicename="tos.chips.msp430.usart.Msp430UartConfigure" qname="Msp430UartConfigure"/>
      </instance>
      <interface-parameters>
        <type-int alignment="I:1" cname="unsigned char" size="I:1" unsigned="">
          <typename><typedef-ref name="uint8_t" ref="0x40212dc8"/></typename>
        </type-int>
      </interface-parameters>
      <interface-functions>
        <function-ref name="getConfig" ref="0x41247988" scoped=""/>
      </interface-functions>
    </interface><interface loc="43:/home/zly/tinyos-main/tos/chips/msp430/usart/Msp430Uart1P.nc" name="UartStream" provided="1" ref="0x41249860">
      <component-ref nicename="tos.chips.msp430.usart.Msp430Uart1P" qname="Msp430Uart1P"/>
      <type-interface alignment="I:2" size="I:2"><interface-ref name="UartStream" ref="0x41249860" scoped=""/></type-interface>
      <instance>
        <interfacedef-ref nicename="tos.interfaces.UartStream" qname="UartStream"/>
      </instance>
      <interface-parameters>
        <type-int alignment="I:1" cname="unsigned char" size="I:1" unsigned="">
          <typename><typedef-ref name="uint8_t" ref="0x40212dc8"/></typename>
        </type-int>
      </interface-parameters>
      <interface-functions>
        <function-ref name="send" ref="0x41249a38" scoped=""/>
        <function-ref name="receivedByte" ref="0x41249b18" scoped=""/>
        <function-ref name="receive" ref="0x41249bf8" scoped=""/>
        <function-ref name="enableReceiveInterrupt" ref="0x41249cd8" scoped=""/>
        <function-ref name="receiveDone" ref="0x41249db8" scoped=""/>
        <function-ref name="disableReceiveInterrupt" ref="0x41249e98" scoped=""/>
        <function-ref name="sendDone" ref="0x41248010" scoped=""/>
      </interface-functions>
    </interface><interface loc="46:/home/zly/tinyos-main/tos/chips/msp430/usart/Msp430Uart1P.nc" name="UsartResource" provided="0" ref="0x41248ca0">
      <component-ref nicename="tos.chips.msp430.usart.Msp430Uart1P" qname="Msp430Uart1P"/>
      <type-interface alignment="I:2" size="I:2"><interface-ref name="UsartResource" ref="0x41248ca0" scoped=""/></type-interface>
      <instance>
        <interfacedef-ref nicename="tos.interfaces.Resource" qname="Resource"/>
      </instance>
      <interface-parameters>
        <type-int alignment="I:1" cname="unsigned char" size="I:1" unsigned="">
          <typename><typedef-ref name="uint8_t" ref="0x40212dc8"/></typename>
        </type-int>
      </interface-parameters>
      <interface-functions>
        <function-ref name="release" ref="0x41248e78" scoped=""/>
        <function-ref name="immediateRequest" ref="0x41247010" scoped=""/>
        <function-ref name="request" ref="0x412470f0" scoped=""/>
        <function-ref name="granted" ref="0x412471d0" scoped=""/>
        <function-ref name="isOwner" ref="0x412472b0" scoped=""/>
      </interface-functions>
    </interface><interface loc="41:/home/zly/tinyos-main/tos/chips/msp430/usart/Msp430Uart1P.nc" name="Resource" provided="1" ref="0x4120b5f0">
      <component-ref nicename="tos.chips.msp430.usart.Msp430Uart1P" qname="Msp430Uart1P"/>
      <type-interface alignment="I:2" size="I:2"><interface-ref name="Resource" ref="0x4120b5f0" scoped=""/></type-interface>
      <instance>
        <interfacedef-ref nicename="tos.interfaces.Resource" qname="Resource"/>
      </instance>
      <interface-parameters>
        <type-int alignment="I:1" cname="unsigned char" size="I:1" unsigned="">
          <typename><typedef-ref name="uint8_t" ref="0x40212dc8"/></typename>
        </type-int>
      </interface-parameters>
      <interface-functions>
        <function-ref name="release" ref="0x4120b7c8" scoped=""/>
        <function-ref name="immediateRequest" ref="0x4120b8a8" scoped=""/>
        <function-ref name="request" ref="0x4120b988" scoped=""/>
        <function-ref name="granted" ref="0x4120ba68" scoped=""/>
        <function-ref name="isOwner" ref="0x4120bb48" scoped=""/>
      </interface-functions>
    </interface><interface loc="48:/home/zly/tinyos-main/tos/chips/msp430/usart/Msp430Uart1P.nc" name="UsartInterrupts" provided="0" ref="0x41246010">
      <component-ref nicename="tos.chips.msp430.usart.Msp430Uart1P" qname="Msp430Uart1P"/>
      <type-interface alignment="I:2" size="I:2"><interface-ref name="UsartInterrupts" ref="0x41246010" scoped=""/></type-interface>
      <instance>
        <interfacedef-ref nicename="tos.chips.msp430.usart.HplMsp430UsartInterrupts" qname="HplMsp430UsartInterrupts"/>
      </instance>
      <interface-parameters>
        <type-int alignment="I:1" cname="unsigned char" size="I:1" unsigned="">
          <typename><typedef-ref name="uint8_t" ref="0x40212dc8"/></typename>
        </type-int>
      </interface-parameters>
      <interface-functions>
        <function-ref name="rxDone" ref="0x412461e8" scoped=""/>
        <function-ref name="txDone" ref="0x412462c8" scoped=""/>
      </interface-functions>
    </interface></specification><referenced><interface loc="44:/home/zly/tinyos-main/tos/chips/msp430/usart/Msp430UartP.nc" name="ResourceConfigure" provided="1" ref="0x4124e770">
      <component-ref nicename="tos.chips.msp430.usart.Msp430UartP" qname="Msp430Uart1P.UartP"/>
      <type-interface alignment="I:2" size="I:2"><interface-ref name="ResourceConfigure" ref="0x4124e770" scoped=""/></type-interface>
      <instance>
        <interfacedef-ref nicename="tos.interfaces.ResourceConfigure" qname="ResourceConfigure"/>
      </instance>
      <interface-parameters>
        <type-int alignment="I:1" cname="unsigned char" size="I:1" unsigned="">
          <typename><typedef-ref name="uint8_t" ref="0x40212dc8"/></typename>
        </type-int>
      </interface-parameters>
      <interface-functions>
        <function-ref name="unconfigure" ref="0x4124e958" scoped=""/>
        <function-ref name="configure" ref="0x4124ea38" scoped=""/>
      </interface-functions>
    </interface><interface loc="49:/home/zly/tinyos-main/tos/chips/msp430/usart/Msp430UartP.nc" name="Msp430UartConfigure" provided="0" ref="0x4128e208">
      <component-ref nicename="tos.chips.msp430.usart.Msp430UartP" qname="Msp430Uart1P.UartP"/>
      <type-interface alignment="I:2" size="I:2"><interface-ref name="Msp430UartConfigure" ref="0x4128e208" scoped=""/></type-interface>
      <instance>
        <interfacedef-ref nicename="tos.chips.msp430.usart.Msp430UartConfigure" qname="Msp430UartConfigure"/>
      </instance>
      <interface-parameters>
        <type-int alignment="I:1" cname="unsigned char" size="I:1" unsigned="">
          <typename><typedef-ref name="uint8_t" ref="0x40212dc8"/></typename>
        </type-int>
      </interface-parameters>
      <interface-functions>
        <function-ref name="getConfig" ref="0x4128e3f0" scoped=""/>
      </interface-functions>
    </interface><interface loc="46:/home/zly/tinyos-main/tos/system/LedsC.nc" name="Leds" provided="1" ref="0x40d05b58">
      <component-ref nicename="tos.system.LedsC" qname="LedsC"/>
      <type-interface alignment="I:2" size="I:2"><interface-ref name="Leds" ref="0x40d05b58" scoped=""/></type-interface>
      <instance>
        <interfacedef-ref nicename="tos.interfaces.Leds" qname="Leds"/>
      </instance>
      <interface-functions>
        <function-ref name="led0Off" ref="0x40d05d30" scoped=""/>
        <function-ref name="led0Toggle" ref="0x40d05e10" scoped=""/>
        <function-ref name="led1On" ref="0x40d05ef0" scoped=""/>
        <function-ref name="led1Toggle" ref="0x40d02010" scoped=""/>
        <function-ref name="led2Toggle" ref="0x40d020f0" scoped=""/>
        <function-ref name="get" ref="0x40d021d0" scoped=""/>
        <function-ref name="led1Off" ref="0x40d022b0" scoped=""/>
        <function-ref name="led2Off" ref="0x40d02630" scoped=""/>
        <function-ref name="set" ref="0x40d02390" scoped=""/>
        <function-ref name="led0On" ref="0x40d02470" scoped=""/>
        <function-ref name="led2On" ref="0x40d02550" scoped=""/>
      </interface-functions>
    </interface><interface loc="52:/home/zly/tinyos-main/tos/chips/msp430/usart/Msp430UartP.nc" name="Counter" provided="0" ref="0x4128b370">
      <component-ref nicename="tos.chips.msp430.usart.Msp430UartP" qname="Msp430Uart1P.UartP"/>
      <type-interface alignment="I:2" size="I:2"><interface-ref name="Counter" ref="0x4128b370" scoped=""/></type-interface>
      <instance>
        <interfacedef-ref nicename="tos.lib.timer.Counter" qname="Counter"/>
        <arguments>
          <type-tag alignment="I:2" size="I:2"><struct-ref ref="0x40614ca8"/>
            <typename><typedef-ref name="T32khz" ref="0x40614e70"/></typename>
          </type-tag>
          <type-int alignment="I:2" cname="unsigned int" size="I:2" unsigned="">
            <typename><typedef-ref name="uint16_t" ref="0x40213010"/></typename>
          </type-int>
        </arguments>
      </instance>
      <interface-functions>
        <function-ref name="get" ref="0x4128bac0" scoped=""/>
        <function-ref name="clearOverflow" ref="0x4128a010" scoped=""/>
        <function-ref name="isOverflowPending" ref="0x4128bd38" scoped=""/>
        <function-ref name="overflow" ref="0x4128a288" scoped=""/>
      </interface-functions>
    </interface><interface loc="48:/home/zly/tinyos-main/tos/chips/msp430/usart/Msp430UartP.nc" name="UsartResource" provided="0" ref="0x4124da68">
      <component-ref nicename="tos.chips.msp430.usart.Msp430UartP" qname="Msp430Uart1P.UartP"/>
      <type-interface alignment="I:2" size="I:2"><interface-ref name="UsartResource" ref="0x4124da68" scoped=""/></type-interface>
      <instance>
        <interfacedef-ref nicename="tos.interfaces.Resource" qname="Resource"/>
      </instance>
      <interface-parameters>
        <type-int alignment="I:1" cname="unsigned char" size="I:1" unsigned="">
          <typename><typedef-ref name="uint8_t" ref="0x40212dc8"/></typename>
        </type-int>
      </interface-parameters>
      <interface-functions>
        <function-ref name="release" ref="0x4124dc50" scoped=""/>
        <function-ref name="immediateRequest" ref="0x4124dd30" scoped=""/>
        <function-ref name="request" ref="0x4124de10" scoped=""/>
        <function-ref name="granted" ref="0x4124def0" scoped=""/>
        <function-ref name="isOwner" ref="0x4128e010" scoped=""/>
      </interface-functions>
    </interface><interface loc="43:/home/zly/tinyos-main/tos/chips/msp430/usart/Msp430UartP.nc" name="Resource" provided="1" ref="0x4124e010">
      <component-ref nicename="tos.chips.msp430.usart.Msp430UartP" qname="Msp430Uart1P.UartP"/>
      <type-interface alignment="I:2" size="I:2"><interface-ref name="Resource" ref="0x4124e010" scoped=""/></type-interface>
      <instance>
        <interfacedef-ref nicename="tos.interfaces.Resource" qname="Resource"/>
      </instance>
      <interface-parameters>
        <type-int alignment="I:1" cname="unsigned char" size="I:1" unsigned="">
          <typename><typedef-ref name="uint8_t" ref="0x40212dc8"/></typename>
        </type-int>
      </interface-parameters>
      <interface-functions>
        <function-ref name="release" ref="0x4124e1f8" scoped=""/>
        <function-ref name="immediateRequest" ref="0x4124e2d8" scoped=""/>
        <function-ref name="request" ref="0x4124e3b8" scoped=""/>
        <function-ref name="granted" ref="0x4124e498" scoped=""/>
        <function-ref name="isOwner" ref="0x4124e578" scoped=""/>
      </interface-functions>
    </interface><interface loc="46:/home/zly/tinyos-main/tos/chips/msp430/usart/Msp430UartP.nc" name="UartByte" provided="1" ref="0x4124d588">
      <component-ref nicename="tos.chips.msp430.usart.Msp430UartP" qname="Msp430Uart1P.UartP"/>
      <type-interface alignment="I:2" size="I:2"><interface-ref name="UartByte" ref="0x4124d588" scoped=""/></type-interface>
      <instance>
        <interfacedef-ref nicename="tos.interfaces.UartByte" qname="UartByte"/>
      </instance>
      <interface-parameters>
        <type-int alignment="I:1" cname="unsigned char" size="I:1" unsigned="">
          <typename><typedef-ref name="uint8_t" ref="0x40212dc8"/></typename>
        </type-int>
      </interface-parameters>
      <interface-functions>
        <function-ref name="send" ref="0x4124d770" scoped=""/>
        <function-ref name="receive" ref="0x4124d850" scoped=""/>
      </interface-functions>
    </interface><interface loc="53:/home/zly/tinyos-main/tos/chips/msp430/usart/Msp430UartP.nc" name="Leds" provided="0" ref="0x4128a4b8">
      <component-ref nicename="tos.chips.msp430.usart.Msp430UartP" qname="Msp430Uart1P.UartP"/>
      <type-interface alignment="I:2" size="I:2"><interface-ref name="Leds" ref="0x4128a4b8" scoped=""/></type-interface>
      <instance>
        <interfacedef-ref nicename="tos.interfaces.Leds" qname="Leds"/>
      </instance>
      <interface-functions>
        <function-ref name="led0Off" ref="0x4128a690" scoped=""/>
        <function-ref name="led0Toggle" ref="0x4128a770" scoped=""/>
        <function-ref name="led1On" ref="0x4128a850" scoped=""/>
        <function-ref name="led1Toggle" ref="0x4128a930" scoped=""/>
        <function-ref name="led2Toggle" ref="0x4128aa10" scoped=""/>
        <function-ref name="get" ref="0x4128aaf0" scoped=""/>
        <function-ref name="led1Off" ref="0x4128abd0" scoped=""/>
        <function-ref name="led2On" ref="0x41288010" scoped=""/>
        <function-ref name="set" ref="0x4128ad90" scoped=""/>
        <function-ref name="led2Off" ref="0x4128acb0" scoped=""/>
        <function-ref name="led0On" ref="0x4128ae70" scoped=""/>
      </interface-functions>
    </interface><interface loc="45:/home/zly/tinyos-main/tos/chips/msp430/usart/Msp430UartP.nc" name="UartStream" provided="1" ref="0x4124ec30">
      <component-ref nicename="tos.chips.msp430.usart.Msp430UartP" qname="Msp430Uart1P.UartP"/>
      <type-interface alignment="I:2" size="I:2"><interface-ref name="UartStream" ref="0x4124ec30" scoped=""/></type-interface>
      <instance>
        <interfacedef-ref nicename="tos.interfaces.UartStream" qname="UartStream"/>
      </instance>
      <interface-parameters>
        <type-int alignment="I:1" cname="unsigned char" size="I:1" unsigned="">
          <typename><typedef-ref name="uint8_t" ref="0x40212dc8"/></typename>
        </type-int>
      </interface-parameters>
      <interface-functions>
        <function-ref name="send" ref="0x4124ee18" scoped=""/>
        <function-ref name="receivedByte" ref="0x4124eef8" scoped=""/>
        <function-ref name="receive" ref="0x4124d010" scoped=""/>
        <function-ref name="enableReceiveInterrupt" ref="0x4124d0f0" scoped=""/>
        <function-ref name="receiveDone" ref="0x4124d1d0" scoped=""/>
        <function-ref name="disableReceiveInterrupt" ref="0x4124d2b0" scoped=""/>
        <function-ref name="sendDone" ref="0x4124d390" scoped=""/>
      </interface-functions>
    </interface><interface loc="51:/home/zly/tinyos-main/tos/chips/msp430/usart/Msp430UartP.nc" name="UsartInterrupts" provided="0" ref="0x4128cd88">
      <component-ref nicename="tos.chips.msp430.usart.Msp430UartP" qname="Msp430Uart1P.UartP"/>
      <type-interface alignment="I:2" size="I:2"><interface-ref name="UsartInterrupts" ref="0x4128cd88" scoped=""/></type-interface>
      <instance>
        <interfacedef-ref nicename="tos.chips.msp430.usart.HplMsp430UsartInterrupts" qname="HplMsp430UsartInterrupts"/>
      </instance>
      <interface-parameters>
        <type-int alignment="I:1" cname="unsigned char" size="I:1" unsigned="">
          <typename><typedef-ref name="uint8_t" ref="0x40212dc8"/></typename>
        </type-int>
      </interface-parameters>
      <interface-functions>
        <function-ref name="rxDone" ref="0x4128b010" scoped=""/>
        <function-ref name="txDone" ref="0x4128b0f0" scoped=""/>
      </interface-functions>
    </interface><interface loc="50:/home/zly/tinyos-main/tos/chips/msp430/usart/Msp430UartP.nc" name="Usart" provided="0" ref="0x4128e570">
      <component-ref nicename="tos.chips.msp430.usart.Msp430UartP" qname="Msp430Uart1P.UartP"/>
      <type-interface alignment="I:2" size="I:2"><interface-ref name="Usart" ref="0x4128e570" scoped=""/></type-interface>
      <instance>
        <interfacedef-ref nicename="tos.chips.msp430.usart.HplMsp430Usart" qname="HplMsp430Usart"/>
      </instance>
      <interface-functions>
        <function-ref name="isTxEmpty" ref="0x4128e748" scoped=""/>
        <function-ref name="enableUartRx" ref="0x4128e828" scoped=""/>
        <function-ref name="setUctl" ref="0x4128e908" scoped=""/>
        <function-ref name="enableUart" ref="0x4128e9e8" scoped=""/>
        <function-ref name="setUrctl" ref="0x4128eac8" scoped=""/>
        <function-ref name="enableRxIntr" ref="0x4128eba8" scoped=""/>
        <function-ref name="clrRxIntr" ref="0x4128ec88" scoped=""/>
        <function-ref name="getUtctl" ref="0x4128ed68" scoped=""/>
        <function-ref name="getUrctl" ref="0x4128ee48" scoped=""/>
        <function-ref name="resetUsart" ref="0x4128ef28" scoped=""/>
        <function-ref name="getUmctl" ref="0x4128d018" scoped=""/>
        <function-ref name="disableIntr" ref="0x4128d0f8" scoped=""/>
        <function-ref name="setUtctl" ref="0x4128d1d8" scoped=""/>
        <function-ref name="getUbr" ref="0x4128d338" scoped=""/>
        <function-ref name="enableTxIntr" ref="0x4128d418" scoped=""/>
        <function-ref name="setUmctl" ref="0x4128d4f8" scoped=""/>
        <function-ref name="isUartRx" ref="0x4128d5d8" scoped=""/>
        <function-ref name="isUart" ref="0x4128d6b8" scoped=""/>
        <function-ref name="disableRxIntr" ref="0x4128d798" scoped=""/>
        <function-ref name="isSpi" ref="0x4128d878" scoped=""/>
        <function-ref name="enableUartTx" ref="0x4128d958" scoped=""/>
        <function-ref name="disableTxIntr" ref="0x4128da38" scoped=""/>
        <function-ref name="disableUartRx" ref="0x4128db18" scoped=""/>
        <function-ref name="enableIntr" ref="0x4128dbf8" scoped=""/>
        <function-ref name="getMode" ref="0x4128dcd8" scoped=""/>
        <function-ref name="isTxIntrPending" ref="0x4128deb8" scoped=""/>
        <function-ref name="clrIntr" ref="0x4128c010" scoped=""/>
        <function-ref name="setUbr" ref="0x4128c0f0" scoped=""/>
        <function-ref name="tx" ref="0x4128c1d0" scoped=""/>
        <function-ref name="getUctl" ref="0x4128c2b0" scoped=""/>
        <function-ref name="disableUart" ref="0x4128c390" scoped=""/>
        <function-ref name="enableSpi" ref="0x4128c470" scoped=""/>
        <function-ref name="setModeUart" ref="0x4128c550" scoped=""/>
        <function-ref name="setModeSpi" ref="0x4128c630" scoped=""/>
        <function-ref name="rx" ref="0x4128c710" scoped=""/>
        <function-ref name="isRxIntrPending" ref="0x4128c7f0" scoped=""/>
        <function-ref name="isUartTx" ref="0x4128c8d0" scoped=""/>
        <function-ref name="clrTxIntr" ref="0x4128c9b0" scoped=""/>
        <function-ref name="disableSpi" ref="0x4128ca90" scoped=""/>
        <function-ref name="disableUartTx" ref="0x4128cb70" scoped=""/>
      </interface-functions>
    </interface><interface loc="77:/home/zly/tinyos-main/tos/chips/msp430/usart/HplMsp430Usart1C.nc" name="HplMsp430Usart" provided="1" ref="0x41280640">
      <component-ref nicename="tos.chips.msp430.usart.HplMsp430Usart1C" qname="HplMsp430Usart1C"/>
      <type-interface alignment="I:2" size="I:2"><interface-ref name="HplMsp430Usart" ref="0x41280640" scoped=""/></type-interface>
      <instance>
        <interfacedef-ref nicename="tos.chips.msp430.usart.HplMsp430Usart" qname="HplMsp430Usart"/>
      </instance>
      <interface-functions>
        <function-ref name="isTxEmpty" ref="0x41280818" scoped=""/>
        <function-ref name="enableUartRx" ref="0x412808f8" scoped=""/>
        <function-ref name="setUctl" ref="0x412809d8" scoped=""/>
        <function-ref name="enableUart" ref="0x41280ab8" scoped=""/>
        <function-ref name="setUrctl" ref="0x41280b98" scoped=""/>
        <function-ref name="enableRxIntr" ref="0x41280c78" scoped=""/>
        <function-ref name="clrRxIntr" ref="0x41280d58" scoped=""/>
        <function-ref name="getUtctl" ref="0x41280e38" scoped=""/>
        <function-ref name="getUrctl" ref="0x41280f18" scoped=""/>
        <function-ref name="resetUsart" ref="0x41282010" scoped=""/>
        <function-ref name="getUmctl" ref="0x412820f0" scoped=""/>
        <function-ref name="disableIntr" ref="0x412821d0" scoped=""/>
        <function-ref name="setUtctl" ref="0x412822b0" scoped=""/>
        <function-ref name="getUbr" ref="0x41282410" scoped=""/>
        <function-ref name="enableTxIntr" ref="0x412824f0" scoped=""/>
        <function-ref name="setUmctl" ref="0x412825d0" scoped=""/>
        <function-ref name="isUartRx" ref="0x412826b0" scoped=""/>
        <function-ref name="isUart" ref="0x41282790" scoped=""/>
        <function-ref name="disableRxIntr" ref="0x41282870" scoped=""/>
        <function-ref name="isSpi" ref="0x41282950" scoped=""/>
        <function-ref name="enableUartTx" ref="0x41282a30" scoped=""/>
        <function-ref name="disableTxIntr" ref="0x41282b10" scoped=""/>
        <function-ref name="disableUartRx" ref="0x41282bf0" scoped=""/>
        <function-ref name="enableIntr" ref="0x41282cd0" scoped=""/>
        <function-ref name="getMode" ref="0x41282db0" scoped=""/>
        <function-ref name="isTxIntrPending" ref="0x41281010" scoped=""/>
        <function-ref name="clrIntr" ref="0x412810f0" scoped=""/>
        <function-ref name="setUbr" ref="0x412811d0" scoped=""/>
        <function-ref name="tx" ref="0x412812b0" scoped=""/>
        <function-ref name="getUctl" ref="0x41281390" scoped=""/>
        <function-ref name="disableUart" ref="0x41281470" scoped=""/>
        <function-ref name="enableSpi" ref="0x41281550" scoped=""/>
        <function-ref name="setModeUart" ref="0x41281630" scoped=""/>
        <function-ref name="setModeSpi" ref="0x41281710" scoped=""/>
        <function-ref name="rx" ref="0x412817f0" scoped=""/>
        <function-ref name="isRxIntrPending" ref="0x412818d0" scoped=""/>
        <function-ref name="isUartTx" ref="0x412819b0" scoped=""/>
        <function-ref name="clrTxIntr" ref="0x41281a90" scoped=""/>
        <function-ref name="disableSpi" ref="0x41281b70" scoped=""/>
        <function-ref name="disableUartTx" ref="0x41281c50" scoped=""/>
      </interface-functions>
    </interface><interface loc="43:/home/zly/tinyos-main/tos/chips/msp430/timer/Counter32khz16C.nc" name="Counter" provided="1" ref="0x412b6010">
      <component-ref nicename="tos.chips.msp430.timer.Counter32khz16C" qname="Counter32khz16C"/>
      <type-interface alignment="I:2" size="I:2"><interface-ref name="Counter" ref="0x412b6010" scoped=""/></type-interface>
      <instance>
        <interfacedef-ref nicename="tos.lib.timer.Counter" qname="Counter"/>
        <arguments>
          <type-tag alignment="I:2" size="I:2"><struct-ref ref="0x40614ca8"/>
            <typename><typedef-ref name="T32khz" ref="0x40614e70"/></typename>
          </type-tag>
          <type-int alignment="I:2" cname="unsigned int" size="I:2" unsigned="">
            <typename><typedef-ref name="uint16_t" ref="0x40213010"/></typename>
          </type-int>
        </arguments>
      </instance>
      <interface-functions>
        <function-ref name="get" ref="0x412b6760" scoped=""/>
        <function-ref name="clearOverflow" ref="0x412b6c50" scoped=""/>
        <function-ref name="isOverflowPending" ref="0x412b69d8" scoped=""/>
        <function-ref name="overflow" ref="0x412b6ec8" scoped=""/>
      </interface-functions>
    </interface><component loc="45:/home/zly/tinyos-main/tos/system/LedsC.nc" nicename="tos.system.LedsC" qname="LedsC">
      <documentation loc="34:/home/zly/tinyos-main/tos/system/LedsC.nc">
        <short>

 The basic TinyOS LEDs abstraction.</short>
        <long>

 The basic TinyOS LEDs abstraction.

 @author Phil Buonadonna
 @author David Gay
 @author Philip Levis
 @author Joe Polastre
</long>
      </documentation>
      <configuration/>
      <wiring>
        <wire loc="51:/home/zly/tinyos-main/tos/system/LedsC.nc">
          <from><interface-ref name="Leds" ref="0x40d05b58" scoped=""/></from>
          <to><interface-ref name="Leds" ref="0x40cff230" scoped=""/></to>
        </wire>
        <wire loc="53:/home/zly/tinyos-main/tos/system/LedsC.nc">
          <from><interface-ref name="Init" ref="0x40d19a38" scoped=""/></from>
          <to><interface-ref name="Init" ref="0x40d02eb8" scoped=""/></to>
        </wire>
        <wire loc="54:/home/zly/tinyos-main/tos/system/LedsC.nc">
          <from><interface-ref name="Led0" ref="0x40cffef8" scoped=""/></from>
          <to><interface-ref name="Led0" ref="0x40d01c38" scoped=""/></to>
        </wire>
        <wire loc="55:/home/zly/tinyos-main/tos/system/LedsC.nc">
          <from><interface-ref name="Led1" ref="0x40cfe8f0" scoped=""/></from>
          <to><interface-ref name="Led1" ref="0x40d1a680" scoped=""/></to>
        </wire>
        <wire loc="56:/home/zly/tinyos-main/tos/system/LedsC.nc">
          <from><interface-ref name="Led2" ref="0x40cfd2e8" scoped=""/></from>
          <to><interface-ref name="Led2" ref="0x40d190b0" scoped=""/></to>
        </wire>
      </wiring>
    </component><component loc="74:/home/zly/tinyos-main/tos/chips/msp430/usart/HplMsp430Usart1C.nc" nicename="tos.chips.msp430.usart.HplMsp430Usart1C" qname="HplMsp430Usart1C">
      <documentation loc="31:/home/zly/tinyos-main/tos/chips/msp430/usart/msp430usart.h">
        <short>
 </short>
        <long>
 @author Vlado Handziski &lt;handzisk@tkn.tu-berlin.de&gt;
 @author Philipp Huppertz &lt;huppertz@tkn.tu-berlin.de&gt;
</long>
      </documentation>
      <configuration/>
      <wiring>
        <wire loc="89:/home/zly/tinyos-main/tos/chips/msp430/usart/HplMsp430Usart1C.nc">
          <from><interface-ref name="HplMsp430UsartInterrupts" ref="0x41281ea8" scoped=""/></from>
          <to><interface-ref name="Interrupts" ref="0x4127a910" scoped=""/></to>
        </wire>
        <wire loc="87:/home/zly/tinyos-main/tos/chips/msp430/usart/HplMsp430Usart1C.nc">
          <from><interface-ref name="AsyncStdControl" ref="0x41280198" scoped=""/></from>
          <to><interface-ref name="AsyncStdControl" ref="0x4127fad8" scoped=""/></to>
        </wire>
        <wire loc="88:/home/zly/tinyos-main/tos/chips/msp430/usart/HplMsp430Usart1C.nc">
          <from><interface-ref name="HplMsp430Usart" ref="0x41280640" scoped=""/></from>
          <to><interface-ref name="Usart" ref="0x4127c010" scoped=""/></to>
        </wire>
        <wire loc="91:/home/zly/tinyos-main/tos/chips/msp430/usart/HplMsp430Usart1C.nc">
          <from><interface-ref name="SIMO" ref="0x4127ae30" scoped=""/></from>
          <to><interface-ref name="SIMO1" ref="0x409e2a00" scoped=""/></to>
        </wire>
        <wire loc="92:/home/zly/tinyos-main/tos/chips/msp430/usart/HplMsp430Usart1C.nc">
          <from><interface-ref name="SOMI" ref="0x41278010" scoped=""/></from>
          <to><interface-ref name="SOMI1" ref="0x409e1bc0" scoped=""/></to>
        </wire>
        <wire loc="93:/home/zly/tinyos-main/tos/chips/msp430/usart/HplMsp430Usart1C.nc">
          <from><interface-ref name="UCLK" ref="0x41277168" scoped=""/></from>
          <to><interface-ref name="UCLK1" ref="0x409e0d80" scoped=""/></to>
        </wire>
        <wire loc="94:/home/zly/tinyos-main/tos/chips/msp430/usart/HplMsp430Usart1C.nc">
          <from><interface-ref name="URXD" ref="0x41276280" scoped=""/></from>
          <to><interface-ref name="URXD1" ref="0x409dd170" scoped=""/></to>
        </wire>
        <wire loc="95:/home/zly/tinyos-main/tos/chips/msp430/usart/HplMsp430Usart1C.nc">
          <from><interface-ref name="UTXD" ref="0x412753d8" scoped=""/></from>
          <to><interface-ref name="UTXD1" ref="0x409de010" scoped=""/></to>
        </wire>
      </wiring>
    </component><component loc="41(Msp430Uart1P.UartP):/home/zly/tinyos-main/tos/chips/msp430/usart/Msp430UartP.nc" nicename="tos.chips.msp430.usart.Msp430UartP" qname="Msp430Uart1P.UartP">
      <documentation loc="32:/home/zly/tinyos-main/tos/chips/msp430/usart/Msp430UartP.nc">
        <short>
 </short>
        <long>
 @author Jonathan Hui &lt;jhui@archrock.com&gt;
 @author Vlado Handziski &lt;handzisk@tkn.tu-berlin.de&gt;
 @author Eric B. Decker &lt;cire831@gmail.com&gt;
 @version $Revision: 1.7 $ $Date: 2008-06-04 05:31:15 $
</long>
      </documentation>
      <instance number="0">
        <component-ref nicename="tos.chips.msp430.usart.Msp430UartP" qname="Msp430UartP"/>
      </instance>
      <module/>
    </component><component loc="41:/home/zly/tinyos-main/tos/chips/msp430/timer/Counter32khz16C.nc" nicename="tos.chips.msp430.timer.Counter32khz16C" qname="Counter32khz16C">
      <documentation loc="33:/home/zly/tinyos-main/tos/chips/msp430/timer/Counter32khz16C.nc">
        <short>
 Counter32khz16C provides at 16-bit counter at 32768 ticks per second.</short>
        <long>
 Counter32khz16C provides at 16-bit counter at 32768 ticks per second.

 @author Cory Sharp &lt;cssharp@eecs.berkeley.edu&gt;
 @see  Please refer to TEP 102 for more information about this component and its
          intended use.
</long>
      </documentation>
      <configuration/>
      <wiring>
        <wire loc="49:/home/zly/tinyos-main/tos/chips/msp430/timer/Counter32khz16C.nc">
          <from><interface-ref name="Counter" ref="0x412b6010" scoped=""/></from>
          <to><interface-ref name="Msp430Counter32khz" ref="0x407d4a20" scoped=""/></to>
        </wire>
      </wiring>
    </component></referenced></component>