<?xml version="1.0" ?><component loc="37:/home/zly/tinyos-main/tos/platforms/telosb/MoteClockC.nc" nicename="tos.platforms.telosb.MoteClockC" qname="MoteClockC">
      <documentation loc="33:/home/zly/tinyos-main/tos/platforms/telosb/MoteClockC.nc">
        <short>
 </short>
        <long>
 @author Vlado Handziski &lt;handzisk@tkn.tu-berlind.de&gt;
</long>
      </documentation>
      <configuration/>
      <wiring>
        <wire loc="46:/home/zly/tinyos-main/tos/platforms/telosb/MoteClockC.nc">
          <from><interface-ref name="MoteClockInit" ref="0x4061f3e8" scoped=""/></from>
          <to><interface-ref name="Init" ref="0x4061fc48" scoped=""/></to>
        </wire>
      </wiring>
    <specification><interface loc="39:/home/zly/tinyos-main/tos/platforms/telosb/MoteClockC.nc" name="MoteClockInit" provided="1" ref="0x4061f3e8">
      <component-ref nicename="tos.platforms.telosb.MoteClockC" qname="MoteClockC"/>
      <type-interface alignment="I:2" size="I:2"><interface-ref name="MoteClockInit" ref="0x4061f3e8" scoped=""/></type-interface>
      <instance>
        <interfacedef-ref nicename="tos.interfaces.Init" qname="Init"/>
      </instance>
      <interface-functions>
        <function-ref name="init" ref="0x4061f5c0" scoped=""/>
      </interface-functions>
    </interface></specification><referenced><interface loc="39:/home/zly/tinyos-main/tos/chips/msp430/timer/Msp430ClockC.nc" name="Init" provided="1" ref="0x4061fc48">
      <component-ref nicename="tos.chips.msp430.timer.Msp430ClockC" qname="Msp430ClockC"/>
      <type-interface alignment="I:2" size="I:2"><interface-ref name="Init" ref="0x4061fc48" scoped=""/></type-interface>
      <instance>
        <interfacedef-ref nicename="tos.interfaces.Init" qname="Init"/>
      </instance>
      <interface-functions>
        <function-ref name="init" ref="0x4061fe20" scoped=""/>
      </interface-functions>
    </interface><component loc="37:/home/zly/tinyos-main/tos/chips/msp430/timer/Msp430ClockC.nc" nicename="tos.chips.msp430.timer.Msp430ClockC" qname="Msp430ClockC">
      <documentation loc="33:/home/zly/tinyos-main/tos/chips/msp430/timer/Msp430ClockC.nc">
        <short>
 </short>
        <long>
 @author Cory Sharp &lt;cssharp@eecs.berkeley.edu&gt;
</long>
      </documentation>
      <configuration/>
      <wiring>
        <wire loc="47:/home/zly/tinyos-main/tos/chips/msp430/timer/Msp430ClockC.nc">
          <from><interface-ref name="Msp430ClockInit" ref="0x4063b330" scoped=""/></from>
          <to><interface-ref name="Msp430ClockInit" ref="0x406444c8" scoped=""/></to>
        </wire>
        <wire loc="46:/home/zly/tinyos-main/tos/chips/msp430/timer/Msp430ClockC.nc">
          <from><interface-ref name="Init" ref="0x4061fc48" scoped=""/></from>
          <to><interface-ref name="Init" ref="0x406440f8" scoped=""/></to>
        </wire>
        <wire loc="48:/home/zly/tinyos-main/tos/chips/msp430/timer/Msp430ClockC.nc">
          <from><interface-ref name="McuPowerOverride" ref="0x4060d218" scoped=""/></from>
          <to><interface-ref name="McuPowerOverride" ref="0x40644ec8" scoped=""/></to>
        </wire>
      </wiring>
    </component></referenced></component>