<?xml version="1.0" ?><component loc="38:/home/zly/tinyos-main/tos/chips/cc2420/unique/UniqueSendC.nc" nicename="tos.chips.cc2420.unique.UniqueSendC" qname="UniqueSendC">
      <documentation loc="32:/home/zly/tinyos-main/tos/chips/cc2420/unique/UniqueSendC.nc">
        <short>
 Generate a unique dsn byte for this outgoing packet
 This should sit at the top of the stack
 </short>
        <long>
 Generate a unique dsn byte for this outgoing packet
 This should sit at the top of the stack
 @author David Moss
</long>
      </documentation>
      <configuration/>
      <wiring>
        <wire loc="55:/home/zly/tinyos-main/tos/chips/cc2420/unique/UniqueSendC.nc">
          <from><interface-ref name="Send" ref="0x41005390" scoped=""/></from>
          <to><interface-ref name="Send" ref="0x41002a20" scoped=""/></to>
        </wire>
        <wire loc="56:/home/zly/tinyos-main/tos/chips/cc2420/unique/UniqueSendC.nc">
          <from><interface-ref name="SubSend" ref="0x40fff570" scoped=""/></from>
          <to><interface-ref name="SubSend" ref="0x41005b00" scoped=""/></to>
        </wire>
        <wire loc="58:/home/zly/tinyos-main/tos/chips/cc2420/unique/UniqueSendC.nc">
          <from><interface-ref name="SoftwareInit" ref="0x40610df0" scoped=""/></from>
          <to><interface-ref name="Init" ref="0x40fff180" scoped=""/></to>
        </wire>
        <wire loc="60:/home/zly/tinyos-main/tos/chips/cc2420/unique/UniqueSendC.nc">
          <from><interface-ref name="State" ref="0x40fffc40" scoped=""/></from>
          <to><interface-ref name="State" ref="0x41001ab8" scoped=""/></to>
        </wire>
        <wire loc="61:/home/zly/tinyos-main/tos/chips/cc2420/unique/UniqueSendC.nc">
          <from><interface-ref name="Random" ref="0x40ffe430" scoped=""/></from>
          <to><interface-ref name="Random" ref="0x40fda978" scoped=""/></to>
        </wire>
        <wire loc="62:/home/zly/tinyos-main/tos/chips/cc2420/unique/UniqueSendC.nc">
          <from><interface-ref name="CC2420PacketBody" ref="0x40ffe8d0" scoped=""/></from>
          <to><interface-ref name="CC2420PacketBody" ref="0x40f689c8" scoped=""/></to>
        </wire>
      </wiring>
    <specification><interface loc="44:/home/zly/tinyos-main/tos/chips/cc2420/unique/UniqueSendC.nc" name="SubSend" provided="0" ref="0x41005b00">
      <component-ref nicename="tos.chips.cc2420.unique.UniqueSendC" qname="UniqueSendC"/>
      <type-interface alignment="I:2" size="I:2"><interface-ref name="SubSend" ref="0x41005b00" scoped=""/></type-interface>
      <instance>
        <interfacedef-ref nicename="tos.interfaces.Send" qname="Send"/>
      </instance>
      <interface-functions>
        <function-ref name="send" ref="0x41005cd8" scoped=""/>
        <function-ref name="getPayload" ref="0x41005db8" scoped=""/>
        <function-ref name="maxPayloadLength" ref="0x41005e98" scoped=""/>
        <function-ref name="cancel" ref="0x41002010" scoped=""/>
        <function-ref name="sendDone" ref="0x410020f0" scoped=""/>
      </interface-functions>
    </interface><interface loc="40:/home/zly/tinyos-main/tos/chips/cc2420/unique/UniqueSendC.nc" name="Send" provided="1" ref="0x41005390">
      <component-ref nicename="tos.chips.cc2420.unique.UniqueSendC" qname="UniqueSendC"/>
      <type-interface alignment="I:2" size="I:2"><interface-ref name="Send" ref="0x41005390" scoped=""/></type-interface>
      <instance>
        <interfacedef-ref nicename="tos.interfaces.Send" qname="Send"/>
      </instance>
      <interface-functions>
        <function-ref name="send" ref="0x41005568" scoped=""/>
        <function-ref name="getPayload" ref="0x41005648" scoped=""/>
        <function-ref name="maxPayloadLength" ref="0x41005728" scoped=""/>
        <function-ref name="cancel" ref="0x41005808" scoped=""/>
        <function-ref name="sendDone" ref="0x410058e8" scoped=""/>
      </interface-functions>
    </interface></specification><referenced><interface loc="48:/home/zly/tinyos-main/tos/chips/cc2420/unique/UniqueSendP.nc" name="CC2420PacketBody" provided="0" ref="0x40ffe8d0">
      <component-ref nicename="tos.chips.cc2420.unique.UniqueSendP" qname="UniqueSendP"/>
      <type-interface alignment="I:2" size="I:2"><interface-ref name="CC2420PacketBody" ref="0x40ffe8d0" scoped=""/></type-interface>
      <instance>
        <interfacedef-ref nicename="tos.chips.cc2420.interfaces.CC2420PacketBody" qname="CC2420PacketBody"/>
      </instance>
      <interface-functions>
        <function-ref name="getPayload" ref="0x40ffeaa8" scoped=""/>
        <function-ref name="getHeader" ref="0x40ffeb88" scoped=""/>
        <function-ref name="getMetadata" ref="0x40ffec68" scoped=""/>
      </interface-functions>
    </interface><interface loc="67:/home/zly/tinyos-main/tos/system/StateC.nc" name="State" provided="1" ref="0x41001ab8">
      <component-ref nicename="tos.system.StateC" qname="UniqueSendC.StateC"/>
      <type-interface alignment="I:2" size="I:2"><interface-ref name="State" ref="0x41001ab8" scoped=""/></type-interface>
      <instance>
        <interfacedef-ref nicename="tos.interfaces.State" qname="State"/>
      </instance>
      <interface-functions>
        <function-ref name="getState" ref="0x41001c90" scoped=""/>
        <function-ref name="toIdle" ref="0x41001d70" scoped=""/>
        <function-ref name="isState" ref="0x41001e50" scoped=""/>
        <function-ref name="isIdle" ref="0x41000010" scoped=""/>
        <function-ref name="requestState" ref="0x410000f0" scoped=""/>
        <function-ref name="forceState" ref="0x410001d0" scoped=""/>
      </interface-functions>
    </interface><interface loc="46:/home/zly/tinyos-main/tos/chips/cc2420/unique/UniqueSendP.nc" name="State" provided="0" ref="0x40fffc40">
      <component-ref nicename="tos.chips.cc2420.unique.UniqueSendP" qname="UniqueSendP"/>
      <type-interface alignment="I:2" size="I:2"><interface-ref name="State" ref="0x40fffc40" scoped=""/></type-interface>
      <instance>
        <interfacedef-ref nicename="tos.interfaces.State" qname="State"/>
      </instance>
      <interface-functions>
        <function-ref name="getState" ref="0x40fffe18" scoped=""/>
        <function-ref name="toIdle" ref="0x40fffef8" scoped=""/>
        <function-ref name="isState" ref="0x40ffe010" scoped=""/>
        <function-ref name="isIdle" ref="0x40ffe0f0" scoped=""/>
        <function-ref name="requestState" ref="0x40ffe1d0" scoped=""/>
        <function-ref name="forceState" ref="0x40ffe2b0" scoped=""/>
      </interface-functions>
    </interface><interface loc="58:/home/zly/tinyos-main/tos/system/MainC.nc" name="SoftwareInit" provided="0" ref="0x40610df0">
      <component-ref nicename="tos.system.MainC" qname="MainC"/>
      <type-interface alignment="I:2" size="I:2"><interface-ref name="SoftwareInit" ref="0x40610df0" scoped=""/></type-interface>
      <instance>
        <interfacedef-ref nicename="tos.interfaces.Init" qname="Init"/>
      </instance>
      <interface-functions>
        <function-ref name="init" ref="0x40612010" scoped=""/>
      </interface-functions>
    </interface><interface loc="41:/home/zly/tinyos-main/tos/chips/cc2420/unique/UniqueSendP.nc" name="Init" provided="1" ref="0x40fff180">
      <component-ref nicename="tos.chips.cc2420.unique.UniqueSendP" qname="UniqueSendP"/>
      <type-interface alignment="I:2" size="I:2"><interface-ref name="Init" ref="0x40fff180" scoped=""/></type-interface>
      <instance>
        <interfacedef-ref nicename="tos.interfaces.Init" qname="Init"/>
      </instance>
      <interface-functions>
        <function-ref name="init" ref="0x40fff358" scoped=""/>
      </interface-functions>
    </interface><interface loc="40:/home/zly/tinyos-main/tos/chips/cc2420/unique/UniqueSendP.nc" name="Send" provided="1" ref="0x41002a20">
      <component-ref nicename="tos.chips.cc2420.unique.UniqueSendP" qname="UniqueSendP"/>
      <type-interface alignment="I:2" size="I:2"><interface-ref name="Send" ref="0x41002a20" scoped=""/></type-interface>
      <instance>
        <interfacedef-ref nicename="tos.interfaces.Send" qname="Send"/>
      </instance>
      <interface-functions>
        <function-ref name="send" ref="0x41002bf8" scoped=""/>
        <function-ref name="getPayload" ref="0x41002cd8" scoped=""/>
        <function-ref name="maxPayloadLength" ref="0x41002db8" scoped=""/>
        <function-ref name="cancel" ref="0x41002e98" scoped=""/>
        <function-ref name="sendDone" ref="0x40fff010" scoped=""/>
      </interface-functions>
    </interface><interface loc="46:/home/zly/tinyos-main/tos/system/RandomC.nc" name="Random" provided="1" ref="0x40fda978">
      <component-ref nicename="tos.system.RandomC" qname="RandomC"/>
      <type-interface alignment="I:2" size="I:2"><interface-ref name="Random" ref="0x40fda978" scoped=""/></type-interface>
      <instance>
        <interfacedef-ref nicename="tos.interfaces.Random" qname="Random"/>
      </instance>
      <interface-functions>
        <function-ref name="rand16" ref="0x40fdab50" scoped=""/>
        <function-ref name="rand32" ref="0x40fdac30" scoped=""/>
      </interface-functions>
    </interface><interface loc="47:/home/zly/tinyos-main/tos/chips/cc2420/unique/UniqueSendP.nc" name="Random" provided="0" ref="0x40ffe430">
      <component-ref nicename="tos.chips.cc2420.unique.UniqueSendP" qname="UniqueSendP"/>
      <type-interface alignment="I:2" size="I:2"><interface-ref name="Random" ref="0x40ffe430" scoped=""/></type-interface>
      <instance>
        <interfacedef-ref nicename="tos.interfaces.Random" qname="Random"/>
      </instance>
      <interface-functions>
        <function-ref name="rand16" ref="0x40ffe608" scoped=""/>
        <function-ref name="rand32" ref="0x40ffe6e8" scoped=""/>
      </interface-functions>
    </interface><interface loc="45:/home/zly/tinyos-main/tos/chips/cc2420/unique/UniqueSendP.nc" name="SubSend" provided="0" ref="0x40fff570">
      <component-ref nicename="tos.chips.cc2420.unique.UniqueSendP" qname="UniqueSendP"/>
      <type-interface alignment="I:2" size="I:2"><interface-ref name="SubSend" ref="0x40fff570" scoped=""/></type-interface>
      <instance>
        <interfacedef-ref nicename="tos.interfaces.Send" qname="Send"/>
      </instance>
      <interface-functions>
        <function-ref name="send" ref="0x40fff748" scoped=""/>
        <function-ref name="getPayload" ref="0x40fff828" scoped=""/>
        <function-ref name="maxPayloadLength" ref="0x40fff908" scoped=""/>
        <function-ref name="cancel" ref="0x40fff9e8" scoped=""/>
        <function-ref name="sendDone" ref="0x40fffac8" scoped=""/>
      </interface-functions>
    </interface><interface loc="43:/home/zly/tinyos-main/tos/chips/cc2420/packet/CC2420PacketC.nc" name="CC2420PacketBody" provided="1" ref="0x40f689c8">
      <component-ref nicename="tos.chips.cc2420.packet.CC2420PacketC" qname="CC2420PacketC"/>
      <type-interface alignment="I:2" size="I:2"><interface-ref name="CC2420PacketBody" ref="0x40f689c8" scoped=""/></type-interface>
      <instance>
        <interfacedef-ref nicename="tos.chips.cc2420.interfaces.CC2420PacketBody" qname="CC2420PacketBody"/>
      </instance>
      <interface-functions>
        <function-ref name="getPayload" ref="0x40f68ba0" scoped=""/>
        <function-ref name="getHeader" ref="0x40f68c80" scoped=""/>
        <function-ref name="getMetadata" ref="0x40f68d60" scoped=""/>
      </interface-functions>
    </interface><component loc="38:/home/zly/tinyos-main/tos/chips/cc2420/packet/CC2420PacketC.nc" nicename="tos.chips.cc2420.packet.CC2420PacketC" qname="CC2420PacketC">
      <documentation loc="32:/home/zly/tinyos-main/tos/chips/cc2420/packet/CC2420PacketC.nc">
        <short>
 </short>
        <long>
 @author Jonathan Hui &lt;jhui@archrock.com&gt;
 @author David Moss
 @author Chad Metcalf
</long>
      </documentation>
      <configuration/>
      <wiring>
        <wire loc="58:/home/zly/tinyos-main/tos/chips/cc2420/packet/CC2420PacketC.nc">
          <from><interface-ref name="LinkPacketMetadata" ref="0x40f67010" scoped=""/></from>
          <to><interface-ref name="LinkPacketMetadata" ref="0x40f94a40" scoped=""/></to>
        </wire>
        <wire loc="55:/home/zly/tinyos-main/tos/chips/cc2420/packet/CC2420PacketC.nc">
          <from><interface-ref name="CC2420Packet" ref="0x40f6bb88" scoped=""/></from>
          <to><interface-ref name="CC2420Packet" ref="0x40f61668" scoped=""/></to>
        </wire>
        <wire loc="59:/home/zly/tinyos-main/tos/chips/cc2420/packet/CC2420PacketC.nc">
          <from><interface-ref name="PacketTimeStamp32khz" ref="0x40f67668" scoped=""/></from>
          <to><interface-ref name="PacketTimeStamp32khz" ref="0x40f93100" scoped=""/></to>
        </wire>
        <wire loc="57:/home/zly/tinyos-main/tos/chips/cc2420/packet/CC2420PacketC.nc">
          <from><interface-ref name="CC2420PacketBody" ref="0x40f689c8" scoped=""/></from>
          <to><interface-ref name="CC2420PacketBody" ref="0x40f944b0" scoped=""/></to>
        </wire>
        <wire loc="61:/home/zly/tinyos-main/tos/chips/cc2420/packet/CC2420PacketC.nc">
          <from><interface-ref name="PacketTimeSyncOffset" ref="0x40f63888" scoped=""/></from>
          <to><interface-ref name="PacketTimeSyncOffset" ref="0x40f8f308" scoped=""/></to>
        </wire>
        <wire loc="60:/home/zly/tinyos-main/tos/chips/cc2420/packet/CC2420PacketC.nc">
          <from><interface-ref name="PacketTimeStampMilli" ref="0x40f64100" scoped=""/></from>
          <to><interface-ref name="PacketTimeStampMilli" ref="0x40f92af8" scoped=""/></to>
        </wire>
        <wire loc="56:/home/zly/tinyos-main/tos/chips/cc2420/packet/CC2420PacketC.nc">
          <from><interface-ref name="Acks" ref="0x40f68448" scoped=""/></from>
          <to><interface-ref name="Acks" ref="0x40f61f10" scoped=""/></to>
        </wire>
        <wire loc="64:/home/zly/tinyos-main/tos/chips/cc2420/packet/CC2420PacketC.nc">
          <from><interface-ref name="Counter" ref="0x40f96010" scoped=""/></from>
          <to><interface-ref name="Counter" ref="0x409858f0" scoped=""/></to>
        </wire>
        <wire loc="65:/home/zly/tinyos-main/tos/chips/cc2420/packet/CC2420PacketC.nc">
          <from><interface-ref name="LocalTime32khz" ref="0x40f8e1e0" scoped=""/></from>
          <to><interface-ref name="LocalTime" ref="0x40f975d8" scoped=""/></to>
        </wire>
        <wire loc="69:/home/zly/tinyos-main/tos/chips/cc2420/packet/CC2420PacketC.nc">
          <from><interface-ref name="LocalTimeMilli" ref="0x40f8ec38" scoped=""/></from>
          <to><interface-ref name="LocalTime" ref="0x407864d8" scoped=""/></to>
        </wire>
      </wiring>
    </component><component loc="38:/home/zly/tinyos-main/tos/chips/cc2420/unique/UniqueSendP.nc" nicename="tos.chips.cc2420.unique.UniqueSendP" qname="UniqueSendP" safe="">
      <documentation loc="32:/home/zly/tinyos-main/tos/chips/cc2420/unique/UniqueSendP.nc">
        <short>
 This layer is responsible for supplying a unique data sequence number (dsn)
 to each outgoing message.</short>
        <long>
 This layer is responsible for supplying a unique data sequence number (dsn)
 to each outgoing message.
 @author David Moss
</long>
      </documentation>
      <module/>
    </component><component loc="56:/home/zly/tinyos-main/tos/system/MainC.nc" nicename="tos.system.MainC" qname="MainC">
      <documentation loc="45:/home/zly/tinyos-main/tos/system/MainC.nc">
        <short>
 MainC is the system interface the TinyOS boot sequence.</short>
        <long>
 MainC is the system interface the TinyOS boot sequence. It wires the
 boot sequence implementation to the scheduler and hardware resources.

 @author Philip Levis
 @date   August 6 2005
 @see    TEP 107: Boot Sequence
</long>
      </documentation>
      <configuration/>
      <wiring>
        <wire loc="72:/home/zly/tinyos-main/tos/system/MainC.nc">
          <from><interface-ref name="Boot" ref="0x406101c8" scoped=""/></from>
          <to><interface-ref name="Boot" ref="0x40611840" scoped=""/></to>
        </wire>
        <wire loc="67:/home/zly/tinyos-main/tos/system/MainC.nc">
          <from><interface-ref name="Scheduler" ref="0x40611bd8" scoped=""/></from>
          <to><interface-ref name="Scheduler" ref="0x403875f0" scoped=""/></to>
        </wire>
        <wire loc="68:/home/zly/tinyos-main/tos/system/MainC.nc">
          <from><interface-ref name="PlatformInit" ref="0x4062f240" scoped=""/></from>
          <to><interface-ref name="Init" ref="0x406126f8" scoped=""/></to>
        </wire>
        <wire loc="71:/home/zly/tinyos-main/tos/system/MainC.nc">
          <from><interface-ref name="SoftwareInit" ref="0x4062f648" scoped=""/></from>
          <to><interface-ref name="SoftwareInit" ref="0x40610df0" scoped=""/></to>
        </wire>
      </wiring>
    </component><component loc="65(UniqueSendC.StateC):/home/zly/tinyos-main/tos/system/StateC.nc" nicename="tos.system.StateC" qname="UniqueSendC.StateC">
      <documentation loc="32:/home/zly/tinyos-main/tos/types/State.h">
        <short>
 </short>
        <long>
 @author David Moss
</long>
      </documentation>
      <instance number="2">
        <component-ref nicename="tos.system.StateC" qname="StateC"/>
      </instance>
      <configuration/>
      <wiring>
        <wire loc="74:/home/zly/tinyos-main/tos/system/StateC.nc">
          <from><interface-ref name="State" ref="0x41001ab8" scoped=""/></from>
          <to><interface-ref name="State" ref="0x40be4100" scoped=""/>
          <arguments>
            <value cst="I:2">
              <type-int alignment="I:2" cname="unsigned int" size="I:2" unsigned=""/>
            </value>
          </arguments>
          </to>
        </wire>
      </wiring>
    </component><component loc="43:/home/zly/tinyos-main/tos/system/RandomC.nc" nicename="tos.system.RandomC" qname="RandomC">
      <documentation loc="33:/home/zly/tinyos-main/tos/system/RandomC.nc">
        <short>
 The standard TinyOS random number generator.</short>
        <long>
 The standard TinyOS random number generator. If your system requires a 
 specific random number generator, it should wire to that component
 directly. 

 @author  Barbara Hohlt 
 @author  Phil Levis 
 @date    March 1 2005
</long>
      </documentation>
      <configuration/>
      <wiring>
        <wire loc="56:/home/zly/tinyos-main/tos/system/RandomC.nc">
          <from><interface-ref name="Random" ref="0x40fda978" scoped=""/></from>
          <to><interface-ref name="Random" ref="0x40fd6478" scoped=""/></to>
        </wire>
        <wire loc="55:/home/zly/tinyos-main/tos/system/RandomC.nc">
          <from><interface-ref name="SeedInit" ref="0x40fda0b8" scoped=""/></from>
          <to><interface-ref name="SeedInit" ref="0x40fd9b10" scoped=""/></to>
        </wire>
        <wire loc="54:/home/zly/tinyos-main/tos/system/RandomC.nc">
          <from><interface-ref name="Init" ref="0x40fdee30" scoped=""/></from>
          <to><interface-ref name="Init" ref="0x40fd95f0" scoped=""/></to>
        </wire>
        <wire loc="52:/home/zly/tinyos-main/tos/system/RandomC.nc">
          <from><interface-ref name="SoftwareInit" ref="0x40610df0" scoped=""/></from>
          <to><interface-ref name="Init" ref="0x40fd95f0" scoped=""/></to>
        </wire>
      </wiring>
    </component></referenced></component>