<?xml version="1.0" ?><component abstract="" loc="39:/home/zly/tinyos-main/tos/chips/msp430/timer/Msp430TimerCapComP.nc" nicename="tos.chips.msp430.timer.Msp430TimerCapComP" qname="Msp430TimerCapComP" safe="">
      <documentation loc="33:/home/zly/tinyos-main/tos/chips/msp430/timer/Msp430TimerCapComP.nc">
        <short>
 </short>
        <long>
 @author Cory Sharp &lt;cssharp@eecs.berkeley.edu&gt;
</long>
      </documentation>
      <parameters>
        <constant loc="40:/home/zly/tinyos-main/tos/chips/msp430/timer/Msp430TimerCapComP.nc" name="TxCCTLx_addr" ref="0x4069be00">
          <component-ref nicename="tos.chips.msp430.timer.Msp430TimerCapComP" qname="Msp430TimerCapComP"/>
          <type-int alignment="I:2" cname="unsigned int" size="I:2" unsigned="">
            <typename><typedef-ref name="uint16_t" ref="0x40213010"/></typename>
          </type-int>
        </constant>
        <constant loc="41:/home/zly/tinyos-main/tos/chips/msp430/timer/Msp430TimerCapComP.nc" name="TxCCRx_addr" ref="0x40698088">
          <component-ref nicename="tos.chips.msp430.timer.Msp430TimerCapComP" qname="Msp430TimerCapComP"/>
          <type-int alignment="I:2" cname="unsigned int" size="I:2" unsigned="">
            <typename><typedef-ref name="uint16_t" ref="0x40213010"/></typename>
          </type-int>
        </constant>
      </parameters>
      <module/>
    <specification><interface loc="46:/home/zly/tinyos-main/tos/chips/msp430/timer/Msp430TimerCapComP.nc" name="Capture" provided="1" ref="0x406aa8f8">
      <component-ref nicename="tos.chips.msp430.timer.Msp430TimerCapComP" qname="Msp430TimerCapComP"/>
      <type-interface alignment="I:2" size="I:2"><interface-ref name="Capture" ref="0x406aa8f8" scoped=""/></type-interface>
      <instance>
        <interfacedef-ref nicename="tos.chips.msp430.timer.Msp430Capture" qname="Msp430Capture"/>
      </instance>
      <interface-functions>
        <function-ref name="getEvent" ref="0x406aaad0" scoped=""/>
        <function-ref name="setSynchronous" ref="0x406aabb0" scoped=""/>
        <function-ref name="captured" ref="0x406aac90" scoped=""/>
        <function-ref name="clearOverflow" ref="0x406aad70" scoped=""/>
        <function-ref name="isOverflowPending" ref="0x406aae50" scoped=""/>
        <function-ref name="setEdge" ref="0x406a9010" scoped=""/>
      </interface-functions>
    </interface><interface loc="44:/home/zly/tinyos-main/tos/chips/msp430/timer/Msp430TimerCapComP.nc" name="Control" provided="1" ref="0x40698608">
      <component-ref nicename="tos.chips.msp430.timer.Msp430TimerCapComP" qname="Msp430TimerCapComP"/>
      <type-interface alignment="I:2" size="I:2"><interface-ref name="Control" ref="0x40698608" scoped=""/></type-interface>
      <instance>
        <interfacedef-ref nicename="tos.chips.msp430.timer.Msp430TimerControl" qname="Msp430TimerControl"/>
      </instance>
      <interface-functions>
        <function-ref name="setControlAsCapture" ref="0x406987e0" scoped=""/>
        <function-ref name="getControl" ref="0x406988c0" scoped=""/>
        <function-ref name="enableEvents" ref="0x406989a0" scoped=""/>
        <function-ref name="areEventsEnabled" ref="0x40698a80" scoped=""/>
        <function-ref name="setControlAsCompare" ref="0x40698b60" scoped=""/>
        <function-ref name="disableEvents" ref="0x40698c40" scoped=""/>
        <function-ref name="isInterruptPending" ref="0x40698d20" scoped=""/>
        <function-ref name="clearPendingInterrupt" ref="0x40698e00" scoped=""/>
        <function-ref name="setControl" ref="0x40698ee0" scoped=""/>
      </interface-functions>
    </interface><interface loc="48:/home/zly/tinyos-main/tos/chips/msp430/timer/Msp430TimerCapComP.nc" name="Event" provided="0" ref="0x406a8010">
      <component-ref nicename="tos.chips.msp430.timer.Msp430TimerCapComP" qname="Msp430TimerCapComP"/>
      <type-interface alignment="I:2" size="I:2"><interface-ref name="Event" ref="0x406a8010" scoped=""/></type-interface>
      <instance>
        <interfacedef-ref nicename="tos.chips.msp430.timer.Msp430TimerEvent" qname="Msp430TimerEvent"/>
      </instance>
      <interface-functions>
        <function-ref name="fired" ref="0x406a81e8" scoped=""/>
      </interface-functions>
    </interface><interface loc="45:/home/zly/tinyos-main/tos/chips/msp430/timer/Msp430TimerCapComP.nc" name="Compare" provided="1" ref="0x406aa150">
      <component-ref nicename="tos.chips.msp430.timer.Msp430TimerCapComP" qname="Msp430TimerCapComP"/>
      <type-interface alignment="I:2" size="I:2"><interface-ref name="Compare" ref="0x406aa150" scoped=""/></type-interface>
      <instance>
        <interfacedef-ref nicename="tos.chips.msp430.timer.Msp430Compare" qname="Msp430Compare"/>
      </instance>
      <interface-functions>
        <function-ref name="getEvent" ref="0x406aa328" scoped=""/>
        <function-ref name="setEvent" ref="0x406aa408" scoped=""/>
        <function-ref name="setEventFromPrev" ref="0x406aa4e8" scoped=""/>
        <function-ref name="setEventFromNow" ref="0x406aa5c8" scoped=""/>
        <function-ref name="fired" ref="0x406aa6a8" scoped=""/>
      </interface-functions>
    </interface><interface loc="47:/home/zly/tinyos-main/tos/chips/msp430/timer/Msp430TimerCapComP.nc" name="Timer" provided="0" ref="0x406a9238">
      <component-ref nicename="tos.chips.msp430.timer.Msp430TimerCapComP" qname="Msp430TimerCapComP"/>
      <type-interface alignment="I:2" size="I:2"><interface-ref name="Timer" ref="0x406a9238" scoped=""/></type-interface>
      <instance>
        <interfacedef-ref nicename="tos.chips.msp430.timer.Msp430Timer" qname="Msp430Timer"/>
      </instance>
      <interface-functions>
        <function-ref name="clear" ref="0x406a9410" scoped=""/>
        <function-ref name="setClockSource" ref="0x406a94f0" scoped=""/>
        <function-ref name="enableEvents" ref="0x406a95d0" scoped=""/>
        <function-ref name="get" ref="0x406a96b0" scoped=""/>
        <function-ref name="disableEvents" ref="0x406a9790" scoped=""/>
        <function-ref name="clearOverflow" ref="0x406a9870" scoped=""/>
        <function-ref name="getMode" ref="0x406a9950" scoped=""/>
        <function-ref name="isOverflowPending" ref="0x406a9a30" scoped=""/>
        <function-ref name="overflow" ref="0x406a9b10" scoped=""/>
        <function-ref name="setMode" ref="0x406a9bf0" scoped=""/>
        <function-ref name="setInputDivider" ref="0x406a9cd0" scoped=""/>
      </interface-functions>
    </interface></specification><referenced/></component>