<?xml version="1.0" ?><component loc="2:/home/zly/tinyos-main/tos/chips/msp430/usart/HplMsp430I2C0C.nc" nicename="tos.chips.msp430.usart.HplMsp430I2C0C" qname="HplMsp430I2C0C">
      <configuration/>
      <wiring>
        <wire loc="11:/home/zly/tinyos-main/tos/chips/msp430/usart/HplMsp430I2C0C.nc">
          <from><interface-ref name="HplMsp430I2C" ref="0x40d8cbb0" scoped=""/></from>
          <to><interface-ref name="HplI2C" ref="0x40d83030" scoped=""/></to>
        </wire>
        <wire loc="14:/home/zly/tinyos-main/tos/chips/msp430/usart/HplMsp430I2C0C.nc">
          <from><interface-ref name="HplI2C" ref="0x40ca01e8" scoped=""/></from>
          <to><interface-ref name="HplI2C" ref="0x40d83030" scoped=""/></to>
        </wire>
        <wire loc="15:/home/zly/tinyos-main/tos/chips/msp430/usart/HplMsp430I2C0C.nc">
          <from><interface-ref name="HplUsart" ref="0x40d80c58" scoped=""/></from>
          <to><interface-ref name="Usart" ref="0x40c8f010" scoped=""/></to>
        </wire>
        <wire loc="18:/home/zly/tinyos-main/tos/chips/msp430/usart/HplMsp430I2C0C.nc">
          <from><interface-ref name="SIMO" ref="0x40dad518" scoped=""/></from>
          <to><interface-ref name="SIMO0" ref="0x409ebd80" scoped=""/></to>
        </wire>
        <wire loc="19:/home/zly/tinyos-main/tos/chips/msp430/usart/HplMsp430I2C0C.nc">
          <from><interface-ref name="UCLK" ref="0x40dac678" scoped=""/></from>
          <to><interface-ref name="UCLK0" ref="0x409e71a0" scoped=""/></to>
        </wire>
      </wiring>
    <specification><interface loc="4:/home/zly/tinyos-main/tos/chips/msp430/usart/HplMsp430I2C0C.nc" name="HplMsp430I2C" provided="1" ref="0x40d8cbb0">
      <component-ref nicename="tos.chips.msp430.usart.HplMsp430I2C0C" qname="HplMsp430I2C0C"/>
      <type-interface alignment="I:2" size="I:2"><interface-ref name="HplMsp430I2C" ref="0x40d8cbb0" scoped=""/></type-interface>
      <instance>
        <interfacedef-ref nicename="tos.chips.msp430.usart.HplMsp430I2C" qname="HplMsp430I2C"/>
      </instance>
      <interface-functions>
        <function-ref name="disableOwnAddress" ref="0x40d8cd88" scoped=""/>
        <function-ref name="getStartByte" ref="0x40d8ce68" scoped=""/>
        <function-ref name="setSlaveAddress" ref="0x40d89010" scoped=""/>
        <function-ref name="setMasterMode" ref="0x40d890f0" scoped=""/>
        <function-ref name="disableTransmitReady" ref="0x40d891d0" scoped=""/>
        <function-ref name="getClockPrescaler" ref="0x40d892b0" scoped=""/>
        <function-ref name="setTransmitMode" ref="0x40d89390" scoped=""/>
        <function-ref name="getStopBit" ref="0x40d89470" scoped=""/>
        <function-ref name="setClockSource" ref="0x40d89550" scoped=""/>
        <function-ref name="getRepeatMode" ref="0x40d89630" scoped=""/>
        <function-ref name="getData" ref="0x40d89710" scoped=""/>
        <function-ref name="enableStartDetect" ref="0x40d897f0" scoped=""/>
        <function-ref name="enableAccessReady" ref="0x40d898d0" scoped=""/>
        <function-ref name="getSlaveAddress" ref="0x40d89a30" scoped=""/>
        <function-ref name="isGeneralCallPending" ref="0x40d89b10" scoped=""/>
        <function-ref name="getIV" ref="0x40d89bf0" scoped=""/>
        <function-ref name="enableI2C" ref="0x40d89cd0" scoped=""/>
        <function-ref name="setStartBit" ref="0x40d89db0" scoped=""/>
        <function-ref name="getTransferByteCount" ref="0x40d89e90" scoped=""/>
        <function-ref name="getTransmitReceiveMode" ref="0x40d88010" scoped=""/>
        <function-ref name="clearModeI2C" ref="0x40d880f0" scoped=""/>
        <function-ref name="setOwnAddress" ref="0x40d881d0" scoped=""/>
        <function-ref name="isI2C" ref="0x40d882b0" scoped=""/>
        <function-ref name="enableGeneralCall" ref="0x40d88390" scoped=""/>
        <function-ref name="enableOwnAddress" ref="0x40d88470" scoped=""/>
        <function-ref name="isAccessReadyPending" ref="0x40d88650" scoped=""/>
        <function-ref name="isArbitrationLostPending" ref="0x40d88730" scoped=""/>
        <function-ref name="disableReceiveReady" ref="0x40d88810" scoped=""/>
        <function-ref name="disableNoAck" ref="0x40d888f0" scoped=""/>
        <function-ref name="disableStartDetect" ref="0x40d889d0" scoped=""/>
        <function-ref name="enableArbitrationLost" ref="0x40d88ab0" scoped=""/>
        <function-ref name="disableI2C" ref="0x40d88b90" scoped=""/>
        <function-ref name="getShiftClock" ref="0x40d88c70" scoped=""/>
        <function-ref name="disableArbitrationLost" ref="0x40d88d50" scoped=""/>
        <function-ref name="disableAccessReady" ref="0x40d88e30" scoped=""/>
        <function-ref name="setTransferByteCount" ref="0x40d88f10" scoped=""/>
        <function-ref name="isOwnAddressPending" ref="0x40d87010" scoped=""/>
        <function-ref name="getOwnAddress" ref="0x40d870f0" scoped=""/>
        <function-ref name="enableTransmitReady" ref="0x40d871d0" scoped=""/>
        <function-ref name="setModeI2C" ref="0x40d872b0" scoped=""/>
        <function-ref name="getStartBit" ref="0x40d87390" scoped=""/>
        <function-ref name="setWordMode" ref="0x40d87470" scoped=""/>
        <function-ref name="setData" ref="0x40d87550" scoped=""/>
        <function-ref name="isStartDetectPending" ref="0x40d87630" scoped=""/>
        <function-ref name="getClockSource" ref="0x40d87710" scoped=""/>
        <function-ref name="getWordMode" ref="0x40d877f0" scoped=""/>
        <function-ref name="setShiftClock" ref="0x40d878d0" scoped=""/>
        <function-ref name="setSlaveMode" ref="0x40d879b0" scoped=""/>
        <function-ref name="enableNoAck" ref="0x40d87a90" scoped=""/>
        <function-ref name="enableReceiveReady" ref="0x40d87d70" scoped=""/>
        <function-ref name="disableGeneralCall" ref="0x40d87e50" scoped=""/>
        <function-ref name="setClockPrescaler" ref="0x40d86010" scoped=""/>
        <function-ref name="setStopBit" ref="0x40d860f0" scoped=""/>
        <function-ref name="setReceiveMode" ref="0x40d861d0" scoped=""/>
        <function-ref name="isNoAckPending" ref="0x40d862b0" scoped=""/>
        <function-ref name="setRepeatMode" ref="0x40d86390" scoped=""/>
        <function-ref name="isTransmitReadyPending" ref="0x40d86470" scoped=""/>
        <function-ref name="setStartByte" ref="0x40d86550" scoped=""/>
        <function-ref name="isReceiveReadyPending" ref="0x40d86630" scoped=""/>
      </interface-functions>
    </interface></specification><referenced><interface loc="144:/home/zly/tinyos-main/tos/chips/msp430/pins/HplMsp430GeneralIOC.nc" name="SIMO0" provided="1" ref="0x409ebd80">
      <component-ref nicename="tos.chips.msp430.pins.HplMsp430GeneralIOC" qname="HplMsp430GeneralIOC"/>
      <type-interface alignment="I:2" size="I:2"><interface-ref name="SIMO0" ref="0x409ebd80" scoped=""/></type-interface>
      <instance>
        <interfacedef-ref nicename="tos.chips.msp430.pins.HplMsp430GeneralIO" qname="HplMsp430GeneralIO"/>
      </instance>
      <interface-functions>
        <function-ref name="makeInput" ref="0x409ea010" scoped=""/>
        <function-ref name="isInput" ref="0x409ea0f0" scoped=""/>
        <function-ref name="setResistor" ref="0x409ea1d0" scoped=""/>
        <function-ref name="toggle" ref="0x409ea2b0" scoped=""/>
        <function-ref name="isOutput" ref="0x409ea390" scoped=""/>
        <function-ref name="getResistor" ref="0x409ea470" scoped=""/>
        <function-ref name="makeOutput" ref="0x409ea550" scoped=""/>
        <function-ref name="get" ref="0x409ea630" scoped=""/>
        <function-ref name="selectIOFunc" ref="0x409ea710" scoped=""/>
        <function-ref name="getRaw" ref="0x409ea7f0" scoped=""/>
        <function-ref name="set" ref="0x409ea8d0" scoped=""/>
        <function-ref name="selectModuleFunc" ref="0x409ea9b0" scoped=""/>
        <function-ref name="isIOFunc" ref="0x409eaa90" scoped=""/>
        <function-ref name="isModuleFunc" ref="0x409eabf0" scoped=""/>
        <function-ref name="clr" ref="0x409eacd0" scoped=""/>
      </interface-functions>
    </interface><interface loc="79:/home/zly/tinyos-main/tos/chips/msp430/usart/HplMsp430Usart0P.nc" name="HplI2C" provided="0" ref="0x40ca01e8">
      <component-ref nicename="tos.chips.msp430.usart.HplMsp430Usart0P" qname="HplMsp430Usart0P"/>
      <type-interface alignment="I:2" size="I:2"><interface-ref name="HplI2C" ref="0x40ca01e8" scoped=""/></type-interface>
      <instance>
        <interfacedef-ref nicename="tos.chips.msp430.usart.HplMsp430I2C" qname="HplMsp430I2C"/>
      </instance>
      <interface-functions>
        <function-ref name="disableOwnAddress" ref="0x40ca03c0" scoped=""/>
        <function-ref name="getStartByte" ref="0x40ca04a0" scoped=""/>
        <function-ref name="setSlaveAddress" ref="0x40ca0580" scoped=""/>
        <function-ref name="setMasterMode" ref="0x40ca0660" scoped=""/>
        <function-ref name="disableTransmitReady" ref="0x40ca0740" scoped=""/>
        <function-ref name="getClockPrescaler" ref="0x40ca0820" scoped=""/>
        <function-ref name="setTransmitMode" ref="0x40ca0900" scoped=""/>
        <function-ref name="getStopBit" ref="0x40ca09e0" scoped=""/>
        <function-ref name="setClockSource" ref="0x40ca0ac0" scoped=""/>
        <function-ref name="getRepeatMode" ref="0x40ca0ba0" scoped=""/>
        <function-ref name="getData" ref="0x40ca0c80" scoped=""/>
        <function-ref name="enableStartDetect" ref="0x40ca0d60" scoped=""/>
        <function-ref name="enableAccessReady" ref="0x40ca0e40" scoped=""/>
        <function-ref name="getSlaveAddress" ref="0x40c8b010" scoped=""/>
        <function-ref name="isGeneralCallPending" ref="0x40c8b0f0" scoped=""/>
        <function-ref name="getIV" ref="0x40c8b1d0" scoped=""/>
        <function-ref name="enableI2C" ref="0x40c8b2b0" scoped=""/>
        <function-ref name="setStartBit" ref="0x40c8b390" scoped=""/>
        <function-ref name="getTransferByteCount" ref="0x40c8b470" scoped=""/>
        <function-ref name="getTransmitReceiveMode" ref="0x40c8b550" scoped=""/>
        <function-ref name="clearModeI2C" ref="0x40c8b630" scoped=""/>
        <function-ref name="setOwnAddress" ref="0x40c8b710" scoped=""/>
        <function-ref name="isI2C" ref="0x40c8b7f0" scoped=""/>
        <function-ref name="enableGeneralCall" ref="0x40c8b8d0" scoped=""/>
        <function-ref name="enableOwnAddress" ref="0x40c8b9b0" scoped=""/>
        <function-ref name="isAccessReadyPending" ref="0x40c8bb90" scoped=""/>
        <function-ref name="isArbitrationLostPending" ref="0x40c8bc70" scoped=""/>
        <function-ref name="disableReceiveReady" ref="0x40c8bd50" scoped=""/>
        <function-ref name="disableNoAck" ref="0x40c8be30" scoped=""/>
        <function-ref name="disableStartDetect" ref="0x40c8bf10" scoped=""/>
        <function-ref name="enableArbitrationLost" ref="0x40c8a010" scoped=""/>
        <function-ref name="disableI2C" ref="0x40c8a0f0" scoped=""/>
        <function-ref name="getShiftClock" ref="0x40c8a1d0" scoped=""/>
        <function-ref name="disableArbitrationLost" ref="0x40c8a2b0" scoped=""/>
        <function-ref name="disableAccessReady" ref="0x40c8a390" scoped=""/>
        <function-ref name="setTransferByteCount" ref="0x40c8a470" scoped=""/>
        <function-ref name="isOwnAddressPending" ref="0x40c8a550" scoped=""/>
        <function-ref name="getOwnAddress" ref="0x40c8a630" scoped=""/>
        <function-ref name="enableTransmitReady" ref="0x40c8a710" scoped=""/>
        <function-ref name="setModeI2C" ref="0x40c8a7f0" scoped=""/>
        <function-ref name="getStartBit" ref="0x40c8a8d0" scoped=""/>
        <function-ref name="setWordMode" ref="0x40c8a9b0" scoped=""/>
        <function-ref name="setData" ref="0x40c8aa90" scoped=""/>
        <function-ref name="isStartDetectPending" ref="0x40c8ab70" scoped=""/>
        <function-ref name="getClockSource" ref="0x40c8ac50" scoped=""/>
        <function-ref name="getWordMode" ref="0x40c8ad30" scoped=""/>
        <function-ref name="setShiftClock" ref="0x40c8ae10" scoped=""/>
        <function-ref name="setSlaveMode" ref="0x40c8aef0" scoped=""/>
        <function-ref name="enableNoAck" ref="0x40c9f010" scoped=""/>
        <function-ref name="enableReceiveReady" ref="0x40c9f2f0" scoped=""/>
        <function-ref name="disableGeneralCall" ref="0x40c9f3d0" scoped=""/>
        <function-ref name="setClockPrescaler" ref="0x40c9f4b0" scoped=""/>
        <function-ref name="setStopBit" ref="0x40c9f590" scoped=""/>
        <function-ref name="setReceiveMode" ref="0x40c9f670" scoped=""/>
        <function-ref name="isNoAckPending" ref="0x40c9f750" scoped=""/>
        <function-ref name="setRepeatMode" ref="0x40c9f830" scoped=""/>
        <function-ref name="isTransmitReadyPending" ref="0x40c9f910" scoped=""/>
        <function-ref name="setStartByte" ref="0x40c9f9f0" scoped=""/>
        <function-ref name="isReceiveReadyPending" ref="0x40c9fad0" scoped=""/>
      </interface-functions>
    </interface><interface loc="41:/home/zly/tinyos-main/tos/chips/msp430/usart/HplMsp430I2C0P.nc" name="HplUsart" provided="0" ref="0x40d80c58">
      <component-ref nicename="tos.chips.msp430.usart.HplMsp430I2C0P" qname="HplMsp430I2C0P"/>
      <type-interface alignment="I:2" size="I:2"><interface-ref name="HplUsart" ref="0x40d80c58" scoped=""/></type-interface>
      <instance>
        <interfacedef-ref nicename="tos.chips.msp430.usart.HplMsp430Usart" qname="HplMsp430Usart"/>
      </instance>
      <interface-functions>
        <function-ref name="isTxEmpty" ref="0x40d80e30" scoped=""/>
        <function-ref name="enableUartRx" ref="0x40d80f10" scoped=""/>
        <function-ref name="setUctl" ref="0x40daf010" scoped=""/>
        <function-ref name="enableUart" ref="0x40daf0f0" scoped=""/>
        <function-ref name="setUrctl" ref="0x40daf1d0" scoped=""/>
        <function-ref name="enableRxIntr" ref="0x40daf2b0" scoped=""/>
        <function-ref name="clrRxIntr" ref="0x40daf390" scoped=""/>
        <function-ref name="getUtctl" ref="0x40daf470" scoped=""/>
        <function-ref name="getUrctl" ref="0x40daf550" scoped=""/>
        <function-ref name="resetUsart" ref="0x40daf630" scoped=""/>
        <function-ref name="getUmctl" ref="0x40daf710" scoped=""/>
        <function-ref name="disableIntr" ref="0x40daf7f0" scoped=""/>
        <function-ref name="setUtctl" ref="0x40daf8d0" scoped=""/>
        <function-ref name="getUbr" ref="0x40dafa30" scoped=""/>
        <function-ref name="enableTxIntr" ref="0x40dafb10" scoped=""/>
        <function-ref name="setUmctl" ref="0x40dafbf0" scoped=""/>
        <function-ref name="isUartRx" ref="0x40dafcd0" scoped=""/>
        <function-ref name="isUart" ref="0x40dafdb0" scoped=""/>
        <function-ref name="disableRxIntr" ref="0x40dafe90" scoped=""/>
        <function-ref name="isSpi" ref="0x40dae010" scoped=""/>
        <function-ref name="enableUartTx" ref="0x40dae0f0" scoped=""/>
        <function-ref name="disableTxIntr" ref="0x40dae1d0" scoped=""/>
        <function-ref name="disableUartRx" ref="0x40dae2b0" scoped=""/>
        <function-ref name="enableIntr" ref="0x40dae390" scoped=""/>
        <function-ref name="getMode" ref="0x40dae470" scoped=""/>
        <function-ref name="isTxIntrPending" ref="0x40dae650" scoped=""/>
        <function-ref name="clrIntr" ref="0x40dae730" scoped=""/>
        <function-ref name="setUbr" ref="0x40dae810" scoped=""/>
        <function-ref name="tx" ref="0x40dae8f0" scoped=""/>
        <function-ref name="getUctl" ref="0x40dae9d0" scoped=""/>
        <function-ref name="disableUart" ref="0x40daeab0" scoped=""/>
        <function-ref name="enableSpi" ref="0x40daeb90" scoped=""/>
        <function-ref name="setModeUart" ref="0x40daec70" scoped=""/>
        <function-ref name="setModeSpi" ref="0x40daed50" scoped=""/>
        <function-ref name="rx" ref="0x40daee30" scoped=""/>
        <function-ref name="isRxIntrPending" ref="0x40daef10" scoped=""/>
        <function-ref name="isUartTx" ref="0x40dad010" scoped=""/>
        <function-ref name="clrTxIntr" ref="0x40dad0f0" scoped=""/>
        <function-ref name="disableSpi" ref="0x40dad1d0" scoped=""/>
        <function-ref name="disableUartTx" ref="0x40dad2b0" scoped=""/>
      </interface-functions>
    </interface><interface loc="147:/home/zly/tinyos-main/tos/chips/msp430/pins/HplMsp430GeneralIOC.nc" name="UCLK0" provided="1" ref="0x409e71a0">
      <component-ref nicename="tos.chips.msp430.pins.HplMsp430GeneralIOC" qname="HplMsp430GeneralIOC"/>
      <type-interface alignment="I:2" size="I:2"><interface-ref name="UCLK0" ref="0x409e71a0" scoped=""/></type-interface>
      <instance>
        <interfacedef-ref nicename="tos.chips.msp430.pins.HplMsp430GeneralIO" qname="HplMsp430GeneralIO"/>
      </instance>
      <interface-functions>
        <function-ref name="makeInput" ref="0x409e7378" scoped=""/>
        <function-ref name="isInput" ref="0x409e7458" scoped=""/>
        <function-ref name="setResistor" ref="0x409e7538" scoped=""/>
        <function-ref name="toggle" ref="0x409e7618" scoped=""/>
        <function-ref name="isOutput" ref="0x409e76f8" scoped=""/>
        <function-ref name="getResistor" ref="0x409e77d8" scoped=""/>
        <function-ref name="makeOutput" ref="0x409e78b8" scoped=""/>
        <function-ref name="get" ref="0x409e7998" scoped=""/>
        <function-ref name="selectIOFunc" ref="0x409e7a78" scoped=""/>
        <function-ref name="getRaw" ref="0x409e7b58" scoped=""/>
        <function-ref name="set" ref="0x409e7c38" scoped=""/>
        <function-ref name="selectModuleFunc" ref="0x409e7d18" scoped=""/>
        <function-ref name="isIOFunc" ref="0x409e7df8" scoped=""/>
        <function-ref name="isModuleFunc" ref="0x409e6010" scoped=""/>
        <function-ref name="clr" ref="0x409e60f0" scoped=""/>
      </interface-functions>
    </interface><interface loc="42:/home/zly/tinyos-main/tos/chips/msp430/usart/HplMsp430I2C0P.nc" name="SIMO" provided="0" ref="0x40dad518">
      <component-ref nicename="tos.chips.msp430.usart.HplMsp430I2C0P" qname="HplMsp430I2C0P"/>
      <type-interface alignment="I:2" size="I:2"><interface-ref name="SIMO" ref="0x40dad518" scoped=""/></type-interface>
      <instance>
        <interfacedef-ref nicename="tos.chips.msp430.pins.HplMsp430GeneralIO" qname="HplMsp430GeneralIO"/>
      </instance>
      <interface-functions>
        <function-ref name="makeInput" ref="0x40dad6f0" scoped=""/>
        <function-ref name="isInput" ref="0x40dad7d0" scoped=""/>
        <function-ref name="setResistor" ref="0x40dad8b0" scoped=""/>
        <function-ref name="toggle" ref="0x40dad990" scoped=""/>
        <function-ref name="isOutput" ref="0x40dada70" scoped=""/>
        <function-ref name="getResistor" ref="0x40dadb50" scoped=""/>
        <function-ref name="makeOutput" ref="0x40dadc30" scoped=""/>
        <function-ref name="get" ref="0x40dadd10" scoped=""/>
        <function-ref name="selectIOFunc" ref="0x40daddf0" scoped=""/>
        <function-ref name="getRaw" ref="0x40daded0" scoped=""/>
        <function-ref name="set" ref="0x40dac010" scoped=""/>
        <function-ref name="selectModuleFunc" ref="0x40dac0f0" scoped=""/>
        <function-ref name="isIOFunc" ref="0x40dac1d0" scoped=""/>
        <function-ref name="isModuleFunc" ref="0x40dac330" scoped=""/>
        <function-ref name="clr" ref="0x40dac410" scoped=""/>
      </interface-functions>
    </interface><interface loc="75:/home/zly/tinyos-main/tos/chips/msp430/usart/HplMsp430Usart0P.nc" name="Usart" provided="1" ref="0x40c8f010">
      <component-ref nicename="tos.chips.msp430.usart.HplMsp430Usart0P" qname="HplMsp430Usart0P"/>
      <type-interface alignment="I:2" size="I:2"><interface-ref name="Usart" ref="0x40c8f010" scoped=""/></type-interface>
      <instance>
        <interfacedef-ref nicename="tos.chips.msp430.usart.HplMsp430Usart" qname="HplMsp430Usart"/>
      </instance>
      <interface-functions>
        <function-ref name="isTxEmpty" ref="0x40c8f1e8" scoped=""/>
        <function-ref name="enableUartRx" ref="0x40c8f2c8" scoped=""/>
        <function-ref name="setUctl" ref="0x40c8f3a8" scoped=""/>
        <function-ref name="enableUart" ref="0x40c8f488" scoped=""/>
        <function-ref name="setUrctl" ref="0x40c8f568" scoped=""/>
        <function-ref name="enableRxIntr" ref="0x40c8f648" scoped=""/>
        <function-ref name="clrRxIntr" ref="0x40c8f728" scoped=""/>
        <function-ref name="getUtctl" ref="0x40c8f808" scoped=""/>
        <function-ref name="getUrctl" ref="0x40c8f8e8" scoped=""/>
        <function-ref name="resetUsart" ref="0x40c8f9c8" scoped=""/>
        <function-ref name="getUmctl" ref="0x40c8faa8" scoped=""/>
        <function-ref name="disableIntr" ref="0x40c8fb88" scoped=""/>
        <function-ref name="setUtctl" ref="0x40c8fc68" scoped=""/>
        <function-ref name="getUbr" ref="0x40c8fdc8" scoped=""/>
        <function-ref name="enableTxIntr" ref="0x40c8fea8" scoped=""/>
        <function-ref name="setUmctl" ref="0x40c8e010" scoped=""/>
        <function-ref name="isUartRx" ref="0x40c8e0f0" scoped=""/>
        <function-ref name="isUart" ref="0x40c8e1d0" scoped=""/>
        <function-ref name="disableRxIntr" ref="0x40c8e2b0" scoped=""/>
        <function-ref name="isSpi" ref="0x40c8e390" scoped=""/>
        <function-ref name="enableUartTx" ref="0x40c8e470" scoped=""/>
        <function-ref name="disableTxIntr" ref="0x40c8e550" scoped=""/>
        <function-ref name="disableUartRx" ref="0x40c8e630" scoped=""/>
        <function-ref name="enableIntr" ref="0x40c8e710" scoped=""/>
        <function-ref name="getMode" ref="0x40c8e7f0" scoped=""/>
        <function-ref name="isTxIntrPending" ref="0x40c8e9d0" scoped=""/>
        <function-ref name="clrIntr" ref="0x40c8eab0" scoped=""/>
        <function-ref name="setUbr" ref="0x40c8eb90" scoped=""/>
        <function-ref name="tx" ref="0x40c8ec70" scoped=""/>
        <function-ref name="getUctl" ref="0x40c8ed50" scoped=""/>
        <function-ref name="disableUart" ref="0x40c8ee30" scoped=""/>
        <function-ref name="enableSpi" ref="0x40c8ef10" scoped=""/>
        <function-ref name="setModeUart" ref="0x40c8d010" scoped=""/>
        <function-ref name="setModeSpi" ref="0x40c8d0f0" scoped=""/>
        <function-ref name="rx" ref="0x40c8d1d0" scoped=""/>
        <function-ref name="isRxIntrPending" ref="0x40c8d2b0" scoped=""/>
        <function-ref name="isUartTx" ref="0x40c8d390" scoped=""/>
        <function-ref name="clrTxIntr" ref="0x40c8d470" scoped=""/>
        <function-ref name="disableSpi" ref="0x40c8d550" scoped=""/>
        <function-ref name="disableUartTx" ref="0x40c8d630" scoped=""/>
      </interface-functions>
    </interface><interface loc="39:/home/zly/tinyos-main/tos/chips/msp430/usart/HplMsp430I2C0P.nc" name="HplI2C" provided="1" ref="0x40d83030">
      <component-ref nicename="tos.chips.msp430.usart.HplMsp430I2C0P" qname="HplMsp430I2C0P"/>
      <type-interface alignment="I:2" size="I:2"><interface-ref name="HplI2C" ref="0x40d83030" scoped=""/></type-interface>
      <instance>
        <interfacedef-ref nicename="tos.chips.msp430.usart.HplMsp430I2C" qname="HplMsp430I2C"/>
      </instance>
      <interface-functions>
        <function-ref name="disableOwnAddress" ref="0x40d83208" scoped=""/>
        <function-ref name="getStartByte" ref="0x40d832e8" scoped=""/>
        <function-ref name="setSlaveAddress" ref="0x40d833c8" scoped=""/>
        <function-ref name="setMasterMode" ref="0x40d834a8" scoped=""/>
        <function-ref name="disableTransmitReady" ref="0x40d83588" scoped=""/>
        <function-ref name="getClockPrescaler" ref="0x40d83668" scoped=""/>
        <function-ref name="setTransmitMode" ref="0x40d83748" scoped=""/>
        <function-ref name="getStopBit" ref="0x40d83828" scoped=""/>
        <function-ref name="setClockSource" ref="0x40d83908" scoped=""/>
        <function-ref name="getRepeatMode" ref="0x40d839e8" scoped=""/>
        <function-ref name="getData" ref="0x40d83ac8" scoped=""/>
        <function-ref name="enableStartDetect" ref="0x40d83ba8" scoped=""/>
        <function-ref name="enableAccessReady" ref="0x40d83c88" scoped=""/>
        <function-ref name="getSlaveAddress" ref="0x40d83de8" scoped=""/>
        <function-ref name="isGeneralCallPending" ref="0x40d83ec8" scoped=""/>
        <function-ref name="getIV" ref="0x40d82010" scoped=""/>
        <function-ref name="enableI2C" ref="0x40d820f0" scoped=""/>
        <function-ref name="setStartBit" ref="0x40d821d0" scoped=""/>
        <function-ref name="getTransferByteCount" ref="0x40d822b0" scoped=""/>
        <function-ref name="getTransmitReceiveMode" ref="0x40d82390" scoped=""/>
        <function-ref name="clearModeI2C" ref="0x40d82470" scoped=""/>
        <function-ref name="setOwnAddress" ref="0x40d82550" scoped=""/>
        <function-ref name="isI2C" ref="0x40d82630" scoped=""/>
        <function-ref name="enableGeneralCall" ref="0x40d82710" scoped=""/>
        <function-ref name="enableOwnAddress" ref="0x40d827f0" scoped=""/>
        <function-ref name="isAccessReadyPending" ref="0x40d829d0" scoped=""/>
        <function-ref name="isArbitrationLostPending" ref="0x40d82ab0" scoped=""/>
        <function-ref name="disableReceiveReady" ref="0x40d82b90" scoped=""/>
        <function-ref name="disableNoAck" ref="0x40d82c70" scoped=""/>
        <function-ref name="disableStartDetect" ref="0x40d82d50" scoped=""/>
        <function-ref name="enableArbitrationLost" ref="0x40d82e30" scoped=""/>
        <function-ref name="disableI2C" ref="0x40d82f10" scoped=""/>
        <function-ref name="getShiftClock" ref="0x40d81010" scoped=""/>
        <function-ref name="disableArbitrationLost" ref="0x40d810f0" scoped=""/>
        <function-ref name="disableAccessReady" ref="0x40d811d0" scoped=""/>
        <function-ref name="setTransferByteCount" ref="0x40d812b0" scoped=""/>
        <function-ref name="isOwnAddressPending" ref="0x40d81390" scoped=""/>
        <function-ref name="getOwnAddress" ref="0x40d81470" scoped=""/>
        <function-ref name="enableTransmitReady" ref="0x40d81550" scoped=""/>
        <function-ref name="setModeI2C" ref="0x40d81630" scoped=""/>
        <function-ref name="getStartBit" ref="0x40d81710" scoped=""/>
        <function-ref name="setWordMode" ref="0x40d817f0" scoped=""/>
        <function-ref name="setData" ref="0x40d818d0" scoped=""/>
        <function-ref name="isStartDetectPending" ref="0x40d819b0" scoped=""/>
        <function-ref name="getClockSource" ref="0x40d81a90" scoped=""/>
        <function-ref name="getWordMode" ref="0x40d81b70" scoped=""/>
        <function-ref name="setShiftClock" ref="0x40d81c50" scoped=""/>
        <function-ref name="setSlaveMode" ref="0x40d81d30" scoped=""/>
        <function-ref name="enableNoAck" ref="0x40d81e10" scoped=""/>
        <function-ref name="enableReceiveReady" ref="0x40d80210" scoped=""/>
        <function-ref name="disableGeneralCall" ref="0x40d802f0" scoped=""/>
        <function-ref name="setClockPrescaler" ref="0x40d803d0" scoped=""/>
        <function-ref name="setStopBit" ref="0x40d804b0" scoped=""/>
        <function-ref name="setReceiveMode" ref="0x40d80590" scoped=""/>
        <function-ref name="isNoAckPending" ref="0x40d80670" scoped=""/>
        <function-ref name="setRepeatMode" ref="0x40d80750" scoped=""/>
        <function-ref name="isTransmitReadyPending" ref="0x40d80830" scoped=""/>
        <function-ref name="setStartByte" ref="0x40d80910" scoped=""/>
        <function-ref name="isReceiveReadyPending" ref="0x40d809f0" scoped=""/>
      </interface-functions>
    </interface><interface loc="43:/home/zly/tinyos-main/tos/chips/msp430/usart/HplMsp430I2C0P.nc" name="UCLK" provided="0" ref="0x40dac678">
      <component-ref nicename="tos.chips.msp430.usart.HplMsp430I2C0P" qname="HplMsp430I2C0P"/>
      <type-interface alignment="I:2" size="I:2"><interface-ref name="UCLK" ref="0x40dac678" scoped=""/></type-interface>
      <instance>
        <interfacedef-ref nicename="tos.chips.msp430.pins.HplMsp430GeneralIO" qname="HplMsp430GeneralIO"/>
      </instance>
      <interface-functions>
        <function-ref name="makeInput" ref="0x40dac850" scoped=""/>
        <function-ref name="isInput" ref="0x40dac930" scoped=""/>
        <function-ref name="setResistor" ref="0x40daca10" scoped=""/>
        <function-ref name="toggle" ref="0x40dacaf0" scoped=""/>
        <function-ref name="isOutput" ref="0x40dacbd0" scoped=""/>
        <function-ref name="getResistor" ref="0x40daccb0" scoped=""/>
        <function-ref name="makeOutput" ref="0x40dacd90" scoped=""/>
        <function-ref name="get" ref="0x40dace70" scoped=""/>
        <function-ref name="selectIOFunc" ref="0x40dab010" scoped=""/>
        <function-ref name="getRaw" ref="0x40dab0f0" scoped=""/>
        <function-ref name="set" ref="0x40dab1d0" scoped=""/>
        <function-ref name="selectModuleFunc" ref="0x40dab2b0" scoped=""/>
        <function-ref name="isIOFunc" ref="0x40dab390" scoped=""/>
        <function-ref name="isModuleFunc" ref="0x40dab4f0" scoped=""/>
        <function-ref name="clr" ref="0x40dab5d0" scoped=""/>
      </interface-functions>
    </interface><component loc="45:/home/zly/tinyos-main/tos/chips/msp430/pins/HplMsp430GeneralIOC.nc" nicename="tos.chips.msp430.pins.HplMsp430GeneralIOC" qname="HplMsp430GeneralIOC">
      <documentation loc="35:/home/zly/tinyos-main/tos/chips/msp430/pins/HplMsp430GeneralIOC.nc">
        <short>
 HPL for the TI MSP430 family of microprocessors.</short>
        <long>
 HPL for the TI MSP430 family of microprocessors. This provides an
 abstraction for general-purpose I/O.

 @author Joe Polastre
 @author Xavier Orduna &lt;xorduna@dexmatech.com&gt;
 @author Peter A. Bigot &lt;pab@peoplepowerco.com&gt;
 @author Eric B. Decker &lt;cire831@gmail.com&gt;
</long>
      </documentation>
      <configuration/>
      <wiring>
        <wire loc="442:/home/zly/tinyos-main/tos/chips/msp430/pins/HplMsp430GeneralIOC.nc">
          <from><interface-ref name="Port14" ref="0x4099fbc8" scoped=""/></from>
          <to><interface-ref name="IO" ref="0x40a10010" scoped=""/></to>
        </wire>
        <wire loc="455:/home/zly/tinyos-main/tos/chips/msp430/pins/HplMsp430GeneralIOC.nc">
          <from><interface-ref name="Port26" ref="0x409b3d88" scoped=""/></from>
          <to><interface-ref name="IO" ref="0x40a3bd68" scoped=""/></to>
        </wire>
        <wire loc="531:/home/zly/tinyos-main/tos/chips/msp430/pins/HplMsp430GeneralIOC.nc">
          <from><interface-ref name="SDA" ref="0x409eaf28" scoped=""/></from>
          <to><interface-ref name="IO" ref="0x40a335c8" scoped=""/></to>
        </wire>
        <wire loc="551:/home/zly/tinyos-main/tos/chips/msp430/pins/HplMsp430GeneralIOC.nc">
          <from><interface-ref name="ADC6" ref="0x409f6c98" scoped=""/></from>
          <to><interface-ref name="IO" ref="0x40a94d68" scoped=""/></to>
        </wire>
        <wire loc="532:/home/zly/tinyos-main/tos/chips/msp430/pins/HplMsp430GeneralIOC.nc">
          <from><interface-ref name="SOMI0" ref="0x409e8068" scoped=""/></from>
          <to><interface-ref name="IO" ref="0x40a31d68" scoped=""/></to>
        </wire>
        <wire loc="460:/home/zly/tinyos-main/tos/chips/msp430/pins/HplMsp430GeneralIOC.nc">
          <from><interface-ref name="Port30" ref="0x409b0178" scoped=""/></from>
          <to><interface-ref name="IO" ref="0x40a36d68" scoped=""/></to>
        </wire>
        <wire loc="473:/home/zly/tinyos-main/tos/chips/msp430/pins/HplMsp430GeneralIOC.nc">
          <from><interface-ref name="Port42" ref="0x409c53e8" scoped=""/></from>
          <to><interface-ref name="IO" ref="0x40a60d68" scoped=""/></to>
        </wire>
        <wire loc="486:/home/zly/tinyos-main/tos/chips/msp430/pins/HplMsp430GeneralIOC.nc">
          <from><interface-ref name="Port54" ref="0x409da4c8" scoped=""/></from>
          <to><interface-ref name="IO" ref="0x40a69d68" scoped=""/></to>
        </wire>
        <wire loc="497:/home/zly/tinyos-main/tos/chips/msp430/pins/HplMsp430GeneralIOC.nc">
          <from><interface-ref name="Port64" ref="0x409d1368" scoped=""/></from>
          <to><interface-ref name="IO" ref="0x40a76d68" scoped=""/></to>
        </wire>
        <wire loc="535:/home/zly/tinyos-main/tos/chips/msp430/pins/HplMsp430GeneralIOC.nc">
          <from><interface-ref name="UTXD0" ref="0x409e54c0" scoped=""/></from>
          <to><interface-ref name="IO" ref="0x40a4ed68" scoped=""/></to>
        </wire>
        <wire loc="545:/home/zly/tinyos-main/tos/chips/msp430/pins/HplMsp430GeneralIOC.nc">
          <from><interface-ref name="ADC0" ref="0x409fc280" scoped=""/></from>
          <to><interface-ref name="IO" ref="0x40a80d68" scoped=""/></to>
        </wire>
        <wire loc="557:/home/zly/tinyos-main/tos/chips/msp430/pins/HplMsp430GeneralIOC.nc">
          <from><interface-ref name="SVSIN" ref="0x409f1288" scoped=""/></from>
          <to><interface-ref name="IO" ref="0x40a915c8" scoped=""/></to>
        </wire>
        <wire loc="445:/home/zly/tinyos-main/tos/chips/msp430/pins/HplMsp430GeneralIOC.nc">
          <from><interface-ref name="Port17" ref="0x409bb178" scoped=""/></from>
          <to><interface-ref name="IO" ref="0x40a2b5c8" scoped=""/></to>
        </wire>
        <wire loc="536:/home/zly/tinyos-main/tos/chips/msp430/pins/HplMsp430GeneralIOC.nc">
          <from><interface-ref name="URXD0" ref="0x409e4680" scoped=""/></from>
          <to><interface-ref name="IO" ref="0x40a4b5c8" scoped=""/></to>
        </wire>
        <wire loc="450:/home/zly/tinyos-main/tos/chips/msp430/pins/HplMsp430GeneralIOC.nc">
          <from><interface-ref name="Port21" ref="0x409b84c8" scoped=""/></from>
          <to><interface-ref name="IO" ref="0x40a265c8" scoped=""/></to>
        </wire>
        <wire loc="463:/home/zly/tinyos-main/tos/chips/msp430/pins/HplMsp430GeneralIOC.nc">
          <from><interface-ref name="Port33" ref="0x409ad688" scoped=""/></from>
          <to><interface-ref name="IO" ref="0x40a505c8" scoped=""/></to>
        </wire>
        <wire loc="476:/home/zly/tinyos-main/tos/chips/msp430/pins/HplMsp430GeneralIOC.nc">
          <from><interface-ref name="Port45" ref="0x409c2928" scoped=""/></from>
          <to><interface-ref name="IO" ref="0x40a585c8" scoped=""/></to>
        </wire>
        <wire loc="489:/home/zly/tinyos-main/tos/chips/msp430/pins/HplMsp430GeneralIOC.nc">
          <from><interface-ref name="Port57" ref="0x409d7a08" scoped=""/></from>
          <to><interface-ref name="IO" ref="0x40a825c8" scoped=""/></to>
        </wire>
        <wire loc="500:/home/zly/tinyos-main/tos/chips/msp430/pins/HplMsp430GeneralIOC.nc">
          <from><interface-ref name="Port67" ref="0x409ce848" scoped=""/></from>
          <to><interface-ref name="IO" ref="0x40a915c8" scoped=""/></to>
        </wire>
        <wire loc="440:/home/zly/tinyos-main/tos/chips/msp430/pins/HplMsp430GeneralIOC.nc">
          <from><interface-ref name="Port12" ref="0x409a7848" scoped=""/></from>
          <to><interface-ref name="IO" ref="0x40a15140" scoped=""/></to>
        </wire>
        <wire loc="453:/home/zly/tinyos-main/tos/chips/msp430/pins/HplMsp430GeneralIOC.nc">
          <from><interface-ref name="Port24" ref="0x409b5a08" scoped=""/></from>
          <to><interface-ref name="IO" ref="0x40a1fde8" scoped=""/></to>
        </wire>
        <wire loc="466:/home/zly/tinyos-main/tos/chips/msp430/pins/HplMsp430GeneralIOC.nc">
          <from><interface-ref name="Port36" ref="0x409cabc8" scoped=""/></from>
          <to><interface-ref name="IO" ref="0x40a49d68" scoped=""/></to>
        </wire>
        <wire loc="530:/home/zly/tinyos-main/tos/chips/msp430/pins/HplMsp430GeneralIOC.nc">
          <from><interface-ref name="SIMO0" ref="0x409ebd80" scoped=""/></from>
          <to><interface-ref name="IO" ref="0x40a335c8" scoped=""/></to>
        </wire>
        <wire loc="548:/home/zly/tinyos-main/tos/chips/msp430/pins/HplMsp430GeneralIOC.nc">
          <from><interface-ref name="ADC3" ref="0x409f9758" scoped=""/></from>
          <to><interface-ref name="IO" ref="0x40a785c8" scoped=""/></to>
        </wire>
        <wire loc="555:/home/zly/tinyos-main/tos/chips/msp430/pins/HplMsp430GeneralIOC.nc">
          <from><interface-ref name="DAC1" ref="0x409f2168" scoped=""/></from>
          <to><interface-ref name="IO" ref="0x40a915c8" scoped=""/></to>
        </wire>
        <wire loc="541:/home/zly/tinyos-main/tos/chips/msp430/pins/HplMsp430GeneralIOC.nc">
          <from><interface-ref name="UCLK1" ref="0x409e0d80" scoped=""/></from>
          <to><interface-ref name="IO" ref="0x40a6b5c8" scoped=""/></to>
        </wire>
        <wire loc="471:/home/zly/tinyos-main/tos/chips/msp430/pins/HplMsp430GeneralIOC.nc">
          <from><interface-ref name="Port40" ref="0x409c7010" scoped=""/></from>
          <to><interface-ref name="IO" ref="0x40a44e68" scoped=""/></to>
        </wire>
        <wire loc="484:/home/zly/tinyos-main/tos/chips/msp430/pins/HplMsp430GeneralIOC.nc">
          <from><interface-ref name="Port52" ref="0x409dc178" scoped=""/></from>
          <to><interface-ref name="IO" ref="0x40a6ed68" scoped=""/></to>
        </wire>
        <wire loc="495:/home/zly/tinyos-main/tos/chips/msp430/pins/HplMsp430GeneralIOC.nc">
          <from><interface-ref name="Port62" ref="0x409d3010" scoped=""/></from>
          <to><interface-ref name="IO" ref="0x40a7bd68" scoped=""/></to>
        </wire>
        <wire loc="549:/home/zly/tinyos-main/tos/chips/msp430/pins/HplMsp430GeneralIOC.nc">
          <from><interface-ref name="ADC4" ref="0x409f8918" scoped=""/></from>
          <to><interface-ref name="IO" ref="0x40a76d68" scoped=""/></to>
        </wire>
        <wire loc="538:/home/zly/tinyos-main/tos/chips/msp430/pins/HplMsp430GeneralIOC.nc">
          <from><interface-ref name="STE1" ref="0x409e3838" scoped=""/></from>
          <to><interface-ref name="IO" ref="0x40a73d68" scoped=""/></to>
        </wire>
        <wire loc="443:/home/zly/tinyos-main/tos/chips/msp430/pins/HplMsp430GeneralIOC.nc">
          <from><interface-ref name="Port15" ref="0x4099ed88" scoped=""/></from>
          <to><interface-ref name="IO" ref="0x40a0e730" scoped=""/></to>
        </wire>
        <wire loc="456:/home/zly/tinyos-main/tos/chips/msp430/pins/HplMsp430GeneralIOC.nc">
          <from><interface-ref name="Port27" ref="0x409b1010" scoped=""/></from>
          <to><interface-ref name="IO" ref="0x40a385c8" scoped=""/></to>
        </wire>
        <wire loc="493:/home/zly/tinyos-main/tos/chips/msp430/pins/HplMsp430GeneralIOC.nc">
          <from><interface-ref name="Port60" ref="0x409d6bc8" scoped=""/></from>
          <to><interface-ref name="IO" ref="0x40a80d68" scoped=""/></to>
        </wire>
        <wire loc="461:/home/zly/tinyos-main/tos/chips/msp430/pins/HplMsp430GeneralIOC.nc">
          <from><interface-ref name="Port31" ref="0x409af368" scoped=""/></from>
          <to><interface-ref name="IO" ref="0x40a335c8" scoped=""/></to>
        </wire>
        <wire loc="474:/home/zly/tinyos-main/tos/chips/msp430/pins/HplMsp430GeneralIOC.nc">
          <from><interface-ref name="Port43" ref="0x409c45a8" scoped=""/></from>
          <to><interface-ref name="IO" ref="0x40a5d5c8" scoped=""/></to>
        </wire>
        <wire loc="487:/home/zly/tinyos-main/tos/chips/msp430/pins/HplMsp430GeneralIOC.nc">
          <from><interface-ref name="Port55" ref="0x409d9688" scoped=""/></from>
          <to><interface-ref name="IO" ref="0x40a665c8" scoped=""/></to>
        </wire>
        <wire loc="498:/home/zly/tinyos-main/tos/chips/msp430/pins/HplMsp430GeneralIOC.nc">
          <from><interface-ref name="Port65" ref="0x409d04c8" scoped=""/></from>
          <to><interface-ref name="IO" ref="0x40a965c8" scoped=""/></to>
        </wire>
        <wire loc="540:/home/zly/tinyos-main/tos/chips/msp430/pins/HplMsp430GeneralIOC.nc">
          <from><interface-ref name="SOMI1" ref="0x409e1bc0" scoped=""/></from>
          <to><interface-ref name="IO" ref="0x40a6ed68" scoped=""/></to>
        </wire>
        <wire loc="438:/home/zly/tinyos-main/tos/chips/msp430/pins/HplMsp430GeneralIOC.nc">
          <from><interface-ref name="Port10" ref="0x409a1558" scoped=""/></from>
          <to><interface-ref name="IO" ref="0x409ed220" scoped=""/></to>
        </wire>
        <wire loc="451:/home/zly/tinyos-main/tos/chips/msp430/pins/HplMsp430GeneralIOC.nc">
          <from><interface-ref name="Port22" ref="0x409b7688" scoped=""/></from>
          <to><interface-ref name="IO" ref="0x40a24d68" scoped=""/></to>
        </wire>
        <wire loc="464:/home/zly/tinyos-main/tos/chips/msp430/pins/HplMsp430GeneralIOC.nc">
          <from><interface-ref name="Port34" ref="0x409cc848" scoped=""/></from>
          <to><interface-ref name="IO" ref="0x40a4ed68" scoped=""/></to>
        </wire>
        <wire loc="477:/home/zly/tinyos-main/tos/chips/msp430/pins/HplMsp430GeneralIOC.nc">
          <from><interface-ref name="Port46" ref="0x409c1ae8" scoped=""/></from>
          <to><interface-ref name="IO" ref="0x40a56d68" scoped=""/></to>
        </wire>
        <wire loc="542:/home/zly/tinyos-main/tos/chips/msp430/pins/HplMsp430GeneralIOC.nc">
          <from><interface-ref name="UTXD1" ref="0x409de010" scoped=""/></from>
          <to><interface-ref name="IO" ref="0x40a49d68" scoped=""/></to>
        </wire>
        <wire loc="546:/home/zly/tinyos-main/tos/chips/msp430/pins/HplMsp430GeneralIOC.nc">
          <from><interface-ref name="ADC1" ref="0x409fb3d8" scoped=""/></from>
          <to><interface-ref name="IO" ref="0x40a7d5c8" scoped=""/></to>
        </wire>
        <wire loc="552:/home/zly/tinyos-main/tos/chips/msp430/pins/HplMsp430GeneralIOC.nc">
          <from><interface-ref name="ADC7" ref="0x409f5e58" scoped=""/></from>
          <to><interface-ref name="IO" ref="0x40a915c8" scoped=""/></to>
        </wire>
        <wire loc="482:/home/zly/tinyos-main/tos/chips/msp430/pins/HplMsp430GeneralIOC.nc">
          <from><interface-ref name="Port50" ref="0x409bfe68" scoped=""/></from>
          <to><interface-ref name="IO" ref="0x40a73d68" scoped=""/></to>
        </wire>
        <wire loc="543:/home/zly/tinyos-main/tos/chips/msp430/pins/HplMsp430GeneralIOC.nc">
          <from><interface-ref name="URXD1" ref="0x409dd170" scoped=""/></from>
          <to><interface-ref name="IO" ref="0x40a465c8" scoped=""/></to>
        </wire>
        <wire loc="441:/home/zly/tinyos-main/tos/chips/msp430/pins/HplMsp430GeneralIOC.nc">
          <from><interface-ref name="Port13" ref="0x409a0a08" scoped=""/></from>
          <to><interface-ref name="IO" ref="0x40a138a0" scoped=""/></to>
        </wire>
        <wire loc="454:/home/zly/tinyos-main/tos/chips/msp430/pins/HplMsp430GeneralIOC.nc">
          <from><interface-ref name="Port25" ref="0x409b4bc8" scoped=""/></from>
          <to><interface-ref name="IO" ref="0x40a3d5c8" scoped=""/></to>
        </wire>
        <wire loc="467:/home/zly/tinyos-main/tos/chips/msp430/pins/HplMsp430GeneralIOC.nc">
          <from><interface-ref name="Port37" ref="0x409c9d88" scoped=""/></from>
          <to><interface-ref name="IO" ref="0x40a465c8" scoped=""/></to>
        </wire>
        <wire loc="539:/home/zly/tinyos-main/tos/chips/msp430/pins/HplMsp430GeneralIOC.nc">
          <from><interface-ref name="SIMO1" ref="0x409e2a00" scoped=""/></from>
          <to><interface-ref name="IO" ref="0x40a705c8" scoped=""/></to>
        </wire>
        <wire loc="550:/home/zly/tinyos-main/tos/chips/msp430/pins/HplMsp430GeneralIOC.nc">
          <from><interface-ref name="ADC5" ref="0x409f7ad8" scoped=""/></from>
          <to><interface-ref name="IO" ref="0x40a965c8" scoped=""/></to>
        </wire>
        <wire loc="472:/home/zly/tinyos-main/tos/chips/msp430/pins/HplMsp430GeneralIOC.nc">
          <from><interface-ref name="Port41" ref="0x409c6288" scoped=""/></from>
          <to><interface-ref name="IO" ref="0x40a415c8" scoped=""/></to>
        </wire>
        <wire loc="485:/home/zly/tinyos-main/tos/chips/msp430/pins/HplMsp430GeneralIOC.nc">
          <from><interface-ref name="Port53" ref="0x409db368" scoped=""/></from>
          <to><interface-ref name="IO" ref="0x40a6b5c8" scoped=""/></to>
        </wire>
        <wire loc="496:/home/zly/tinyos-main/tos/chips/msp430/pins/HplMsp430GeneralIOC.nc">
          <from><interface-ref name="Port63" ref="0x409d2178" scoped=""/></from>
          <to><interface-ref name="IO" ref="0x40a785c8" scoped=""/></to>
        </wire>
        <wire loc="444:/home/zly/tinyos-main/tos/chips/msp430/pins/HplMsp430GeneralIOC.nc">
          <from><interface-ref name="Port16" ref="0x409bc010" scoped=""/></from>
          <to><interface-ref name="IO" ref="0x40a2edf8" scoped=""/></to>
        </wire>
        <wire loc="494:/home/zly/tinyos-main/tos/chips/msp430/pins/HplMsp430GeneralIOC.nc">
          <from><interface-ref name="Port61" ref="0x409d5d88" scoped=""/></from>
          <to><interface-ref name="IO" ref="0x40a7d5c8" scoped=""/></to>
        </wire>
        <wire loc="449:/home/zly/tinyos-main/tos/chips/msp430/pins/HplMsp430GeneralIOC.nc">
          <from><interface-ref name="Port20" ref="0x409ba368" scoped=""/></from>
          <to><interface-ref name="IO" ref="0x40a29d68" scoped=""/></to>
        </wire>
        <wire loc="462:/home/zly/tinyos-main/tos/chips/msp430/pins/HplMsp430GeneralIOC.nc">
          <from><interface-ref name="Port32" ref="0x409ae4c8" scoped=""/></from>
          <to><interface-ref name="IO" ref="0x40a31d68" scoped=""/></to>
        </wire>
        <wire loc="475:/home/zly/tinyos-main/tos/chips/msp430/pins/HplMsp430GeneralIOC.nc">
          <from><interface-ref name="Port44" ref="0x409c3768" scoped=""/></from>
          <to><interface-ref name="IO" ref="0x40a5bd68" scoped=""/></to>
        </wire>
        <wire loc="488:/home/zly/tinyos-main/tos/chips/msp430/pins/HplMsp430GeneralIOC.nc">
          <from><interface-ref name="Port56" ref="0x409d8848" scoped=""/></from>
          <to><interface-ref name="IO" ref="0x40a64d68" scoped=""/></to>
        </wire>
        <wire loc="499:/home/zly/tinyos-main/tos/chips/msp430/pins/HplMsp430GeneralIOC.nc">
          <from><interface-ref name="Port66" ref="0x409cf688" scoped=""/></from>
          <to><interface-ref name="IO" ref="0x40a94d68" scoped=""/></to>
        </wire>
        <wire loc="439:/home/zly/tinyos-main/tos/chips/msp430/pins/HplMsp430GeneralIOC.nc">
          <from><interface-ref name="Port11" ref="0x409a8688" scoped=""/></from>
          <to><interface-ref name="IO" ref="0x40a18918" scoped=""/></to>
        </wire>
        <wire loc="452:/home/zly/tinyos-main/tos/chips/msp430/pins/HplMsp430GeneralIOC.nc">
          <from><interface-ref name="Port23" ref="0x409b6848" scoped=""/></from>
          <to><interface-ref name="IO" ref="0x40a215c8" scoped=""/></to>
        </wire>
        <wire loc="465:/home/zly/tinyos-main/tos/chips/msp430/pins/HplMsp430GeneralIOC.nc">
          <from><interface-ref name="Port35" ref="0x409cba08" scoped=""/></from>
          <to><interface-ref name="IO" ref="0x40a4b5c8" scoped=""/></to>
        </wire>
        <wire loc="478:/home/zly/tinyos-main/tos/chips/msp430/pins/HplMsp430GeneralIOC.nc">
          <from><interface-ref name="Port47" ref="0x409c0ca8" scoped=""/></from>
          <to><interface-ref name="IO" ref="0x40a535c8" scoped=""/></to>
        </wire>
        <wire loc="534:/home/zly/tinyos-main/tos/chips/msp430/pins/HplMsp430GeneralIOC.nc">
          <from><interface-ref name="SCL" ref="0x409e6348" scoped=""/></from>
          <to><interface-ref name="IO" ref="0x40a505c8" scoped=""/></to>
        </wire>
        <wire loc="547:/home/zly/tinyos-main/tos/chips/msp430/pins/HplMsp430GeneralIOC.nc">
          <from><interface-ref name="ADC2" ref="0x409fa598" scoped=""/></from>
          <to><interface-ref name="IO" ref="0x40a7bd68" scoped=""/></to>
        </wire>
        <wire loc="533:/home/zly/tinyos-main/tos/chips/msp430/pins/HplMsp430GeneralIOC.nc">
          <from><interface-ref name="UCLK0" ref="0x409e71a0" scoped=""/></from>
          <to><interface-ref name="IO" ref="0x40a505c8" scoped=""/></to>
        </wire>
        <wire loc="483:/home/zly/tinyos-main/tos/chips/msp430/pins/HplMsp430GeneralIOC.nc">
          <from><interface-ref name="Port51" ref="0x409bd010" scoped=""/></from>
          <to><interface-ref name="IO" ref="0x40a705c8" scoped=""/></to>
        </wire>
        <wire loc="554:/home/zly/tinyos-main/tos/chips/msp430/pins/HplMsp430GeneralIOC.nc">
          <from><interface-ref name="DAC0" ref="0x409f3010" scoped=""/></from>
          <to><interface-ref name="IO" ref="0x40a94d68" scoped=""/></to>
        </wire>
        <wire loc="558:/home/zly/tinyos-main/tos/chips/msp430/pins/HplMsp430GeneralIOC.nc">
          <from><interface-ref name="SVSOUT" ref="0x409f03e8" scoped=""/></from>
          <to><interface-ref name="IO" ref="0x40a825c8" scoped=""/></to>
        </wire>
        <wire loc="529:/home/zly/tinyos-main/tos/chips/msp430/pins/HplMsp430GeneralIOC.nc">
          <from><interface-ref name="STE0" ref="0x409eca28" scoped=""/></from>
          <to><interface-ref name="IO" ref="0x40a36d68" scoped=""/></to>
        </wire>
      </wiring>
    </component><component loc="74:/home/zly/tinyos-main/tos/chips/msp430/usart/HplMsp430Usart0P.nc" nicename="tos.chips.msp430.usart.HplMsp430Usart0P" qname="HplMsp430Usart0P" safe="">
      <documentation loc="62:/home/zly/tinyos-main/tos/chips/msp430/usart/HplMsp430Usart0P.nc">
        <short>
 Implementation of USART0 lowlevel functionality - stateless.</short>
        <long>
 Implementation of USART0 lowlevel functionality - stateless.
 Setting a mode will by default disable USART-Interrupts.

 @author: Jan Hauer &lt;hauer@tkn.tu-berlin.de&gt;
 @author: Jonathan Hui &lt;jhui@archedrock.com&gt;
 @author: Vlado Handziski &lt;handzisk@tkn.tu-berlin.de&gt;
 @author: Joe Polastre
 @author: Philipp Huppertz &lt;huppertz@tkn.tu-berlin.de&gt;
 @version $Revision: 1.8 $ $Date: 2010-06-04 22:30:21 $
</long>
      </documentation>
      <module/>
    </component><component loc="37:/home/zly/tinyos-main/tos/chips/msp430/usart/HplMsp430I2C0P.nc" nicename="tos.chips.msp430.usart.HplMsp430I2C0P" qname="HplMsp430I2C0P" safe="">
      <documentation loc="32:/home/zly/tinyos-main/tos/chips/msp430/usart/HplMsp430I2C0P.nc">
        <short>
 </short>
        <long>
 @author Jonathan Hui &lt;jhui@archrock.com&gt;
 @version $Revision: 1.5 $ $Date: 2008-06-24 05:32:31 $
</long>
      </documentation>
      <module/>
    </component></referenced></component>