<?xml version="1.0" ?><component loc="39:/home/zly/tinyos-main/tos/chips/cc2420/lpl/DummyLplP.nc" nicename="tos.chips.cc2420.lpl.DummyLplP" qname="DummyLplP">
      <documentation loc="32:/home/zly/tinyos-main/tos/chips/cc2420/lpl/DummyLplP.nc">
        <short>
 Dummy low power listening interface used when LowPowerListening is not
 compiled in with the application.</short>
        <long>
 Dummy low power listening interface used when LowPowerListening is not
 compiled in with the application.
 Wakeup interval is always 0 (always on)
 @author David Moss
</long>
      </documentation>
      <module/>
    <specification><interface loc="41:/home/zly/tinyos-main/tos/chips/cc2420/lpl/DummyLplP.nc" name="LowPowerListening" provided="1" ref="0x41045cb0">
      <component-ref nicename="tos.chips.cc2420.lpl.DummyLplP" qname="DummyLplP"/>
      <type-interface alignment="I:2" size="I:2"><interface-ref name="LowPowerListening" ref="0x41045cb0" scoped=""/></type-interface>
      <instance>
        <interfacedef-ref nicename="tos.interfaces.LowPowerListening" qname="LowPowerListening"/>
      </instance>
      <interface-functions>
        <function-ref name="setRemoteWakeupInterval" ref="0x41045e88" scoped=""/>
        <function-ref name="getRemoteWakeupInterval" ref="0x41042010" scoped=""/>
        <function-ref name="getLocalWakeupInterval" ref="0x410420f0" scoped=""/>
        <function-ref name="setLocalWakeupInterval" ref="0x410421d0" scoped=""/>
      </interface-functions>
    </interface></specification><referenced/></component>