<?xml version="1.0" ?><component abstract="" loc="41:/home/zly/tinyos-main/tos/chips/msp430/usart/Msp430UartP.nc" nicename="tos.chips.msp430.usart.Msp430UartP" qname="Msp430UartP">
      <documentation loc="32:/home/zly/tinyos-main/tos/chips/msp430/usart/Msp430UartP.nc">
        <short>
 </short>
        <long>
 @author Jonathan Hui &lt;jhui@archrock.com&gt;
 @author Vlado Handziski &lt;handzisk@tkn.tu-berlin.de&gt;
 @author Eric B. Decker &lt;cire831@gmail.com&gt;
 @version $Revision: 1.7 $ $Date: 2008-06-04 05:31:15 $
</long>
      </documentation>
      <parameters>
      </parameters>
      <module/>
    <specification><interface loc="44:/home/zly/tinyos-main/tos/chips/msp430/usart/Msp430UartP.nc" name="ResourceConfigure" provided="1" ref="0x412428c0">
      <component-ref nicename="tos.chips.msp430.usart.Msp430UartP" qname="Msp430UartP"/>
      <type-interface alignment="I:2" size="I:2"><interface-ref name="ResourceConfigure" ref="0x412428c0" scoped=""/></type-interface>
      <instance>
        <interfacedef-ref nicename="tos.interfaces.ResourceConfigure" qname="ResourceConfigure"/>
      </instance>
      <interface-parameters>
        <type-int alignment="I:1" cname="unsigned char" size="I:1" unsigned="">
          <typename><typedef-ref name="uint8_t" ref="0x40212dc8"/></typename>
        </type-int>
      </interface-parameters>
      <interface-functions>
        <function-ref name="unconfigure" ref="0x41242a98" scoped=""/>
        <function-ref name="configure" ref="0x41242b78" scoped=""/>
      </interface-functions>
    </interface><interface loc="46:/home/zly/tinyos-main/tos/chips/msp430/usart/Msp430UartP.nc" name="UartByte" provided="1" ref="0x41241cb0">
      <component-ref nicename="tos.chips.msp430.usart.Msp430UartP" qname="Msp430UartP"/>
      <type-interface alignment="I:2" size="I:2"><interface-ref name="UartByte" ref="0x41241cb0" scoped=""/></type-interface>
      <instance>
        <interfacedef-ref nicename="tos.interfaces.UartByte" qname="UartByte"/>
      </instance>
      <interface-parameters>
        <type-int alignment="I:1" cname="unsigned char" size="I:1" unsigned="">
          <typename><typedef-ref name="uint8_t" ref="0x40212dc8"/></typename>
        </type-int>
      </interface-parameters>
      <interface-functions>
        <function-ref name="send" ref="0x41241e88" scoped=""/>
        <function-ref name="receive" ref="0x41240010" scoped=""/>
      </interface-functions>
    </interface><interface loc="49:/home/zly/tinyos-main/tos/chips/msp430/usart/Msp430UartP.nc" name="Msp430UartConfigure" provided="0" ref="0x4123f010">
      <component-ref nicename="tos.chips.msp430.usart.Msp430UartP" qname="Msp430UartP"/>
      <type-interface alignment="I:2" size="I:2"><interface-ref name="Msp430UartConfigure" ref="0x4123f010" scoped=""/></type-interface>
      <instance>
        <interfacedef-ref nicename="tos.chips.msp430.usart.Msp430UartConfigure" qname="Msp430UartConfigure"/>
      </instance>
      <interface-parameters>
        <type-int alignment="I:1" cname="unsigned char" size="I:1" unsigned="">
          <typename><typedef-ref name="uint8_t" ref="0x40212dc8"/></typename>
        </type-int>
      </interface-parameters>
      <interface-functions>
        <function-ref name="getConfig" ref="0x4123f1e8" scoped=""/>
      </interface-functions>
    </interface><interface loc="50:/home/zly/tinyos-main/tos/chips/msp430/usart/Msp430UartP.nc" name="Usart" provided="0" ref="0x4123f430">
      <component-ref nicename="tos.chips.msp430.usart.Msp430UartP" qname="Msp430UartP"/>
      <type-interface alignment="I:2" size="I:2"><interface-ref name="Usart" ref="0x4123f430" scoped=""/></type-interface>
      <instance>
        <interfacedef-ref nicename="tos.chips.msp430.usart.HplMsp430Usart" qname="HplMsp430Usart"/>
      </instance>
      <interface-functions>
        <function-ref name="isTxEmpty" ref="0x4123f608" scoped=""/>
        <function-ref name="enableUartRx" ref="0x4123f6e8" scoped=""/>
        <function-ref name="setUctl" ref="0x4123f7c8" scoped=""/>
        <function-ref name="enableUart" ref="0x4123f8a8" scoped=""/>
        <function-ref name="setUrctl" ref="0x4123f988" scoped=""/>
        <function-ref name="enableRxIntr" ref="0x4123fa68" scoped=""/>
        <function-ref name="clrRxIntr" ref="0x4123fb48" scoped=""/>
        <function-ref name="getUtctl" ref="0x4123fc28" scoped=""/>
        <function-ref name="getUrctl" ref="0x4123fd08" scoped=""/>
        <function-ref name="resetUsart" ref="0x4123fde8" scoped=""/>
        <function-ref name="getUmctl" ref="0x4123fec8" scoped=""/>
        <function-ref name="disableIntr" ref="0x4123e010" scoped=""/>
        <function-ref name="setUtctl" ref="0x4123e0f0" scoped=""/>
        <function-ref name="getUbr" ref="0x4123e250" scoped=""/>
        <function-ref name="enableTxIntr" ref="0x4123e330" scoped=""/>
        <function-ref name="setUmctl" ref="0x4123e410" scoped=""/>
        <function-ref name="isUartRx" ref="0x4123e4f0" scoped=""/>
        <function-ref name="isUart" ref="0x4123e5d0" scoped=""/>
        <function-ref name="disableRxIntr" ref="0x4123e6b0" scoped=""/>
        <function-ref name="isSpi" ref="0x4123e790" scoped=""/>
        <function-ref name="enableUartTx" ref="0x4123e870" scoped=""/>
        <function-ref name="disableTxIntr" ref="0x4123e950" scoped=""/>
        <function-ref name="disableUartRx" ref="0x4123ea30" scoped=""/>
        <function-ref name="enableIntr" ref="0x4123eb10" scoped=""/>
        <function-ref name="getMode" ref="0x4123ebf0" scoped=""/>
        <function-ref name="isTxIntrPending" ref="0x4123edd0" scoped=""/>
        <function-ref name="clrIntr" ref="0x4123eeb0" scoped=""/>
        <function-ref name="setUbr" ref="0x4123d010" scoped=""/>
        <function-ref name="tx" ref="0x4123d0f0" scoped=""/>
        <function-ref name="getUctl" ref="0x4123d1d0" scoped=""/>
        <function-ref name="disableUart" ref="0x4123d2b0" scoped=""/>
        <function-ref name="enableSpi" ref="0x4123d390" scoped=""/>
        <function-ref name="setModeUart" ref="0x4123d470" scoped=""/>
        <function-ref name="setModeSpi" ref="0x4123d550" scoped=""/>
        <function-ref name="rx" ref="0x4123d630" scoped=""/>
        <function-ref name="isRxIntrPending" ref="0x4123d710" scoped=""/>
        <function-ref name="isUartTx" ref="0x4123d7f0" scoped=""/>
        <function-ref name="clrTxIntr" ref="0x4123d8d0" scoped=""/>
        <function-ref name="disableSpi" ref="0x4123d9b0" scoped=""/>
        <function-ref name="disableUartTx" ref="0x4123da90" scoped=""/>
      </interface-functions>
    </interface><interface loc="45:/home/zly/tinyos-main/tos/chips/msp430/usart/Msp430UartP.nc" name="UartStream" provided="1" ref="0x41241100">
      <component-ref nicename="tos.chips.msp430.usart.Msp430UartP" qname="Msp430UartP"/>
      <type-interface alignment="I:2" size="I:2"><interface-ref name="UartStream" ref="0x41241100" scoped=""/></type-interface>
      <instance>
        <interfacedef-ref nicename="tos.interfaces.UartStream" qname="UartStream"/>
      </instance>
      <interface-parameters>
        <type-int alignment="I:1" cname="unsigned char" size="I:1" unsigned="">
          <typename><typedef-ref name="uint8_t" ref="0x40212dc8"/></typename>
        </type-int>
      </interface-parameters>
      <interface-functions>
        <function-ref name="send" ref="0x412412d8" scoped=""/>
        <function-ref name="receivedByte" ref="0x412413b8" scoped=""/>
        <function-ref name="receive" ref="0x41241498" scoped=""/>
        <function-ref name="enableReceiveInterrupt" ref="0x41241578" scoped=""/>
        <function-ref name="receiveDone" ref="0x41241658" scoped=""/>
        <function-ref name="disableReceiveInterrupt" ref="0x41241738" scoped=""/>
        <function-ref name="sendDone" ref="0x41241818" scoped=""/>
      </interface-functions>
    </interface><interface loc="52:/home/zly/tinyos-main/tos/chips/msp430/usart/Msp430UartP.nc" name="Counter" provided="0" ref="0x4123c718">
      <component-ref nicename="tos.chips.msp430.usart.Msp430UartP" qname="Msp430UartP"/>
      <type-interface alignment="I:2" size="I:2"><interface-ref name="Counter" ref="0x4123c718" scoped=""/></type-interface>
      <instance>
        <interfacedef-ref nicename="tos.lib.timer.Counter" qname="Counter"/>
        <arguments>
          <type-tag alignment="I:2" size="I:2"><struct-ref ref="0x40614ca8"/>
            <typename><typedef-ref name="T32khz" ref="0x40614e70"/></typename>
          </type-tag>
          <type-int alignment="I:2" cname="unsigned int" size="I:2" unsigned="">
            <typename><typedef-ref name="uint16_t" ref="0x40213010"/></typename>
          </type-int>
        </arguments>
      </instance>
      <interface-functions>
        <function-ref name="get" ref="0x4123ce68" scoped=""/>
        <function-ref name="clearOverflow" ref="0x4123a388" scoped=""/>
        <function-ref name="isOverflowPending" ref="0x4123a110" scoped=""/>
        <function-ref name="overflow" ref="0x4123a600" scoped=""/>
      </interface-functions>
    </interface><interface loc="48:/home/zly/tinyos-main/tos/chips/msp430/usart/Msp430UartP.nc" name="UsartResource" provided="0" ref="0x41240550">
      <component-ref nicename="tos.chips.msp430.usart.Msp430UartP" qname="Msp430UartP"/>
      <type-interface alignment="I:2" size="I:2"><interface-ref name="UsartResource" ref="0x41240550" scoped=""/></type-interface>
      <instance>
        <interfacedef-ref nicename="tos.interfaces.Resource" qname="Resource"/>
      </instance>
      <interface-parameters>
        <type-int alignment="I:1" cname="unsigned char" size="I:1" unsigned="">
          <typename><typedef-ref name="uint8_t" ref="0x40212dc8"/></typename>
        </type-int>
      </interface-parameters>
      <interface-functions>
        <function-ref name="release" ref="0x41240728" scoped=""/>
        <function-ref name="immediateRequest" ref="0x41240808" scoped=""/>
        <function-ref name="request" ref="0x412408e8" scoped=""/>
        <function-ref name="granted" ref="0x412409c8" scoped=""/>
        <function-ref name="isOwner" ref="0x41240aa8" scoped=""/>
      </interface-functions>
    </interface><interface loc="43:/home/zly/tinyos-main/tos/chips/msp430/usart/Msp430UartP.nc" name="Resource" provided="1" ref="0x41246e38">
      <component-ref nicename="tos.chips.msp430.usart.Msp430UartP" qname="Msp430UartP"/>
      <type-interface alignment="I:2" size="I:2"><interface-ref name="Resource" ref="0x41246e38" scoped=""/></type-interface>
      <instance>
        <interfacedef-ref nicename="tos.interfaces.Resource" qname="Resource"/>
      </instance>
      <interface-parameters>
        <type-int alignment="I:1" cname="unsigned char" size="I:1" unsigned="">
          <typename><typedef-ref name="uint8_t" ref="0x40212dc8"/></typename>
        </type-int>
      </interface-parameters>
      <interface-functions>
        <function-ref name="release" ref="0x41242050" scoped=""/>
        <function-ref name="immediateRequest" ref="0x41242130" scoped=""/>
        <function-ref name="request" ref="0x41242210" scoped=""/>
        <function-ref name="granted" ref="0x412422f0" scoped=""/>
        <function-ref name="isOwner" ref="0x412423d0" scoped=""/>
      </interface-functions>
    </interface><interface loc="51:/home/zly/tinyos-main/tos/chips/msp430/usart/Msp430UartP.nc" name="UsartInterrupts" provided="0" ref="0x4123c100">
      <component-ref nicename="tos.chips.msp430.usart.Msp430UartP" qname="Msp430UartP"/>
      <type-interface alignment="I:2" size="I:2"><interface-ref name="UsartInterrupts" ref="0x4123c100" scoped=""/></type-interface>
      <instance>
        <interfacedef-ref nicename="tos.chips.msp430.usart.HplMsp430UsartInterrupts" qname="HplMsp430UsartInterrupts"/>
      </instance>
      <interface-parameters>
        <type-int alignment="I:1" cname="unsigned char" size="I:1" unsigned="">
          <typename><typedef-ref name="uint8_t" ref="0x40212dc8"/></typename>
        </type-int>
      </interface-parameters>
      <interface-functions>
        <function-ref name="rxDone" ref="0x4123c2d8" scoped=""/>
        <function-ref name="txDone" ref="0x4123c3b8" scoped=""/>
      </interface-functions>
    </interface><interface loc="53:/home/zly/tinyos-main/tos/chips/msp430/usart/Msp430UartP.nc" name="Leds" provided="0" ref="0x4123a860">
      <component-ref nicename="tos.chips.msp430.usart.Msp430UartP" qname="Msp430UartP"/>
      <type-interface alignment="I:2" size="I:2"><interface-ref name="Leds" ref="0x4123a860" scoped=""/></type-interface>
      <instance>
        <interfacedef-ref nicename="tos.interfaces.Leds" qname="Leds"/>
      </instance>
      <interface-functions>
        <function-ref name="led0Off" ref="0x4123aa38" scoped=""/>
        <function-ref name="led0Toggle" ref="0x4123ab18" scoped=""/>
        <function-ref name="led1On" ref="0x4123abf8" scoped=""/>
        <function-ref name="led1Toggle" ref="0x4123acd8" scoped=""/>
        <function-ref name="led2Toggle" ref="0x4123adb8" scoped=""/>
        <function-ref name="get" ref="0x4123ae98" scoped=""/>
        <function-ref name="led1Off" ref="0x41239010" scoped=""/>
        <function-ref name="led2Off" ref="0x41239390" scoped=""/>
        <function-ref name="set" ref="0x412390f0" scoped=""/>
        <function-ref name="led0On" ref="0x412391d0" scoped=""/>
        <function-ref name="led2On" ref="0x412392b0" scoped=""/>
      </interface-functions>
    </interface></specification><referenced/></component>