<?xml version="1.0" ?><component loc="48:/home/zly/tinyos-main/tos/system/TimerMilliP.nc" nicename="tos.system.TimerMilliP" qname="TimerMilliP">
      <documentation loc="34:/home/zly/tinyos-main/tos/system/TimerMilliP.nc">
        <short>
 Components should never wire to this component.</short>
        <long>
 Components should never wire to this component. This is the
 underlying configuration of virtualized millisecond timers. 
 It auto-wires wires the timer
 implementation (TimerC) to the boot sequence and exports the
 various Timer interfaces.

 @author Philip Levis
 @author Cory Sharp
 @date   May 16 2005
</long>
      </documentation>
      <configuration/>
      <wiring>
        <wire loc="54:/home/zly/tinyos-main/tos/system/TimerMilliP.nc">
          <from><interface-ref name="TimerMilli" ref="0x4077b3f0" scoped=""/></from>
          <to><interface-ref name="TimerMilli" ref="0x4078c440" scoped=""/></to>
        </wire>
        <wire loc="53:/home/zly/tinyos-main/tos/system/TimerMilliP.nc">
          <from><interface-ref name="SoftwareInit" ref="0x40610df0" scoped=""/></from>
          <to><interface-ref name="Init" ref="0x40778c70" scoped=""/></to>
        </wire>
      </wiring>
    <specification><interface loc="49:/home/zly/tinyos-main/tos/system/TimerMilliP.nc" name="TimerMilli" provided="1" ref="0x4077b3f0">
      <component-ref nicename="tos.system.TimerMilliP" qname="TimerMilliP"/>
      <type-interface alignment="I:2" size="I:2"><interface-ref name="TimerMilli" ref="0x4077b3f0" scoped=""/></type-interface>
      <instance>
        <interfacedef-ref nicename="tos.lib.timer.Timer" qname="Timer"/>
        <arguments>
          <type-tag alignment="I:2" size="I:2"><struct-ref ref="0x40614868"/>
            <typename><typedef-ref name="TMilli" ref="0x40614a30"/></typename>
          </type-tag>
        </arguments>
      </instance>
      <interface-parameters>
        <type-int alignment="I:1" cname="unsigned char" size="I:1" unsigned="">
          <typename><typedef-ref name="uint8_t" ref="0x40212dc8"/></typename>
        </type-int>
      </interface-parameters>
      <interface-functions>
        <function-ref name="getNow" ref="0x4077aed0" scoped=""/>
        <function-ref name="fired" ref="0x4077a188" scoped=""/>
        <function-ref name="startPeriodicAt" ref="0x4077a890" scoped=""/>
        <function-ref name="isOneShot" ref="0x4077a638" scoped=""/>
        <function-ref name="getdt" ref="0x407783a8" scoped=""/>
        <function-ref name="gett0" ref="0x40778150" scoped=""/>
        <function-ref name="isRunning" ref="0x4077a3e0" scoped=""/>
        <function-ref name="startPeriodic" ref="0x4077ba18" scoped=""/>
        <function-ref name="startOneShotAt" ref="0x4077abb0" scoped=""/>
        <function-ref name="startOneShot" ref="0x4077bc98" scoped=""/>
        <function-ref name="stop" ref="0x4077bf18" scoped=""/>
      </interface-functions>
    </interface></specification><referenced><interface loc="46:/home/zly/tinyos-main/tos/chips/msp430/timer/HilTimerMilliC.nc" name="TimerMilli" provided="1" ref="0x4078c440">
      <component-ref nicename="tos.chips.msp430.timer.HilTimerMilliC" qname="HilTimerMilliC"/>
      <type-interface alignment="I:2" size="I:2"><interface-ref name="TimerMilli" ref="0x4078c440" scoped=""/></type-interface>
      <instance>
        <interfacedef-ref nicename="tos.lib.timer.Timer" qname="Timer"/>
        <arguments>
          <type-tag alignment="I:2" size="I:2"><struct-ref ref="0x40614868"/>
            <typename><typedef-ref name="TMilli" ref="0x40614a30"/></typename>
          </type-tag>
        </arguments>
      </instance>
      <interface-parameters>
        <type-int alignment="I:1" cname="unsigned char" size="I:1" unsigned="">
          <typename><typedef-ref name="uint8_t" ref="0x40212dc8"/></typename>
        </type-int>
      </interface-parameters>
      <interface-functions>
        <function-ref name="getNow" ref="0x4078a010" scoped=""/>
        <function-ref name="fired" ref="0x4078b268" scoped=""/>
        <function-ref name="startPeriodicAt" ref="0x4078b970" scoped=""/>
        <function-ref name="isOneShot" ref="0x4078b718" scoped=""/>
        <function-ref name="getdt" ref="0x4078a4c0" scoped=""/>
        <function-ref name="gett0" ref="0x4078a268" scoped=""/>
        <function-ref name="isRunning" ref="0x4078b4c0" scoped=""/>
        <function-ref name="startPeriodic" ref="0x4078ca68" scoped=""/>
        <function-ref name="startOneShotAt" ref="0x4078bc90" scoped=""/>
        <function-ref name="startOneShot" ref="0x4078cce8" scoped=""/>
        <function-ref name="stop" ref="0x4078b010" scoped=""/>
      </interface-functions>
    </interface><interface loc="45:/home/zly/tinyos-main/tos/chips/msp430/timer/HilTimerMilliC.nc" name="Init" provided="1" ref="0x40778c70">
      <component-ref nicename="tos.chips.msp430.timer.HilTimerMilliC" qname="HilTimerMilliC"/>
      <type-interface alignment="I:2" size="I:2"><interface-ref name="Init" ref="0x40778c70" scoped=""/></type-interface>
      <instance>
        <interfacedef-ref nicename="tos.interfaces.Init" qname="Init"/>
      </instance>
      <interface-functions>
        <function-ref name="init" ref="0x40778e48" scoped=""/>
      </interface-functions>
    </interface><interface loc="58:/home/zly/tinyos-main/tos/system/MainC.nc" name="SoftwareInit" provided="0" ref="0x40610df0">
      <component-ref nicename="tos.system.MainC" qname="MainC"/>
      <type-interface alignment="I:2" size="I:2"><interface-ref name="SoftwareInit" ref="0x40610df0" scoped=""/></type-interface>
      <instance>
        <interfacedef-ref nicename="tos.interfaces.Init" qname="Init"/>
      </instance>
      <interface-functions>
        <function-ref name="init" ref="0x40612010" scoped=""/>
      </interface-functions>
    </interface><component loc="43:/home/zly/tinyos-main/tos/chips/msp430/timer/HilTimerMilliC.nc" nicename="tos.chips.msp430.timer.HilTimerMilliC" qname="HilTimerMilliC">
      <documentation loc="33:/home/zly/tinyos-main/tos/chips/msp430/timer/HilTimerMilliC.nc">
        <short>
 HilTimerMilliC provides a parameterized interface to a virtualized
 millisecond timer.</short>
        <long>
 HilTimerMilliC provides a parameterized interface to a virtualized
 millisecond timer.  TimerMilliC in tos/system/ uses this component to
 allocate new timers.

 @author Cory Sharp &lt;cssharp@eecs.berkeley.edu&gt;
 @see  Please refer to TEP 102 for more information about this component and its
          intended use.
</long>
      </documentation>
      <configuration/>
      <wiring>
        <wire loc="58:/home/zly/tinyos-main/tos/chips/msp430/timer/HilTimerMilliC.nc">
          <from><interface-ref name="TimerMilli" ref="0x4078c440" scoped=""/></from>
          <to><interface-ref name="Timer" ref="0x40838f00" scoped=""/></to>
        </wire>
        <wire loc="59:/home/zly/tinyos-main/tos/chips/msp430/timer/HilTimerMilliC.nc">
          <from><interface-ref name="LocalTime" ref="0x407864d8" scoped=""/></from>
          <to><interface-ref name="LocalTime" ref="0x40859a88" scoped=""/></to>
        </wire>
        <wire loc="57:/home/zly/tinyos-main/tos/chips/msp430/timer/HilTimerMilliC.nc">
          <from><interface-ref name="Init" ref="0x40778c70" scoped=""/></from>
          <to><interface-ref name="Init" ref="0x40785010" scoped=""/></to>
        </wire>
        <wire loc="61:/home/zly/tinyos-main/tos/chips/msp430/timer/HilTimerMilliC.nc">
          <from><interface-ref name="TimerFrom" ref="0x4085e338" scoped=""/></from>
          <to><interface-ref name="Timer" ref="0x40806cb0" scoped=""/></to>
        </wire>
        <wire loc="62:/home/zly/tinyos-main/tos/chips/msp430/timer/HilTimerMilliC.nc">
          <from><interface-ref name="Alarm" ref="0x40822010" scoped=""/></from>
          <to><interface-ref name="Alarm" ref="0x40785468" scoped=""/></to>
        </wire>
        <wire loc="63:/home/zly/tinyos-main/tos/chips/msp430/timer/HilTimerMilliC.nc">
          <from><interface-ref name="Counter" ref="0x40858448" scoped=""/></from>
          <to><interface-ref name="Counter" ref="0x407d2cf0" scoped=""/></to>
        </wire>
      </wiring>
    </component><component loc="56:/home/zly/tinyos-main/tos/system/MainC.nc" nicename="tos.system.MainC" qname="MainC">
      <documentation loc="45:/home/zly/tinyos-main/tos/system/MainC.nc">
        <short>
 MainC is the system interface the TinyOS boot sequence.</short>
        <long>
 MainC is the system interface the TinyOS boot sequence. It wires the
 boot sequence implementation to the scheduler and hardware resources.

 @author Philip Levis
 @date   August 6 2005
 @see    TEP 107: Boot Sequence
</long>
      </documentation>
      <configuration/>
      <wiring>
        <wire loc="72:/home/zly/tinyos-main/tos/system/MainC.nc">
          <from><interface-ref name="Boot" ref="0x406101c8" scoped=""/></from>
          <to><interface-ref name="Boot" ref="0x40611840" scoped=""/></to>
        </wire>
        <wire loc="67:/home/zly/tinyos-main/tos/system/MainC.nc">
          <from><interface-ref name="Scheduler" ref="0x40611bd8" scoped=""/></from>
          <to><interface-ref name="Scheduler" ref="0x403875f0" scoped=""/></to>
        </wire>
        <wire loc="68:/home/zly/tinyos-main/tos/system/MainC.nc">
          <from><interface-ref name="PlatformInit" ref="0x4062f240" scoped=""/></from>
          <to><interface-ref name="Init" ref="0x406126f8" scoped=""/></to>
        </wire>
        <wire loc="71:/home/zly/tinyos-main/tos/system/MainC.nc">
          <from><interface-ref name="SoftwareInit" ref="0x4062f648" scoped=""/></from>
          <to><interface-ref name="SoftwareInit" ref="0x40610df0" scoped=""/></to>
        </wire>
      </wiring>
    </component></referenced></component>