<?xml version="1.0" ?><component abstract="" loc="79:/home/zly/tinyos-main/tos/chips/msp430/usart/Msp430Spi0C.nc" nicename="tos.chips.msp430.usart.Msp430Spi0C" qname="Msp430Spi0C">
      <parameters>
      </parameters>
      <configuration/>
      <wiring>
        <wire loc="114:/home/zly/tinyos-main/tos/chips/msp430/usart/Msp430Spi0C.nc">
          <from><interface-ref name="ResourceRequested" ref="0x40c47010" scoped=""/></from>
          <to><interface-ref name="ResourceRequested" ref="0x40def5a0" scoped=""/></to>
        </wire>
        <wire loc="110:/home/zly/tinyos-main/tos/chips/msp430/usart/Msp430Spi0C.nc">
          <from><interface-ref name="SpiPacket" ref="0x40c43d10" scoped=""/></from>
          <to><interface-ref name="SpiPacket" ref="0x40c3e820" scoped=""/>
          <arguments>
            <value cst="U:">
              <type-int alignment="I:2" cname="int" size="I:2"/>
            </value>
          </arguments>
          </to>
        </wire>
        <wire loc="106:/home/zly/tinyos-main/tos/chips/msp430/usart/Msp430Spi0C.nc">
          <from><interface-ref name="SpiByte" ref="0x40c47470" scoped=""/></from>
          <to><interface-ref name="SpiByte" ref="0x40c3cb40" scoped=""/></to>
        </wire>
        <wire loc="105:/home/zly/tinyos-main/tos/chips/msp430/usart/Msp430Spi0C.nc">
          <from><interface-ref name="Resource" ref="0x40c497b0" scoped=""/></from>
          <to><interface-ref name="Resource" ref="0x40c45d38" scoped=""/>
          <arguments>
            <value cst="U:">
              <type-int alignment="I:2" cname="int" size="I:2"/>
            </value>
          </arguments>
          </to>
        </wire>
        <wire loc="108:/home/zly/tinyos-main/tos/chips/msp430/usart/Msp430Spi0C.nc">
          <from><interface-ref name="FastSpiByte" ref="0x40c436d8" scoped=""/></from>
          <to><interface-ref name="FastSpiByte" ref="0x40c3cee8" scoped=""/></to>
        </wire>
        <wire loc="111:/home/zly/tinyos-main/tos/chips/msp430/usart/Msp430Spi0C.nc">
          <from><interface-ref name="Msp430SpiConfigure" ref="0x40c3da78" scoped=""/>
          <arguments>
            <value cst="U:">
              <type-int alignment="I:2" cname="int" size="I:2"/>
            </value>
          </arguments>
          </from>
          <to><interface-ref name="Msp430SpiConfigure" ref="0x40c46a90" scoped=""/></to>
        </wire>
        <wire loc="115:/home/zly/tinyos-main/tos/chips/msp430/usart/Msp430Spi0C.nc">
          <from><interface-ref name="ResourceConfigure" ref="0x40de8870" scoped=""/></from>
          <to><interface-ref name="ResourceConfigure" ref="0x40c3c6e0" scoped=""/>
          <arguments>
            <value cst="U:">
              <type-int alignment="I:2" cname="int" size="I:2"/>
            </value>
          </arguments>
          </to>
        </wire>
        <wire loc="116:/home/zly/tinyos-main/tos/chips/msp430/usart/Msp430Spi0C.nc">
          <from><interface-ref name="UsartResource" ref="0x40c3d028" scoped=""/>
          <arguments>
            <value cst="U:">
              <type-int alignment="I:2" cname="int" size="I:2"/>
            </value>
          </arguments>
          </from>
          <to><interface-ref name="Resource" ref="0x40df0ea8" scoped=""/></to>
        </wire>
        <wire loc="117:/home/zly/tinyos-main/tos/chips/msp430/usart/Msp430Spi0C.nc">
          <from><interface-ref name="UsartInterrupts" ref="0x40c3bd60" scoped=""/></from>
          <to><interface-ref name="HplMsp430UsartInterrupts" ref="0x40dec5d0" scoped=""/></to>
        </wire>
      </wiring>
    <specification><interface loc="82:/home/zly/tinyos-main/tos/chips/msp430/usart/Msp430Spi0C.nc" name="ResourceRequested" provided="1" ref="0x40c47010">
      <component-ref nicename="tos.chips.msp430.usart.Msp430Spi0C" qname="Msp430Spi0C"/>
      <type-interface alignment="I:2" size="I:2"><interface-ref name="ResourceRequested" ref="0x40c47010" scoped=""/></type-interface>
      <instance>
        <interfacedef-ref nicename="tos.interfaces.ResourceRequested" qname="ResourceRequested"/>
      </instance>
      <interface-functions>
        <function-ref name="requested" ref="0x40c471e8" scoped=""/>
        <function-ref name="immediateRequested" ref="0x40c472c8" scoped=""/>
      </interface-functions>
    </interface><interface loc="87:/home/zly/tinyos-main/tos/chips/msp430/usart/Msp430Spi0C.nc" name="SpiPacket" provided="1" ref="0x40c43d10">
      <component-ref nicename="tos.chips.msp430.usart.Msp430Spi0C" qname="Msp430Spi0C"/>
      <type-interface alignment="I:2" size="I:2"><interface-ref name="SpiPacket" ref="0x40c43d10" scoped=""/></type-interface>
      <instance>
        <interfacedef-ref nicename="tos.interfaces.SpiPacket" qname="SpiPacket"/>
      </instance>
      <interface-functions>
        <function-ref name="send" ref="0x40c43ee8" scoped=""/>
        <function-ref name="sendDone" ref="0x40c46010" scoped=""/>
      </interface-functions>
    </interface><interface loc="89:/home/zly/tinyos-main/tos/chips/msp430/usart/Msp430Spi0C.nc" name="Msp430SpiConfigure" provided="0" ref="0x40c46a90">
      <component-ref nicename="tos.chips.msp430.usart.Msp430Spi0C" qname="Msp430Spi0C"/>
      <type-interface alignment="I:2" size="I:2"><interface-ref name="Msp430SpiConfigure" ref="0x40c46a90" scoped=""/></type-interface>
      <instance>
        <interfacedef-ref nicename="tos.chips.msp430.usart.Msp430SpiConfigure" qname="Msp430SpiConfigure"/>
      </instance>
      <interface-functions>
        <function-ref name="getConfig" ref="0x40c46c68" scoped=""/>
      </interface-functions>
    </interface><interface loc="83:/home/zly/tinyos-main/tos/chips/msp430/usart/Msp430Spi0C.nc" name="SpiByte" provided="1" ref="0x40c47470">
      <component-ref nicename="tos.chips.msp430.usart.Msp430Spi0C" qname="Msp430Spi0C"/>
      <type-interface alignment="I:2" size="I:2"><interface-ref name="SpiByte" ref="0x40c47470" scoped=""/></type-interface>
      <instance>
        <interfacedef-ref nicename="tos.interfaces.SpiByte" qname="SpiByte"/>
      </instance>
      <interface-functions>
        <function-ref name="write" ref="0x40c47648" scoped=""/>
      </interface-functions>
    </interface><interface loc="81:/home/zly/tinyos-main/tos/chips/msp430/usart/Msp430Spi0C.nc" name="Resource" provided="1" ref="0x40c497b0">
      <component-ref nicename="tos.chips.msp430.usart.Msp430Spi0C" qname="Msp430Spi0C"/>
      <type-interface alignment="I:2" size="I:2"><interface-ref name="Resource" ref="0x40c497b0" scoped=""/></type-interface>
      <instance>
        <interfacedef-ref nicename="tos.interfaces.Resource" qname="Resource"/>
      </instance>
      <interface-functions>
        <function-ref name="release" ref="0x40c49988" scoped=""/>
        <function-ref name="immediateRequest" ref="0x40c49a68" scoped=""/>
        <function-ref name="request" ref="0x40c49b48" scoped=""/>
        <function-ref name="granted" ref="0x40c49c28" scoped=""/>
        <function-ref name="isOwner" ref="0x40c49d08" scoped=""/>
      </interface-functions>
    </interface><interface loc="85:/home/zly/tinyos-main/tos/chips/msp430/usart/Msp430Spi0C.nc" name="FastSpiByte" provided="1" ref="0x40c436d8">
      <component-ref nicename="tos.chips.msp430.usart.Msp430Spi0C" qname="Msp430Spi0C"/>
      <type-interface alignment="I:2" size="I:2"><interface-ref name="FastSpiByte" ref="0x40c436d8" scoped=""/></type-interface>
      <instance>
        <interfacedef-ref nicename="tos.interfaces.FastSpiByte" qname="FastSpiByte"/>
      </instance>
      <interface-functions>
        <function-ref name="splitWrite" ref="0x40c438b0" scoped=""/>
        <function-ref name="splitReadWrite" ref="0x40c43990" scoped=""/>
        <function-ref name="splitRead" ref="0x40c43a70" scoped=""/>
        <function-ref name="write" ref="0x40c43b50" scoped=""/>
      </interface-functions>
    </interface></specification><referenced><interface loc="79:/home/zly/tinyos-main/tos/chips/msp430/usart/Msp430SpiNoDma0P.nc" name="UsartResource" provided="0" ref="0x40c3d028">
      <component-ref nicename="tos.chips.msp430.usart.Msp430SpiNoDma0P" qname="Msp430SpiNoDma0P"/>
      <type-interface alignment="I:2" size="I:2"><interface-ref name="UsartResource" ref="0x40c3d028" scoped=""/></type-interface>
      <instance>
        <interfacedef-ref nicename="tos.interfaces.Resource" qname="Resource"/>
      </instance>
      <interface-parameters>
        <type-int alignment="I:1" cname="unsigned char" size="I:1" unsigned="">
          <typename><typedef-ref name="uint8_t" ref="0x40212dc8"/></typename>
        </type-int>
      </interface-parameters>
      <interface-functions>
        <function-ref name="release" ref="0x40c3d200" scoped=""/>
        <function-ref name="immediateRequest" ref="0x40c3d2e0" scoped=""/>
        <function-ref name="request" ref="0x40c3d3c0" scoped=""/>
        <function-ref name="granted" ref="0x40c3d4a0" scoped=""/>
        <function-ref name="isOwner" ref="0x40c3d580" scoped=""/>
      </interface-functions>
    </interface><interface loc="75:/home/zly/tinyos-main/tos/chips/msp430/usart/Msp430SpiNoDma0P.nc" name="SpiByte" provided="1" ref="0x40c3cb40">
      <component-ref nicename="tos.chips.msp430.usart.Msp430SpiNoDma0P" qname="Msp430SpiNoDma0P"/>
      <type-interface alignment="I:2" size="I:2"><interface-ref name="SpiByte" ref="0x40c3cb40" scoped=""/></type-interface>
      <instance>
        <interfacedef-ref nicename="tos.interfaces.SpiByte" qname="SpiByte"/>
      </instance>
      <interface-functions>
        <function-ref name="write" ref="0x40c3cd18" scoped=""/>
      </interface-functions>
    </interface><interface loc="74:/home/zly/tinyos-main/tos/chips/msp430/usart/Msp430SpiNoDma0P.nc" name="ResourceConfigure" provided="1" ref="0x40c3c6e0">
      <component-ref nicename="tos.chips.msp430.usart.Msp430SpiNoDma0P" qname="Msp430SpiNoDma0P"/>
      <type-interface alignment="I:2" size="I:2"><interface-ref name="ResourceConfigure" ref="0x40c3c6e0" scoped=""/></type-interface>
      <instance>
        <interfacedef-ref nicename="tos.interfaces.ResourceConfigure" qname="ResourceConfigure"/>
      </instance>
      <interface-parameters>
        <type-int alignment="I:1" cname="unsigned char" size="I:1" unsigned="">
          <typename><typedef-ref name="uint8_t" ref="0x40212dc8"/></typename>
        </type-int>
      </interface-parameters>
      <interface-functions>
        <function-ref name="unconfigure" ref="0x40c3c8b8" scoped=""/>
        <function-ref name="configure" ref="0x40c3c998" scoped=""/>
      </interface-functions>
    </interface><interface loc="41:/home/zly/tinyos-main/tos/chips/msp430/usart/Msp430Usart0C.nc" name="Resource" provided="1" ref="0x40df0ea8">
      <component-ref nicename="tos.chips.msp430.usart.Msp430Usart0C" qname="Msp430Spi0C.UsartC"/>
      <type-interface alignment="I:2" size="I:2"><interface-ref name="Resource" ref="0x40df0ea8" scoped=""/></type-interface>
      <instance>
        <interfacedef-ref nicename="tos.interfaces.Resource" qname="Resource"/>
      </instance>
      <interface-functions>
        <function-ref name="release" ref="0x40def0c0" scoped=""/>
        <function-ref name="immediateRequest" ref="0x40def1a0" scoped=""/>
        <function-ref name="request" ref="0x40def280" scoped=""/>
        <function-ref name="granted" ref="0x40def360" scoped=""/>
        <function-ref name="isOwner" ref="0x40def440" scoped=""/>
      </interface-functions>
    </interface><interface loc="76:/home/zly/tinyos-main/tos/chips/msp430/usart/Msp430SpiNoDma0P.nc" name="FastSpiByte" provided="1" ref="0x40c3cee8">
      <component-ref nicename="tos.chips.msp430.usart.Msp430SpiNoDma0P" qname="Msp430SpiNoDma0P"/>
      <type-interface alignment="I:2" size="I:2"><interface-ref name="FastSpiByte" ref="0x40c3cee8" scoped=""/></type-interface>
      <instance>
        <interfacedef-ref nicename="tos.interfaces.FastSpiByte" qname="FastSpiByte"/>
      </instance>
      <interface-functions>
        <function-ref name="splitWrite" ref="0x40c3e0e0" scoped=""/>
        <function-ref name="splitReadWrite" ref="0x40c3e1c0" scoped=""/>
        <function-ref name="splitRead" ref="0x40c3e2a0" scoped=""/>
        <function-ref name="write" ref="0x40c3e380" scoped=""/>
      </interface-functions>
    </interface><interface loc="80:/home/zly/tinyos-main/tos/chips/msp430/usart/Msp430SpiNoDma0P.nc" name="Msp430SpiConfigure" provided="0" ref="0x40c3da78">
      <component-ref nicename="tos.chips.msp430.usart.Msp430SpiNoDma0P" qname="Msp430SpiNoDma0P"/>
      <type-interface alignment="I:2" size="I:2"><interface-ref name="Msp430SpiConfigure" ref="0x40c3da78" scoped=""/></type-interface>
      <instance>
        <interfacedef-ref nicename="tos.chips.msp430.usart.Msp430SpiConfigure" qname="Msp430SpiConfigure"/>
      </instance>
      <interface-parameters>
        <type-int alignment="I:1" cname="unsigned char" size="I:1" unsigned="">
          <typename><typedef-ref name="uint8_t" ref="0x40212dc8"/></typename>
        </type-int>
      </interface-parameters>
      <interface-functions>
        <function-ref name="getConfig" ref="0x40c3dc50" scoped=""/>
      </interface-functions>
    </interface><interface loc="51:/home/zly/tinyos-main/tos/chips/msp430/usart/Msp430Usart0C.nc" name="ResourceConfigure" provided="0" ref="0x40de8870">
      <component-ref nicename="tos.chips.msp430.usart.Msp430Usart0C" qname="Msp430Spi0C.UsartC"/>
      <type-interface alignment="I:2" size="I:2"><interface-ref name="ResourceConfigure" ref="0x40de8870" scoped=""/></type-interface>
      <instance>
        <interfacedef-ref nicename="tos.interfaces.ResourceConfigure" qname="ResourceConfigure"/>
      </instance>
      <interface-functions>
        <function-ref name="unconfigure" ref="0x40de8a48" scoped=""/>
        <function-ref name="configure" ref="0x40de8b28" scoped=""/>
      </interface-functions>
    </interface><interface loc="42:/home/zly/tinyos-main/tos/chips/msp430/usart/Msp430Usart0C.nc" name="ResourceRequested" provided="1" ref="0x40def5a0">
      <component-ref nicename="tos.chips.msp430.usart.Msp430Usart0C" qname="Msp430Spi0C.UsartC"/>
      <type-interface alignment="I:2" size="I:2"><interface-ref name="ResourceRequested" ref="0x40def5a0" scoped=""/></type-interface>
      <instance>
        <interfacedef-ref nicename="tos.interfaces.ResourceRequested" qname="ResourceRequested"/>
      </instance>
      <interface-functions>
        <function-ref name="requested" ref="0x40def778" scoped=""/>
        <function-ref name="immediateRequested" ref="0x40def858" scoped=""/>
      </interface-functions>
    </interface><interface loc="45:/home/zly/tinyos-main/tos/chips/msp430/usart/Msp430Usart0C.nc" name="HplMsp430UsartInterrupts" provided="1" ref="0x40dec5d0">
      <component-ref nicename="tos.chips.msp430.usart.Msp430Usart0C" qname="Msp430Spi0C.UsartC"/>
      <type-interface alignment="I:2" size="I:2"><interface-ref name="HplMsp430UsartInterrupts" ref="0x40dec5d0" scoped=""/></type-interface>
      <instance>
        <interfacedef-ref nicename="tos.chips.msp430.usart.HplMsp430UsartInterrupts" qname="HplMsp430UsartInterrupts"/>
      </instance>
      <interface-functions>
        <function-ref name="rxDone" ref="0x40dec7a8" scoped=""/>
        <function-ref name="txDone" ref="0x40dec888" scoped=""/>
      </interface-functions>
    </interface><interface loc="73:/home/zly/tinyos-main/tos/chips/msp430/usart/Msp430SpiNoDma0P.nc" name="Resource" provided="1" ref="0x40c45d38">
      <component-ref nicename="tos.chips.msp430.usart.Msp430SpiNoDma0P" qname="Msp430SpiNoDma0P"/>
      <type-interface alignment="I:2" size="I:2"><interface-ref name="Resource" ref="0x40c45d38" scoped=""/></type-interface>
      <instance>
        <interfacedef-ref nicename="tos.interfaces.Resource" qname="Resource"/>
      </instance>
      <interface-parameters>
        <type-int alignment="I:1" cname="unsigned char" size="I:1" unsigned="">
          <typename><typedef-ref name="uint8_t" ref="0x40212dc8"/></typename>
        </type-int>
      </interface-parameters>
      <interface-functions>
        <function-ref name="release" ref="0x40c45f10" scoped=""/>
        <function-ref name="immediateRequest" ref="0x40c40010" scoped=""/>
        <function-ref name="request" ref="0x40c400f0" scoped=""/>
        <function-ref name="granted" ref="0x40c401d0" scoped=""/>
        <function-ref name="isOwner" ref="0x40c402b0" scoped=""/>
      </interface-functions>
    </interface><interface loc="81:/home/zly/tinyos-main/tos/chips/msp430/usart/Msp430SpiNoDma0P.nc" name="UsartInterrupts" provided="0" ref="0x40c3bd60">
      <component-ref nicename="tos.chips.msp430.usart.Msp430SpiNoDma0P" qname="Msp430SpiNoDma0P"/>
      <type-interface alignment="I:2" size="I:2"><interface-ref name="UsartInterrupts" ref="0x40c3bd60" scoped=""/></type-interface>
      <instance>
        <interfacedef-ref nicename="tos.chips.msp430.usart.HplMsp430UsartInterrupts" qname="HplMsp430UsartInterrupts"/>
      </instance>
      <interface-functions>
        <function-ref name="rxDone" ref="0x40c3a010" scoped=""/>
        <function-ref name="txDone" ref="0x40c3a0f0" scoped=""/>
      </interface-functions>
    </interface><interface loc="77:/home/zly/tinyos-main/tos/chips/msp430/usart/Msp430SpiNoDma0P.nc" name="SpiPacket" provided="1" ref="0x40c3e820">
      <component-ref nicename="tos.chips.msp430.usart.Msp430SpiNoDma0P" qname="Msp430SpiNoDma0P"/>
      <type-interface alignment="I:2" size="I:2"><interface-ref name="SpiPacket" ref="0x40c3e820" scoped=""/></type-interface>
      <instance>
        <interfacedef-ref nicename="tos.interfaces.SpiPacket" qname="SpiPacket"/>
      </instance>
      <interface-parameters>
        <type-int alignment="I:1" cname="unsigned char" size="I:1" unsigned="">
          <typename><typedef-ref name="uint8_t" ref="0x40212dc8"/></typename>
        </type-int>
      </interface-parameters>
      <interface-functions>
        <function-ref name="send" ref="0x40c3e9f8" scoped=""/>
        <function-ref name="sendDone" ref="0x40c3ead8" scoped=""/>
      </interface-functions>
    </interface><component abstract="" loc="39(Msp430Spi0C.UsartC):/home/zly/tinyos-main/tos/chips/msp430/usart/Msp430Usart0C.nc" nicename="tos.chips.msp430.usart.Msp430Usart0C" qname="Msp430Spi0C.UsartC">
      <documentation loc="32:/home/zly/tinyos-main/tos/chips/msp430/usart/Msp430Usart0C.nc">
        <short>
 Provides an interface for USART0 on the MSP430.</short>
        <long>
 Provides an interface for USART0 on the MSP430.

 @author Jonathan Hui &lt;jhui@archedrock.com&gt;
 @version $Revision: 1.5 $ $Date: 2008-05-21 22:11:57 $
</long>
      </documentation>
      <instance>
        <component-ref nicename="tos.chips.msp430.usart.Msp430Usart0C" qname="Msp430Usart0C"/>
      </instance>
      <configuration/>
    </component><component loc="71:/home/zly/tinyos-main/tos/chips/msp430/usart/Msp430SpiNoDma0P.nc" nicename="tos.chips.msp430.usart.Msp430SpiNoDma0P" qname="Msp430SpiNoDma0P">
      <documentation loc="66:/home/zly/tinyos-main/tos/chips/msp430/usart/Msp430SpiNoDma0P.nc">
        <short>
 </short>
        <long>
 @author Jonathan Hui &lt;jhui@archedrock.com&gt;
 @version $Revision: 1.6 $ $Date: 2010-06-29 22:07:45 $
</long>
      </documentation>
      <configuration/>
      <wiring>
        <wire loc="89:/home/zly/tinyos-main/tos/chips/msp430/usart/Msp430SpiNoDma0P.nc">
          <from><interface-ref name="ResourceConfigure" ref="0x40c3c6e0" scoped=""/></from>
          <to><interface-ref name="ResourceConfigure" ref="0x40c76208" scoped=""/></to>
        </wire>
        <wire loc="93:/home/zly/tinyos-main/tos/chips/msp430/usart/Msp430SpiNoDma0P.nc">
          <from><interface-ref name="SpiPacket" ref="0x40c3e820" scoped=""/></from>
          <to><interface-ref name="SpiPacket" ref="0x40c75010" scoped=""/></to>
        </wire>
        <wire loc="91:/home/zly/tinyos-main/tos/chips/msp430/usart/Msp430SpiNoDma0P.nc">
          <from><interface-ref name="SpiByte" ref="0x40c3cb40" scoped=""/></from>
          <to><interface-ref name="SpiByte" ref="0x40c76630" scoped=""/></to>
        </wire>
        <wire loc="88:/home/zly/tinyos-main/tos/chips/msp430/usart/Msp430SpiNoDma0P.nc">
          <from><interface-ref name="Resource" ref="0x40c45d38" scoped=""/></from>
          <to><interface-ref name="Resource" ref="0x40c37a68" scoped=""/></to>
        </wire>
        <wire loc="92:/home/zly/tinyos-main/tos/chips/msp430/usart/Msp430SpiNoDma0P.nc">
          <from><interface-ref name="FastSpiByte" ref="0x40c3cee8" scoped=""/></from>
          <to><interface-ref name="FastSpiByte" ref="0x40c76968" scoped=""/></to>
        </wire>
        <wire loc="90:/home/zly/tinyos-main/tos/chips/msp430/usart/Msp430SpiNoDma0P.nc">
          <from><interface-ref name="Msp430SpiConfigure" ref="0x40c75c50" scoped=""/></from>
          <to><interface-ref name="Msp430SpiConfigure" ref="0x40c3da78" scoped=""/></to>
        </wire>
        <wire loc="94:/home/zly/tinyos-main/tos/chips/msp430/usart/Msp430SpiNoDma0P.nc">
          <from><interface-ref name="UsartResource" ref="0x40c754f0" scoped=""/></from>
          <to><interface-ref name="UsartResource" ref="0x40c3d028" scoped=""/></to>
        </wire>
        <wire loc="95:/home/zly/tinyos-main/tos/chips/msp430/usart/Msp430SpiNoDma0P.nc">
          <from><interface-ref name="UsartInterrupts" ref="0x40c9d7b0" scoped=""/></from>
          <to><interface-ref name="UsartInterrupts" ref="0x40c3bd60" scoped=""/></to>
        </wire>
        <wire loc="98:/home/zly/tinyos-main/tos/chips/msp430/usart/Msp430SpiNoDma0P.nc">
          <from><interface-ref name="Usart" ref="0x40c74010" scoped=""/></from>
          <to><interface-ref name="HplMsp430Usart" ref="0x40c99cb8" scoped=""/></to>
        </wire>
        <wire loc="101:/home/zly/tinyos-main/tos/chips/msp430/usart/Msp430SpiNoDma0P.nc">
          <from><interface-ref name="Leds" ref="0x40c9dbc8" scoped=""/></from>
          <to><interface-ref name="Leds" ref="0x40d05b58" scoped=""/></to>
        </wire>
      </wiring>
    </component></referenced></component>