<?xml version="1.0" ?><component loc="59:/home/zly/tinyos-main/tos/platforms/telosa/ActiveMessageC.nc" nicename="tos.platforms.telosa.ActiveMessageC" qname="ActiveMessageC">
      <documentation loc="49:/home/zly/tinyos-main/tos/platforms/telosa/ActiveMessageC.nc">
        <short>

 The Active Message layer on the Telos platform.</short>
        <long>

 The Active Message layer on the Telos platform. This is a naming wrapper
 around the CC2420 Active Message layer.

 @author Philip Levis
 @version $Revision: 1.9 $ $Date: 2010-06-29 22:07:55 $
</long>
      </documentation>
      <configuration/>
      <wiring>
        <wire loc="78:/home/zly/tinyos-main/tos/platforms/telosa/ActiveMessageC.nc">
          <from><interface-ref name="SplitControl" ref="0x4086aac0" scoped=""/></from>
          <to><interface-ref name="SplitControl" ref="0x40891788" scoped=""/></to>
        </wire>
        <wire loc="80:/home/zly/tinyos-main/tos/platforms/telosa/ActiveMessageC.nc">
          <from><interface-ref name="AMSend" ref="0x40866470" scoped=""/></from>
          <to><interface-ref name="AMSend" ref="0x40890100" scoped=""/></to>
        </wire>
        <wire loc="82:/home/zly/tinyos-main/tos/platforms/telosa/ActiveMessageC.nc">
          <from><interface-ref name="Snoop" ref="0x40865510" scoped=""/></from>
          <to><interface-ref name="Snoop" ref="0x4088e178" scoped=""/></to>
        </wire>
        <wire loc="83:/home/zly/tinyos-main/tos/platforms/telosa/ActiveMessageC.nc">
          <from><interface-ref name="Packet" ref="0x40865868" scoped=""/></from>
          <to><interface-ref name="Packet" ref="0x4088d190" scoped=""/></to>
        </wire>
        <wire loc="89:/home/zly/tinyos-main/tos/platforms/telosa/ActiveMessageC.nc">
          <from><interface-ref name="PacketTimeStamp32khz" ref="0x40883408" scoped=""/></from>
          <to><interface-ref name="PacketTimeStamp32khz" ref="0x40f67668" scoped=""/></to>
        </wire>
        <wire loc="86:/home/zly/tinyos-main/tos/platforms/telosa/ActiveMessageC.nc">
          <from><interface-ref name="LowPowerListening" ref="0x4087cba8" scoped=""/></from>
          <to><interface-ref name="LowPowerListening" ref="0x4088b948" scoped=""/></to>
        </wire>
        <wire loc="81:/home/zly/tinyos-main/tos/platforms/telosa/ActiveMessageC.nc">
          <from><interface-ref name="Receive" ref="0x40866e30" scoped=""/></from>
          <to><interface-ref name="Receive" ref="0x40890ac0" scoped=""/></to>
        </wire>
        <wire loc="85:/home/zly/tinyos-main/tos/platforms/telosa/ActiveMessageC.nc">
          <from><interface-ref name="PacketAcknowledgements" ref="0x4086fa90" scoped=""/></from>
          <to><interface-ref name="PacketAcknowledgements" ref="0x4088c230" scoped=""/></to>
        </wire>
        <wire loc="84:/home/zly/tinyos-main/tos/platforms/telosa/ActiveMessageC.nc">
          <from><interface-ref name="AMPacket" ref="0x408727b0" scoped=""/></from>
          <to><interface-ref name="AMPacket" ref="0x4088e4e8" scoped=""/></to>
        </wire>
        <wire loc="90:/home/zly/tinyos-main/tos/platforms/telosa/ActiveMessageC.nc">
          <from><interface-ref name="PacketTimeStampMilli" ref="0x40873db8" scoped=""/></from>
          <to><interface-ref name="PacketTimeStampMilli" ref="0x40f64100" scoped=""/></to>
        </wire>
      </wiring>
    <specification><interface loc="61:/home/zly/tinyos-main/tos/platforms/telosa/ActiveMessageC.nc" name="SplitControl" provided="1" ref="0x4086aac0">
      <component-ref nicename="tos.platforms.telosa.ActiveMessageC" qname="ActiveMessageC"/>
      <type-interface alignment="I:2" size="I:2"><interface-ref name="SplitControl" ref="0x4086aac0" scoped=""/></type-interface>
      <instance>
        <interfacedef-ref nicename="tos.interfaces.SplitControl" qname="SplitControl"/>
      </instance>
      <interface-functions>
        <function-ref name="startDone" ref="0x4086ac98" scoped=""/>
        <function-ref name="stopDone" ref="0x4086ad78" scoped=""/>
        <function-ref name="start" ref="0x4086ae58" scoped=""/>
        <function-ref name="stop" ref="0x40866010" scoped=""/>
      </interface-functions>
    </interface><interface loc="63:/home/zly/tinyos-main/tos/platforms/telosa/ActiveMessageC.nc" name="AMSend" provided="1" ref="0x40866470">
      <component-ref nicename="tos.platforms.telosa.ActiveMessageC" qname="ActiveMessageC"/>
      <type-interface alignment="I:2" size="I:2"><interface-ref name="AMSend" ref="0x40866470" scoped=""/></type-interface>
      <instance>
        <interfacedef-ref nicename="tos.interfaces.AMSend" qname="AMSend"/>
      </instance>
      <interface-parameters>
        <type-int alignment="I:1" cname="unsigned char" size="I:1" unsigned="">
          <typename><typedef-ref name="am_id_t" ref="0x4074eae0"/></typename>
        </type-int>
      </interface-parameters>
      <interface-functions>
        <function-ref name="send" ref="0x40866648" scoped=""/>
        <function-ref name="getPayload" ref="0x40866728" scoped=""/>
        <function-ref name="maxPayloadLength" ref="0x40866808" scoped=""/>
        <function-ref name="cancel" ref="0x408668e8" scoped=""/>
        <function-ref name="sendDone" ref="0x408669c8" scoped=""/>
      </interface-functions>
    </interface><interface loc="65:/home/zly/tinyos-main/tos/platforms/telosa/ActiveMessageC.nc" name="Snoop" provided="1" ref="0x40865510">
      <component-ref nicename="tos.platforms.telosa.ActiveMessageC" qname="ActiveMessageC"/>
      <type-interface alignment="I:2" size="I:2"><interface-ref name="Snoop" ref="0x40865510" scoped=""/></type-interface>
      <instance>
        <interfacedef-ref nicename="tos.interfaces.Receive" qname="Receive"/>
      </instance>
      <interface-parameters>
        <type-int alignment="I:1" cname="unsigned char" size="I:1" unsigned="">
          <typename><typedef-ref name="am_id_t" ref="0x4074eae0"/></typename>
        </type-int>
      </interface-parameters>
      <interface-functions>
        <function-ref name="receive" ref="0x408656e8" scoped=""/>
      </interface-functions>
    </interface><interface loc="67:/home/zly/tinyos-main/tos/platforms/telosa/ActiveMessageC.nc" name="Packet" provided="1" ref="0x40865868">
      <component-ref nicename="tos.platforms.telosa.ActiveMessageC" qname="ActiveMessageC"/>
      <type-interface alignment="I:2" size="I:2"><interface-ref name="Packet" ref="0x40865868" scoped=""/></type-interface>
      <instance>
        <interfacedef-ref nicename="tos.interfaces.Packet" qname="Packet"/>
      </instance>
      <interface-functions>
        <function-ref name="clear" ref="0x40865a40" scoped=""/>
        <function-ref name="payloadLength" ref="0x40865b20" scoped=""/>
        <function-ref name="getPayload" ref="0x40865c00" scoped=""/>
        <function-ref name="maxPayloadLength" ref="0x40865ce0" scoped=""/>
        <function-ref name="setPayloadLength" ref="0x40865dc0" scoped=""/>
      </interface-functions>
    </interface><interface loc="70:/home/zly/tinyos-main/tos/platforms/telosa/ActiveMessageC.nc" name="PacketTimeStamp32khz" provided="1" ref="0x40883408">
      <component-ref nicename="tos.platforms.telosa.ActiveMessageC" qname="ActiveMessageC"/>
      <type-interface alignment="I:2" size="I:2"><interface-ref name="PacketTimeStamp32khz" ref="0x40883408" scoped=""/></type-interface>
      <instance>
        <interfacedef-ref nicename="tos.interfaces.PacketTimeStamp" qname="PacketTimeStamp"/>
        <arguments>
          <type-tag alignment="I:2" size="I:2"><struct-ref ref="0x40614ca8"/>
            <typename><typedef-ref name="T32khz" ref="0x40614e70"/></typename>
          </type-tag>
          <type-int alignment="I:2" cname="unsigned long" size="I:4" unsigned="">
            <typename><typedef-ref name="uint32_t" ref="0x40213250"/></typename>
          </type-int>
        </arguments>
      </instance>
      <interface-functions>
        <function-ref name="timestamp" ref="0x40883f08" scoped=""/>
        <function-ref name="clear" ref="0x408732d0" scoped=""/>
        <function-ref name="isValid" ref="0x40883b58" scoped=""/>
        <function-ref name="set" ref="0x40873680" scoped=""/>
      </interface-functions>
    </interface><interface loc="72:/home/zly/tinyos-main/tos/platforms/telosa/ActiveMessageC.nc" name="LowPowerListening" provided="1" ref="0x4087cba8">
      <component-ref nicename="tos.platforms.telosa.ActiveMessageC" qname="ActiveMessageC"/>
      <type-interface alignment="I:2" size="I:2"><interface-ref name="LowPowerListening" ref="0x4087cba8" scoped=""/></type-interface>
      <instance>
        <interfacedef-ref nicename="tos.interfaces.LowPowerListening" qname="LowPowerListening"/>
      </instance>
      <interface-functions>
        <function-ref name="setRemoteWakeupInterval" ref="0x4087cd80" scoped=""/>
        <function-ref name="getRemoteWakeupInterval" ref="0x4087ce60" scoped=""/>
        <function-ref name="getLocalWakeupInterval" ref="0x40881010" scoped=""/>
        <function-ref name="setLocalWakeupInterval" ref="0x408810f0" scoped=""/>
      </interface-functions>
    </interface><interface loc="64:/home/zly/tinyos-main/tos/platforms/telosa/ActiveMessageC.nc" name="Receive" provided="1" ref="0x40866e30">
      <component-ref nicename="tos.platforms.telosa.ActiveMessageC" qname="ActiveMessageC"/>
      <type-interface alignment="I:2" size="I:2"><interface-ref name="Receive" ref="0x40866e30" scoped=""/></type-interface>
      <instance>
        <interfacedef-ref nicename="tos.interfaces.Receive" qname="Receive"/>
      </instance>
      <interface-parameters>
        <type-int alignment="I:1" cname="unsigned char" size="I:1" unsigned="">
          <typename><typedef-ref name="am_id_t" ref="0x4074eae0"/></typename>
        </type-int>
      </interface-parameters>
      <interface-functions>
        <function-ref name="receive" ref="0x40865050" scoped=""/>
      </interface-functions>
    </interface><interface loc="69:/home/zly/tinyos-main/tos/platforms/telosa/ActiveMessageC.nc" name="PacketAcknowledgements" provided="1" ref="0x4086fa90">
      <component-ref nicename="tos.platforms.telosa.ActiveMessageC" qname="ActiveMessageC"/>
      <type-interface alignment="I:2" size="I:2"><interface-ref name="PacketAcknowledgements" ref="0x4086fa90" scoped=""/></type-interface>
      <instance>
        <interfacedef-ref nicename="tos.interfaces.PacketAcknowledgements" qname="PacketAcknowledgements"/>
      </instance>
      <interface-functions>
        <function-ref name="requestAck" ref="0x4086fc68" scoped=""/>
        <function-ref name="noAck" ref="0x4086fd48" scoped=""/>
        <function-ref name="wasAcked" ref="0x4086fe28" scoped=""/>
      </interface-functions>
    </interface><interface loc="68:/home/zly/tinyos-main/tos/platforms/telosa/ActiveMessageC.nc" name="AMPacket" provided="1" ref="0x408727b0">
      <component-ref nicename="tos.platforms.telosa.ActiveMessageC" qname="ActiveMessageC"/>
      <type-interface alignment="I:2" size="I:2"><interface-ref name="AMPacket" ref="0x408727b0" scoped=""/></type-interface>
      <instance>
        <interfacedef-ref nicename="tos.interfaces.AMPacket" qname="AMPacket"/>
      </instance>
      <interface-functions>
        <function-ref name="group" ref="0x40872988" scoped=""/>
        <function-ref name="source" ref="0x40872a68" scoped=""/>
        <function-ref name="address" ref="0x40872b48" scoped=""/>
        <function-ref name="destination" ref="0x40872c28" scoped=""/>
        <function-ref name="setSource" ref="0x40872d08" scoped=""/>
        <function-ref name="setDestination" ref="0x40872de8" scoped=""/>
        <function-ref name="type" ref="0x40872ec8" scoped=""/>
        <function-ref name="setType" ref="0x40863010" scoped=""/>
        <function-ref name="isForMe" ref="0x408630f0" scoped=""/>
        <function-ref name="setGroup" ref="0x408631d0" scoped=""/>
        <function-ref name="localGroup" ref="0x408632b0" scoped=""/>
      </interface-functions>
    </interface><interface loc="71:/home/zly/tinyos-main/tos/platforms/telosa/ActiveMessageC.nc" name="PacketTimeStampMilli" provided="1" ref="0x40873db8">
      <component-ref nicename="tos.platforms.telosa.ActiveMessageC" qname="ActiveMessageC"/>
      <type-interface alignment="I:2" size="I:2"><interface-ref name="PacketTimeStampMilli" ref="0x40873db8" scoped=""/></type-interface>
      <instance>
        <interfacedef-ref nicename="tos.interfaces.PacketTimeStamp" qname="PacketTimeStamp"/>
        <arguments>
          <type-tag alignment="I:2" size="I:2"><struct-ref ref="0x40614868"/>
            <typename><typedef-ref name="TMilli" ref="0x40614a30"/></typename>
          </type-tag>
          <type-int alignment="I:2" cname="unsigned long" size="I:4" unsigned="">
            <typename><typedef-ref name="uint32_t" ref="0x40213250"/></typename>
          </type-int>
        </arguments>
      </instance>
      <interface-functions>
        <function-ref name="timestamp" ref="0x408848c8" scoped=""/>
        <function-ref name="clear" ref="0x40884c78" scoped=""/>
        <function-ref name="isValid" ref="0x40884518" scoped=""/>
        <function-ref name="set" ref="0x40882048" scoped=""/>
      </interface-functions>
    </interface></specification><referenced><interface loc="62:/home/zly/tinyos-main/tos/chips/cc2420/CC2420ActiveMessageC.nc" name="PacketAcknowledgements" provided="1" ref="0x4088c230">
      <component-ref nicename="tos.chips.cc2420.CC2420ActiveMessageC" qname="CC2420ActiveMessageC"/>
      <type-interface alignment="I:2" size="I:2"><interface-ref name="PacketAcknowledgements" ref="0x4088c230" scoped=""/></type-interface>
      <instance>
        <interfacedef-ref nicename="tos.interfaces.PacketAcknowledgements" qname="PacketAcknowledgements"/>
      </instance>
      <interface-functions>
        <function-ref name="requestAck" ref="0x4088c408" scoped=""/>
        <function-ref name="noAck" ref="0x4088c4e8" scoped=""/>
        <function-ref name="wasAcked" ref="0x4088c5c8" scoped=""/>
      </interface-functions>
    </interface><interface loc="65:/home/zly/tinyos-main/tos/chips/cc2420/CC2420ActiveMessageC.nc" name="LowPowerListening" provided="1" ref="0x4088b948">
      <component-ref nicename="tos.chips.cc2420.CC2420ActiveMessageC" qname="CC2420ActiveMessageC"/>
      <type-interface alignment="I:2" size="I:2"><interface-ref name="LowPowerListening" ref="0x4088b948" scoped=""/></type-interface>
      <instance>
        <interfacedef-ref nicename="tos.interfaces.LowPowerListening" qname="LowPowerListening"/>
      </instance>
      <interface-functions>
        <function-ref name="setRemoteWakeupInterval" ref="0x4088bb20" scoped=""/>
        <function-ref name="getRemoteWakeupInterval" ref="0x4088bc00" scoped=""/>
        <function-ref name="getLocalWakeupInterval" ref="0x4088bce0" scoped=""/>
        <function-ref name="setLocalWakeupInterval" ref="0x4088bdc0" scoped=""/>
      </interface-functions>
    </interface><interface loc="47:/home/zly/tinyos-main/tos/chips/cc2420/packet/CC2420PacketC.nc" name="PacketTimeStampMilli" provided="1" ref="0x40f64100">
      <component-ref nicename="tos.chips.cc2420.packet.CC2420PacketC" qname="CC2420PacketC"/>
      <type-interface alignment="I:2" size="I:2"><interface-ref name="PacketTimeStampMilli" ref="0x40f64100" scoped=""/></type-interface>
      <instance>
        <interfacedef-ref nicename="tos.interfaces.PacketTimeStamp" qname="PacketTimeStamp"/>
        <arguments>
          <type-tag alignment="I:2" size="I:2"><struct-ref ref="0x40614868"/>
            <typename><typedef-ref name="TMilli" ref="0x40614a30"/></typename>
          </type-tag>
          <type-int alignment="I:2" cname="unsigned long" size="I:4" unsigned="">
            <typename><typedef-ref name="uint32_t" ref="0x40213250"/></typename>
          </type-int>
        </arguments>
      </instance>
      <interface-functions>
        <function-ref name="timestamp" ref="0x40f64c00" scoped=""/>
        <function-ref name="clear" ref="0x40f63010" scoped=""/>
        <function-ref name="isValid" ref="0x40f64850" scoped=""/>
        <function-ref name="set" ref="0x40f633c0" scoped=""/>
      </interface-functions>
    </interface><interface loc="60:/home/zly/tinyos-main/tos/chips/cc2420/CC2420ActiveMessageC.nc" name="Packet" provided="1" ref="0x4088d190">
      <component-ref nicename="tos.chips.cc2420.CC2420ActiveMessageC" qname="CC2420ActiveMessageC"/>
      <type-interface alignment="I:2" size="I:2"><interface-ref name="Packet" ref="0x4088d190" scoped=""/></type-interface>
      <instance>
        <interfacedef-ref nicename="tos.interfaces.Packet" qname="Packet"/>
      </instance>
      <interface-functions>
        <function-ref name="clear" ref="0x4088d368" scoped=""/>
        <function-ref name="payloadLength" ref="0x4088d448" scoped=""/>
        <function-ref name="getPayload" ref="0x4088d528" scoped=""/>
        <function-ref name="maxPayloadLength" ref="0x4088d608" scoped=""/>
        <function-ref name="setPayloadLength" ref="0x4088d6e8" scoped=""/>
      </interface-functions>
    </interface><interface loc="57:/home/zly/tinyos-main/tos/chips/cc2420/CC2420ActiveMessageC.nc" name="Receive" provided="1" ref="0x40890ac0">
      <component-ref nicename="tos.chips.cc2420.CC2420ActiveMessageC" qname="CC2420ActiveMessageC"/>
      <type-interface alignment="I:2" size="I:2"><interface-ref name="Receive" ref="0x40890ac0" scoped=""/></type-interface>
      <instance>
        <interfacedef-ref nicename="tos.interfaces.Receive" qname="Receive"/>
      </instance>
      <interface-parameters>
        <type-int alignment="I:1" cname="unsigned char" size="I:1" unsigned="">
          <typename><typedef-ref name="am_id_t" ref="0x4074eae0"/></typename>
        </type-int>
      </interface-parameters>
      <interface-functions>
        <function-ref name="receive" ref="0x40890c98" scoped=""/>
      </interface-functions>
    </interface><interface loc="56:/home/zly/tinyos-main/tos/chips/cc2420/CC2420ActiveMessageC.nc" name="AMSend" provided="1" ref="0x40890100">
      <component-ref nicename="tos.chips.cc2420.CC2420ActiveMessageC" qname="CC2420ActiveMessageC"/>
      <type-interface alignment="I:2" size="I:2"><interface-ref name="AMSend" ref="0x40890100" scoped=""/></type-interface>
      <instance>
        <interfacedef-ref nicename="tos.interfaces.AMSend" qname="AMSend"/>
      </instance>
      <interface-parameters>
        <type-int alignment="I:1" cname="unsigned char" size="I:1" unsigned="">
          <typename><typedef-ref name="am_id_t" ref="0x4074eae0"/></typename>
        </type-int>
      </interface-parameters>
      <interface-functions>
        <function-ref name="send" ref="0x408902d8" scoped=""/>
        <function-ref name="getPayload" ref="0x408903b8" scoped=""/>
        <function-ref name="maxPayloadLength" ref="0x40890498" scoped=""/>
        <function-ref name="cancel" ref="0x40890578" scoped=""/>
        <function-ref name="sendDone" ref="0x40890658" scoped=""/>
      </interface-functions>
    </interface><interface loc="46:/home/zly/tinyos-main/tos/chips/cc2420/packet/CC2420PacketC.nc" name="PacketTimeStamp32khz" provided="1" ref="0x40f67668">
      <component-ref nicename="tos.chips.cc2420.packet.CC2420PacketC" qname="CC2420PacketC"/>
      <type-interface alignment="I:2" size="I:2"><interface-ref name="PacketTimeStamp32khz" ref="0x40f67668" scoped=""/></type-interface>
      <instance>
        <interfacedef-ref nicename="tos.interfaces.PacketTimeStamp" qname="PacketTimeStamp"/>
        <arguments>
          <type-tag alignment="I:2" size="I:2"><struct-ref ref="0x40614ca8"/>
            <typename><typedef-ref name="T32khz" ref="0x40614e70"/></typename>
          </type-tag>
          <type-int alignment="I:2" cname="unsigned long" size="I:4" unsigned="">
            <typename><typedef-ref name="uint32_t" ref="0x40213250"/></typename>
          </type-int>
        </arguments>
      </instance>
      <interface-functions>
        <function-ref name="timestamp" ref="0x40f65198" scoped=""/>
        <function-ref name="clear" ref="0x40f65548" scoped=""/>
        <function-ref name="isValid" ref="0x40f67db8" scoped=""/>
        <function-ref name="set" ref="0x40f658f8" scoped=""/>
      </interface-functions>
    </interface><interface loc="58:/home/zly/tinyos-main/tos/chips/cc2420/CC2420ActiveMessageC.nc" name="Snoop" provided="1" ref="0x4088e178">
      <component-ref nicename="tos.chips.cc2420.CC2420ActiveMessageC" qname="CC2420ActiveMessageC"/>
      <type-interface alignment="I:2" size="I:2"><interface-ref name="Snoop" ref="0x4088e178" scoped=""/></type-interface>
      <instance>
        <interfacedef-ref nicename="tos.interfaces.Receive" qname="Receive"/>
      </instance>
      <interface-parameters>
        <type-int alignment="I:1" cname="unsigned char" size="I:1" unsigned="">
          <typename><typedef-ref name="am_id_t" ref="0x4074eae0"/></typename>
        </type-int>
      </interface-parameters>
      <interface-functions>
        <function-ref name="receive" ref="0x4088e350" scoped=""/>
      </interface-functions>
    </interface><interface loc="59:/home/zly/tinyos-main/tos/chips/cc2420/CC2420ActiveMessageC.nc" name="AMPacket" provided="1" ref="0x4088e4e8">
      <component-ref nicename="tos.chips.cc2420.CC2420ActiveMessageC" qname="CC2420ActiveMessageC"/>
      <type-interface alignment="I:2" size="I:2"><interface-ref name="AMPacket" ref="0x4088e4e8" scoped=""/></type-interface>
      <instance>
        <interfacedef-ref nicename="tos.interfaces.AMPacket" qname="AMPacket"/>
      </instance>
      <interface-functions>
        <function-ref name="group" ref="0x4088e6c0" scoped=""/>
        <function-ref name="source" ref="0x4088e7a0" scoped=""/>
        <function-ref name="address" ref="0x4088e880" scoped=""/>
        <function-ref name="destination" ref="0x4088e960" scoped=""/>
        <function-ref name="setSource" ref="0x4088ea40" scoped=""/>
        <function-ref name="setDestination" ref="0x4088eb20" scoped=""/>
        <function-ref name="type" ref="0x4088ec00" scoped=""/>
        <function-ref name="setType" ref="0x4088ece0" scoped=""/>
        <function-ref name="isForMe" ref="0x4088edc0" scoped=""/>
        <function-ref name="setGroup" ref="0x4088eea0" scoped=""/>
        <function-ref name="localGroup" ref="0x4088d010" scoped=""/>
      </interface-functions>
    </interface><interface loc="55:/home/zly/tinyos-main/tos/chips/cc2420/CC2420ActiveMessageC.nc" name="SplitControl" provided="1" ref="0x40891788">
      <component-ref nicename="tos.chips.cc2420.CC2420ActiveMessageC" qname="CC2420ActiveMessageC"/>
      <type-interface alignment="I:2" size="I:2"><interface-ref name="SplitControl" ref="0x40891788" scoped=""/></type-interface>
      <instance>
        <interfacedef-ref nicename="tos.interfaces.SplitControl" qname="SplitControl"/>
      </instance>
      <interface-functions>
        <function-ref name="startDone" ref="0x40891960" scoped=""/>
        <function-ref name="stopDone" ref="0x40891a40" scoped=""/>
        <function-ref name="start" ref="0x40891b20" scoped=""/>
        <function-ref name="stop" ref="0x40891c00" scoped=""/>
      </interface-functions>
    </interface><component loc="38:/home/zly/tinyos-main/tos/chips/cc2420/packet/CC2420PacketC.nc" nicename="tos.chips.cc2420.packet.CC2420PacketC" qname="CC2420PacketC">
      <documentation loc="32:/home/zly/tinyos-main/tos/chips/cc2420/packet/CC2420PacketC.nc">
        <short>
 </short>
        <long>
 @author Jonathan Hui &lt;jhui@archrock.com&gt;
 @author David Moss
 @author Chad Metcalf
</long>
      </documentation>
      <configuration/>
      <wiring>
        <wire loc="58:/home/zly/tinyos-main/tos/chips/cc2420/packet/CC2420PacketC.nc">
          <from><interface-ref name="LinkPacketMetadata" ref="0x40f67010" scoped=""/></from>
          <to><interface-ref name="LinkPacketMetadata" ref="0x40f94a40" scoped=""/></to>
        </wire>
        <wire loc="55:/home/zly/tinyos-main/tos/chips/cc2420/packet/CC2420PacketC.nc">
          <from><interface-ref name="CC2420Packet" ref="0x40f6bb88" scoped=""/></from>
          <to><interface-ref name="CC2420Packet" ref="0x40f61668" scoped=""/></to>
        </wire>
        <wire loc="59:/home/zly/tinyos-main/tos/chips/cc2420/packet/CC2420PacketC.nc">
          <from><interface-ref name="PacketTimeStamp32khz" ref="0x40f67668" scoped=""/></from>
          <to><interface-ref name="PacketTimeStamp32khz" ref="0x40f93100" scoped=""/></to>
        </wire>
        <wire loc="57:/home/zly/tinyos-main/tos/chips/cc2420/packet/CC2420PacketC.nc">
          <from><interface-ref name="CC2420PacketBody" ref="0x40f689c8" scoped=""/></from>
          <to><interface-ref name="CC2420PacketBody" ref="0x40f944b0" scoped=""/></to>
        </wire>
        <wire loc="61:/home/zly/tinyos-main/tos/chips/cc2420/packet/CC2420PacketC.nc">
          <from><interface-ref name="PacketTimeSyncOffset" ref="0x40f63888" scoped=""/></from>
          <to><interface-ref name="PacketTimeSyncOffset" ref="0x40f8f308" scoped=""/></to>
        </wire>
        <wire loc="60:/home/zly/tinyos-main/tos/chips/cc2420/packet/CC2420PacketC.nc">
          <from><interface-ref name="PacketTimeStampMilli" ref="0x40f64100" scoped=""/></from>
          <to><interface-ref name="PacketTimeStampMilli" ref="0x40f92af8" scoped=""/></to>
        </wire>
        <wire loc="56:/home/zly/tinyos-main/tos/chips/cc2420/packet/CC2420PacketC.nc">
          <from><interface-ref name="Acks" ref="0x40f68448" scoped=""/></from>
          <to><interface-ref name="Acks" ref="0x40f61f10" scoped=""/></to>
        </wire>
        <wire loc="64:/home/zly/tinyos-main/tos/chips/cc2420/packet/CC2420PacketC.nc">
          <from><interface-ref name="Counter" ref="0x40f96010" scoped=""/></from>
          <to><interface-ref name="Counter" ref="0x409858f0" scoped=""/></to>
        </wire>
        <wire loc="65:/home/zly/tinyos-main/tos/chips/cc2420/packet/CC2420PacketC.nc">
          <from><interface-ref name="LocalTime32khz" ref="0x40f8e1e0" scoped=""/></from>
          <to><interface-ref name="LocalTime" ref="0x40f975d8" scoped=""/></to>
        </wire>
        <wire loc="69:/home/zly/tinyos-main/tos/chips/cc2420/packet/CC2420PacketC.nc">
          <from><interface-ref name="LocalTimeMilli" ref="0x40f8ec38" scoped=""/></from>
          <to><interface-ref name="LocalTime" ref="0x407864d8" scoped=""/></to>
        </wire>
      </wiring>
    </component><component loc="53:/home/zly/tinyos-main/tos/chips/cc2420/CC2420ActiveMessageC.nc" nicename="tos.chips.cc2420.CC2420ActiveMessageC" qname="CC2420ActiveMessageC">
      <configuration/>
      <wiring>
        <wire loc="82:/home/zly/tinyos-main/tos/chips/cc2420/CC2420ActiveMessageC.nc">
          <from><interface-ref name="SplitControl" ref="0x40891788" scoped=""/></from>
          <to><interface-ref name="SplitControl" ref="0x408ae010" scoped=""/></to>
        </wire>
        <wire loc="83:/home/zly/tinyos-main/tos/chips/cc2420/CC2420ActiveMessageC.nc">
          <from><interface-ref name="RadioBackoff" ref="0x4088b120" scoped=""/></from>
          <to><interface-ref name="RadioBackoff" ref="0x41062238" scoped=""/></to>
        </wire>
        <wire loc="86:/home/zly/tinyos-main/tos/chips/cc2420/CC2420ActiveMessageC.nc">
          <from><interface-ref name="SendNotifier" ref="0x40897d78" scoped=""/></from>
          <to><interface-ref name="SendNotifier" ref="0x41063b88" scoped=""/></to>
        </wire>
        <wire loc="84:/home/zly/tinyos-main/tos/chips/cc2420/CC2420ActiveMessageC.nc">
          <from><interface-ref name="Packet" ref="0x4088d190" scoped=""/></from>
          <to><interface-ref name="Packet" ref="0x41063190" scoped=""/></to>
        </wire>
        <wire loc="85:/home/zly/tinyos-main/tos/chips/cc2420/CC2420ActiveMessageC.nc">
          <from><interface-ref name="AMSend" ref="0x40890100" scoped=""/></from>
          <to><interface-ref name="AMSend" ref="0x41065100" scoped=""/></to>
        </wire>
        <wire loc="88:/home/zly/tinyos-main/tos/chips/cc2420/CC2420ActiveMessageC.nc">
          <from><interface-ref name="Snoop" ref="0x4088e178" scoped=""/></from>
          <to><interface-ref name="Snoop" ref="0x41064178" scoped=""/></to>
        </wire>
        <wire loc="92:/home/zly/tinyos-main/tos/chips/cc2420/CC2420ActiveMessageC.nc">
          <from><interface-ref name="CC2420Packet" ref="0x408879a0" scoped=""/></from>
          <to><interface-ref name="CC2420Packet" ref="0x408a9ee8" scoped=""/></to>
        </wire>
        <wire loc="91:/home/zly/tinyos-main/tos/chips/cc2420/CC2420ActiveMessageC.nc">
          <from><interface-ref name="LowPowerListening" ref="0x4088b948" scoped=""/></from>
          <to><interface-ref name="LowPowerListening" ref="0x408be110" scoped=""/></to>
        </wire>
        <wire loc="87:/home/zly/tinyos-main/tos/chips/cc2420/CC2420ActiveMessageC.nc">
          <from><interface-ref name="Receive" ref="0x40890ac0" scoped=""/></from>
          <to><interface-ref name="Receive" ref="0x41065ac0" scoped=""/></to>
        </wire>
        <wire loc="93:/home/zly/tinyos-main/tos/chips/cc2420/CC2420ActiveMessageC.nc">
          <from><interface-ref name="PacketAcknowledgements" ref="0x4088c230" scoped=""/></from>
          <to><interface-ref name="PacketAcknowledgements" ref="0x408a3760" scoped=""/></to>
        </wire>
        <wire loc="90:/home/zly/tinyos-main/tos/chips/cc2420/CC2420ActiveMessageC.nc">
          <from><interface-ref name="PacketLink" ref="0x408962c8" scoped=""/></from>
          <to><interface-ref name="PacketLink" ref="0x408be730" scoped=""/></to>
        </wire>
        <wire loc="89:/home/zly/tinyos-main/tos/chips/cc2420/CC2420ActiveMessageC.nc">
          <from><interface-ref name="AMPacket" ref="0x4088e4e8" scoped=""/></from>
          <to><interface-ref name="AMPacket" ref="0x410644e8" scoped=""/></to>
        </wire>
        <wire loc="94:/home/zly/tinyos-main/tos/chips/cc2420/CC2420ActiveMessageC.nc">
          <from><interface-ref name="LinkPacketMetadata" ref="0x408a1638" scoped=""/></from>
          <to><interface-ref name="LinkPacketMetadata" ref="0x408a3cf0" scoped=""/></to>
        </wire>
        <wire loc="97:/home/zly/tinyos-main/tos/chips/cc2420/CC2420ActiveMessageC.nc">
          <from><interface-ref name="RadioResource" ref="0x4105d4f0" scoped=""/></from>
          <to><interface-ref name="Resource" ref="0x408aab80" scoped=""/>
          <arguments>
            <value cst="I:0">
              <type-int alignment="I:2" cname="int" size="I:2"/>
            </value>
          </arguments>
          </to>
        </wire>
        <wire loc="98:/home/zly/tinyos-main/tos/chips/cc2420/CC2420ActiveMessageC.nc">
          <from><interface-ref name="SubSend" ref="0x41062a88" scoped=""/></from>
          <to><interface-ref name="ActiveSend" ref="0x408a93c8" scoped=""/></to>
        </wire>
        <wire loc="99:/home/zly/tinyos-main/tos/chips/cc2420/CC2420ActiveMessageC.nc">
          <from><interface-ref name="SubReceive" ref="0x41060220" scoped=""/></from>
          <to><interface-ref name="ActiveReceive" ref="0x408a9b50" scoped=""/></to>
        </wire>
        <wire loc="101:/home/zly/tinyos-main/tos/chips/cc2420/CC2420ActiveMessageC.nc">
          <from><interface-ref name="ActiveMessageAddress" ref="0x4105e460" scoped=""/></from>
          <to><interface-ref name="ActiveMessageAddress" ref="0x40e29ea8" scoped=""/></to>
        </wire>
        <wire loc="102:/home/zly/tinyos-main/tos/chips/cc2420/CC2420ActiveMessageC.nc">
          <from><interface-ref name="CC2420Packet" ref="0x410605b8" scoped=""/></from>
          <to><interface-ref name="CC2420Packet" ref="0x40f6bb88" scoped=""/></to>
        </wire>
        <wire loc="103:/home/zly/tinyos-main/tos/chips/cc2420/CC2420ActiveMessageC.nc">
          <from><interface-ref name="CC2420PacketBody" ref="0x41060dd8" scoped=""/></from>
          <to><interface-ref name="CC2420PacketBody" ref="0x40f689c8" scoped=""/></to>
        </wire>
        <wire loc="104:/home/zly/tinyos-main/tos/chips/cc2420/CC2420ActiveMessageC.nc">
          <from><interface-ref name="CC2420Config" ref="0x4105f390" scoped=""/></from>
          <to><interface-ref name="CC2420Config" ref="0x4090fed0" scoped=""/></to>
        </wire>
        <wire loc="106:/home/zly/tinyos-main/tos/chips/cc2420/CC2420ActiveMessageC.nc">
          <from><interface-ref name="SubBackoff" ref="0x4105eba0" scoped=""/></from>
          <to><interface-ref name="RadioBackoff" ref="0x408ba570" scoped=""/></to>
        </wire>
        <wire loc="109:/home/zly/tinyos-main/tos/chips/cc2420/CC2420ActiveMessageC.nc">
          <from><interface-ref name="Leds" ref="0x4105dbb8" scoped=""/></from>
          <to><interface-ref name="Leds" ref="0x40d05b58" scoped=""/></to>
        </wire>
      </wiring>
    </component></referenced></component>