<?xml version="1.0" ?><component loc="39:/home/zly/tinyos-main/tos/chips/msp430/pins/HplMsp430InterruptC.nc" nicename="tos.chips.msp430.pins.HplMsp430InterruptC" qname="HplMsp430InterruptC">
      <documentation loc="33:/home/zly/tinyos-main/tos/chips/msp430/pins/HplMsp430InterruptC.nc">
        <short>
 HPL for the TI MSP430 family of microprocessors.</short>
        <long>
 HPL for the TI MSP430 family of microprocessors. This provides an
 abstraction for GPIO interrupts.

 @author Joe Polastre
</long>
      </documentation>
      <configuration/>
      <wiring>
        <wire loc="70:/home/zly/tinyos-main/tos/chips/msp430/pins/HplMsp430InterruptC.nc">
          <from><interface-ref name="Port14" ref="0x40ae9eb8" scoped=""/></from>
          <to><interface-ref name="Port14" ref="0x40afd608" scoped=""/></to>
        </wire>
        <wire loc="82:/home/zly/tinyos-main/tos/chips/msp430/pins/HplMsp430InterruptC.nc">
          <from><interface-ref name="Port26" ref="0x40b048c0" scoped=""/></from>
          <to><interface-ref name="Port26" ref="0x40b1c010" scoped=""/></to>
        </wire>
        <wire loc="73:/home/zly/tinyos-main/tos/chips/msp430/pins/HplMsp430InterruptC.nc">
          <from><interface-ref name="Port17" ref="0x40b08920" scoped=""/></from>
          <to><interface-ref name="Port17" ref="0x40afb070" scoped=""/></to>
        </wire>
        <wire loc="77:/home/zly/tinyos-main/tos/chips/msp430/pins/HplMsp430InterruptC.nc">
          <from><interface-ref name="Port21" ref="0x40b07b38" scoped=""/></from>
          <to><interface-ref name="Port21" ref="0x40b1f288" scoped=""/></to>
        </wire>
        <wire loc="68:/home/zly/tinyos-main/tos/chips/msp430/pins/HplMsp430InterruptC.nc">
          <from><interface-ref name="Port12" ref="0x40aeacf8" scoped=""/></from>
          <to><interface-ref name="Port12" ref="0x40afe448" scoped=""/></to>
        </wire>
        <wire loc="80:/home/zly/tinyos-main/tos/chips/msp430/pins/HplMsp430InterruptC.nc">
          <from><interface-ref name="Port24" ref="0x40b05608" scoped=""/></from>
          <to><interface-ref name="Port24" ref="0x40b1ecf8" scoped=""/></to>
        </wire>
        <wire loc="71:/home/zly/tinyos-main/tos/chips/msp430/pins/HplMsp430InterruptC.nc">
          <from><interface-ref name="Port15" ref="0x40b09798" scoped=""/></from>
          <to><interface-ref name="Port15" ref="0x40afdeb8" scoped=""/></to>
        </wire>
        <wire loc="83:/home/zly/tinyos-main/tos/chips/msp430/pins/HplMsp430InterruptC.nc">
          <from><interface-ref name="Port27" ref="0x40b03188" scoped=""/></from>
          <to><interface-ref name="Port27" ref="0x40b1c8c0" scoped=""/></to>
        </wire>
        <wire loc="66:/home/zly/tinyos-main/tos/chips/msp430/pins/HplMsp430InterruptC.nc">
          <from><interface-ref name="Port10" ref="0x40b0bb50" scoped=""/></from>
          <to><interface-ref name="Port10" ref="0x40aff270" scoped=""/></to>
        </wire>
        <wire loc="78:/home/zly/tinyos-main/tos/chips/msp430/pins/HplMsp430InterruptC.nc">
          <from><interface-ref name="Port22" ref="0x40b06448" scoped=""/></from>
          <to><interface-ref name="Port22" ref="0x40b1fb38" scoped=""/></to>
        </wire>
        <wire loc="69:/home/zly/tinyos-main/tos/chips/msp430/pins/HplMsp430InterruptC.nc">
          <from><interface-ref name="Port13" ref="0x40ae9608" scoped=""/></from>
          <to><interface-ref name="Port13" ref="0x40afecf8" scoped=""/></to>
        </wire>
        <wire loc="81:/home/zly/tinyos-main/tos/chips/msp430/pins/HplMsp430InterruptC.nc">
          <from><interface-ref name="Port25" ref="0x40b04010" scoped=""/></from>
          <to><interface-ref name="Port25" ref="0x40b1d6e8" scoped=""/></to>
        </wire>
        <wire loc="72:/home/zly/tinyos-main/tos/chips/msp430/pins/HplMsp430InterruptC.nc">
          <from><interface-ref name="Port16" ref="0x40b08070" scoped=""/></from>
          <to><interface-ref name="Port16" ref="0x40afc798" scoped=""/></to>
        </wire>
        <wire loc="76:/home/zly/tinyos-main/tos/chips/msp430/pins/HplMsp430InterruptC.nc">
          <from><interface-ref name="Port20" ref="0x40b07288" scoped=""/></from>
          <to><interface-ref name="Port20" ref="0x40afb920" scoped=""/></to>
        </wire>
        <wire loc="67:/home/zly/tinyos-main/tos/chips/msp430/pins/HplMsp430InterruptC.nc">
          <from><interface-ref name="Port11" ref="0x40aea448" scoped=""/></from>
          <to><interface-ref name="Port11" ref="0x40affb20" scoped=""/></to>
        </wire>
        <wire loc="79:/home/zly/tinyos-main/tos/chips/msp430/pins/HplMsp430InterruptC.nc">
          <from><interface-ref name="Port23" ref="0x40b06cf8" scoped=""/></from>
          <to><interface-ref name="Port23" ref="0x40b1e448" scoped=""/></to>
        </wire>
      </wiring>
    <specification><interface loc="46:/home/zly/tinyos-main/tos/chips/msp430/pins/HplMsp430InterruptC.nc" name="Port14" provided="1" ref="0x40ae9eb8">
      <component-ref nicename="tos.chips.msp430.pins.HplMsp430InterruptC" qname="HplMsp430InterruptC"/>
      <type-interface alignment="I:2" size="I:2"><interface-ref name="Port14" ref="0x40ae9eb8" scoped=""/></type-interface>
      <instance>
        <interfacedef-ref nicename="tos.chips.msp430.pins.HplMsp430Interrupt" qname="HplMsp430Interrupt"/>
      </instance>
      <interface-functions>
        <function-ref name="clear" ref="0x40b090c0" scoped=""/>
        <function-ref name="fired" ref="0x40b091a0" scoped=""/>
        <function-ref name="disable" ref="0x40b09280" scoped=""/>
        <function-ref name="edge" ref="0x40b09360" scoped=""/>
        <function-ref name="enable" ref="0x40b09440" scoped=""/>
        <function-ref name="getValue" ref="0x40b09520" scoped=""/>
      </interface-functions>
    </interface><interface loc="58:/home/zly/tinyos-main/tos/chips/msp430/pins/HplMsp430InterruptC.nc" name="Port26" provided="1" ref="0x40b048c0">
      <component-ref nicename="tos.chips.msp430.pins.HplMsp430InterruptC" qname="HplMsp430InterruptC"/>
      <type-interface alignment="I:2" size="I:2"><interface-ref name="Port26" ref="0x40b048c0" scoped=""/></type-interface>
      <instance>
        <interfacedef-ref nicename="tos.chips.msp430.pins.HplMsp430Interrupt" qname="HplMsp430Interrupt"/>
      </instance>
      <interface-functions>
        <function-ref name="clear" ref="0x40b04a98" scoped=""/>
        <function-ref name="fired" ref="0x40b04b78" scoped=""/>
        <function-ref name="disable" ref="0x40b04c58" scoped=""/>
        <function-ref name="edge" ref="0x40b04d38" scoped=""/>
        <function-ref name="enable" ref="0x40b04e18" scoped=""/>
        <function-ref name="getValue" ref="0x40b04ef8" scoped=""/>
      </interface-functions>
    </interface><interface loc="49:/home/zly/tinyos-main/tos/chips/msp430/pins/HplMsp430InterruptC.nc" name="Port17" provided="1" ref="0x40b08920">
      <component-ref nicename="tos.chips.msp430.pins.HplMsp430InterruptC" qname="HplMsp430InterruptC"/>
      <type-interface alignment="I:2" size="I:2"><interface-ref name="Port17" ref="0x40b08920" scoped=""/></type-interface>
      <instance>
        <interfacedef-ref nicename="tos.chips.msp430.pins.HplMsp430Interrupt" qname="HplMsp430Interrupt"/>
      </instance>
      <interface-functions>
        <function-ref name="clear" ref="0x40b08af8" scoped=""/>
        <function-ref name="fired" ref="0x40b08bd8" scoped=""/>
        <function-ref name="disable" ref="0x40b08cb8" scoped=""/>
        <function-ref name="edge" ref="0x40b08d98" scoped=""/>
        <function-ref name="enable" ref="0x40b08e78" scoped=""/>
        <function-ref name="getValue" ref="0x40b07010" scoped=""/>
      </interface-functions>
    </interface><interface loc="53:/home/zly/tinyos-main/tos/chips/msp430/pins/HplMsp430InterruptC.nc" name="Port21" provided="1" ref="0x40b07b38">
      <component-ref nicename="tos.chips.msp430.pins.HplMsp430InterruptC" qname="HplMsp430InterruptC"/>
      <type-interface alignment="I:2" size="I:2"><interface-ref name="Port21" ref="0x40b07b38" scoped=""/></type-interface>
      <instance>
        <interfacedef-ref nicename="tos.chips.msp430.pins.HplMsp430Interrupt" qname="HplMsp430Interrupt"/>
      </instance>
      <interface-functions>
        <function-ref name="clear" ref="0x40b07d10" scoped=""/>
        <function-ref name="fired" ref="0x40b07df0" scoped=""/>
        <function-ref name="disable" ref="0x40b07ed0" scoped=""/>
        <function-ref name="edge" ref="0x40b06010" scoped=""/>
        <function-ref name="enable" ref="0x40b060f0" scoped=""/>
        <function-ref name="getValue" ref="0x40b061d0" scoped=""/>
      </interface-functions>
    </interface><interface loc="44:/home/zly/tinyos-main/tos/chips/msp430/pins/HplMsp430InterruptC.nc" name="Port12" provided="1" ref="0x40aeacf8">
      <component-ref nicename="tos.chips.msp430.pins.HplMsp430InterruptC" qname="HplMsp430InterruptC"/>
      <type-interface alignment="I:2" size="I:2"><interface-ref name="Port12" ref="0x40aeacf8" scoped=""/></type-interface>
      <instance>
        <interfacedef-ref nicename="tos.chips.msp430.pins.HplMsp430Interrupt" qname="HplMsp430Interrupt"/>
      </instance>
      <interface-functions>
        <function-ref name="clear" ref="0x40aeaed0" scoped=""/>
        <function-ref name="fired" ref="0x40ae9010" scoped=""/>
        <function-ref name="disable" ref="0x40ae90f0" scoped=""/>
        <function-ref name="edge" ref="0x40ae91d0" scoped=""/>
        <function-ref name="enable" ref="0x40ae92b0" scoped=""/>
        <function-ref name="getValue" ref="0x40ae9390" scoped=""/>
      </interface-functions>
    </interface><interface loc="56:/home/zly/tinyos-main/tos/chips/msp430/pins/HplMsp430InterruptC.nc" name="Port24" provided="1" ref="0x40b05608">
      <component-ref nicename="tos.chips.msp430.pins.HplMsp430InterruptC" qname="HplMsp430InterruptC"/>
      <type-interface alignment="I:2" size="I:2"><interface-ref name="Port24" ref="0x40b05608" scoped=""/></type-interface>
      <instance>
        <interfacedef-ref nicename="tos.chips.msp430.pins.HplMsp430Interrupt" qname="HplMsp430Interrupt"/>
      </instance>
      <interface-functions>
        <function-ref name="clear" ref="0x40b05860" scoped=""/>
        <function-ref name="fired" ref="0x40b05940" scoped=""/>
        <function-ref name="disable" ref="0x40b05a20" scoped=""/>
        <function-ref name="edge" ref="0x40b05b00" scoped=""/>
        <function-ref name="enable" ref="0x40b05be0" scoped=""/>
        <function-ref name="getValue" ref="0x40b05cc0" scoped=""/>
      </interface-functions>
    </interface><interface loc="47:/home/zly/tinyos-main/tos/chips/msp430/pins/HplMsp430InterruptC.nc" name="Port15" provided="1" ref="0x40b09798">
      <component-ref nicename="tos.chips.msp430.pins.HplMsp430InterruptC" qname="HplMsp430InterruptC"/>
      <type-interface alignment="I:2" size="I:2"><interface-ref name="Port15" ref="0x40b09798" scoped=""/></type-interface>
      <instance>
        <interfacedef-ref nicename="tos.chips.msp430.pins.HplMsp430Interrupt" qname="HplMsp430Interrupt"/>
      </instance>
      <interface-functions>
        <function-ref name="clear" ref="0x40b09970" scoped=""/>
        <function-ref name="fired" ref="0x40b09a50" scoped=""/>
        <function-ref name="disable" ref="0x40b09b30" scoped=""/>
        <function-ref name="edge" ref="0x40b09c10" scoped=""/>
        <function-ref name="enable" ref="0x40b09cf0" scoped=""/>
        <function-ref name="getValue" ref="0x40b09dd0" scoped=""/>
      </interface-functions>
    </interface><interface loc="59:/home/zly/tinyos-main/tos/chips/msp430/pins/HplMsp430InterruptC.nc" name="Port27" provided="1" ref="0x40b03188">
      <component-ref nicename="tos.chips.msp430.pins.HplMsp430InterruptC" qname="HplMsp430InterruptC"/>
      <type-interface alignment="I:2" size="I:2"><interface-ref name="Port27" ref="0x40b03188" scoped=""/></type-interface>
      <instance>
        <interfacedef-ref nicename="tos.chips.msp430.pins.HplMsp430Interrupt" qname="HplMsp430Interrupt"/>
      </instance>
      <interface-functions>
        <function-ref name="clear" ref="0x40b03360" scoped=""/>
        <function-ref name="fired" ref="0x40b03440" scoped=""/>
        <function-ref name="disable" ref="0x40b03520" scoped=""/>
        <function-ref name="edge" ref="0x40b03600" scoped=""/>
        <function-ref name="enable" ref="0x40b036e0" scoped=""/>
        <function-ref name="getValue" ref="0x40b037c0" scoped=""/>
      </interface-functions>
    </interface><interface loc="42:/home/zly/tinyos-main/tos/chips/msp430/pins/HplMsp430InterruptC.nc" name="Port10" provided="1" ref="0x40b0bb50">
      <component-ref nicename="tos.chips.msp430.pins.HplMsp430InterruptC" qname="HplMsp430InterruptC"/>
      <type-interface alignment="I:2" size="I:2"><interface-ref name="Port10" ref="0x40b0bb50" scoped=""/></type-interface>
      <instance>
        <interfacedef-ref nicename="tos.chips.msp430.pins.HplMsp430Interrupt" qname="HplMsp430Interrupt"/>
      </instance>
      <interface-functions>
        <function-ref name="clear" ref="0x40b0bd28" scoped=""/>
        <function-ref name="fired" ref="0x40b0be08" scoped=""/>
        <function-ref name="disable" ref="0x40b0bee8" scoped=""/>
        <function-ref name="edge" ref="0x40aea010" scoped=""/>
        <function-ref name="enable" ref="0x40aea0f0" scoped=""/>
        <function-ref name="getValue" ref="0x40aea1d0" scoped=""/>
      </interface-functions>
    </interface><interface loc="54:/home/zly/tinyos-main/tos/chips/msp430/pins/HplMsp430InterruptC.nc" name="Port22" provided="1" ref="0x40b06448">
      <component-ref nicename="tos.chips.msp430.pins.HplMsp430InterruptC" qname="HplMsp430InterruptC"/>
      <type-interface alignment="I:2" size="I:2"><interface-ref name="Port22" ref="0x40b06448" scoped=""/></type-interface>
      <instance>
        <interfacedef-ref nicename="tos.chips.msp430.pins.HplMsp430Interrupt" qname="HplMsp430Interrupt"/>
      </instance>
      <interface-functions>
        <function-ref name="clear" ref="0x40b06620" scoped=""/>
        <function-ref name="fired" ref="0x40b06700" scoped=""/>
        <function-ref name="disable" ref="0x40b067e0" scoped=""/>
        <function-ref name="edge" ref="0x40b068c0" scoped=""/>
        <function-ref name="enable" ref="0x40b069a0" scoped=""/>
        <function-ref name="getValue" ref="0x40b06a80" scoped=""/>
      </interface-functions>
    </interface><interface loc="45:/home/zly/tinyos-main/tos/chips/msp430/pins/HplMsp430InterruptC.nc" name="Port13" provided="1" ref="0x40ae9608">
      <component-ref nicename="tos.chips.msp430.pins.HplMsp430InterruptC" qname="HplMsp430InterruptC"/>
      <type-interface alignment="I:2" size="I:2"><interface-ref name="Port13" ref="0x40ae9608" scoped=""/></type-interface>
      <instance>
        <interfacedef-ref nicename="tos.chips.msp430.pins.HplMsp430Interrupt" qname="HplMsp430Interrupt"/>
      </instance>
      <interface-functions>
        <function-ref name="clear" ref="0x40ae97e0" scoped=""/>
        <function-ref name="fired" ref="0x40ae98c0" scoped=""/>
        <function-ref name="disable" ref="0x40ae99a0" scoped=""/>
        <function-ref name="edge" ref="0x40ae9a80" scoped=""/>
        <function-ref name="enable" ref="0x40ae9b60" scoped=""/>
        <function-ref name="getValue" ref="0x40ae9c40" scoped=""/>
      </interface-functions>
    </interface><interface loc="57:/home/zly/tinyos-main/tos/chips/msp430/pins/HplMsp430InterruptC.nc" name="Port25" provided="1" ref="0x40b04010">
      <component-ref nicename="tos.chips.msp430.pins.HplMsp430InterruptC" qname="HplMsp430InterruptC"/>
      <type-interface alignment="I:2" size="I:2"><interface-ref name="Port25" ref="0x40b04010" scoped=""/></type-interface>
      <instance>
        <interfacedef-ref nicename="tos.chips.msp430.pins.HplMsp430Interrupt" qname="HplMsp430Interrupt"/>
      </instance>
      <interface-functions>
        <function-ref name="clear" ref="0x40b041e8" scoped=""/>
        <function-ref name="fired" ref="0x40b042c8" scoped=""/>
        <function-ref name="disable" ref="0x40b043a8" scoped=""/>
        <function-ref name="edge" ref="0x40b04488" scoped=""/>
        <function-ref name="enable" ref="0x40b04568" scoped=""/>
        <function-ref name="getValue" ref="0x40b04648" scoped=""/>
      </interface-functions>
    </interface><interface loc="48:/home/zly/tinyos-main/tos/chips/msp430/pins/HplMsp430InterruptC.nc" name="Port16" provided="1" ref="0x40b08070">
      <component-ref nicename="tos.chips.msp430.pins.HplMsp430InterruptC" qname="HplMsp430InterruptC"/>
      <type-interface alignment="I:2" size="I:2"><interface-ref name="Port16" ref="0x40b08070" scoped=""/></type-interface>
      <instance>
        <interfacedef-ref nicename="tos.chips.msp430.pins.HplMsp430Interrupt" qname="HplMsp430Interrupt"/>
      </instance>
      <interface-functions>
        <function-ref name="clear" ref="0x40b08248" scoped=""/>
        <function-ref name="fired" ref="0x40b08328" scoped=""/>
        <function-ref name="disable" ref="0x40b08408" scoped=""/>
        <function-ref name="edge" ref="0x40b084e8" scoped=""/>
        <function-ref name="enable" ref="0x40b085c8" scoped=""/>
        <function-ref name="getValue" ref="0x40b086a8" scoped=""/>
      </interface-functions>
    </interface><interface loc="52:/home/zly/tinyos-main/tos/chips/msp430/pins/HplMsp430InterruptC.nc" name="Port20" provided="1" ref="0x40b07288">
      <component-ref nicename="tos.chips.msp430.pins.HplMsp430InterruptC" qname="HplMsp430InterruptC"/>
      <type-interface alignment="I:2" size="I:2"><interface-ref name="Port20" ref="0x40b07288" scoped=""/></type-interface>
      <instance>
        <interfacedef-ref nicename="tos.chips.msp430.pins.HplMsp430Interrupt" qname="HplMsp430Interrupt"/>
      </instance>
      <interface-functions>
        <function-ref name="clear" ref="0x40b07460" scoped=""/>
        <function-ref name="fired" ref="0x40b07540" scoped=""/>
        <function-ref name="disable" ref="0x40b07620" scoped=""/>
        <function-ref name="edge" ref="0x40b07700" scoped=""/>
        <function-ref name="enable" ref="0x40b077e0" scoped=""/>
        <function-ref name="getValue" ref="0x40b078c0" scoped=""/>
      </interface-functions>
    </interface><interface loc="43:/home/zly/tinyos-main/tos/chips/msp430/pins/HplMsp430InterruptC.nc" name="Port11" provided="1" ref="0x40aea448">
      <component-ref nicename="tos.chips.msp430.pins.HplMsp430InterruptC" qname="HplMsp430InterruptC"/>
      <type-interface alignment="I:2" size="I:2"><interface-ref name="Port11" ref="0x40aea448" scoped=""/></type-interface>
      <instance>
        <interfacedef-ref nicename="tos.chips.msp430.pins.HplMsp430Interrupt" qname="HplMsp430Interrupt"/>
      </instance>
      <interface-functions>
        <function-ref name="clear" ref="0x40aea620" scoped=""/>
        <function-ref name="fired" ref="0x40aea700" scoped=""/>
        <function-ref name="disable" ref="0x40aea7e0" scoped=""/>
        <function-ref name="edge" ref="0x40aea8c0" scoped=""/>
        <function-ref name="enable" ref="0x40aea9a0" scoped=""/>
        <function-ref name="getValue" ref="0x40aeaa80" scoped=""/>
      </interface-functions>
    </interface><interface loc="55:/home/zly/tinyos-main/tos/chips/msp430/pins/HplMsp430InterruptC.nc" name="Port23" provided="1" ref="0x40b06cf8">
      <component-ref nicename="tos.chips.msp430.pins.HplMsp430InterruptC" qname="HplMsp430InterruptC"/>
      <type-interface alignment="I:2" size="I:2"><interface-ref name="Port23" ref="0x40b06cf8" scoped=""/></type-interface>
      <instance>
        <interfacedef-ref nicename="tos.chips.msp430.pins.HplMsp430Interrupt" qname="HplMsp430Interrupt"/>
      </instance>
      <interface-functions>
        <function-ref name="clear" ref="0x40b06ed0" scoped=""/>
        <function-ref name="fired" ref="0x40b05010" scoped=""/>
        <function-ref name="disable" ref="0x40b050f0" scoped=""/>
        <function-ref name="edge" ref="0x40b051d0" scoped=""/>
        <function-ref name="enable" ref="0x40b052b0" scoped=""/>
        <function-ref name="getValue" ref="0x40b05390" scoped=""/>
      </interface-functions>
    </interface></specification><referenced><interface loc="46:/home/zly/tinyos-main/tos/chips/msp430/pins/HplMsp430InterruptP.nc" name="Port17" provided="1" ref="0x40afb070">
      <component-ref nicename="tos.chips.msp430.pins.HplMsp430InterruptP" qname="HplMsp430InterruptP"/>
      <type-interface alignment="I:2" size="I:2"><interface-ref name="Port17" ref="0x40afb070" scoped=""/></type-interface>
      <instance>
        <interfacedef-ref nicename="tos.chips.msp430.pins.HplMsp430Interrupt" qname="HplMsp430Interrupt"/>
      </instance>
      <interface-functions>
        <function-ref name="clear" ref="0x40afb248" scoped=""/>
        <function-ref name="fired" ref="0x40afb328" scoped=""/>
        <function-ref name="disable" ref="0x40afb408" scoped=""/>
        <function-ref name="edge" ref="0x40afb4e8" scoped=""/>
        <function-ref name="enable" ref="0x40afb5c8" scoped=""/>
        <function-ref name="getValue" ref="0x40afb6a8" scoped=""/>
      </interface-functions>
    </interface><interface loc="51:/home/zly/tinyos-main/tos/chips/msp430/pins/HplMsp430InterruptP.nc" name="Port22" provided="1" ref="0x40b1fb38">
      <component-ref nicename="tos.chips.msp430.pins.HplMsp430InterruptP" qname="HplMsp430InterruptP"/>
      <type-interface alignment="I:2" size="I:2"><interface-ref name="Port22" ref="0x40b1fb38" scoped=""/></type-interface>
      <instance>
        <interfacedef-ref nicename="tos.chips.msp430.pins.HplMsp430Interrupt" qname="HplMsp430Interrupt"/>
      </instance>
      <interface-functions>
        <function-ref name="clear" ref="0x40b1fd10" scoped=""/>
        <function-ref name="fired" ref="0x40b1fdf0" scoped=""/>
        <function-ref name="disable" ref="0x40b1fed0" scoped=""/>
        <function-ref name="edge" ref="0x40b1e010" scoped=""/>
        <function-ref name="enable" ref="0x40b1e0f0" scoped=""/>
        <function-ref name="getValue" ref="0x40b1e1d0" scoped=""/>
      </interface-functions>
    </interface><interface loc="55:/home/zly/tinyos-main/tos/chips/msp430/pins/HplMsp430InterruptP.nc" name="Port26" provided="1" ref="0x40b1c010">
      <component-ref nicename="tos.chips.msp430.pins.HplMsp430InterruptP" qname="HplMsp430InterruptP"/>
      <type-interface alignment="I:2" size="I:2"><interface-ref name="Port26" ref="0x40b1c010" scoped=""/></type-interface>
      <instance>
        <interfacedef-ref nicename="tos.chips.msp430.pins.HplMsp430Interrupt" qname="HplMsp430Interrupt"/>
      </instance>
      <interface-functions>
        <function-ref name="clear" ref="0x40b1c1e8" scoped=""/>
        <function-ref name="fired" ref="0x40b1c2c8" scoped=""/>
        <function-ref name="disable" ref="0x40b1c3a8" scoped=""/>
        <function-ref name="edge" ref="0x40b1c488" scoped=""/>
        <function-ref name="enable" ref="0x40b1c568" scoped=""/>
        <function-ref name="getValue" ref="0x40b1c648" scoped=""/>
      </interface-functions>
    </interface><interface loc="52:/home/zly/tinyos-main/tos/chips/msp430/pins/HplMsp430InterruptP.nc" name="Port23" provided="1" ref="0x40b1e448">
      <component-ref nicename="tos.chips.msp430.pins.HplMsp430InterruptP" qname="HplMsp430InterruptP"/>
      <type-interface alignment="I:2" size="I:2"><interface-ref name="Port23" ref="0x40b1e448" scoped=""/></type-interface>
      <instance>
        <interfacedef-ref nicename="tos.chips.msp430.pins.HplMsp430Interrupt" qname="HplMsp430Interrupt"/>
      </instance>
      <interface-functions>
        <function-ref name="clear" ref="0x40b1e620" scoped=""/>
        <function-ref name="fired" ref="0x40b1e700" scoped=""/>
        <function-ref name="disable" ref="0x40b1e7e0" scoped=""/>
        <function-ref name="edge" ref="0x40b1e8c0" scoped=""/>
        <function-ref name="enable" ref="0x40b1e9a0" scoped=""/>
        <function-ref name="getValue" ref="0x40b1ea80" scoped=""/>
      </interface-functions>
    </interface><interface loc="43:/home/zly/tinyos-main/tos/chips/msp430/pins/HplMsp430InterruptP.nc" name="Port14" provided="1" ref="0x40afd608">
      <component-ref nicename="tos.chips.msp430.pins.HplMsp430InterruptP" qname="HplMsp430InterruptP"/>
      <type-interface alignment="I:2" size="I:2"><interface-ref name="Port14" ref="0x40afd608" scoped=""/></type-interface>
      <instance>
        <interfacedef-ref nicename="tos.chips.msp430.pins.HplMsp430Interrupt" qname="HplMsp430Interrupt"/>
      </instance>
      <interface-functions>
        <function-ref name="clear" ref="0x40afd7e0" scoped=""/>
        <function-ref name="fired" ref="0x40afd8c0" scoped=""/>
        <function-ref name="disable" ref="0x40afd9a0" scoped=""/>
        <function-ref name="edge" ref="0x40afda80" scoped=""/>
        <function-ref name="enable" ref="0x40afdb60" scoped=""/>
        <function-ref name="getValue" ref="0x40afdc40" scoped=""/>
      </interface-functions>
    </interface><interface loc="39:/home/zly/tinyos-main/tos/chips/msp430/pins/HplMsp430InterruptP.nc" name="Port10" provided="1" ref="0x40aff270">
      <component-ref nicename="tos.chips.msp430.pins.HplMsp430InterruptP" qname="HplMsp430InterruptP"/>
      <type-interface alignment="I:2" size="I:2"><interface-ref name="Port10" ref="0x40aff270" scoped=""/></type-interface>
      <instance>
        <interfacedef-ref nicename="tos.chips.msp430.pins.HplMsp430Interrupt" qname="HplMsp430Interrupt"/>
      </instance>
      <interface-functions>
        <function-ref name="clear" ref="0x40aff448" scoped=""/>
        <function-ref name="fired" ref="0x40aff528" scoped=""/>
        <function-ref name="disable" ref="0x40aff608" scoped=""/>
        <function-ref name="edge" ref="0x40aff6e8" scoped=""/>
        <function-ref name="enable" ref="0x40aff7c8" scoped=""/>
        <function-ref name="getValue" ref="0x40aff8a8" scoped=""/>
      </interface-functions>
    </interface><interface loc="41:/home/zly/tinyos-main/tos/chips/msp430/pins/HplMsp430InterruptP.nc" name="Port12" provided="1" ref="0x40afe448">
      <component-ref nicename="tos.chips.msp430.pins.HplMsp430InterruptP" qname="HplMsp430InterruptP"/>
      <type-interface alignment="I:2" size="I:2"><interface-ref name="Port12" ref="0x40afe448" scoped=""/></type-interface>
      <instance>
        <interfacedef-ref nicename="tos.chips.msp430.pins.HplMsp430Interrupt" qname="HplMsp430Interrupt"/>
      </instance>
      <interface-functions>
        <function-ref name="clear" ref="0x40afe620" scoped=""/>
        <function-ref name="fired" ref="0x40afe700" scoped=""/>
        <function-ref name="disable" ref="0x40afe7e0" scoped=""/>
        <function-ref name="edge" ref="0x40afe8c0" scoped=""/>
        <function-ref name="enable" ref="0x40afe9a0" scoped=""/>
        <function-ref name="getValue" ref="0x40afea80" scoped=""/>
      </interface-functions>
    </interface><interface loc="56:/home/zly/tinyos-main/tos/chips/msp430/pins/HplMsp430InterruptP.nc" name="Port27" provided="1" ref="0x40b1c8c0">
      <component-ref nicename="tos.chips.msp430.pins.HplMsp430InterruptP" qname="HplMsp430InterruptP"/>
      <type-interface alignment="I:2" size="I:2"><interface-ref name="Port27" ref="0x40b1c8c0" scoped=""/></type-interface>
      <instance>
        <interfacedef-ref nicename="tos.chips.msp430.pins.HplMsp430Interrupt" qname="HplMsp430Interrupt"/>
      </instance>
      <interface-functions>
        <function-ref name="clear" ref="0x40b1ca98" scoped=""/>
        <function-ref name="fired" ref="0x40b1cb78" scoped=""/>
        <function-ref name="disable" ref="0x40b1cc58" scoped=""/>
        <function-ref name="edge" ref="0x40b1cd38" scoped=""/>
        <function-ref name="enable" ref="0x40b1ce18" scoped=""/>
        <function-ref name="getValue" ref="0x40b1cef8" scoped=""/>
      </interface-functions>
    </interface><interface loc="53:/home/zly/tinyos-main/tos/chips/msp430/pins/HplMsp430InterruptP.nc" name="Port24" provided="1" ref="0x40b1ecf8">
      <component-ref nicename="tos.chips.msp430.pins.HplMsp430InterruptP" qname="HplMsp430InterruptP"/>
      <type-interface alignment="I:2" size="I:2"><interface-ref name="Port24" ref="0x40b1ecf8" scoped=""/></type-interface>
      <instance>
        <interfacedef-ref nicename="tos.chips.msp430.pins.HplMsp430Interrupt" qname="HplMsp430Interrupt"/>
      </instance>
      <interface-functions>
        <function-ref name="clear" ref="0x40b1d010" scoped=""/>
        <function-ref name="fired" ref="0x40b1d0f0" scoped=""/>
        <function-ref name="disable" ref="0x40b1d1d0" scoped=""/>
        <function-ref name="edge" ref="0x40b1d2b0" scoped=""/>
        <function-ref name="enable" ref="0x40b1d390" scoped=""/>
        <function-ref name="getValue" ref="0x40b1d470" scoped=""/>
      </interface-functions>
    </interface><interface loc="44:/home/zly/tinyos-main/tos/chips/msp430/pins/HplMsp430InterruptP.nc" name="Port15" provided="1" ref="0x40afdeb8">
      <component-ref nicename="tos.chips.msp430.pins.HplMsp430InterruptP" qname="HplMsp430InterruptP"/>
      <type-interface alignment="I:2" size="I:2"><interface-ref name="Port15" ref="0x40afdeb8" scoped=""/></type-interface>
      <instance>
        <interfacedef-ref nicename="tos.chips.msp430.pins.HplMsp430Interrupt" qname="HplMsp430Interrupt"/>
      </instance>
      <interface-functions>
        <function-ref name="clear" ref="0x40afc0c0" scoped=""/>
        <function-ref name="fired" ref="0x40afc1a0" scoped=""/>
        <function-ref name="disable" ref="0x40afc280" scoped=""/>
        <function-ref name="edge" ref="0x40afc360" scoped=""/>
        <function-ref name="enable" ref="0x40afc440" scoped=""/>
        <function-ref name="getValue" ref="0x40afc520" scoped=""/>
      </interface-functions>
    </interface><interface loc="50:/home/zly/tinyos-main/tos/chips/msp430/pins/HplMsp430InterruptP.nc" name="Port21" provided="1" ref="0x40b1f288">
      <component-ref nicename="tos.chips.msp430.pins.HplMsp430InterruptP" qname="HplMsp430InterruptP"/>
      <type-interface alignment="I:2" size="I:2"><interface-ref name="Port21" ref="0x40b1f288" scoped=""/></type-interface>
      <instance>
        <interfacedef-ref nicename="tos.chips.msp430.pins.HplMsp430Interrupt" qname="HplMsp430Interrupt"/>
      </instance>
      <interface-functions>
        <function-ref name="clear" ref="0x40b1f460" scoped=""/>
        <function-ref name="fired" ref="0x40b1f540" scoped=""/>
        <function-ref name="disable" ref="0x40b1f620" scoped=""/>
        <function-ref name="edge" ref="0x40b1f700" scoped=""/>
        <function-ref name="enable" ref="0x40b1f7e0" scoped=""/>
        <function-ref name="getValue" ref="0x40b1f8c0" scoped=""/>
      </interface-functions>
    </interface><interface loc="45:/home/zly/tinyos-main/tos/chips/msp430/pins/HplMsp430InterruptP.nc" name="Port16" provided="1" ref="0x40afc798">
      <component-ref nicename="tos.chips.msp430.pins.HplMsp430InterruptP" qname="HplMsp430InterruptP"/>
      <type-interface alignment="I:2" size="I:2"><interface-ref name="Port16" ref="0x40afc798" scoped=""/></type-interface>
      <instance>
        <interfacedef-ref nicename="tos.chips.msp430.pins.HplMsp430Interrupt" qname="HplMsp430Interrupt"/>
      </instance>
      <interface-functions>
        <function-ref name="clear" ref="0x40afc970" scoped=""/>
        <function-ref name="fired" ref="0x40afca50" scoped=""/>
        <function-ref name="disable" ref="0x40afcb30" scoped=""/>
        <function-ref name="edge" ref="0x40afcc10" scoped=""/>
        <function-ref name="enable" ref="0x40afccf0" scoped=""/>
        <function-ref name="getValue" ref="0x40afcdd0" scoped=""/>
      </interface-functions>
    </interface><interface loc="54:/home/zly/tinyos-main/tos/chips/msp430/pins/HplMsp430InterruptP.nc" name="Port25" provided="1" ref="0x40b1d6e8">
      <component-ref nicename="tos.chips.msp430.pins.HplMsp430InterruptP" qname="HplMsp430InterruptP"/>
      <type-interface alignment="I:2" size="I:2"><interface-ref name="Port25" ref="0x40b1d6e8" scoped=""/></type-interface>
      <instance>
        <interfacedef-ref nicename="tos.chips.msp430.pins.HplMsp430Interrupt" qname="HplMsp430Interrupt"/>
      </instance>
      <interface-functions>
        <function-ref name="clear" ref="0x40b1d8c0" scoped=""/>
        <function-ref name="fired" ref="0x40b1d9a0" scoped=""/>
        <function-ref name="disable" ref="0x40b1da80" scoped=""/>
        <function-ref name="edge" ref="0x40b1db60" scoped=""/>
        <function-ref name="enable" ref="0x40b1dc40" scoped=""/>
        <function-ref name="getValue" ref="0x40b1dd20" scoped=""/>
      </interface-functions>
    </interface><interface loc="42:/home/zly/tinyos-main/tos/chips/msp430/pins/HplMsp430InterruptP.nc" name="Port13" provided="1" ref="0x40afecf8">
      <component-ref nicename="tos.chips.msp430.pins.HplMsp430InterruptP" qname="HplMsp430InterruptP"/>
      <type-interface alignment="I:2" size="I:2"><interface-ref name="Port13" ref="0x40afecf8" scoped=""/></type-interface>
      <instance>
        <interfacedef-ref nicename="tos.chips.msp430.pins.HplMsp430Interrupt" qname="HplMsp430Interrupt"/>
      </instance>
      <interface-functions>
        <function-ref name="clear" ref="0x40afeed0" scoped=""/>
        <function-ref name="fired" ref="0x40afd010" scoped=""/>
        <function-ref name="disable" ref="0x40afd0f0" scoped=""/>
        <function-ref name="edge" ref="0x40afd1d0" scoped=""/>
        <function-ref name="enable" ref="0x40afd2b0" scoped=""/>
        <function-ref name="getValue" ref="0x40afd390" scoped=""/>
      </interface-functions>
    </interface><interface loc="49:/home/zly/tinyos-main/tos/chips/msp430/pins/HplMsp430InterruptP.nc" name="Port20" provided="1" ref="0x40afb920">
      <component-ref nicename="tos.chips.msp430.pins.HplMsp430InterruptP" qname="HplMsp430InterruptP"/>
      <type-interface alignment="I:2" size="I:2"><interface-ref name="Port20" ref="0x40afb920" scoped=""/></type-interface>
      <instance>
        <interfacedef-ref nicename="tos.chips.msp430.pins.HplMsp430Interrupt" qname="HplMsp430Interrupt"/>
      </instance>
      <interface-functions>
        <function-ref name="clear" ref="0x40afbaf8" scoped=""/>
        <function-ref name="fired" ref="0x40afbbd8" scoped=""/>
        <function-ref name="disable" ref="0x40afbcb8" scoped=""/>
        <function-ref name="edge" ref="0x40afbd98" scoped=""/>
        <function-ref name="enable" ref="0x40afbe78" scoped=""/>
        <function-ref name="getValue" ref="0x40b1f010" scoped=""/>
      </interface-functions>
    </interface><interface loc="40:/home/zly/tinyos-main/tos/chips/msp430/pins/HplMsp430InterruptP.nc" name="Port11" provided="1" ref="0x40affb20">
      <component-ref nicename="tos.chips.msp430.pins.HplMsp430InterruptP" qname="HplMsp430InterruptP"/>
      <type-interface alignment="I:2" size="I:2"><interface-ref name="Port11" ref="0x40affb20" scoped=""/></type-interface>
      <instance>
        <interfacedef-ref nicename="tos.chips.msp430.pins.HplMsp430Interrupt" qname="HplMsp430Interrupt"/>
      </instance>
      <interface-functions>
        <function-ref name="clear" ref="0x40affcf8" scoped=""/>
        <function-ref name="fired" ref="0x40affdd8" scoped=""/>
        <function-ref name="disable" ref="0x40affeb8" scoped=""/>
        <function-ref name="edge" ref="0x40afe010" scoped=""/>
        <function-ref name="enable" ref="0x40afe0f0" scoped=""/>
        <function-ref name="getValue" ref="0x40afe1d0" scoped=""/>
      </interface-functions>
    </interface><component loc="36:/home/zly/tinyos-main/tos/chips/msp430/pins/HplMsp430InterruptP.nc" nicename="tos.chips.msp430.pins.HplMsp430InterruptP" qname="HplMsp430InterruptP" safe="">
      <documentation loc="33:/home/zly/tinyos-main/tos/chips/msp430/pins/HplMsp430InterruptP.nc">
        <short>
 </short>
        <long>
 @author Joe Polastre
</long>
      </documentation>
      <module/>
    </component></referenced></component>