<?xml version="1.0" ?><component loc="42:/home/zly/tinyos-main/tos/chips/cc2420/csma/CC2420CsmaC.nc" nicename="tos.chips.cc2420.csma.CC2420CsmaC" qname="CC2420CsmaC">
      <documentation loc="32:/home/zly/tinyos-main/tos/chips/cc2420/csma/CC2420CsmaC.nc">
        <short>
 Basic implementation of a CSMA MAC for the ChipCon CC2420 radio.</short>
        <long>
 Basic implementation of a CSMA MAC for the ChipCon CC2420 radio.

 @author Jonathan Hui &lt;jhui@archrock.com&gt;
 @version $Revision: 1.2 $ $Date: 2008-05-14 21:33:07 $
</long>
      </documentation>
      <configuration/>
      <wiring>
        <wire loc="55:/home/zly/tinyos-main/tos/chips/cc2420/csma/CC2420CsmaC.nc">
          <from><interface-ref name="SplitControl" ref="0x408bd498" scoped=""/></from>
          <to><interface-ref name="SplitControl" ref="0x408b9530" scoped=""/></to>
        </wire>
        <wire loc="54:/home/zly/tinyos-main/tos/chips/cc2420/csma/CC2420CsmaC.nc">
          <from><interface-ref name="RadioBackoff" ref="0x408ba570" scoped=""/></from>
          <to><interface-ref name="RadioBackoff" ref="0x408b62d0" scoped=""/></to>
        </wire>
        <wire loc="56:/home/zly/tinyos-main/tos/chips/cc2420/csma/CC2420CsmaC.nc">
          <from><interface-ref name="Send" ref="0x408bdaa0" scoped=""/></from>
          <to><interface-ref name="Send" ref="0x408b9b38" scoped=""/></to>
        </wire>
        <wire loc="68:/home/zly/tinyos-main/tos/chips/cc2420/csma/CC2420CsmaC.nc">
          <from><interface-ref name="Receive" ref="0x408ba1b8" scoped=""/></from>
          <to><interface-ref name="Receive" ref="0x40f130d8" scoped=""/></to>
        </wire>
        <wire loc="59:/home/zly/tinyos-main/tos/chips/cc2420/csma/CC2420CsmaC.nc">
          <from><interface-ref name="Resource" ref="0x408b6ac0" scoped=""/></from>
          <to><interface-ref name="Resource" ref="0x408fef08" scoped=""/></to>
        </wire>
        <wire loc="60:/home/zly/tinyos-main/tos/chips/cc2420/csma/CC2420CsmaC.nc">
          <from><interface-ref name="CC2420Power" ref="0x408b1c98" scoped=""/></from>
          <to><interface-ref name="CC2420Power" ref="0x408f8010" scoped=""/></to>
        </wire>
        <wire loc="69:/home/zly/tinyos-main/tos/chips/cc2420/csma/CC2420CsmaC.nc">
          <from><interface-ref name="SubControl" ref="0x408ca740" scoped=""/></from>
          <to><interface-ref name="StdControl" ref="0x40f166c8" scoped=""/></to>
        </wire>
        <wire loc="63:/home/zly/tinyos-main/tos/chips/cc2420/csma/CC2420CsmaC.nc">
          <from><interface-ref name="SubControl" ref="0x408ca740" scoped=""/></from>
          <to><interface-ref name="StdControl" ref="0x40e9ac10" scoped=""/></to>
        </wire>
        <wire loc="64:/home/zly/tinyos-main/tos/chips/cc2420/csma/CC2420CsmaC.nc">
          <from><interface-ref name="CC2420Transmit" ref="0x408c7da0" scoped=""/></from>
          <to><interface-ref name="CC2420Transmit" ref="0x40e970f0" scoped=""/></to>
        </wire>
        <wire loc="65:/home/zly/tinyos-main/tos/chips/cc2420/csma/CC2420CsmaC.nc">
          <from><interface-ref name="SubBackoff" ref="0x408b35f8" scoped=""/></from>
          <to><interface-ref name="RadioBackoff" ref="0x40e97808" scoped=""/></to>
        </wire>
        <wire loc="72:/home/zly/tinyos-main/tos/chips/cc2420/csma/CC2420CsmaC.nc">
          <from><interface-ref name="CC2420Packet" ref="0x408cbb10" scoped=""/></from>
          <to><interface-ref name="CC2420Packet" ref="0x40f6bb88" scoped=""/></to>
        </wire>
        <wire loc="73:/home/zly/tinyos-main/tos/chips/cc2420/csma/CC2420CsmaC.nc">
          <from><interface-ref name="CC2420PacketBody" ref="0x408d6360" scoped=""/></from>
          <to><interface-ref name="CC2420PacketBody" ref="0x40f689c8" scoped=""/></to>
        </wire>
        <wire loc="76:/home/zly/tinyos-main/tos/chips/cc2420/csma/CC2420CsmaC.nc">
          <from><interface-ref name="Random" ref="0x408c4a50" scoped=""/></from>
          <to><interface-ref name="Random" ref="0x40fda978" scoped=""/></to>
        </wire>
        <wire loc="79:/home/zly/tinyos-main/tos/chips/cc2420/csma/CC2420CsmaC.nc">
          <from><interface-ref name="SplitControlState" ref="0x408d3bc8" scoped=""/></from>
          <to><interface-ref name="State" ref="0x40fdd608" scoped=""/></to>
        </wire>
        <wire loc="82:/home/zly/tinyos-main/tos/chips/cc2420/csma/CC2420CsmaC.nc">
          <from><interface-ref name="Leds" ref="0x408dae70" scoped=""/></from>
          <to><interface-ref name="Leds" ref="0x40d05b58" scoped=""/></to>
        </wire>
      </wiring>
    <specification><interface loc="44:/home/zly/tinyos-main/tos/chips/cc2420/csma/CC2420CsmaC.nc" name="SplitControl" provided="1" ref="0x408bd498">
      <component-ref nicename="tos.chips.cc2420.csma.CC2420CsmaC" qname="CC2420CsmaC"/>
      <type-interface alignment="I:2" size="I:2"><interface-ref name="SplitControl" ref="0x408bd498" scoped=""/></type-interface>
      <instance>
        <interfacedef-ref nicename="tos.interfaces.SplitControl" qname="SplitControl"/>
      </instance>
      <interface-functions>
        <function-ref name="startDone" ref="0x408bd670" scoped=""/>
        <function-ref name="stopDone" ref="0x408bd750" scoped=""/>
        <function-ref name="start" ref="0x408bd830" scoped=""/>
        <function-ref name="stop" ref="0x408bd910" scoped=""/>
      </interface-functions>
    </interface><interface loc="47:/home/zly/tinyos-main/tos/chips/cc2420/csma/CC2420CsmaC.nc" name="RadioBackoff" provided="1" ref="0x408ba570">
      <component-ref nicename="tos.chips.cc2420.csma.CC2420CsmaC" qname="CC2420CsmaC"/>
      <type-interface alignment="I:2" size="I:2"><interface-ref name="RadioBackoff" ref="0x408ba570" scoped=""/></type-interface>
      <instance>
        <interfacedef-ref nicename="tos.chips.cc2420.interfaces.RadioBackoff" qname="RadioBackoff"/>
      </instance>
      <interface-functions>
        <function-ref name="requestCca" ref="0x408ba748" scoped=""/>
        <function-ref name="requestInitialBackoff" ref="0x408ba828" scoped=""/>
        <function-ref name="setCongestionBackoff" ref="0x408ba908" scoped=""/>
        <function-ref name="setInitialBackoff" ref="0x408ba9e8" scoped=""/>
        <function-ref name="setCca" ref="0x408baac8" scoped=""/>
        <function-ref name="requestCongestionBackoff" ref="0x408baba8" scoped=""/>
      </interface-functions>
    </interface><interface loc="45:/home/zly/tinyos-main/tos/chips/cc2420/csma/CC2420CsmaC.nc" name="Send" provided="1" ref="0x408bdaa0">
      <component-ref nicename="tos.chips.cc2420.csma.CC2420CsmaC" qname="CC2420CsmaC"/>
      <type-interface alignment="I:2" size="I:2"><interface-ref name="Send" ref="0x408bdaa0" scoped=""/></type-interface>
      <instance>
        <interfacedef-ref nicename="tos.interfaces.Send" qname="Send"/>
      </instance>
      <interface-functions>
        <function-ref name="send" ref="0x408bdc78" scoped=""/>
        <function-ref name="getPayload" ref="0x408bdd58" scoped=""/>
        <function-ref name="maxPayloadLength" ref="0x408bde38" scoped=""/>
        <function-ref name="cancel" ref="0x408bdf18" scoped=""/>
        <function-ref name="sendDone" ref="0x408ba010" scoped=""/>
      </interface-functions>
    </interface><interface loc="46:/home/zly/tinyos-main/tos/chips/cc2420/csma/CC2420CsmaC.nc" name="Receive" provided="1" ref="0x408ba1b8">
      <component-ref nicename="tos.chips.cc2420.csma.CC2420CsmaC" qname="CC2420CsmaC"/>
      <type-interface alignment="I:2" size="I:2"><interface-ref name="Receive" ref="0x408ba1b8" scoped=""/></type-interface>
      <instance>
        <interfacedef-ref nicename="tos.interfaces.Receive" qname="Receive"/>
      </instance>
      <interface-functions>
        <function-ref name="receive" ref="0x408ba390" scoped=""/>
      </interface-functions>
    </interface></specification><referenced><interface loc="41:/home/zly/tinyos-main/tos/chips/cc2420/receive/CC2420ReceiveC.nc" name="StdControl" provided="1" ref="0x40f166c8">
      <component-ref nicename="tos.chips.cc2420.receive.CC2420ReceiveC" qname="CC2420ReceiveC"/>
      <type-interface alignment="I:2" size="I:2"><interface-ref name="StdControl" ref="0x40f166c8" scoped=""/></type-interface>
      <instance>
        <interfacedef-ref nicename="tos.interfaces.StdControl" qname="StdControl"/>
      </instance>
      <interface-functions>
        <function-ref name="start" ref="0x40f168a0" scoped=""/>
        <function-ref name="stop" ref="0x40f16980" scoped=""/>
      </interface-functions>
    </interface><interface loc="47:/home/zly/tinyos-main/tos/chips/cc2420/csma/CC2420CsmaP.nc" name="SubBackoff" provided="0" ref="0x408b35f8">
      <component-ref nicename="tos.chips.cc2420.csma.CC2420CsmaP" qname="CC2420CsmaP"/>
      <type-interface alignment="I:2" size="I:2"><interface-ref name="SubBackoff" ref="0x408b35f8" scoped=""/></type-interface>
      <instance>
        <interfacedef-ref nicename="tos.chips.cc2420.interfaces.RadioBackoff" qname="RadioBackoff"/>
      </instance>
      <interface-functions>
        <function-ref name="requestCca" ref="0x408b37d0" scoped=""/>
        <function-ref name="requestInitialBackoff" ref="0x408b38b0" scoped=""/>
        <function-ref name="setCongestionBackoff" ref="0x408b3990" scoped=""/>
        <function-ref name="setInitialBackoff" ref="0x408b3a70" scoped=""/>
        <function-ref name="setCca" ref="0x408b3b50" scoped=""/>
        <function-ref name="requestCongestionBackoff" ref="0x408b3c30" scoped=""/>
      </interface-functions>
    </interface><interface loc="43:/home/zly/tinyos-main/tos/chips/cc2420/receive/CC2420ReceiveC.nc" name="Receive" provided="1" ref="0x40f130d8">
      <component-ref nicename="tos.chips.cc2420.receive.CC2420ReceiveC" qname="CC2420ReceiveC"/>
      <type-interface alignment="I:2" size="I:2"><interface-ref name="Receive" ref="0x40f130d8" scoped=""/></type-interface>
      <instance>
        <interfacedef-ref nicename="tos.interfaces.Receive" qname="Receive"/>
      </instance>
      <interface-functions>
        <function-ref name="receive" ref="0x40f132b0" scoped=""/>
      </interface-functions>
    </interface><interface loc="44:/home/zly/tinyos-main/tos/chips/cc2420/control/CC2420ControlC.nc" name="Resource" provided="1" ref="0x408fef08">
      <component-ref nicename="tos.chips.cc2420.control.CC2420ControlC" qname="CC2420ControlC"/>
      <type-interface alignment="I:2" size="I:2"><interface-ref name="Resource" ref="0x408fef08" scoped=""/></type-interface>
      <instance>
        <interfacedef-ref nicename="tos.interfaces.Resource" qname="Resource"/>
      </instance>
      <interface-functions>
        <function-ref name="release" ref="0x408fb0f0" scoped=""/>
        <function-ref name="immediateRequest" ref="0x408fb1d0" scoped=""/>
        <function-ref name="request" ref="0x408fb2b0" scoped=""/>
        <function-ref name="granted" ref="0x408fb390" scoped=""/>
        <function-ref name="isOwner" ref="0x408fb470" scoped=""/>
      </interface-functions>
    </interface><interface loc="50:/home/zly/tinyos-main/tos/chips/cc2420/csma/CC2420CsmaP.nc" name="CC2420Packet" provided="0" ref="0x408cbb10">
      <component-ref nicename="tos.chips.cc2420.csma.CC2420CsmaP" qname="CC2420CsmaP"/>
      <type-interface alignment="I:2" size="I:2"><interface-ref name="CC2420Packet" ref="0x408cbb10" scoped=""/></type-interface>
      <instance>
        <interfacedef-ref nicename="tos.chips.cc2420.interfaces.CC2420Packet" qname="CC2420Packet"/>
      </instance>
      <interface-functions>
        <function-ref name="setPower" ref="0x408cbce8" scoped=""/>
        <function-ref name="setNetwork" ref="0x408cbdc8" scoped=""/>
        <function-ref name="getRssi" ref="0x408cbea8" scoped=""/>
        <function-ref name="getNetwork" ref="0x408c5010" scoped=""/>
        <function-ref name="getPower" ref="0x408c50f0" scoped=""/>
        <function-ref name="getLqi" ref="0x408c51d0" scoped=""/>
      </interface-functions>
    </interface><interface loc="44:/home/zly/tinyos-main/tos/chips/cc2420/transmit/CC2420TransmitC.nc" name="StdControl" provided="1" ref="0x40e9ac10">
      <component-ref nicename="tos.chips.cc2420.transmit.CC2420TransmitC" qname="CC2420TransmitC"/>
      <type-interface alignment="I:2" size="I:2"><interface-ref name="StdControl" ref="0x40e9ac10" scoped=""/></type-interface>
      <instance>
        <interfacedef-ref nicename="tos.interfaces.StdControl" qname="StdControl"/>
      </instance>
      <interface-functions>
        <function-ref name="start" ref="0x40e9ade8" scoped=""/>
        <function-ref name="stop" ref="0x40e9aec8" scoped=""/>
      </interface-functions>
    </interface><interface loc="41:/home/zly/tinyos-main/tos/chips/cc2420/packet/CC2420PacketC.nc" name="CC2420Packet" provided="1" ref="0x40f6bb88">
      <component-ref nicename="tos.chips.cc2420.packet.CC2420PacketC" qname="CC2420PacketC"/>
      <type-interface alignment="I:2" size="I:2"><interface-ref name="CC2420Packet" ref="0x40f6bb88" scoped=""/></type-interface>
      <instance>
        <interfacedef-ref nicename="tos.chips.cc2420.interfaces.CC2420Packet" qname="CC2420Packet"/>
      </instance>
      <interface-functions>
        <function-ref name="setPower" ref="0x40f6bd60" scoped=""/>
        <function-ref name="setNetwork" ref="0x40f6be40" scoped=""/>
        <function-ref name="getRssi" ref="0x40f6bf20" scoped=""/>
        <function-ref name="getNetwork" ref="0x40f68018" scoped=""/>
        <function-ref name="getPower" ref="0x40f680f8" scoped=""/>
        <function-ref name="getLqi" ref="0x40f681d8" scoped=""/>
      </interface-functions>
    </interface><interface loc="41:/home/zly/tinyos-main/tos/chips/cc2420/csma/CC2420CsmaP.nc" name="RadioBackoff" provided="1" ref="0x408b62d0">
      <component-ref nicename="tos.chips.cc2420.csma.CC2420CsmaP" qname="CC2420CsmaP"/>
      <type-interface alignment="I:2" size="I:2"><interface-ref name="RadioBackoff" ref="0x408b62d0" scoped=""/></type-interface>
      <instance>
        <interfacedef-ref nicename="tos.chips.cc2420.interfaces.RadioBackoff" qname="RadioBackoff"/>
      </instance>
      <interface-functions>
        <function-ref name="requestCca" ref="0x408b64a8" scoped=""/>
        <function-ref name="requestInitialBackoff" ref="0x408b6588" scoped=""/>
        <function-ref name="setCongestionBackoff" ref="0x408b6668" scoped=""/>
        <function-ref name="setInitialBackoff" ref="0x408b6748" scoped=""/>
        <function-ref name="setCca" ref="0x408b6828" scoped=""/>
        <function-ref name="requestCongestionBackoff" ref="0x408b6908" scoped=""/>
      </interface-functions>
    </interface><interface loc="43:/home/zly/tinyos-main/tos/chips/cc2420/packet/CC2420PacketC.nc" name="CC2420PacketBody" provided="1" ref="0x40f689c8">
      <component-ref nicename="tos.chips.cc2420.packet.CC2420PacketC" qname="CC2420PacketC"/>
      <type-interface alignment="I:2" size="I:2"><interface-ref name="CC2420PacketBody" ref="0x40f689c8" scoped=""/></type-interface>
      <instance>
        <interfacedef-ref nicename="tos.chips.cc2420.interfaces.CC2420PacketBody" qname="CC2420PacketBody"/>
      </instance>
      <interface-functions>
        <function-ref name="getPayload" ref="0x40f68ba0" scoped=""/>
        <function-ref name="getHeader" ref="0x40f68c80" scoped=""/>
        <function-ref name="getMetadata" ref="0x40f68d60" scoped=""/>
      </interface-functions>
    </interface><interface loc="44:/home/zly/tinyos-main/tos/chips/cc2420/csma/CC2420CsmaP.nc" name="CC2420Power" provided="0" ref="0x408b1c98">
      <component-ref nicename="tos.chips.cc2420.csma.CC2420CsmaP" qname="CC2420CsmaP"/>
      <type-interface alignment="I:2" size="I:2"><interface-ref name="CC2420Power" ref="0x408b1c98" scoped=""/></type-interface>
      <instance>
        <interfacedef-ref nicename="tos.chips.cc2420.interfaces.CC2420Power" qname="CC2420Power"/>
      </instance>
      <interface-functions>
        <function-ref name="startOscillator" ref="0x408b1e70" scoped=""/>
        <function-ref name="rfOff" ref="0x408b4010" scoped=""/>
        <function-ref name="rxOn" ref="0x408b40f0" scoped=""/>
        <function-ref name="startVReg" ref="0x408b41d0" scoped=""/>
        <function-ref name="stopVReg" ref="0x408b42b0" scoped=""/>
        <function-ref name="startOscillatorDone" ref="0x408b4390" scoped=""/>
        <function-ref name="stopOscillator" ref="0x408b4470" scoped=""/>
        <function-ref name="startVRegDone" ref="0x408b4550" scoped=""/>
      </interface-functions>
    </interface><interface loc="46:/home/zly/tinyos-main/tos/system/RandomC.nc" name="Random" provided="1" ref="0x40fda978">
      <component-ref nicename="tos.system.RandomC" qname="RandomC"/>
      <type-interface alignment="I:2" size="I:2"><interface-ref name="Random" ref="0x40fda978" scoped=""/></type-interface>
      <instance>
        <interfacedef-ref nicename="tos.interfaces.Random" qname="Random"/>
      </instance>
      <interface-functions>
        <function-ref name="rand16" ref="0x40fdab50" scoped=""/>
        <function-ref name="rand32" ref="0x40fdac30" scoped=""/>
      </interface-functions>
    </interface><interface loc="40:/home/zly/tinyos-main/tos/chips/cc2420/csma/CC2420CsmaP.nc" name="Send" provided="1" ref="0x408b9b38">
      <component-ref nicename="tos.chips.cc2420.csma.CC2420CsmaP" qname="CC2420CsmaP"/>
      <type-interface alignment="I:2" size="I:2"><interface-ref name="Send" ref="0x408b9b38" scoped=""/></type-interface>
      <instance>
        <interfacedef-ref nicename="tos.interfaces.Send" qname="Send"/>
      </instance>
      <interface-functions>
        <function-ref name="send" ref="0x408b9d10" scoped=""/>
        <function-ref name="getPayload" ref="0x408b9df0" scoped=""/>
        <function-ref name="maxPayloadLength" ref="0x408b9ed0" scoped=""/>
        <function-ref name="cancel" ref="0x408b6010" scoped=""/>
        <function-ref name="sendDone" ref="0x408b60f0" scoped=""/>
      </interface-functions>
    </interface><interface loc="46:/home/zly/tinyos-main/tos/chips/cc2420/csma/CC2420CsmaP.nc" name="CC2420Transmit" provided="0" ref="0x408c7da0">
      <component-ref nicename="tos.chips.cc2420.csma.CC2420CsmaP" qname="CC2420CsmaP"/>
      <type-interface alignment="I:2" size="I:2"><interface-ref name="CC2420Transmit" ref="0x408c7da0" scoped=""/></type-interface>
      <instance>
        <interfacedef-ref nicename="tos.chips.cc2420.interfaces.CC2420Transmit" qname="CC2420Transmit"/>
      </instance>
      <interface-functions>
        <function-ref name="send" ref="0x408b3010" scoped=""/>
        <function-ref name="cancel" ref="0x408b30f0" scoped=""/>
        <function-ref name="modify" ref="0x408b31d0" scoped=""/>
        <function-ref name="sendDone" ref="0x408b32b0" scoped=""/>
        <function-ref name="resend" ref="0x408b3390" scoped=""/>
      </interface-functions>
    </interface><interface loc="46:/home/zly/tinyos-main/tos/system/LedsC.nc" name="Leds" provided="1" ref="0x40d05b58">
      <component-ref nicename="tos.system.LedsC" qname="LedsC"/>
      <type-interface alignment="I:2" size="I:2"><interface-ref name="Leds" ref="0x40d05b58" scoped=""/></type-interface>
      <instance>
        <interfacedef-ref nicename="tos.interfaces.Leds" qname="Leds"/>
      </instance>
      <interface-functions>
        <function-ref name="led0Off" ref="0x40d05d30" scoped=""/>
        <function-ref name="led0Toggle" ref="0x40d05e10" scoped=""/>
        <function-ref name="led1On" ref="0x40d05ef0" scoped=""/>
        <function-ref name="led1Toggle" ref="0x40d02010" scoped=""/>
        <function-ref name="led2Toggle" ref="0x40d020f0" scoped=""/>
        <function-ref name="get" ref="0x40d021d0" scoped=""/>
        <function-ref name="led1Off" ref="0x40d022b0" scoped=""/>
        <function-ref name="led2Off" ref="0x40d02630" scoped=""/>
        <function-ref name="set" ref="0x40d02390" scoped=""/>
        <function-ref name="led0On" ref="0x40d02470" scoped=""/>
        <function-ref name="led2On" ref="0x40d02550" scoped=""/>
      </interface-functions>
    </interface><interface loc="52:/home/zly/tinyos-main/tos/chips/cc2420/csma/CC2420CsmaP.nc" name="SplitControlState" provided="0" ref="0x408d3bc8">
      <component-ref nicename="tos.chips.cc2420.csma.CC2420CsmaP" qname="CC2420CsmaP"/>
      <type-interface alignment="I:2" size="I:2"><interface-ref name="SplitControlState" ref="0x408d3bc8" scoped=""/></type-interface>
      <instance>
        <interfacedef-ref nicename="tos.interfaces.State" qname="State"/>
      </instance>
      <interface-functions>
        <function-ref name="getState" ref="0x408d3e20" scoped=""/>
        <function-ref name="toIdle" ref="0x408d3f00" scoped=""/>
        <function-ref name="isState" ref="0x408d9010" scoped=""/>
        <function-ref name="isIdle" ref="0x408d90f0" scoped=""/>
        <function-ref name="requestState" ref="0x408d91d0" scoped=""/>
        <function-ref name="forceState" ref="0x408d92b0" scoped=""/>
      </interface-functions>
    </interface><interface loc="51:/home/zly/tinyos-main/tos/chips/cc2420/csma/CC2420CsmaP.nc" name="CC2420PacketBody" provided="0" ref="0x408d6360">
      <component-ref nicename="tos.chips.cc2420.csma.CC2420CsmaP" qname="CC2420CsmaP"/>
      <type-interface alignment="I:2" size="I:2"><interface-ref name="CC2420PacketBody" ref="0x408d6360" scoped=""/></type-interface>
      <instance>
        <interfacedef-ref nicename="tos.chips.cc2420.interfaces.CC2420PacketBody" qname="CC2420PacketBody"/>
      </instance>
      <interface-functions>
        <function-ref name="getPayload" ref="0x408d6538" scoped=""/>
        <function-ref name="getHeader" ref="0x408d6618" scoped=""/>
        <function-ref name="getMetadata" ref="0x408d66f8" scoped=""/>
      </interface-functions>
    </interface><interface loc="49:/home/zly/tinyos-main/tos/chips/cc2420/csma/CC2420CsmaP.nc" name="Leds" provided="0" ref="0x408dae70">
      <component-ref nicename="tos.chips.cc2420.csma.CC2420CsmaP" qname="CC2420CsmaP"/>
      <type-interface alignment="I:2" size="I:2"><interface-ref name="Leds" ref="0x408dae70" scoped=""/></type-interface>
      <instance>
        <interfacedef-ref nicename="tos.interfaces.Leds" qname="Leds"/>
      </instance>
      <interface-functions>
        <function-ref name="led0Off" ref="0x408cb070" scoped=""/>
        <function-ref name="led0Toggle" ref="0x408cb150" scoped=""/>
        <function-ref name="led1On" ref="0x408cb230" scoped=""/>
        <function-ref name="led1Toggle" ref="0x408cb310" scoped=""/>
        <function-ref name="led2Toggle" ref="0x408cb3f0" scoped=""/>
        <function-ref name="get" ref="0x408cb4d0" scoped=""/>
        <function-ref name="led1Off" ref="0x408cb5b0" scoped=""/>
        <function-ref name="led2Off" ref="0x408cb930" scoped=""/>
        <function-ref name="set" ref="0x408cb690" scoped=""/>
        <function-ref name="led0On" ref="0x408cb770" scoped=""/>
        <function-ref name="led2On" ref="0x408cb850" scoped=""/>
      </interface-functions>
    </interface><interface loc="46:/home/zly/tinyos-main/tos/chips/cc2420/transmit/CC2420TransmitC.nc" name="RadioBackoff" provided="1" ref="0x40e97808">
      <component-ref nicename="tos.chips.cc2420.transmit.CC2420TransmitC" qname="CC2420TransmitC"/>
      <type-interface alignment="I:2" size="I:2"><interface-ref name="RadioBackoff" ref="0x40e97808" scoped=""/></type-interface>
      <instance>
        <interfacedef-ref nicename="tos.chips.cc2420.interfaces.RadioBackoff" qname="RadioBackoff"/>
      </instance>
      <interface-functions>
        <function-ref name="requestCca" ref="0x40e979e0" scoped=""/>
        <function-ref name="requestInitialBackoff" ref="0x40e97ac0" scoped=""/>
        <function-ref name="setCongestionBackoff" ref="0x40e97ba0" scoped=""/>
        <function-ref name="setInitialBackoff" ref="0x40e97c80" scoped=""/>
        <function-ref name="setCca" ref="0x40e97d60" scoped=""/>
        <function-ref name="requestCongestionBackoff" ref="0x40e97e40" scoped=""/>
      </interface-functions>
    </interface><interface loc="39:/home/zly/tinyos-main/tos/chips/cc2420/csma/CC2420CsmaP.nc" name="SplitControl" provided="1" ref="0x408b9530">
      <component-ref nicename="tos.chips.cc2420.csma.CC2420CsmaP" qname="CC2420CsmaP"/>
      <type-interface alignment="I:2" size="I:2"><interface-ref name="SplitControl" ref="0x408b9530" scoped=""/></type-interface>
      <instance>
        <interfacedef-ref nicename="tos.interfaces.SplitControl" qname="SplitControl"/>
      </instance>
      <interface-functions>
        <function-ref name="startDone" ref="0x408b9708" scoped=""/>
        <function-ref name="stopDone" ref="0x408b97e8" scoped=""/>
        <function-ref name="start" ref="0x408b98c8" scoped=""/>
        <function-ref name="stop" ref="0x408b99a8" scoped=""/>
      </interface-functions>
    </interface><interface loc="45:/home/zly/tinyos-main/tos/chips/cc2420/transmit/CC2420TransmitC.nc" name="CC2420Transmit" provided="1" ref="0x40e970f0">
      <component-ref nicename="tos.chips.cc2420.transmit.CC2420TransmitC" qname="CC2420TransmitC"/>
      <type-interface alignment="I:2" size="I:2"><interface-ref name="CC2420Transmit" ref="0x40e970f0" scoped=""/></type-interface>
      <instance>
        <interfacedef-ref nicename="tos.chips.cc2420.interfaces.CC2420Transmit" qname="CC2420Transmit"/>
      </instance>
      <interface-functions>
        <function-ref name="send" ref="0x40e972c8" scoped=""/>
        <function-ref name="cancel" ref="0x40e973a8" scoped=""/>
        <function-ref name="modify" ref="0x40e97488" scoped=""/>
        <function-ref name="sendDone" ref="0x40e97568" scoped=""/>
        <function-ref name="resend" ref="0x40e97648" scoped=""/>
      </interface-functions>
    </interface><interface loc="43:/home/zly/tinyos-main/tos/chips/cc2420/csma/CC2420CsmaP.nc" name="Resource" provided="0" ref="0x408b6ac0">
      <component-ref nicename="tos.chips.cc2420.csma.CC2420CsmaP" qname="CC2420CsmaP"/>
      <type-interface alignment="I:2" size="I:2"><interface-ref name="Resource" ref="0x408b6ac0" scoped=""/></type-interface>
      <instance>
        <interfacedef-ref nicename="tos.interfaces.Resource" qname="Resource"/>
      </instance>
      <interface-functions>
        <function-ref name="release" ref="0x408b6c98" scoped=""/>
        <function-ref name="immediateRequest" ref="0x408b6d78" scoped=""/>
        <function-ref name="request" ref="0x408b6e58" scoped=""/>
        <function-ref name="granted" ref="0x408b5010" scoped=""/>
        <function-ref name="isOwner" ref="0x408b50f0" scoped=""/>
      </interface-functions>
    </interface><interface loc="67:/home/zly/tinyos-main/tos/system/StateC.nc" name="State" provided="1" ref="0x40fdd608">
      <component-ref nicename="tos.system.StateC" qname="CC2420CsmaC.StateC"/>
      <type-interface alignment="I:2" size="I:2"><interface-ref name="State" ref="0x40fdd608" scoped=""/></type-interface>
      <instance>
        <interfacedef-ref nicename="tos.interfaces.State" qname="State"/>
      </instance>
      <interface-functions>
        <function-ref name="getState" ref="0x40fdd7e0" scoped=""/>
        <function-ref name="toIdle" ref="0x40fdd8c0" scoped=""/>
        <function-ref name="isState" ref="0x40fdd9a0" scoped=""/>
        <function-ref name="isIdle" ref="0x40fdda80" scoped=""/>
        <function-ref name="requestState" ref="0x40fddb60" scoped=""/>
        <function-ref name="forceState" ref="0x40fddc40" scoped=""/>
      </interface-functions>
    </interface><interface loc="48:/home/zly/tinyos-main/tos/chips/cc2420/csma/CC2420CsmaP.nc" name="Random" provided="0" ref="0x408c4a50">
      <component-ref nicename="tos.chips.cc2420.csma.CC2420CsmaP" qname="CC2420CsmaP"/>
      <type-interface alignment="I:2" size="I:2"><interface-ref name="Random" ref="0x408c4a50" scoped=""/></type-interface>
      <instance>
        <interfacedef-ref nicename="tos.interfaces.Random" qname="Random"/>
      </instance>
      <interface-functions>
        <function-ref name="rand16" ref="0x408c4c28" scoped=""/>
        <function-ref name="rand32" ref="0x408c4d08" scoped=""/>
      </interface-functions>
    </interface><interface loc="45:/home/zly/tinyos-main/tos/chips/cc2420/csma/CC2420CsmaP.nc" name="SubControl" provided="0" ref="0x408ca740">
      <component-ref nicename="tos.chips.cc2420.csma.CC2420CsmaP" qname="CC2420CsmaP"/>
      <type-interface alignment="I:2" size="I:2"><interface-ref name="SubControl" ref="0x408ca740" scoped=""/></type-interface>
      <instance>
        <interfacedef-ref nicename="tos.interfaces.StdControl" qname="StdControl"/>
      </instance>
      <interface-functions>
        <function-ref name="start" ref="0x408ca918" scoped=""/>
        <function-ref name="stop" ref="0x408ca9f8" scoped=""/>
      </interface-functions>
    </interface><interface loc="46:/home/zly/tinyos-main/tos/chips/cc2420/control/CC2420ControlC.nc" name="CC2420Power" provided="1" ref="0x408f8010">
      <component-ref nicename="tos.chips.cc2420.control.CC2420ControlC" qname="CC2420ControlC"/>
      <type-interface alignment="I:2" size="I:2"><interface-ref name="CC2420Power" ref="0x408f8010" scoped=""/></type-interface>
      <instance>
        <interfacedef-ref nicename="tos.chips.cc2420.interfaces.CC2420Power" qname="CC2420Power"/>
      </instance>
      <interface-functions>
        <function-ref name="startOscillator" ref="0x408f81e8" scoped=""/>
        <function-ref name="rfOff" ref="0x408f82c8" scoped=""/>
        <function-ref name="rxOn" ref="0x408f83a8" scoped=""/>
        <function-ref name="startVReg" ref="0x408f8488" scoped=""/>
        <function-ref name="stopVReg" ref="0x408f8568" scoped=""/>
        <function-ref name="startOscillatorDone" ref="0x408f8648" scoped=""/>
        <function-ref name="stopOscillator" ref="0x408f8728" scoped=""/>
        <function-ref name="startVRegDone" ref="0x408f8808" scoped=""/>
      </interface-functions>
    </interface><component loc="45:/home/zly/tinyos-main/tos/system/LedsC.nc" nicename="tos.system.LedsC" qname="LedsC">
      <documentation loc="34:/home/zly/tinyos-main/tos/system/LedsC.nc">
        <short>

 The basic TinyOS LEDs abstraction.</short>
        <long>

 The basic TinyOS LEDs abstraction.

 @author Phil Buonadonna
 @author David Gay
 @author Philip Levis
 @author Joe Polastre
</long>
      </documentation>
      <configuration/>
      <wiring>
        <wire loc="51:/home/zly/tinyos-main/tos/system/LedsC.nc">
          <from><interface-ref name="Leds" ref="0x40d05b58" scoped=""/></from>
          <to><interface-ref name="Leds" ref="0x40cff230" scoped=""/></to>
        </wire>
        <wire loc="53:/home/zly/tinyos-main/tos/system/LedsC.nc">
          <from><interface-ref name="Init" ref="0x40d19a38" scoped=""/></from>
          <to><interface-ref name="Init" ref="0x40d02eb8" scoped=""/></to>
        </wire>
        <wire loc="54:/home/zly/tinyos-main/tos/system/LedsC.nc">
          <from><interface-ref name="Led0" ref="0x40cffef8" scoped=""/></from>
          <to><interface-ref name="Led0" ref="0x40d01c38" scoped=""/></to>
        </wire>
        <wire loc="55:/home/zly/tinyos-main/tos/system/LedsC.nc">
          <from><interface-ref name="Led1" ref="0x40cfe8f0" scoped=""/></from>
          <to><interface-ref name="Led1" ref="0x40d1a680" scoped=""/></to>
        </wire>
        <wire loc="56:/home/zly/tinyos-main/tos/system/LedsC.nc">
          <from><interface-ref name="Led2" ref="0x40cfd2e8" scoped=""/></from>
          <to><interface-ref name="Led2" ref="0x40d190b0" scoped=""/></to>
        </wire>
      </wiring>
    </component><component loc="43:/home/zly/tinyos-main/tos/system/RandomC.nc" nicename="tos.system.RandomC" qname="RandomC">
      <documentation loc="33:/home/zly/tinyos-main/tos/system/RandomC.nc">
        <short>
 The standard TinyOS random number generator.</short>
        <long>
 The standard TinyOS random number generator. If your system requires a 
 specific random number generator, it should wire to that component
 directly. 

 @author  Barbara Hohlt 
 @author  Phil Levis 
 @date    March 1 2005
</long>
      </documentation>
      <configuration/>
      <wiring>
        <wire loc="56:/home/zly/tinyos-main/tos/system/RandomC.nc">
          <from><interface-ref name="Random" ref="0x40fda978" scoped=""/></from>
          <to><interface-ref name="Random" ref="0x40fd6478" scoped=""/></to>
        </wire>
        <wire loc="55:/home/zly/tinyos-main/tos/system/RandomC.nc">
          <from><interface-ref name="SeedInit" ref="0x40fda0b8" scoped=""/></from>
          <to><interface-ref name="SeedInit" ref="0x40fd9b10" scoped=""/></to>
        </wire>
        <wire loc="54:/home/zly/tinyos-main/tos/system/RandomC.nc">
          <from><interface-ref name="Init" ref="0x40fdee30" scoped=""/></from>
          <to><interface-ref name="Init" ref="0x40fd95f0" scoped=""/></to>
        </wire>
        <wire loc="52:/home/zly/tinyos-main/tos/system/RandomC.nc">
          <from><interface-ref name="SoftwareInit" ref="0x40610df0" scoped=""/></from>
          <to><interface-ref name="Init" ref="0x40fd95f0" scoped=""/></to>
        </wire>
      </wiring>
    </component><component loc="39:/home/zly/tinyos-main/tos/chips/cc2420/receive/CC2420ReceiveC.nc" nicename="tos.chips.cc2420.receive.CC2420ReceiveC" qname="CC2420ReceiveC">
      <documentation loc="32:/home/zly/tinyos-main/tos/chips/cc2420/receive/CC2420ReceiveC.nc">
        <short>
 Implementation of the receive path for the ChipCon CC2420 radio.</short>
        <long>
 Implementation of the receive path for the ChipCon CC2420 radio.

 @author Jonathan Hui &lt;jhui@archrock.com&gt;
 @version $Revision: 1.4 $ $Date: 2009-08-14 20:33:43 $
</long>
      </documentation>
      <configuration/>
      <wiring>
        <wire loc="62:/home/zly/tinyos-main/tos/chips/cc2420/receive/CC2420ReceiveC.nc">
          <from><interface-ref name="CC2420Receive" ref="0x40f16b68" scoped=""/></from>
          <to><interface-ref name="CC2420Receive" ref="0x40f10a50" scoped=""/></to>
        </wire>
        <wire loc="63:/home/zly/tinyos-main/tos/chips/cc2420/receive/CC2420ReceiveC.nc">
          <from><interface-ref name="Receive" ref="0x40f130d8" scoped=""/></from>
          <to><interface-ref name="Receive" ref="0x40f0f010" scoped=""/></to>
        </wire>
        <wire loc="64:/home/zly/tinyos-main/tos/chips/cc2420/receive/CC2420ReceiveC.nc">
          <from><interface-ref name="PacketIndicator" ref="0x40f13570" scoped=""/></from>
          <to><interface-ref name="PacketIndicator" ref="0x40f0f4a8" scoped=""/></to>
        </wire>
        <wire loc="61:/home/zly/tinyos-main/tos/chips/cc2420/receive/CC2420ReceiveC.nc">
          <from><interface-ref name="StdControl" ref="0x40f166c8" scoped=""/></from>
          <to><interface-ref name="StdControl" ref="0x40f105b0" scoped=""/></to>
        </wire>
        <wire loc="59:/home/zly/tinyos-main/tos/chips/cc2420/receive/CC2420ReceiveC.nc">
          <from><interface-ref name="Leds" ref="0x40f3a598" scoped=""/></from>
          <to><interface-ref name="Leds" ref="0x40d05b58" scoped=""/></to>
        </wire>
        <wire loc="66:/home/zly/tinyos-main/tos/chips/cc2420/receive/CC2420ReceiveC.nc">
          <from><interface-ref name="SoftwareInit" ref="0x40610df0" scoped=""/></from>
          <to><interface-ref name="Init" ref="0x40f10210" scoped=""/></to>
        </wire>
        <wire loc="68:/home/zly/tinyos-main/tos/chips/cc2420/receive/CC2420ReceiveC.nc">
          <from><interface-ref name="CSN" ref="0x40f0f880" scoped=""/></from>
          <to><interface-ref name="CSN" ref="0x4098f830" scoped=""/></to>
        </wire>
        <wire loc="69:/home/zly/tinyos-main/tos/chips/cc2420/receive/CC2420ReceiveC.nc">
          <from><interface-ref name="FIFO" ref="0x40f44300" scoped=""/></from>
          <to><interface-ref name="FIFO" ref="0x4098e300" scoped=""/></to>
        </wire>
        <wire loc="70:/home/zly/tinyos-main/tos/chips/cc2420/receive/CC2420ReceiveC.nc">
          <from><interface-ref name="FIFOP" ref="0x40f44d10" scoped=""/></from>
          <to><interface-ref name="FIFOP" ref="0x4098ed10" scoped=""/></to>
        </wire>
        <wire loc="71:/home/zly/tinyos-main/tos/chips/cc2420/receive/CC2420ReceiveC.nc">
          <from><interface-ref name="InterruptFIFOP" ref="0x40f437e8" scoped=""/></from>
          <to><interface-ref name="InterruptFIFOP" ref="0x40ada618" scoped=""/></to>
        </wire>
        <wire loc="72:/home/zly/tinyos-main/tos/chips/cc2420/receive/CC2420ReceiveC.nc">
          <from><interface-ref name="SpiResource" ref="0x40f43ea8" scoped=""/></from>
          <to><interface-ref name="Resource" ref="0x40f69ed0" scoped=""/></to>
        </wire>
        <wire loc="73:/home/zly/tinyos-main/tos/chips/cc2420/receive/CC2420ReceiveC.nc">
          <from><interface-ref name="RXFIFO" ref="0x40f42668" scoped=""/></from>
          <to><interface-ref name="RXFIFO" ref="0x40fb95c8" scoped=""/></to>
        </wire>
        <wire loc="74:/home/zly/tinyos-main/tos/chips/cc2420/receive/CC2420ReceiveC.nc">
          <from><interface-ref name="SFLUSHRX" ref="0x40f41268" scoped=""/></from>
          <to><interface-ref name="SFLUSHRX" ref="0x40fc55b8" scoped=""/></to>
        </wire>
        <wire loc="75:/home/zly/tinyos-main/tos/chips/cc2420/receive/CC2420ReceiveC.nc">
          <from><interface-ref name="SACK" ref="0x40f42df0" scoped=""/></from>
          <to><interface-ref name="SACK" ref="0x40fc5c68" scoped=""/></to>
        </wire>
        <wire loc="76:/home/zly/tinyos-main/tos/chips/cc2420/receive/CC2420ReceiveC.nc">
          <from><interface-ref name="CC2420Packet" ref="0x40f416a0" scoped=""/></from>
          <to><interface-ref name="CC2420Packet" ref="0x40f6bb88" scoped=""/></to>
        </wire>
        <wire loc="77:/home/zly/tinyos-main/tos/chips/cc2420/receive/CC2420ReceiveC.nc">
          <from><interface-ref name="CC2420PacketBody" ref="0x40f41ee0" scoped=""/></from>
          <to><interface-ref name="CC2420PacketBody" ref="0x40f689c8" scoped=""/></to>
        </wire>
        <wire loc="78:/home/zly/tinyos-main/tos/chips/cc2420/receive/CC2420ReceiveC.nc">
          <from><interface-ref name="PacketTimeStamp" ref="0x40f3e6e0" scoped=""/></from>
          <to><interface-ref name="PacketTimeStamp32khz" ref="0x40f67668" scoped=""/></to>
        </wire>
        <wire loc="79:/home/zly/tinyos-main/tos/chips/cc2420/receive/CC2420ReceiveC.nc">
          <from><interface-ref name="CC2420Config" ref="0x40f3f480" scoped=""/></from>
          <to><interface-ref name="CC2420Config" ref="0x4090fed0" scoped=""/></to>
        </wire>
        <wire loc="81:/home/zly/tinyos-main/tos/chips/cc2420/receive/CC2420ReceiveC.nc">
          <from><interface-ref name="SECCTRL0" ref="0x40f3c2b8" scoped=""/></from>
          <to><interface-ref name="SECCTRL0" ref="0x40fc15c8" scoped=""/></to>
        </wire>
        <wire loc="82:/home/zly/tinyos-main/tos/chips/cc2420/receive/CC2420ReceiveC.nc">
          <from><interface-ref name="SECCTRL1" ref="0x40f3c7d8" scoped=""/></from>
          <to><interface-ref name="SECCTRL1" ref="0x40fc1a00" scoped=""/></to>
        </wire>
        <wire loc="83:/home/zly/tinyos-main/tos/chips/cc2420/receive/CC2420ReceiveC.nc">
          <from><interface-ref name="SRXDEC" ref="0x40f3de50" scoped=""/></from>
          <to><interface-ref name="SRXDEC" ref="0x40fc43d8" scoped=""/></to>
        </wire>
        <wire loc="84:/home/zly/tinyos-main/tos/chips/cc2420/receive/CC2420ReceiveC.nc">
          <from><interface-ref name="RXNONCE" ref="0x40f3b700" scoped=""/></from>
          <to><interface-ref name="RXNONCE" ref="0x40fb9190" scoped=""/></to>
        </wire>
        <wire loc="85:/home/zly/tinyos-main/tos/chips/cc2420/receive/CC2420ReceiveC.nc">
          <from><interface-ref name="KEY0" ref="0x40f3cca0" scoped=""/></from>
          <to><interface-ref name="KEY0" ref="0x40fbb010" scoped=""/></to>
        </wire>
        <wire loc="86:/home/zly/tinyos-main/tos/chips/cc2420/receive/CC2420ReceiveC.nc">
          <from><interface-ref name="KEY1" ref="0x40f3b220" scoped=""/></from>
          <to><interface-ref name="KEY1" ref="0x40fbb448" scoped=""/></to>
        </wire>
        <wire loc="87:/home/zly/tinyos-main/tos/chips/cc2420/receive/CC2420ReceiveC.nc">
          <from><interface-ref name="RXFIFO_RAM" ref="0x40f3bc00" scoped=""/></from>
          <to><interface-ref name="RXFIFO_RAM" ref="0x40fbcb20" scoped=""/></to>
        </wire>
        <wire loc="88:/home/zly/tinyos-main/tos/chips/cc2420/receive/CC2420ReceiveC.nc">
          <from><interface-ref name="SNOP" ref="0x40f3a130" scoped=""/></from>
          <to><interface-ref name="SNOP" ref="0x40fc8ab8" scoped=""/></to>
        </wire>
      </wiring>
    </component><component loc="41:/home/zly/tinyos-main/tos/chips/cc2420/transmit/CC2420TransmitC.nc" nicename="tos.chips.cc2420.transmit.CC2420TransmitC" qname="CC2420TransmitC">
      <documentation loc="32:/home/zly/tinyos-main/tos/chips/cc2420/transmit/CC2420TransmitC.nc">
        <short>
 Implementation of the transmit path for the ChipCon CC2420 radio.</short>
        <long>
 Implementation of the transmit path for the ChipCon CC2420 radio.

 @author Jonathan Hui &lt;jhui@archrock.com&gt;
 @version $Revision: 1.3 $ $Date: 2009-08-14 20:33:43 $
</long>
      </documentation>
      <configuration/>
      <wiring>
        <wire loc="57:/home/zly/tinyos-main/tos/chips/cc2420/transmit/CC2420TransmitC.nc">
          <from><interface-ref name="RadioBackoff" ref="0x40e97808" scoped=""/></from>
          <to><interface-ref name="RadioBackoff" ref="0x40e8e2d0" scoped=""/></to>
        </wire>
        <wire loc="58:/home/zly/tinyos-main/tos/chips/cc2420/transmit/CC2420TransmitC.nc">
          <from><interface-ref name="EnergyIndicator" ref="0x40e968e0" scoped=""/></from>
          <to><interface-ref name="EnergyIndicator" ref="0x40e8ebc8" scoped=""/></to>
        </wire>
        <wire loc="56:/home/zly/tinyos-main/tos/chips/cc2420/transmit/CC2420TransmitC.nc">
          <from><interface-ref name="CC2420Transmit" ref="0x40e970f0" scoped=""/></from>
          <to><interface-ref name="Send" ref="0x40e8fad8" scoped=""/></to>
        </wire>
        <wire loc="55:/home/zly/tinyos-main/tos/chips/cc2420/transmit/CC2420TransmitC.nc">
          <from><interface-ref name="StdControl" ref="0x40e9ac10" scoped=""/></from>
          <to><interface-ref name="StdControl" ref="0x40e8f5e0" scoped=""/></to>
        </wire>
        <wire loc="59:/home/zly/tinyos-main/tos/chips/cc2420/transmit/CC2420TransmitC.nc">
          <from><interface-ref name="ByteIndicator" ref="0x40e96d48" scoped=""/></from>
          <to><interface-ref name="ByteIndicator" ref="0x40e8d0b8" scoped=""/></to>
        </wire>
        <wire loc="63:/home/zly/tinyos-main/tos/chips/cc2420/transmit/CC2420TransmitC.nc">
          <from><interface-ref name="SoftwareInit" ref="0x40610df0" scoped=""/></from>
          <to><interface-ref name="Init" ref="0x40978ae8" scoped=""/></to>
        </wire>
        <wire loc="62:/home/zly/tinyos-main/tos/chips/cc2420/transmit/CC2420TransmitC.nc">
          <from><interface-ref name="SoftwareInit" ref="0x40610df0" scoped=""/></from>
          <to><interface-ref name="Init" ref="0x40e8f240" scoped=""/></to>
        </wire>
        <wire loc="66:/home/zly/tinyos-main/tos/chips/cc2420/transmit/CC2420TransmitC.nc">
          <from><interface-ref name="BackoffTimer" ref="0x40e8d680" scoped=""/></from>
          <to><interface-ref name="Alarm32khz32" ref="0x409750e0" scoped=""/></to>
        </wire>
        <wire loc="69:/home/zly/tinyos-main/tos/chips/cc2420/transmit/CC2420TransmitC.nc">
          <from><interface-ref name="CCA" ref="0x40ebad58" scoped=""/></from>
          <to><interface-ref name="CCA" ref="0x40977da8" scoped=""/></to>
        </wire>
        <wire loc="70:/home/zly/tinyos-main/tos/chips/cc2420/transmit/CC2420TransmitC.nc">
          <from><interface-ref name="CSN" ref="0x40eb9830" scoped=""/></from>
          <to><interface-ref name="CSN" ref="0x4098f830" scoped=""/></to>
        </wire>
        <wire loc="71:/home/zly/tinyos-main/tos/chips/cc2420/transmit/CC2420TransmitC.nc">
          <from><interface-ref name="SFD" ref="0x40eb52f0" scoped=""/></from>
          <to><interface-ref name="SFD" ref="0x409ac210" scoped=""/></to>
        </wire>
        <wire loc="74:/home/zly/tinyos-main/tos/chips/cc2420/transmit/CC2420TransmitC.nc">
          <from><interface-ref name="CaptureSFD" ref="0x40eba6e0" scoped=""/></from>
          <to><interface-ref name="CaptureSFD" ref="0x40ad87f0" scoped=""/></to>
        </wire>
        <wire loc="77:/home/zly/tinyos-main/tos/chips/cc2420/transmit/CC2420TransmitC.nc">
          <from><interface-ref name="SpiResource" ref="0x40eb5d30" scoped=""/></from>
          <to><interface-ref name="Resource" ref="0x40ef77b0" scoped=""/></to>
        </wire>
        <wire loc="78:/home/zly/tinyos-main/tos/chips/cc2420/transmit/CC2420TransmitC.nc">
          <from><interface-ref name="ChipSpiResource" ref="0x40eb44a8" scoped=""/></from>
          <to><interface-ref name="ChipSpiResource" ref="0x40ef7e68" scoped=""/></to>
        </wire>
        <wire loc="79:/home/zly/tinyos-main/tos/chips/cc2420/transmit/CC2420TransmitC.nc">
          <from><interface-ref name="SNOP" ref="0x40eb3c48" scoped=""/></from>
          <to><interface-ref name="SNOP" ref="0x40ef5390" scoped=""/></to>
        </wire>
        <wire loc="80:/home/zly/tinyos-main/tos/chips/cc2420/transmit/CC2420TransmitC.nc">
          <from><interface-ref name="STXON" ref="0x40eb2098" scoped=""/></from>
          <to><interface-ref name="STXON" ref="0x40f29190" scoped=""/></to>
        </wire>
        <wire loc="81:/home/zly/tinyos-main/tos/chips/cc2420/transmit/CC2420TransmitC.nc">
          <from><interface-ref name="STXONCCA" ref="0x40eb24c8" scoped=""/></from>
          <to><interface-ref name="STXONCCA" ref="0x40f294e8" scoped=""/></to>
        </wire>
        <wire loc="82:/home/zly/tinyos-main/tos/chips/cc2420/transmit/CC2420TransmitC.nc">
          <from><interface-ref name="SFLUSHTX" ref="0x40eb28f8" scoped=""/></from>
          <to><interface-ref name="SFLUSHTX" ref="0x40f28260" scoped=""/></to>
        </wire>
        <wire loc="83:/home/zly/tinyos-main/tos/chips/cc2420/transmit/CC2420TransmitC.nc">
          <from><interface-ref name="TXCTRL" ref="0x40eb3760" scoped=""/></from>
          <to><interface-ref name="TXCTRL" ref="0x40f26cb8" scoped=""/></to>
        </wire>
        <wire loc="84:/home/zly/tinyos-main/tos/chips/cc2420/transmit/CC2420TransmitC.nc">
          <from><interface-ref name="TXFIFO" ref="0x40eb4a68" scoped=""/></from>
          <to><interface-ref name="TXFIFO" ref="0x40f1c8e8" scoped=""/></to>
        </wire>
        <wire loc="85:/home/zly/tinyos-main/tos/chips/cc2420/transmit/CC2420TransmitC.nc">
          <from><interface-ref name="TXFIFO_RAM" ref="0x40eb3258" scoped=""/></from>
          <to><interface-ref name="TXFIFO_RAM" ref="0x40f1e190" scoped=""/></to>
        </wire>
        <wire loc="86:/home/zly/tinyos-main/tos/chips/cc2420/transmit/CC2420TransmitC.nc">
          <from><interface-ref name="MDMCTRL1" ref="0x40eb2d38" scoped=""/></from>
          <to><interface-ref name="MDMCTRL1" ref="0x40f26010" scoped=""/></to>
        </wire>
        <wire loc="87:/home/zly/tinyos-main/tos/chips/cc2420/transmit/CC2420TransmitC.nc">
          <from><interface-ref name="SECCTRL0" ref="0x40eb17b0" scoped=""/></from>
          <to><interface-ref name="SECCTRL0" ref="0x40f23010" scoped=""/></to>
        </wire>
        <wire loc="88:/home/zly/tinyos-main/tos/chips/cc2420/transmit/CC2420TransmitC.nc">
          <from><interface-ref name="SECCTRL1" ref="0x40eb1cd0" scoped=""/></from>
          <to><interface-ref name="SECCTRL1" ref="0x40f23448" scoped=""/></to>
        </wire>
        <wire loc="89:/home/zly/tinyos-main/tos/chips/cc2420/transmit/CC2420TransmitC.nc">
          <from><interface-ref name="STXENC" ref="0x40eb1370" scoped=""/></from>
          <to><interface-ref name="STXENC" ref="0x40f27080" scoped=""/></to>
        </wire>
        <wire loc="90:/home/zly/tinyos-main/tos/chips/cc2420/transmit/CC2420TransmitC.nc">
          <from><interface-ref name="TXNONCE" ref="0x40eb0bc8" scoped=""/></from>
          <to><interface-ref name="TXNONCE" ref="0x40f1d6e8" scoped=""/></to>
        </wire>
        <wire loc="91:/home/zly/tinyos-main/tos/chips/cc2420/transmit/CC2420TransmitC.nc">
          <from><interface-ref name="KEY0" ref="0x40eb0220" scoped=""/></from>
          <to><interface-ref name="KEY0" ref="0x40f1ea00" scoped=""/></to>
        </wire>
        <wire loc="92:/home/zly/tinyos-main/tos/chips/cc2420/transmit/CC2420TransmitC.nc">
          <from><interface-ref name="KEY1" ref="0x40eb06e8" scoped=""/></from>
          <to><interface-ref name="KEY1" ref="0x40f1ee38" scoped=""/></to>
        </wire>
        <wire loc="95:/home/zly/tinyos-main/tos/chips/cc2420/transmit/CC2420TransmitC.nc">
          <from><interface-ref name="CC2420Receive" ref="0x40eab970" scoped=""/></from>
          <to><interface-ref name="CC2420Receive" ref="0x40f16b68" scoped=""/></to>
        </wire>
        <wire loc="98:/home/zly/tinyos-main/tos/chips/cc2420/transmit/CC2420TransmitC.nc">
          <from><interface-ref name="CC2420Packet" ref="0x40ebe0e0" scoped=""/></from>
          <to><interface-ref name="CC2420Packet" ref="0x40f6bb88" scoped=""/></to>
        </wire>
        <wire loc="99:/home/zly/tinyos-main/tos/chips/cc2420/transmit/CC2420TransmitC.nc">
          <from><interface-ref name="CC2420PacketBody" ref="0x40ebe920" scoped=""/></from>
          <to><interface-ref name="CC2420PacketBody" ref="0x40f689c8" scoped=""/></to>
        </wire>
        <wire loc="100:/home/zly/tinyos-main/tos/chips/cc2420/transmit/CC2420TransmitC.nc">
          <from><interface-ref name="PacketTimeStamp" ref="0x40ebd088" scoped=""/></from>
          <to><interface-ref name="PacketTimeStamp32khz" ref="0x40f67668" scoped=""/></to>
        </wire>
        <wire loc="101:/home/zly/tinyos-main/tos/chips/cc2420/transmit/CC2420TransmitC.nc">
          <from><interface-ref name="PacketTimeSyncOffset" ref="0x40eba010" scoped=""/></from>
          <to><interface-ref name="PacketTimeSyncOffset" ref="0x40f63888" scoped=""/></to>
        </wire>
        <wire loc="104:/home/zly/tinyos-main/tos/chips/cc2420/transmit/CC2420TransmitC.nc">
          <from><interface-ref name="Leds" ref="0x40eabe98" scoped=""/></from>
          <to><interface-ref name="Leds" ref="0x40d05b58" scoped=""/></to>
        </wire>
      </wiring>
    </component><component loc="38:/home/zly/tinyos-main/tos/chips/cc2420/packet/CC2420PacketC.nc" nicename="tos.chips.cc2420.packet.CC2420PacketC" qname="CC2420PacketC">
      <documentation loc="32:/home/zly/tinyos-main/tos/chips/cc2420/packet/CC2420PacketC.nc">
        <short>
 </short>
        <long>
 @author Jonathan Hui &lt;jhui@archrock.com&gt;
 @author David Moss
 @author Chad Metcalf
</long>
      </documentation>
      <configuration/>
      <wiring>
        <wire loc="58:/home/zly/tinyos-main/tos/chips/cc2420/packet/CC2420PacketC.nc">
          <from><interface-ref name="LinkPacketMetadata" ref="0x40f67010" scoped=""/></from>
          <to><interface-ref name="LinkPacketMetadata" ref="0x40f94a40" scoped=""/></to>
        </wire>
        <wire loc="55:/home/zly/tinyos-main/tos/chips/cc2420/packet/CC2420PacketC.nc">
          <from><interface-ref name="CC2420Packet" ref="0x40f6bb88" scoped=""/></from>
          <to><interface-ref name="CC2420Packet" ref="0x40f61668" scoped=""/></to>
        </wire>
        <wire loc="59:/home/zly/tinyos-main/tos/chips/cc2420/packet/CC2420PacketC.nc">
          <from><interface-ref name="PacketTimeStamp32khz" ref="0x40f67668" scoped=""/></from>
          <to><interface-ref name="PacketTimeStamp32khz" ref="0x40f93100" scoped=""/></to>
        </wire>
        <wire loc="57:/home/zly/tinyos-main/tos/chips/cc2420/packet/CC2420PacketC.nc">
          <from><interface-ref name="CC2420PacketBody" ref="0x40f689c8" scoped=""/></from>
          <to><interface-ref name="CC2420PacketBody" ref="0x40f944b0" scoped=""/></to>
        </wire>
        <wire loc="61:/home/zly/tinyos-main/tos/chips/cc2420/packet/CC2420PacketC.nc">
          <from><interface-ref name="PacketTimeSyncOffset" ref="0x40f63888" scoped=""/></from>
          <to><interface-ref name="PacketTimeSyncOffset" ref="0x40f8f308" scoped=""/></to>
        </wire>
        <wire loc="60:/home/zly/tinyos-main/tos/chips/cc2420/packet/CC2420PacketC.nc">
          <from><interface-ref name="PacketTimeStampMilli" ref="0x40f64100" scoped=""/></from>
          <to><interface-ref name="PacketTimeStampMilli" ref="0x40f92af8" scoped=""/></to>
        </wire>
        <wire loc="56:/home/zly/tinyos-main/tos/chips/cc2420/packet/CC2420PacketC.nc">
          <from><interface-ref name="Acks" ref="0x40f68448" scoped=""/></from>
          <to><interface-ref name="Acks" ref="0x40f61f10" scoped=""/></to>
        </wire>
        <wire loc="64:/home/zly/tinyos-main/tos/chips/cc2420/packet/CC2420PacketC.nc">
          <from><interface-ref name="Counter" ref="0x40f96010" scoped=""/></from>
          <to><interface-ref name="Counter" ref="0x409858f0" scoped=""/></to>
        </wire>
        <wire loc="65:/home/zly/tinyos-main/tos/chips/cc2420/packet/CC2420PacketC.nc">
          <from><interface-ref name="LocalTime32khz" ref="0x40f8e1e0" scoped=""/></from>
          <to><interface-ref name="LocalTime" ref="0x40f975d8" scoped=""/></to>
        </wire>
        <wire loc="69:/home/zly/tinyos-main/tos/chips/cc2420/packet/CC2420PacketC.nc">
          <from><interface-ref name="LocalTimeMilli" ref="0x40f8ec38" scoped=""/></from>
          <to><interface-ref name="LocalTime" ref="0x407864d8" scoped=""/></to>
        </wire>
      </wiring>
    </component><component loc="65(CC2420CsmaC.StateC):/home/zly/tinyos-main/tos/system/StateC.nc" nicename="tos.system.StateC" qname="CC2420CsmaC.StateC">
      <documentation loc="32:/home/zly/tinyos-main/tos/types/State.h">
        <short>
 </short>
        <long>
 @author David Moss
</long>
      </documentation>
      <instance number="1">
        <component-ref nicename="tos.system.StateC" qname="StateC"/>
      </instance>
      <configuration/>
      <wiring>
        <wire loc="74:/home/zly/tinyos-main/tos/system/StateC.nc">
          <from><interface-ref name="State" ref="0x40fdd608" scoped=""/></from>
          <to><interface-ref name="State" ref="0x40be4100" scoped=""/>
          <arguments>
            <value cst="I:1">
              <type-int alignment="I:2" cname="unsigned int" size="I:2" unsigned=""/>
            </value>
          </arguments>
          </to>
        </wire>
      </wiring>
    </component><component loc="37:/home/zly/tinyos-main/tos/chips/cc2420/csma/CC2420CsmaP.nc" nicename="tos.chips.cc2420.csma.CC2420CsmaP" qname="CC2420CsmaP" safe="">
      <documentation loc="32:/home/zly/tinyos-main/tos/chips/cc2420/csma/CC2420CsmaP.nc">
        <short>
 </short>
        <long>
 @author Jonathan Hui &lt;jhui@archrock.com&gt;
 @version $Revision: 1.12 $ $Date: 2009/09/17 23:36:36 $
</long>
      </documentation>
      <module/>
    </component><component loc="42:/home/zly/tinyos-main/tos/chips/cc2420/control/CC2420ControlC.nc" nicename="tos.chips.cc2420.control.CC2420ControlC" qname="CC2420ControlC">
      <documentation loc="32:/home/zly/tinyos-main/tos/chips/cc2420/control/CC2420ControlC.nc">
        <short>
 Implementation for configuring a ChipCon CC2420 radio.</short>
        <long>
 Implementation for configuring a ChipCon CC2420 radio.

 @author Jonathan Hui &lt;jhui@archrock.com&gt;
 @version $Revision: 1.3 $ $Date: 2008/05/14 21:33:07 $
</long>
      </documentation>
      <configuration/>
      <wiring>
        <wire loc="55:/home/zly/tinyos-main/tos/chips/cc2420/control/CC2420ControlC.nc">
          <from><interface-ref name="CC2420Config" ref="0x4090fed0" scoped=""/></from>
          <to><interface-ref name="CC2420Config" ref="0x4090ad08" scoped=""/></to>
        </wire>
        <wire loc="57:/home/zly/tinyos-main/tos/chips/cc2420/control/CC2420ControlC.nc">
          <from><interface-ref name="ReadRssi" ref="0x4090ce60" scoped=""/></from>
          <to><interface-ref name="ReadRssi" ref="0x40908920" scoped=""/></to>
        </wire>
        <wire loc="56:/home/zly/tinyos-main/tos/chips/cc2420/control/CC2420ControlC.nc">
          <from><interface-ref name="CC2420Power" ref="0x408f8010" scoped=""/></from>
          <to><interface-ref name="CC2420Power" ref="0x40909dc0" scoped=""/></to>
        </wire>
        <wire loc="54:/home/zly/tinyos-main/tos/chips/cc2420/control/CC2420ControlC.nc">
          <from><interface-ref name="Resource" ref="0x408fef08" scoped=""/></from>
          <to><interface-ref name="Resource" ref="0x4090a5d0" scoped=""/></to>
        </wire>
        <wire loc="60:/home/zly/tinyos-main/tos/chips/cc2420/control/CC2420ControlC.nc">
          <from><interface-ref name="SoftwareInit" ref="0x40610df0" scoped=""/></from>
          <to><interface-ref name="Init" ref="0x4090a240" scoped=""/></to>
        </wire>
        <wire loc="63:/home/zly/tinyos-main/tos/chips/cc2420/control/CC2420ControlC.nc">
          <from><interface-ref name="StartupTimer" ref="0x40905400" scoped=""/></from>
          <to><interface-ref name="Alarm32khz32" ref="0x409750e0" scoped=""/></to>
        </wire>
        <wire loc="66:/home/zly/tinyos-main/tos/chips/cc2420/control/CC2420ControlC.nc">
          <from><interface-ref name="CSN" ref="0x4091cf18" scoped=""/></from>
          <to><interface-ref name="CSN" ref="0x4098f830" scoped=""/></to>
        </wire>
        <wire loc="67:/home/zly/tinyos-main/tos/chips/cc2420/control/CC2420ControlC.nc">
          <from><interface-ref name="RSTN" ref="0x40921938" scoped=""/></from>
          <to><interface-ref name="RSTN" ref="0x4098d760" scoped=""/></to>
        </wire>
        <wire loc="68:/home/zly/tinyos-main/tos/chips/cc2420/control/CC2420ControlC.nc">
          <from><interface-ref name="VREN" ref="0x4091f3e0" scoped=""/></from>
          <to><interface-ref name="VREN" ref="0x409acc18" scoped=""/></to>
        </wire>
        <wire loc="71:/home/zly/tinyos-main/tos/chips/cc2420/control/CC2420ControlC.nc">
          <from><interface-ref name="InterruptCCA" ref="0x409184f0" scoped=""/></from>
          <to><interface-ref name="InterruptCCA" ref="0x40ad8ef0" scoped=""/></to>
        </wire>
        <wire loc="74:/home/zly/tinyos-main/tos/chips/cc2420/control/CC2420ControlC.nc">
          <from><interface-ref name="SpiResource" ref="0x4092cca0" scoped=""/></from>
          <to><interface-ref name="Resource" ref="0x40e011f0" scoped=""/></to>
        </wire>
        <wire loc="75:/home/zly/tinyos-main/tos/chips/cc2420/control/CC2420ControlC.nc">
          <from><interface-ref name="SRXON" ref="0x4092daf8" scoped=""/></from>
          <to><interface-ref name="SRXON" ref="0x40e00840" scoped=""/></to>
        </wire>
        <wire loc="76:/home/zly/tinyos-main/tos/chips/cc2420/control/CC2420ControlC.nc">
          <from><interface-ref name="SRFOFF" ref="0x4092df10" scoped=""/></from>
          <to><interface-ref name="SRFOFF" ref="0x40dfe260" scoped=""/></to>
        </wire>
        <wire loc="77:/home/zly/tinyos-main/tos/chips/cc2420/control/CC2420ControlC.nc">
          <from><interface-ref name="SXOSCON" ref="0x4092c880" scoped=""/></from>
          <to><interface-ref name="SXOSCON" ref="0x40e00190" scoped=""/></to>
        </wire>
        <wire loc="78:/home/zly/tinyos-main/tos/chips/cc2420/control/CC2420ControlC.nc">
          <from><interface-ref name="SXOSCOFF" ref="0x4092c360" scoped=""/></from>
          <to><interface-ref name="SXOSCOFF" ref="0x40dfe5b8" scoped=""/></to>
        </wire>
        <wire loc="79:/home/zly/tinyos-main/tos/chips/cc2420/control/CC2420ControlC.nc">
          <from><interface-ref name="FSCTRL" ref="0x4092f820" scoped=""/></from>
          <to><interface-ref name="FSCTRL" ref="0x40dfa548" scoped=""/></to>
        </wire>
        <wire loc="80:/home/zly/tinyos-main/tos/chips/cc2420/control/CC2420ControlC.nc">
          <from><interface-ref name="IOCFG0" ref="0x4092fd28" scoped=""/></from>
          <to><interface-ref name="IOCFG0" ref="0x40df86a8" scoped=""/></to>
        </wire>
        <wire loc="81:/home/zly/tinyos-main/tos/chips/cc2420/control/CC2420ControlC.nc">
          <from><interface-ref name="IOCFG1" ref="0x4091a260" scoped=""/></from>
          <to><interface-ref name="IOCFG1" ref="0x40df8ae0" scoped=""/></to>
        </wire>
        <wire loc="82:/home/zly/tinyos-main/tos/chips/cc2420/control/CC2420ControlC.nc">
          <from><interface-ref name="MDMCTRL0" ref="0x4091a780" scoped=""/></from>
          <to><interface-ref name="MDMCTRL0" ref="0x40dfc5c8" scoped=""/></to>
        </wire>
        <wire loc="83:/home/zly/tinyos-main/tos/chips/cc2420/control/CC2420ControlC.nc">
          <from><interface-ref name="MDMCTRL1" ref="0x4091aca0" scoped=""/></from>
          <to><interface-ref name="MDMCTRL1" ref="0x40dfca00" scoped=""/></to>
        </wire>
        <wire loc="84:/home/zly/tinyos-main/tos/chips/cc2420/control/CC2420ControlC.nc">
          <from><interface-ref name="PANID" ref="0x4091b0b8" scoped=""/></from>
          <to><interface-ref name="PANID" ref="0x40e26190" scoped=""/></to>
        </wire>
        <wire loc="85:/home/zly/tinyos-main/tos/chips/cc2420/control/CC2420ControlC.nc">
          <from><interface-ref name="IEEEADR" ref="0x40931b50" scoped=""/></from>
          <to><interface-ref name="IEEEADR" ref="0x40e27cd8" scoped=""/></to>
        </wire>
        <wire loc="86:/home/zly/tinyos-main/tos/chips/cc2420/control/CC2420ControlC.nc">
          <from><interface-ref name="RXCTRL1" ref="0x40930268" scoped=""/></from>
          <to><interface-ref name="RXCTRL1" ref="0x40dfa010" scoped=""/></to>
        </wire>
        <wire loc="87:/home/zly/tinyos-main/tos/chips/cc2420/control/CC2420ControlC.nc">
          <from><interface-ref name="RSSI" ref="0x40930760" scoped=""/></from>
          <to><interface-ref name="RSSI" ref="0x40dfce38" scoped=""/></to>
        </wire>
        <wire loc="88:/home/zly/tinyos-main/tos/chips/cc2420/control/CC2420ControlC.nc">
          <from><interface-ref name="TXCTRL" ref="0x40930c68" scoped=""/></from>
          <to><interface-ref name="TXCTRL" ref="0x40dfb6e8" scoped=""/></to>
        </wire>
        <wire loc="91:/home/zly/tinyos-main/tos/chips/cc2420/control/CC2420ControlC.nc">
          <from><interface-ref name="SyncResource" ref="0x4092bcb8" scoped=""/></from>
          <to><interface-ref name="Resource" ref="0x40e1dc80" scoped=""/></to>
        </wire>
        <wire loc="94:/home/zly/tinyos-main/tos/chips/cc2420/control/CC2420ControlC.nc">
          <from><interface-ref name="RssiResource" ref="0x4092b508" scoped=""/></from>
          <to><interface-ref name="Resource" ref="0x40e3c518" scoped=""/></to>
        </wire>
        <wire loc="97:/home/zly/tinyos-main/tos/chips/cc2420/control/CC2420ControlC.nc">
          <from><interface-ref name="ActiveMessageAddress" ref="0x40915480" scoped=""/></from>
          <to><interface-ref name="ActiveMessageAddress" ref="0x40e29ea8" scoped=""/></to>
        </wire>
        <wire loc="100:/home/zly/tinyos-main/tos/chips/cc2420/control/CC2420ControlC.nc">
          <from><interface-ref name="LocalIeeeEui64" ref="0x40906dc8" scoped=""/></from>
          <to><interface-ref name="LocalIeeeEui64" ref="0x40e5a750" scoped=""/></to>
        </wire>
      </wiring>
    </component></referenced></component>