<?xml version="1.0" ?><component loc="40:/home/zly/tinyos-main/tos/platforms/telosa/PlatformLedsC.nc" nicename="tos.platforms.telosa.PlatformLedsC" qname="PlatformLedsC">
      <documentation loc="34:/home/zly/tinyos-main/tos/platforms/telosa/PlatformLedsC.nc">
        <short>
 </short>
        <long>
 @author Joe Polastre
 @version $Revision: 1.5 $ $Date: 2010-06-29 22:07:55 $
</long>
      </documentation>
      <configuration/>
      <wiring>
        <wire loc="58:/home/zly/tinyos-main/tos/platforms/telosa/PlatformLedsC.nc">
          <from><interface-ref name="Led0" ref="0x40d01c38" scoped=""/></from>
          <to><interface-ref name="GeneralIO" ref="0x40d187c8" scoped=""/></to>
        </wire>
        <wire loc="61:/home/zly/tinyos-main/tos/platforms/telosa/PlatformLedsC.nc">
          <from><interface-ref name="Led1" ref="0x40d1a680" scoped=""/></from>
          <to><interface-ref name="GeneralIO" ref="0x40d15060" scoped=""/></to>
        </wire>
        <wire loc="64:/home/zly/tinyos-main/tos/platforms/telosa/PlatformLedsC.nc">
          <from><interface-ref name="Led2" ref="0x40d190b0" scoped=""/></from>
          <to><interface-ref name="GeneralIO" ref="0x40d138b0" scoped=""/></to>
        </wire>
        <wire loc="56:/home/zly/tinyos-main/tos/platforms/telosa/PlatformLedsC.nc">
          <from><interface-ref name="LedsInit" ref="0x4061ecb8" scoped=""/></from>
          <to><interface-ref name="Init" ref="0x40d19a38" scoped=""/></to>
        </wire>
        <wire loc="59:/home/zly/tinyos-main/tos/platforms/telosa/PlatformLedsC.nc">
          <from><interface-ref name="HplGeneralIO" ref="0x40d17190" scoped=""/></from>
          <to><interface-ref name="Port54" ref="0x409da4c8" scoped=""/></to>
        </wire>
        <wire loc="62:/home/zly/tinyos-main/tos/platforms/telosa/PlatformLedsC.nc">
          <from><interface-ref name="HplGeneralIO" ref="0x40d159d8" scoped=""/></from>
          <to><interface-ref name="Port55" ref="0x409d9688" scoped=""/></to>
        </wire>
        <wire loc="65:/home/zly/tinyos-main/tos/platforms/telosa/PlatformLedsC.nc">
          <from><interface-ref name="HplGeneralIO" ref="0x40d12270" scoped=""/></from>
          <to><interface-ref name="Port56" ref="0x409d8848" scoped=""/></to>
        </wire>
      </wiring>
    <specification><interface loc="41:/home/zly/tinyos-main/tos/platforms/telosa/PlatformLedsC.nc" name="Led0" provided="1" ref="0x40d01c38">
      <component-ref nicename="tos.platforms.telosa.PlatformLedsC" qname="PlatformLedsC"/>
      <type-interface alignment="I:2" size="I:2"><interface-ref name="Led0" ref="0x40d01c38" scoped=""/></type-interface>
      <instance>
        <interfacedef-ref nicename="tos.interfaces.GeneralIO" qname="GeneralIO"/>
      </instance>
      <interface-functions>
        <function-ref name="makeInput" ref="0x40d01e10" scoped=""/>
        <function-ref name="isInput" ref="0x40d01ef0" scoped=""/>
        <function-ref name="toggle" ref="0x40d1a010" scoped=""/>
        <function-ref name="isOutput" ref="0x40d1a0f0" scoped=""/>
        <function-ref name="get" ref="0x40d1a1d0" scoped=""/>
        <function-ref name="makeOutput" ref="0x40d1a2b0" scoped=""/>
        <function-ref name="set" ref="0x40d1a390" scoped=""/>
        <function-ref name="clr" ref="0x40d1a470" scoped=""/>
      </interface-functions>
    </interface><interface loc="42:/home/zly/tinyos-main/tos/platforms/telosa/PlatformLedsC.nc" name="Led1" provided="1" ref="0x40d1a680">
      <component-ref nicename="tos.platforms.telosa.PlatformLedsC" qname="PlatformLedsC"/>
      <type-interface alignment="I:2" size="I:2"><interface-ref name="Led1" ref="0x40d1a680" scoped=""/></type-interface>
      <instance>
        <interfacedef-ref nicename="tos.interfaces.GeneralIO" qname="GeneralIO"/>
      </instance>
      <interface-functions>
        <function-ref name="makeInput" ref="0x40d1a858" scoped=""/>
        <function-ref name="isInput" ref="0x40d1a938" scoped=""/>
        <function-ref name="toggle" ref="0x40d1aa18" scoped=""/>
        <function-ref name="isOutput" ref="0x40d1aaf8" scoped=""/>
        <function-ref name="get" ref="0x40d1abd8" scoped=""/>
        <function-ref name="makeOutput" ref="0x40d1acb8" scoped=""/>
        <function-ref name="set" ref="0x40d1ad98" scoped=""/>
        <function-ref name="clr" ref="0x40d1ae78" scoped=""/>
      </interface-functions>
    </interface><interface loc="44:/home/zly/tinyos-main/tos/platforms/telosa/PlatformLedsC.nc" name="Init" provided="0" ref="0x40d19a38">
      <component-ref nicename="tos.platforms.telosa.PlatformLedsC" qname="PlatformLedsC"/>
      <type-interface alignment="I:2" size="I:2"><interface-ref name="Init" ref="0x40d19a38" scoped=""/></type-interface>
      <instance>
        <interfacedef-ref nicename="tos.interfaces.Init" qname="Init"/>
      </instance>
      <interface-functions>
        <function-ref name="init" ref="0x40d19c10" scoped=""/>
      </interface-functions>
    </interface><interface loc="43:/home/zly/tinyos-main/tos/platforms/telosa/PlatformLedsC.nc" name="Led2" provided="1" ref="0x40d190b0">
      <component-ref nicename="tos.platforms.telosa.PlatformLedsC" qname="PlatformLedsC"/>
      <type-interface alignment="I:2" size="I:2"><interface-ref name="Led2" ref="0x40d190b0" scoped=""/></type-interface>
      <instance>
        <interfacedef-ref nicename="tos.interfaces.GeneralIO" qname="GeneralIO"/>
      </instance>
      <interface-functions>
        <function-ref name="makeInput" ref="0x40d19288" scoped=""/>
        <function-ref name="isInput" ref="0x40d19368" scoped=""/>
        <function-ref name="toggle" ref="0x40d19448" scoped=""/>
        <function-ref name="isOutput" ref="0x40d19528" scoped=""/>
        <function-ref name="get" ref="0x40d19608" scoped=""/>
        <function-ref name="makeOutput" ref="0x40d196e8" scoped=""/>
        <function-ref name="set" ref="0x40d197c8" scoped=""/>
        <function-ref name="clr" ref="0x40d198a8" scoped=""/>
      </interface-functions>
    </interface></specification><referenced><interface loc="43:/home/zly/tinyos-main/tos/chips/msp430/pins/Msp430GpioC.nc" name="GeneralIO" provided="1" ref="0x40d15060">
      <component-ref nicename="tos.chips.msp430.pins.Msp430GpioC" qname="PlatformLedsC.Led1Impl"/>
      <type-interface alignment="I:2" size="I:2"><interface-ref name="GeneralIO" ref="0x40d15060" scoped=""/></type-interface>
      <instance>
        <interfacedef-ref nicename="tos.interfaces.GeneralIO" qname="GeneralIO"/>
      </instance>
      <interface-functions>
        <function-ref name="makeInput" ref="0x40d15238" scoped=""/>
        <function-ref name="isInput" ref="0x40d15318" scoped=""/>
        <function-ref name="toggle" ref="0x40d153f8" scoped=""/>
        <function-ref name="isOutput" ref="0x40d154d8" scoped=""/>
        <function-ref name="get" ref="0x40d155b8" scoped=""/>
        <function-ref name="makeOutput" ref="0x40d15698" scoped=""/>
        <function-ref name="set" ref="0x40d15778" scoped=""/>
        <function-ref name="clr" ref="0x40d15858" scoped=""/>
      </interface-functions>
    </interface><interface loc="43:/home/zly/tinyos-main/tos/chips/msp430/pins/Msp430GpioC.nc" name="GeneralIO" provided="1" ref="0x40d187c8">
      <component-ref nicename="tos.chips.msp430.pins.Msp430GpioC" qname="PlatformLedsC.Led0Impl"/>
      <type-interface alignment="I:2" size="I:2"><interface-ref name="GeneralIO" ref="0x40d187c8" scoped=""/></type-interface>
      <instance>
        <interfacedef-ref nicename="tos.interfaces.GeneralIO" qname="GeneralIO"/>
      </instance>
      <interface-functions>
        <function-ref name="makeInput" ref="0x40d189a0" scoped=""/>
        <function-ref name="isInput" ref="0x40d18a80" scoped=""/>
        <function-ref name="toggle" ref="0x40d18b60" scoped=""/>
        <function-ref name="isOutput" ref="0x40d18c40" scoped=""/>
        <function-ref name="get" ref="0x40d18d20" scoped=""/>
        <function-ref name="makeOutput" ref="0x40d18e00" scoped=""/>
        <function-ref name="set" ref="0x40d18ee0" scoped=""/>
        <function-ref name="clr" ref="0x40d17010" scoped=""/>
      </interface-functions>
    </interface><interface loc="7:/home/zly/tinyos-main/tos/platforms/telosa/PlatformP.nc" name="LedsInit" provided="0" ref="0x4061ecb8">
      <component-ref nicename="tos.platforms.telosa.PlatformP" qname="PlatformP"/>
      <type-interface alignment="I:2" size="I:2"><interface-ref name="LedsInit" ref="0x4061ecb8" scoped=""/></type-interface>
      <instance>
        <interfacedef-ref nicename="tos.interfaces.Init" qname="Init"/>
      </instance>
      <interface-functions>
        <function-ref name="init" ref="0x4061ee90" scoped=""/>
      </interface-functions>
    </interface><interface loc="43:/home/zly/tinyos-main/tos/chips/msp430/pins/Msp430GpioC.nc" name="GeneralIO" provided="1" ref="0x40d138b0">
      <component-ref nicename="tos.chips.msp430.pins.Msp430GpioC" qname="PlatformLedsC.Led2Impl"/>
      <type-interface alignment="I:2" size="I:2"><interface-ref name="GeneralIO" ref="0x40d138b0" scoped=""/></type-interface>
      <instance>
        <interfacedef-ref nicename="tos.interfaces.GeneralIO" qname="GeneralIO"/>
      </instance>
      <interface-functions>
        <function-ref name="makeInput" ref="0x40d13a88" scoped=""/>
        <function-ref name="isInput" ref="0x40d13b68" scoped=""/>
        <function-ref name="toggle" ref="0x40d13c48" scoped=""/>
        <function-ref name="isOutput" ref="0x40d13d28" scoped=""/>
        <function-ref name="get" ref="0x40d13e08" scoped=""/>
        <function-ref name="makeOutput" ref="0x40d13ee8" scoped=""/>
        <function-ref name="set" ref="0x40d12010" scoped=""/>
        <function-ref name="clr" ref="0x40d120f0" scoped=""/>
      </interface-functions>
    </interface><interface loc="44:/home/zly/tinyos-main/tos/chips/msp430/pins/Msp430GpioC.nc" name="HplGeneralIO" provided="0" ref="0x40d12270">
      <component-ref nicename="tos.chips.msp430.pins.Msp430GpioC" qname="PlatformLedsC.Led2Impl"/>
      <type-interface alignment="I:2" size="I:2"><interface-ref name="HplGeneralIO" ref="0x40d12270" scoped=""/></type-interface>
      <instance>
        <interfacedef-ref nicename="tos.chips.msp430.pins.HplMsp430GeneralIO" qname="HplMsp430GeneralIO"/>
      </instance>
      <interface-functions>
        <function-ref name="makeInput" ref="0x40d12448" scoped=""/>
        <function-ref name="isInput" ref="0x40d12528" scoped=""/>
        <function-ref name="setResistor" ref="0x40d12608" scoped=""/>
        <function-ref name="toggle" ref="0x40d126e8" scoped=""/>
        <function-ref name="isOutput" ref="0x40d127c8" scoped=""/>
        <function-ref name="getResistor" ref="0x40d128a8" scoped=""/>
        <function-ref name="makeOutput" ref="0x40d12988" scoped=""/>
        <function-ref name="get" ref="0x40d12a68" scoped=""/>
        <function-ref name="selectIOFunc" ref="0x40d12b48" scoped=""/>
        <function-ref name="getRaw" ref="0x40d12c28" scoped=""/>
        <function-ref name="set" ref="0x40d12d08" scoped=""/>
        <function-ref name="selectModuleFunc" ref="0x40d12de8" scoped=""/>
        <function-ref name="isIOFunc" ref="0x40d12ec8" scoped=""/>
        <function-ref name="isModuleFunc" ref="0x40d11090" scoped=""/>
        <function-ref name="clr" ref="0x40d11170" scoped=""/>
      </interface-functions>
    </interface><interface loc="97:/home/zly/tinyos-main/tos/chips/msp430/pins/HplMsp430GeneralIOC.nc" name="Port54" provided="1" ref="0x409da4c8">
      <component-ref nicename="tos.chips.msp430.pins.HplMsp430GeneralIOC" qname="HplMsp430GeneralIOC"/>
      <type-interface alignment="I:2" size="I:2"><interface-ref name="Port54" ref="0x409da4c8" scoped=""/></type-interface>
      <instance>
        <interfacedef-ref nicename="tos.chips.msp430.pins.HplMsp430GeneralIO" qname="HplMsp430GeneralIO"/>
      </instance>
      <interface-functions>
        <function-ref name="makeInput" ref="0x409da6a0" scoped=""/>
        <function-ref name="isInput" ref="0x409da780" scoped=""/>
        <function-ref name="setResistor" ref="0x409da860" scoped=""/>
        <function-ref name="toggle" ref="0x409da940" scoped=""/>
        <function-ref name="isOutput" ref="0x409daa20" scoped=""/>
        <function-ref name="getResistor" ref="0x409dab00" scoped=""/>
        <function-ref name="makeOutput" ref="0x409dabe0" scoped=""/>
        <function-ref name="get" ref="0x409dacc0" scoped=""/>
        <function-ref name="selectIOFunc" ref="0x409dada0" scoped=""/>
        <function-ref name="getRaw" ref="0x409dae80" scoped=""/>
        <function-ref name="set" ref="0x409d9010" scoped=""/>
        <function-ref name="selectModuleFunc" ref="0x409d90f0" scoped=""/>
        <function-ref name="isIOFunc" ref="0x409d91d0" scoped=""/>
        <function-ref name="isModuleFunc" ref="0x409d9330" scoped=""/>
        <function-ref name="clr" ref="0x409d9410" scoped=""/>
      </interface-functions>
    </interface><interface loc="98:/home/zly/tinyos-main/tos/chips/msp430/pins/HplMsp430GeneralIOC.nc" name="Port55" provided="1" ref="0x409d9688">
      <component-ref nicename="tos.chips.msp430.pins.HplMsp430GeneralIOC" qname="HplMsp430GeneralIOC"/>
      <type-interface alignment="I:2" size="I:2"><interface-ref name="Port55" ref="0x409d9688" scoped=""/></type-interface>
      <instance>
        <interfacedef-ref nicename="tos.chips.msp430.pins.HplMsp430GeneralIO" qname="HplMsp430GeneralIO"/>
      </instance>
      <interface-functions>
        <function-ref name="makeInput" ref="0x409d9860" scoped=""/>
        <function-ref name="isInput" ref="0x409d9940" scoped=""/>
        <function-ref name="setResistor" ref="0x409d9a20" scoped=""/>
        <function-ref name="toggle" ref="0x409d9b00" scoped=""/>
        <function-ref name="isOutput" ref="0x409d9be0" scoped=""/>
        <function-ref name="getResistor" ref="0x409d9cc0" scoped=""/>
        <function-ref name="makeOutput" ref="0x409d9da0" scoped=""/>
        <function-ref name="get" ref="0x409d9e80" scoped=""/>
        <function-ref name="selectIOFunc" ref="0x409d8010" scoped=""/>
        <function-ref name="getRaw" ref="0x409d80f0" scoped=""/>
        <function-ref name="set" ref="0x409d81d0" scoped=""/>
        <function-ref name="selectModuleFunc" ref="0x409d82b0" scoped=""/>
        <function-ref name="isIOFunc" ref="0x409d8390" scoped=""/>
        <function-ref name="isModuleFunc" ref="0x409d84f0" scoped=""/>
        <function-ref name="clr" ref="0x409d85d0" scoped=""/>
      </interface-functions>
    </interface><interface loc="44:/home/zly/tinyos-main/tos/chips/msp430/pins/Msp430GpioC.nc" name="HplGeneralIO" provided="0" ref="0x40d159d8">
      <component-ref nicename="tos.chips.msp430.pins.Msp430GpioC" qname="PlatformLedsC.Led1Impl"/>
      <type-interface alignment="I:2" size="I:2"><interface-ref name="HplGeneralIO" ref="0x40d159d8" scoped=""/></type-interface>
      <instance>
        <interfacedef-ref nicename="tos.chips.msp430.pins.HplMsp430GeneralIO" qname="HplMsp430GeneralIO"/>
      </instance>
      <interface-functions>
        <function-ref name="makeInput" ref="0x40d15bb0" scoped=""/>
        <function-ref name="isInput" ref="0x40d15c90" scoped=""/>
        <function-ref name="setResistor" ref="0x40d15d70" scoped=""/>
        <function-ref name="toggle" ref="0x40d15e50" scoped=""/>
        <function-ref name="isOutput" ref="0x40d14010" scoped=""/>
        <function-ref name="getResistor" ref="0x40d140f0" scoped=""/>
        <function-ref name="makeOutput" ref="0x40d141d0" scoped=""/>
        <function-ref name="get" ref="0x40d142b0" scoped=""/>
        <function-ref name="selectIOFunc" ref="0x40d14390" scoped=""/>
        <function-ref name="getRaw" ref="0x40d14470" scoped=""/>
        <function-ref name="set" ref="0x40d14550" scoped=""/>
        <function-ref name="selectModuleFunc" ref="0x40d14630" scoped=""/>
        <function-ref name="isIOFunc" ref="0x40d14710" scoped=""/>
        <function-ref name="isModuleFunc" ref="0x40d14870" scoped=""/>
        <function-ref name="clr" ref="0x40d14950" scoped=""/>
      </interface-functions>
    </interface><interface loc="44:/home/zly/tinyos-main/tos/chips/msp430/pins/Msp430GpioC.nc" name="HplGeneralIO" provided="0" ref="0x40d17190">
      <component-ref nicename="tos.chips.msp430.pins.Msp430GpioC" qname="PlatformLedsC.Led0Impl"/>
      <type-interface alignment="I:2" size="I:2"><interface-ref name="HplGeneralIO" ref="0x40d17190" scoped=""/></type-interface>
      <instance>
        <interfacedef-ref nicename="tos.chips.msp430.pins.HplMsp430GeneralIO" qname="HplMsp430GeneralIO"/>
      </instance>
      <interface-functions>
        <function-ref name="makeInput" ref="0x40d17368" scoped=""/>
        <function-ref name="isInput" ref="0x40d17448" scoped=""/>
        <function-ref name="setResistor" ref="0x40d17528" scoped=""/>
        <function-ref name="toggle" ref="0x40d17608" scoped=""/>
        <function-ref name="isOutput" ref="0x40d176e8" scoped=""/>
        <function-ref name="getResistor" ref="0x40d177c8" scoped=""/>
        <function-ref name="makeOutput" ref="0x40d178a8" scoped=""/>
        <function-ref name="get" ref="0x40d17988" scoped=""/>
        <function-ref name="selectIOFunc" ref="0x40d17a68" scoped=""/>
        <function-ref name="getRaw" ref="0x40d17b48" scoped=""/>
        <function-ref name="set" ref="0x40d17c28" scoped=""/>
        <function-ref name="selectModuleFunc" ref="0x40d17d08" scoped=""/>
        <function-ref name="isIOFunc" ref="0x40d17de8" scoped=""/>
        <function-ref name="isModuleFunc" ref="0x40d16010" scoped=""/>
        <function-ref name="clr" ref="0x40d160f0" scoped=""/>
      </interface-functions>
    </interface><interface loc="99:/home/zly/tinyos-main/tos/chips/msp430/pins/HplMsp430GeneralIOC.nc" name="Port56" provided="1" ref="0x409d8848">
      <component-ref nicename="tos.chips.msp430.pins.HplMsp430GeneralIOC" qname="HplMsp430GeneralIOC"/>
      <type-interface alignment="I:2" size="I:2"><interface-ref name="Port56" ref="0x409d8848" scoped=""/></type-interface>
      <instance>
        <interfacedef-ref nicename="tos.chips.msp430.pins.HplMsp430GeneralIO" qname="HplMsp430GeneralIO"/>
      </instance>
      <interface-functions>
        <function-ref name="makeInput" ref="0x409d8a20" scoped=""/>
        <function-ref name="isInput" ref="0x409d8b00" scoped=""/>
        <function-ref name="setResistor" ref="0x409d8be0" scoped=""/>
        <function-ref name="toggle" ref="0x409d8cc0" scoped=""/>
        <function-ref name="isOutput" ref="0x409d8da0" scoped=""/>
        <function-ref name="getResistor" ref="0x409d8e80" scoped=""/>
        <function-ref name="makeOutput" ref="0x409d7010" scoped=""/>
        <function-ref name="get" ref="0x409d70f0" scoped=""/>
        <function-ref name="selectIOFunc" ref="0x409d71d0" scoped=""/>
        <function-ref name="getRaw" ref="0x409d72b0" scoped=""/>
        <function-ref name="set" ref="0x409d7390" scoped=""/>
        <function-ref name="selectModuleFunc" ref="0x409d7470" scoped=""/>
        <function-ref name="isIOFunc" ref="0x409d7550" scoped=""/>
        <function-ref name="isModuleFunc" ref="0x409d76b0" scoped=""/>
        <function-ref name="clr" ref="0x409d7790" scoped=""/>
      </interface-functions>
    </interface><component loc="42(PlatformLedsC.Led0Impl):/home/zly/tinyos-main/tos/chips/msp430/pins/Msp430GpioC.nc" nicename="tos.chips.msp430.pins.Msp430GpioC" qname="PlatformLedsC.Led0Impl">
      <documentation loc="33:/home/zly/tinyos-main/tos/chips/msp430/pins/Msp430GpioC.nc">
        <short>
 Implementation of the general-purpose I/O abstraction
 for the TI MSP430 microcontroller.</short>
        <long>
 Implementation of the general-purpose I/O abstraction
 for the TI MSP430 microcontroller.

 @author Joe Polastre
 @see  Please refer to TEP 117 for more information about this component and its
          intended use.
</long>
      </documentation>
      <instance number="7">
        <component-ref nicename="tos.chips.msp430.pins.Msp430GpioC" qname="Msp430GpioC"/>
      </instance>
      <module/>
    </component><component loc="3:/home/zly/tinyos-main/tos/platforms/telosa/PlatformP.nc" nicename="tos.platforms.telosa.PlatformP" qname="PlatformP" safe="">
      <module/>
    </component><component loc="42(PlatformLedsC.Led1Impl):/home/zly/tinyos-main/tos/chips/msp430/pins/Msp430GpioC.nc" nicename="tos.chips.msp430.pins.Msp430GpioC" qname="PlatformLedsC.Led1Impl">
      <documentation loc="33:/home/zly/tinyos-main/tos/chips/msp430/pins/Msp430GpioC.nc">
        <short>
 Implementation of the general-purpose I/O abstraction
 for the TI MSP430 microcontroller.</short>
        <long>
 Implementation of the general-purpose I/O abstraction
 for the TI MSP430 microcontroller.

 @author Joe Polastre
 @see  Please refer to TEP 117 for more information about this component and its
          intended use.
</long>
      </documentation>
      <instance number="8">
        <component-ref nicename="tos.chips.msp430.pins.Msp430GpioC" qname="Msp430GpioC"/>
      </instance>
      <module/>
    </component><component loc="45:/home/zly/tinyos-main/tos/chips/msp430/pins/HplMsp430GeneralIOC.nc" nicename="tos.chips.msp430.pins.HplMsp430GeneralIOC" qname="HplMsp430GeneralIOC">
      <documentation loc="35:/home/zly/tinyos-main/tos/chips/msp430/pins/HplMsp430GeneralIOC.nc">
        <short>
 HPL for the TI MSP430 family of microprocessors.</short>
        <long>
 HPL for the TI MSP430 family of microprocessors. This provides an
 abstraction for general-purpose I/O.

 @author Joe Polastre
 @author Xavier Orduna &lt;xorduna@dexmatech.com&gt;
 @author Peter A. Bigot &lt;pab@peoplepowerco.com&gt;
 @author Eric B. Decker &lt;cire831@gmail.com&gt;
</long>
      </documentation>
      <configuration/>
      <wiring>
        <wire loc="442:/home/zly/tinyos-main/tos/chips/msp430/pins/HplMsp430GeneralIOC.nc">
          <from><interface-ref name="Port14" ref="0x4099fbc8" scoped=""/></from>
          <to><interface-ref name="IO" ref="0x40a10010" scoped=""/></to>
        </wire>
        <wire loc="455:/home/zly/tinyos-main/tos/chips/msp430/pins/HplMsp430GeneralIOC.nc">
          <from><interface-ref name="Port26" ref="0x409b3d88" scoped=""/></from>
          <to><interface-ref name="IO" ref="0x40a3bd68" scoped=""/></to>
        </wire>
        <wire loc="531:/home/zly/tinyos-main/tos/chips/msp430/pins/HplMsp430GeneralIOC.nc">
          <from><interface-ref name="SDA" ref="0x409eaf28" scoped=""/></from>
          <to><interface-ref name="IO" ref="0x40a335c8" scoped=""/></to>
        </wire>
        <wire loc="551:/home/zly/tinyos-main/tos/chips/msp430/pins/HplMsp430GeneralIOC.nc">
          <from><interface-ref name="ADC6" ref="0x409f6c98" scoped=""/></from>
          <to><interface-ref name="IO" ref="0x40a94d68" scoped=""/></to>
        </wire>
        <wire loc="532:/home/zly/tinyos-main/tos/chips/msp430/pins/HplMsp430GeneralIOC.nc">
          <from><interface-ref name="SOMI0" ref="0x409e8068" scoped=""/></from>
          <to><interface-ref name="IO" ref="0x40a31d68" scoped=""/></to>
        </wire>
        <wire loc="460:/home/zly/tinyos-main/tos/chips/msp430/pins/HplMsp430GeneralIOC.nc">
          <from><interface-ref name="Port30" ref="0x409b0178" scoped=""/></from>
          <to><interface-ref name="IO" ref="0x40a36d68" scoped=""/></to>
        </wire>
        <wire loc="473:/home/zly/tinyos-main/tos/chips/msp430/pins/HplMsp430GeneralIOC.nc">
          <from><interface-ref name="Port42" ref="0x409c53e8" scoped=""/></from>
          <to><interface-ref name="IO" ref="0x40a60d68" scoped=""/></to>
        </wire>
        <wire loc="486:/home/zly/tinyos-main/tos/chips/msp430/pins/HplMsp430GeneralIOC.nc">
          <from><interface-ref name="Port54" ref="0x409da4c8" scoped=""/></from>
          <to><interface-ref name="IO" ref="0x40a69d68" scoped=""/></to>
        </wire>
        <wire loc="497:/home/zly/tinyos-main/tos/chips/msp430/pins/HplMsp430GeneralIOC.nc">
          <from><interface-ref name="Port64" ref="0x409d1368" scoped=""/></from>
          <to><interface-ref name="IO" ref="0x40a76d68" scoped=""/></to>
        </wire>
        <wire loc="535:/home/zly/tinyos-main/tos/chips/msp430/pins/HplMsp430GeneralIOC.nc">
          <from><interface-ref name="UTXD0" ref="0x409e54c0" scoped=""/></from>
          <to><interface-ref name="IO" ref="0x40a4ed68" scoped=""/></to>
        </wire>
        <wire loc="545:/home/zly/tinyos-main/tos/chips/msp430/pins/HplMsp430GeneralIOC.nc">
          <from><interface-ref name="ADC0" ref="0x409fc280" scoped=""/></from>
          <to><interface-ref name="IO" ref="0x40a80d68" scoped=""/></to>
        </wire>
        <wire loc="557:/home/zly/tinyos-main/tos/chips/msp430/pins/HplMsp430GeneralIOC.nc">
          <from><interface-ref name="SVSIN" ref="0x409f1288" scoped=""/></from>
          <to><interface-ref name="IO" ref="0x40a915c8" scoped=""/></to>
        </wire>
        <wire loc="445:/home/zly/tinyos-main/tos/chips/msp430/pins/HplMsp430GeneralIOC.nc">
          <from><interface-ref name="Port17" ref="0x409bb178" scoped=""/></from>
          <to><interface-ref name="IO" ref="0x40a2b5c8" scoped=""/></to>
        </wire>
        <wire loc="536:/home/zly/tinyos-main/tos/chips/msp430/pins/HplMsp430GeneralIOC.nc">
          <from><interface-ref name="URXD0" ref="0x409e4680" scoped=""/></from>
          <to><interface-ref name="IO" ref="0x40a4b5c8" scoped=""/></to>
        </wire>
        <wire loc="450:/home/zly/tinyos-main/tos/chips/msp430/pins/HplMsp430GeneralIOC.nc">
          <from><interface-ref name="Port21" ref="0x409b84c8" scoped=""/></from>
          <to><interface-ref name="IO" ref="0x40a265c8" scoped=""/></to>
        </wire>
        <wire loc="463:/home/zly/tinyos-main/tos/chips/msp430/pins/HplMsp430GeneralIOC.nc">
          <from><interface-ref name="Port33" ref="0x409ad688" scoped=""/></from>
          <to><interface-ref name="IO" ref="0x40a505c8" scoped=""/></to>
        </wire>
        <wire loc="476:/home/zly/tinyos-main/tos/chips/msp430/pins/HplMsp430GeneralIOC.nc">
          <from><interface-ref name="Port45" ref="0x409c2928" scoped=""/></from>
          <to><interface-ref name="IO" ref="0x40a585c8" scoped=""/></to>
        </wire>
        <wire loc="489:/home/zly/tinyos-main/tos/chips/msp430/pins/HplMsp430GeneralIOC.nc">
          <from><interface-ref name="Port57" ref="0x409d7a08" scoped=""/></from>
          <to><interface-ref name="IO" ref="0x40a825c8" scoped=""/></to>
        </wire>
        <wire loc="500:/home/zly/tinyos-main/tos/chips/msp430/pins/HplMsp430GeneralIOC.nc">
          <from><interface-ref name="Port67" ref="0x409ce848" scoped=""/></from>
          <to><interface-ref name="IO" ref="0x40a915c8" scoped=""/></to>
        </wire>
        <wire loc="440:/home/zly/tinyos-main/tos/chips/msp430/pins/HplMsp430GeneralIOC.nc">
          <from><interface-ref name="Port12" ref="0x409a7848" scoped=""/></from>
          <to><interface-ref name="IO" ref="0x40a15140" scoped=""/></to>
        </wire>
        <wire loc="453:/home/zly/tinyos-main/tos/chips/msp430/pins/HplMsp430GeneralIOC.nc">
          <from><interface-ref name="Port24" ref="0x409b5a08" scoped=""/></from>
          <to><interface-ref name="IO" ref="0x40a1fde8" scoped=""/></to>
        </wire>
        <wire loc="466:/home/zly/tinyos-main/tos/chips/msp430/pins/HplMsp430GeneralIOC.nc">
          <from><interface-ref name="Port36" ref="0x409cabc8" scoped=""/></from>
          <to><interface-ref name="IO" ref="0x40a49d68" scoped=""/></to>
        </wire>
        <wire loc="530:/home/zly/tinyos-main/tos/chips/msp430/pins/HplMsp430GeneralIOC.nc">
          <from><interface-ref name="SIMO0" ref="0x409ebd80" scoped=""/></from>
          <to><interface-ref name="IO" ref="0x40a335c8" scoped=""/></to>
        </wire>
        <wire loc="548:/home/zly/tinyos-main/tos/chips/msp430/pins/HplMsp430GeneralIOC.nc">
          <from><interface-ref name="ADC3" ref="0x409f9758" scoped=""/></from>
          <to><interface-ref name="IO" ref="0x40a785c8" scoped=""/></to>
        </wire>
        <wire loc="555:/home/zly/tinyos-main/tos/chips/msp430/pins/HplMsp430GeneralIOC.nc">
          <from><interface-ref name="DAC1" ref="0x409f2168" scoped=""/></from>
          <to><interface-ref name="IO" ref="0x40a915c8" scoped=""/></to>
        </wire>
        <wire loc="541:/home/zly/tinyos-main/tos/chips/msp430/pins/HplMsp430GeneralIOC.nc">
          <from><interface-ref name="UCLK1" ref="0x409e0d80" scoped=""/></from>
          <to><interface-ref name="IO" ref="0x40a6b5c8" scoped=""/></to>
        </wire>
        <wire loc="471:/home/zly/tinyos-main/tos/chips/msp430/pins/HplMsp430GeneralIOC.nc">
          <from><interface-ref name="Port40" ref="0x409c7010" scoped=""/></from>
          <to><interface-ref name="IO" ref="0x40a44e68" scoped=""/></to>
        </wire>
        <wire loc="484:/home/zly/tinyos-main/tos/chips/msp430/pins/HplMsp430GeneralIOC.nc">
          <from><interface-ref name="Port52" ref="0x409dc178" scoped=""/></from>
          <to><interface-ref name="IO" ref="0x40a6ed68" scoped=""/></to>
        </wire>
        <wire loc="495:/home/zly/tinyos-main/tos/chips/msp430/pins/HplMsp430GeneralIOC.nc">
          <from><interface-ref name="Port62" ref="0x409d3010" scoped=""/></from>
          <to><interface-ref name="IO" ref="0x40a7bd68" scoped=""/></to>
        </wire>
        <wire loc="549:/home/zly/tinyos-main/tos/chips/msp430/pins/HplMsp430GeneralIOC.nc">
          <from><interface-ref name="ADC4" ref="0x409f8918" scoped=""/></from>
          <to><interface-ref name="IO" ref="0x40a76d68" scoped=""/></to>
        </wire>
        <wire loc="538:/home/zly/tinyos-main/tos/chips/msp430/pins/HplMsp430GeneralIOC.nc">
          <from><interface-ref name="STE1" ref="0x409e3838" scoped=""/></from>
          <to><interface-ref name="IO" ref="0x40a73d68" scoped=""/></to>
        </wire>
        <wire loc="443:/home/zly/tinyos-main/tos/chips/msp430/pins/HplMsp430GeneralIOC.nc">
          <from><interface-ref name="Port15" ref="0x4099ed88" scoped=""/></from>
          <to><interface-ref name="IO" ref="0x40a0e730" scoped=""/></to>
        </wire>
        <wire loc="456:/home/zly/tinyos-main/tos/chips/msp430/pins/HplMsp430GeneralIOC.nc">
          <from><interface-ref name="Port27" ref="0x409b1010" scoped=""/></from>
          <to><interface-ref name="IO" ref="0x40a385c8" scoped=""/></to>
        </wire>
        <wire loc="493:/home/zly/tinyos-main/tos/chips/msp430/pins/HplMsp430GeneralIOC.nc">
          <from><interface-ref name="Port60" ref="0x409d6bc8" scoped=""/></from>
          <to><interface-ref name="IO" ref="0x40a80d68" scoped=""/></to>
        </wire>
        <wire loc="461:/home/zly/tinyos-main/tos/chips/msp430/pins/HplMsp430GeneralIOC.nc">
          <from><interface-ref name="Port31" ref="0x409af368" scoped=""/></from>
          <to><interface-ref name="IO" ref="0x40a335c8" scoped=""/></to>
        </wire>
        <wire loc="474:/home/zly/tinyos-main/tos/chips/msp430/pins/HplMsp430GeneralIOC.nc">
          <from><interface-ref name="Port43" ref="0x409c45a8" scoped=""/></from>
          <to><interface-ref name="IO" ref="0x40a5d5c8" scoped=""/></to>
        </wire>
        <wire loc="487:/home/zly/tinyos-main/tos/chips/msp430/pins/HplMsp430GeneralIOC.nc">
          <from><interface-ref name="Port55" ref="0x409d9688" scoped=""/></from>
          <to><interface-ref name="IO" ref="0x40a665c8" scoped=""/></to>
        </wire>
        <wire loc="498:/home/zly/tinyos-main/tos/chips/msp430/pins/HplMsp430GeneralIOC.nc">
          <from><interface-ref name="Port65" ref="0x409d04c8" scoped=""/></from>
          <to><interface-ref name="IO" ref="0x40a965c8" scoped=""/></to>
        </wire>
        <wire loc="540:/home/zly/tinyos-main/tos/chips/msp430/pins/HplMsp430GeneralIOC.nc">
          <from><interface-ref name="SOMI1" ref="0x409e1bc0" scoped=""/></from>
          <to><interface-ref name="IO" ref="0x40a6ed68" scoped=""/></to>
        </wire>
        <wire loc="438:/home/zly/tinyos-main/tos/chips/msp430/pins/HplMsp430GeneralIOC.nc">
          <from><interface-ref name="Port10" ref="0x409a1558" scoped=""/></from>
          <to><interface-ref name="IO" ref="0x409ed220" scoped=""/></to>
        </wire>
        <wire loc="451:/home/zly/tinyos-main/tos/chips/msp430/pins/HplMsp430GeneralIOC.nc">
          <from><interface-ref name="Port22" ref="0x409b7688" scoped=""/></from>
          <to><interface-ref name="IO" ref="0x40a24d68" scoped=""/></to>
        </wire>
        <wire loc="464:/home/zly/tinyos-main/tos/chips/msp430/pins/HplMsp430GeneralIOC.nc">
          <from><interface-ref name="Port34" ref="0x409cc848" scoped=""/></from>
          <to><interface-ref name="IO" ref="0x40a4ed68" scoped=""/></to>
        </wire>
        <wire loc="477:/home/zly/tinyos-main/tos/chips/msp430/pins/HplMsp430GeneralIOC.nc">
          <from><interface-ref name="Port46" ref="0x409c1ae8" scoped=""/></from>
          <to><interface-ref name="IO" ref="0x40a56d68" scoped=""/></to>
        </wire>
        <wire loc="542:/home/zly/tinyos-main/tos/chips/msp430/pins/HplMsp430GeneralIOC.nc">
          <from><interface-ref name="UTXD1" ref="0x409de010" scoped=""/></from>
          <to><interface-ref name="IO" ref="0x40a49d68" scoped=""/></to>
        </wire>
        <wire loc="546:/home/zly/tinyos-main/tos/chips/msp430/pins/HplMsp430GeneralIOC.nc">
          <from><interface-ref name="ADC1" ref="0x409fb3d8" scoped=""/></from>
          <to><interface-ref name="IO" ref="0x40a7d5c8" scoped=""/></to>
        </wire>
        <wire loc="552:/home/zly/tinyos-main/tos/chips/msp430/pins/HplMsp430GeneralIOC.nc">
          <from><interface-ref name="ADC7" ref="0x409f5e58" scoped=""/></from>
          <to><interface-ref name="IO" ref="0x40a915c8" scoped=""/></to>
        </wire>
        <wire loc="482:/home/zly/tinyos-main/tos/chips/msp430/pins/HplMsp430GeneralIOC.nc">
          <from><interface-ref name="Port50" ref="0x409bfe68" scoped=""/></from>
          <to><interface-ref name="IO" ref="0x40a73d68" scoped=""/></to>
        </wire>
        <wire loc="543:/home/zly/tinyos-main/tos/chips/msp430/pins/HplMsp430GeneralIOC.nc">
          <from><interface-ref name="URXD1" ref="0x409dd170" scoped=""/></from>
          <to><interface-ref name="IO" ref="0x40a465c8" scoped=""/></to>
        </wire>
        <wire loc="441:/home/zly/tinyos-main/tos/chips/msp430/pins/HplMsp430GeneralIOC.nc">
          <from><interface-ref name="Port13" ref="0x409a0a08" scoped=""/></from>
          <to><interface-ref name="IO" ref="0x40a138a0" scoped=""/></to>
        </wire>
        <wire loc="454:/home/zly/tinyos-main/tos/chips/msp430/pins/HplMsp430GeneralIOC.nc">
          <from><interface-ref name="Port25" ref="0x409b4bc8" scoped=""/></from>
          <to><interface-ref name="IO" ref="0x40a3d5c8" scoped=""/></to>
        </wire>
        <wire loc="467:/home/zly/tinyos-main/tos/chips/msp430/pins/HplMsp430GeneralIOC.nc">
          <from><interface-ref name="Port37" ref="0x409c9d88" scoped=""/></from>
          <to><interface-ref name="IO" ref="0x40a465c8" scoped=""/></to>
        </wire>
        <wire loc="539:/home/zly/tinyos-main/tos/chips/msp430/pins/HplMsp430GeneralIOC.nc">
          <from><interface-ref name="SIMO1" ref="0x409e2a00" scoped=""/></from>
          <to><interface-ref name="IO" ref="0x40a705c8" scoped=""/></to>
        </wire>
        <wire loc="550:/home/zly/tinyos-main/tos/chips/msp430/pins/HplMsp430GeneralIOC.nc">
          <from><interface-ref name="ADC5" ref="0x409f7ad8" scoped=""/></from>
          <to><interface-ref name="IO" ref="0x40a965c8" scoped=""/></to>
        </wire>
        <wire loc="472:/home/zly/tinyos-main/tos/chips/msp430/pins/HplMsp430GeneralIOC.nc">
          <from><interface-ref name="Port41" ref="0x409c6288" scoped=""/></from>
          <to><interface-ref name="IO" ref="0x40a415c8" scoped=""/></to>
        </wire>
        <wire loc="485:/home/zly/tinyos-main/tos/chips/msp430/pins/HplMsp430GeneralIOC.nc">
          <from><interface-ref name="Port53" ref="0x409db368" scoped=""/></from>
          <to><interface-ref name="IO" ref="0x40a6b5c8" scoped=""/></to>
        </wire>
        <wire loc="496:/home/zly/tinyos-main/tos/chips/msp430/pins/HplMsp430GeneralIOC.nc">
          <from><interface-ref name="Port63" ref="0x409d2178" scoped=""/></from>
          <to><interface-ref name="IO" ref="0x40a785c8" scoped=""/></to>
        </wire>
        <wire loc="444:/home/zly/tinyos-main/tos/chips/msp430/pins/HplMsp430GeneralIOC.nc">
          <from><interface-ref name="Port16" ref="0x409bc010" scoped=""/></from>
          <to><interface-ref name="IO" ref="0x40a2edf8" scoped=""/></to>
        </wire>
        <wire loc="494:/home/zly/tinyos-main/tos/chips/msp430/pins/HplMsp430GeneralIOC.nc">
          <from><interface-ref name="Port61" ref="0x409d5d88" scoped=""/></from>
          <to><interface-ref name="IO" ref="0x40a7d5c8" scoped=""/></to>
        </wire>
        <wire loc="449:/home/zly/tinyos-main/tos/chips/msp430/pins/HplMsp430GeneralIOC.nc">
          <from><interface-ref name="Port20" ref="0x409ba368" scoped=""/></from>
          <to><interface-ref name="IO" ref="0x40a29d68" scoped=""/></to>
        </wire>
        <wire loc="462:/home/zly/tinyos-main/tos/chips/msp430/pins/HplMsp430GeneralIOC.nc">
          <from><interface-ref name="Port32" ref="0x409ae4c8" scoped=""/></from>
          <to><interface-ref name="IO" ref="0x40a31d68" scoped=""/></to>
        </wire>
        <wire loc="475:/home/zly/tinyos-main/tos/chips/msp430/pins/HplMsp430GeneralIOC.nc">
          <from><interface-ref name="Port44" ref="0x409c3768" scoped=""/></from>
          <to><interface-ref name="IO" ref="0x40a5bd68" scoped=""/></to>
        </wire>
        <wire loc="488:/home/zly/tinyos-main/tos/chips/msp430/pins/HplMsp430GeneralIOC.nc">
          <from><interface-ref name="Port56" ref="0x409d8848" scoped=""/></from>
          <to><interface-ref name="IO" ref="0x40a64d68" scoped=""/></to>
        </wire>
        <wire loc="499:/home/zly/tinyos-main/tos/chips/msp430/pins/HplMsp430GeneralIOC.nc">
          <from><interface-ref name="Port66" ref="0x409cf688" scoped=""/></from>
          <to><interface-ref name="IO" ref="0x40a94d68" scoped=""/></to>
        </wire>
        <wire loc="439:/home/zly/tinyos-main/tos/chips/msp430/pins/HplMsp430GeneralIOC.nc">
          <from><interface-ref name="Port11" ref="0x409a8688" scoped=""/></from>
          <to><interface-ref name="IO" ref="0x40a18918" scoped=""/></to>
        </wire>
        <wire loc="452:/home/zly/tinyos-main/tos/chips/msp430/pins/HplMsp430GeneralIOC.nc">
          <from><interface-ref name="Port23" ref="0x409b6848" scoped=""/></from>
          <to><interface-ref name="IO" ref="0x40a215c8" scoped=""/></to>
        </wire>
        <wire loc="465:/home/zly/tinyos-main/tos/chips/msp430/pins/HplMsp430GeneralIOC.nc">
          <from><interface-ref name="Port35" ref="0x409cba08" scoped=""/></from>
          <to><interface-ref name="IO" ref="0x40a4b5c8" scoped=""/></to>
        </wire>
        <wire loc="478:/home/zly/tinyos-main/tos/chips/msp430/pins/HplMsp430GeneralIOC.nc">
          <from><interface-ref name="Port47" ref="0x409c0ca8" scoped=""/></from>
          <to><interface-ref name="IO" ref="0x40a535c8" scoped=""/></to>
        </wire>
        <wire loc="534:/home/zly/tinyos-main/tos/chips/msp430/pins/HplMsp430GeneralIOC.nc">
          <from><interface-ref name="SCL" ref="0x409e6348" scoped=""/></from>
          <to><interface-ref name="IO" ref="0x40a505c8" scoped=""/></to>
        </wire>
        <wire loc="547:/home/zly/tinyos-main/tos/chips/msp430/pins/HplMsp430GeneralIOC.nc">
          <from><interface-ref name="ADC2" ref="0x409fa598" scoped=""/></from>
          <to><interface-ref name="IO" ref="0x40a7bd68" scoped=""/></to>
        </wire>
        <wire loc="533:/home/zly/tinyos-main/tos/chips/msp430/pins/HplMsp430GeneralIOC.nc">
          <from><interface-ref name="UCLK0" ref="0x409e71a0" scoped=""/></from>
          <to><interface-ref name="IO" ref="0x40a505c8" scoped=""/></to>
        </wire>
        <wire loc="483:/home/zly/tinyos-main/tos/chips/msp430/pins/HplMsp430GeneralIOC.nc">
          <from><interface-ref name="Port51" ref="0x409bd010" scoped=""/></from>
          <to><interface-ref name="IO" ref="0x40a705c8" scoped=""/></to>
        </wire>
        <wire loc="554:/home/zly/tinyos-main/tos/chips/msp430/pins/HplMsp430GeneralIOC.nc">
          <from><interface-ref name="DAC0" ref="0x409f3010" scoped=""/></from>
          <to><interface-ref name="IO" ref="0x40a94d68" scoped=""/></to>
        </wire>
        <wire loc="558:/home/zly/tinyos-main/tos/chips/msp430/pins/HplMsp430GeneralIOC.nc">
          <from><interface-ref name="SVSOUT" ref="0x409f03e8" scoped=""/></from>
          <to><interface-ref name="IO" ref="0x40a825c8" scoped=""/></to>
        </wire>
        <wire loc="529:/home/zly/tinyos-main/tos/chips/msp430/pins/HplMsp430GeneralIOC.nc">
          <from><interface-ref name="STE0" ref="0x409eca28" scoped=""/></from>
          <to><interface-ref name="IO" ref="0x40a36d68" scoped=""/></to>
        </wire>
      </wiring>
    </component><component loc="42(PlatformLedsC.Led2Impl):/home/zly/tinyos-main/tos/chips/msp430/pins/Msp430GpioC.nc" nicename="tos.chips.msp430.pins.Msp430GpioC" qname="PlatformLedsC.Led2Impl">
      <documentation loc="33:/home/zly/tinyos-main/tos/chips/msp430/pins/Msp430GpioC.nc">
        <short>
 Implementation of the general-purpose I/O abstraction
 for the TI MSP430 microcontroller.</short>
        <long>
 Implementation of the general-purpose I/O abstraction
 for the TI MSP430 microcontroller.

 @author Joe Polastre
 @see  Please refer to TEP 117 for more information about this component and its
          intended use.
</long>
      </documentation>
      <instance number="9">
        <component-ref nicename="tos.chips.msp430.pins.Msp430GpioC" qname="Msp430GpioC"/>
      </instance>
      <module/>
    </component></referenced></component>