<?xml version="1.0" ?><component abstract="" loc="47:/home/zly/tinyos-main/tos/system/AMSenderC.nc" nicename="tos.system.AMSenderC" qname="AMSenderC">
      <documentation loc="33:/home/zly/tinyos-main/tos/system/AMSenderC.nc">
        <short>
 The virtualized active message send abstraction.</short>
        <long>
 The virtualized active message send abstraction. Each instantiation
 of AMSenderC has its own queue of depth one. Therefore, it does not
 have to contend with other AMSenderC instantiations for queue space.
 The underlying implementation schedules the packets in these queues
 using some form of fair-share queueing.

 @author Philip Levis
 @date   Jan 16 2006
 @see    TEP 116: Packet Protocols
</long>
      </documentation>
      <parameters>
        <constant loc="47:/home/zly/tinyos-main/tos/system/AMSenderC.nc" name="AMId" ref="0x410c2de0">
          <component-ref nicename="tos.system.AMSenderC" qname="AMSenderC"/>
          <type-int alignment="I:1" cname="unsigned char" size="I:1" unsigned="">
            <typename><typedef-ref name="am_id_t" ref="0x4074eae0"/></typename>
          </type-int>
        </constant>
      </parameters>
      <configuration/>
      <wiring>
        <wire loc="64:/home/zly/tinyos-main/tos/system/AMSenderC.nc">
          <from><interface-ref name="AMSend" ref="0x410bf0a0" scoped=""/></from>
          <to><interface-ref name="AMSend" ref="0x410f2010" scoped=""/></to>
        </wire>
        <wire loc="65:/home/zly/tinyos-main/tos/system/AMSenderC.nc">
          <from><interface-ref name="Packet" ref="0x410bf778" scoped=""/></from>
          <to><interface-ref name="Packet" ref="0x410f26a8" scoped=""/></to>
        </wire>
        <wire loc="66:/home/zly/tinyos-main/tos/system/AMSenderC.nc">
          <from><interface-ref name="AMPacket" ref="0x410bfe68" scoped=""/></from>
          <to><interface-ref name="AMPacket" ref="0x410f2d40" scoped=""/></to>
        </wire>
        <wire loc="67:/home/zly/tinyos-main/tos/system/AMSenderC.nc">
          <from><interface-ref name="Acks" ref="0x410beb80" scoped=""/></from>
          <to><interface-ref name="Acks" ref="0x410f1950" scoped=""/></to>
        </wire>
      </wiring>
    <specification><interface loc="49:/home/zly/tinyos-main/tos/system/AMSenderC.nc" name="AMSend" provided="1" ref="0x410bf0a0">
      <component-ref nicename="tos.system.AMSenderC" qname="AMSenderC"/>
      <type-interface alignment="I:2" size="I:2"><interface-ref name="AMSend" ref="0x410bf0a0" scoped=""/></type-interface>
      <instance>
        <interfacedef-ref nicename="tos.interfaces.AMSend" qname="AMSend"/>
      </instance>
      <interface-functions>
        <function-ref name="send" ref="0x410bf278" scoped=""/>
        <function-ref name="getPayload" ref="0x410bf358" scoped=""/>
        <function-ref name="maxPayloadLength" ref="0x410bf438" scoped=""/>
        <function-ref name="cancel" ref="0x410bf518" scoped=""/>
        <function-ref name="sendDone" ref="0x410bf5f8" scoped=""/>
      </interface-functions>
    </interface><interface loc="50:/home/zly/tinyos-main/tos/system/AMSenderC.nc" name="Packet" provided="1" ref="0x410bf778">
      <component-ref nicename="tos.system.AMSenderC" qname="AMSenderC"/>
      <type-interface alignment="I:2" size="I:2"><interface-ref name="Packet" ref="0x410bf778" scoped=""/></type-interface>
      <instance>
        <interfacedef-ref nicename="tos.interfaces.Packet" qname="Packet"/>
      </instance>
      <interface-functions>
        <function-ref name="clear" ref="0x410bf950" scoped=""/>
        <function-ref name="payloadLength" ref="0x410bfa30" scoped=""/>
        <function-ref name="getPayload" ref="0x410bfb10" scoped=""/>
        <function-ref name="maxPayloadLength" ref="0x410bfbf0" scoped=""/>
        <function-ref name="setPayloadLength" ref="0x410bfcd0" scoped=""/>
      </interface-functions>
    </interface><interface loc="51:/home/zly/tinyos-main/tos/system/AMSenderC.nc" name="AMPacket" provided="1" ref="0x410bfe68">
      <component-ref nicename="tos.system.AMSenderC" qname="AMSenderC"/>
      <type-interface alignment="I:2" size="I:2"><interface-ref name="AMPacket" ref="0x410bfe68" scoped=""/></type-interface>
      <instance>
        <interfacedef-ref nicename="tos.interfaces.AMPacket" qname="AMPacket"/>
      </instance>
      <interface-functions>
        <function-ref name="group" ref="0x410be050" scoped=""/>
        <function-ref name="source" ref="0x410be130" scoped=""/>
        <function-ref name="address" ref="0x410be210" scoped=""/>
        <function-ref name="destination" ref="0x410be2f0" scoped=""/>
        <function-ref name="setSource" ref="0x410be3d0" scoped=""/>
        <function-ref name="setDestination" ref="0x410be4b0" scoped=""/>
        <function-ref name="type" ref="0x410be590" scoped=""/>
        <function-ref name="setType" ref="0x410be670" scoped=""/>
        <function-ref name="isForMe" ref="0x410be750" scoped=""/>
        <function-ref name="setGroup" ref="0x410be830" scoped=""/>
        <function-ref name="localGroup" ref="0x410be910" scoped=""/>
      </interface-functions>
    </interface><interface loc="52:/home/zly/tinyos-main/tos/system/AMSenderC.nc" name="Acks" provided="1" ref="0x410beb80">
      <component-ref nicename="tos.system.AMSenderC" qname="AMSenderC"/>
      <type-interface alignment="I:2" size="I:2"><interface-ref name="Acks" ref="0x410beb80" scoped=""/></type-interface>
      <instance>
        <interfacedef-ref nicename="tos.interfaces.PacketAcknowledgements" qname="PacketAcknowledgements"/>
      </instance>
      <interface-functions>
        <function-ref name="requestAck" ref="0x410bed58" scoped=""/>
        <function-ref name="noAck" ref="0x410bee38" scoped=""/>
        <function-ref name="wasAcked" ref="0x410bef18" scoped=""/>
      </interface-functions>
    </interface></specification><referenced><interface loc="52:/home/zly/tinyos-main/tos/system/DirectAMSenderC.nc" name="Acks" provided="1" ref="0x410f1950">
      <component-ref nicename="tos.system.DirectAMSenderC" qname="AMSenderC.SenderC"/>
      <type-interface alignment="I:2" size="I:2"><interface-ref name="Acks" ref="0x410f1950" scoped=""/></type-interface>
      <instance>
        <interfacedef-ref nicename="tos.interfaces.PacketAcknowledgements" qname="PacketAcknowledgements"/>
      </instance>
      <interface-functions>
        <function-ref name="requestAck" ref="0x410f1b28" scoped=""/>
        <function-ref name="noAck" ref="0x410f1c08" scoped=""/>
        <function-ref name="wasAcked" ref="0x410f1ce8" scoped=""/>
      </interface-functions>
    </interface><interface loc="51:/home/zly/tinyos-main/tos/system/DirectAMSenderC.nc" name="AMPacket" provided="1" ref="0x410f2d40">
      <component-ref nicename="tos.system.DirectAMSenderC" qname="AMSenderC.SenderC"/>
      <type-interface alignment="I:2" size="I:2"><interface-ref name="AMPacket" ref="0x410f2d40" scoped=""/></type-interface>
      <instance>
        <interfacedef-ref nicename="tos.interfaces.AMPacket" qname="AMPacket"/>
      </instance>
      <interface-functions>
        <function-ref name="group" ref="0x410f2f18" scoped=""/>
        <function-ref name="source" ref="0x410f1010" scoped=""/>
        <function-ref name="address" ref="0x410f10f0" scoped=""/>
        <function-ref name="destination" ref="0x410f11d0" scoped=""/>
        <function-ref name="setSource" ref="0x410f12b0" scoped=""/>
        <function-ref name="setDestination" ref="0x410f1390" scoped=""/>
        <function-ref name="type" ref="0x410f1470" scoped=""/>
        <function-ref name="setType" ref="0x410f1550" scoped=""/>
        <function-ref name="isForMe" ref="0x410f1630" scoped=""/>
        <function-ref name="setGroup" ref="0x410f1710" scoped=""/>
        <function-ref name="localGroup" ref="0x410f17f0" scoped=""/>
      </interface-functions>
    </interface><interface loc="49:/home/zly/tinyos-main/tos/system/DirectAMSenderC.nc" name="AMSend" provided="1" ref="0x410f2010">
      <component-ref nicename="tos.system.DirectAMSenderC" qname="AMSenderC.SenderC"/>
      <type-interface alignment="I:2" size="I:2"><interface-ref name="AMSend" ref="0x410f2010" scoped=""/></type-interface>
      <instance>
        <interfacedef-ref nicename="tos.interfaces.AMSend" qname="AMSend"/>
      </instance>
      <interface-functions>
        <function-ref name="send" ref="0x410f21e8" scoped=""/>
        <function-ref name="getPayload" ref="0x410f22c8" scoped=""/>
        <function-ref name="maxPayloadLength" ref="0x410f23a8" scoped=""/>
        <function-ref name="cancel" ref="0x410f2488" scoped=""/>
        <function-ref name="sendDone" ref="0x410f2568" scoped=""/>
      </interface-functions>
    </interface><interface loc="50:/home/zly/tinyos-main/tos/system/DirectAMSenderC.nc" name="Packet" provided="1" ref="0x410f26a8">
      <component-ref nicename="tos.system.DirectAMSenderC" qname="AMSenderC.SenderC"/>
      <type-interface alignment="I:2" size="I:2"><interface-ref name="Packet" ref="0x410f26a8" scoped=""/></type-interface>
      <instance>
        <interfacedef-ref nicename="tos.interfaces.Packet" qname="Packet"/>
      </instance>
      <interface-functions>
        <function-ref name="clear" ref="0x410f2880" scoped=""/>
        <function-ref name="payloadLength" ref="0x410f2960" scoped=""/>
        <function-ref name="getPayload" ref="0x410f2a40" scoped=""/>
        <function-ref name="maxPayloadLength" ref="0x410f2b20" scoped=""/>
        <function-ref name="setPayloadLength" ref="0x410f2c00" scoped=""/>
      </interface-functions>
    </interface><component abstract="" loc="47(AMSenderC.SenderC):/home/zly/tinyos-main/tos/system/DirectAMSenderC.nc" nicename="tos.system.DirectAMSenderC" qname="AMSenderC.SenderC">
      <documentation loc="33:/home/zly/tinyos-main/tos/system/DirectAMSenderC.nc">
        <short>
 The virtualized active message send abstraction.</short>
        <long>
 The virtualized active message send abstraction. Each instantiation
 of AMSenderC has its own queue of depth one. Therefore, it does not
 have to contend with other AMSenderC instantiations for queue space.
 The underlying implementation schedules the packets in these queues
 using some form of fair-share queueing.

 @author Philip Levis
 @date   Jan 16 2006
 @see    TEP 116: Packet Protocols
</long>
      </documentation>
      <instance>
        <component-ref nicename="tos.system.DirectAMSenderC" qname="DirectAMSenderC"/>
        <arguments>
          <value cst="U:">
            <type-int alignment="I:1" cname="unsigned char" size="I:1" unsigned="">
              <typename><typedef-ref name="am_id_t" ref="0x4074eae0"/></typename>
            </type-int>
          </value>
        </arguments>
      </instance>
      <configuration/>
    </component></referenced></component>