<?xml version="1.0" ?><component loc="40:/home/zly/tinyos-main/tos/platforms/telosa/PlatformC.nc" nicename="tos.platforms.telosa.PlatformC" qname="PlatformC">
      <documentation loc="34:/home/zly/tinyos-main/tos/platforms/telosa/PlatformC.nc">
        <short>
 </short>
        <long>
 @author Joe Polastre and Cory Sharp
 @version $Revision: 1.6 $ $Date: 2010-06-29 22:07:55 $
</long>
      </documentation>
      <configuration/>
      <wiring>
        <wire loc="48:/home/zly/tinyos-main/tos/platforms/telosa/PlatformC.nc">
          <from><interface-ref name="Init" ref="0x406126f8" scoped=""/></from>
          <to><interface-ref name="Init" ref="0x4061e0e8" scoped=""/></to>
        </wire>
        <wire loc="49:/home/zly/tinyos-main/tos/platforms/telosa/PlatformC.nc">
          <from><interface-ref name="MoteClockInit" ref="0x4061e4f8" scoped=""/></from>
          <to><interface-ref name="MoteClockInit" ref="0x4061f3e8" scoped=""/></to>
        </wire>
        <wire loc="50:/home/zly/tinyos-main/tos/platforms/telosa/PlatformC.nc">
          <from><interface-ref name="MoteInit" ref="0x4061e8d8" scoped=""/></from>
          <to><interface-ref name="Init" ref="0x406206d0" scoped=""/></to>
        </wire>
      </wiring>
    <specification><interface loc="42:/home/zly/tinyos-main/tos/platforms/telosa/PlatformC.nc" name="Init" provided="1" ref="0x406126f8">
      <component-ref nicename="tos.platforms.telosa.PlatformC" qname="PlatformC"/>
      <type-interface alignment="I:2" size="I:2"><interface-ref name="Init" ref="0x406126f8" scoped=""/></type-interface>
      <instance>
        <interfacedef-ref nicename="tos.interfaces.Init" qname="Init"/>
      </instance>
      <interface-functions>
        <function-ref name="init" ref="0x406128d0" scoped=""/>
      </interface-functions>
    </interface></specification><referenced><interface loc="2:/home/zly/tinyos-main/tos/platforms/telosb/MotePlatformC.nc" name="Init" provided="1" ref="0x406206d0">
      <component-ref nicename="tos.platforms.telosb.MotePlatformC" qname="MotePlatformC"/>
      <type-interface alignment="I:2" size="I:2"><interface-ref name="Init" ref="0x406206d0" scoped=""/></type-interface>
      <instance>
        <interfacedef-ref nicename="tos.interfaces.Init" qname="Init"/>
      </instance>
      <interface-functions>
        <function-ref name="init" ref="0x406208a8" scoped=""/>
      </interface-functions>
    </interface><interface loc="39:/home/zly/tinyos-main/tos/platforms/telosb/MoteClockC.nc" name="MoteClockInit" provided="1" ref="0x4061f3e8">
      <component-ref nicename="tos.platforms.telosb.MoteClockC" qname="MoteClockC"/>
      <type-interface alignment="I:2" size="I:2"><interface-ref name="MoteClockInit" ref="0x4061f3e8" scoped=""/></type-interface>
      <instance>
        <interfacedef-ref nicename="tos.interfaces.Init" qname="Init"/>
      </instance>
      <interface-functions>
        <function-ref name="init" ref="0x4061f5c0" scoped=""/>
      </interface-functions>
    </interface><interface loc="5:/home/zly/tinyos-main/tos/platforms/telosa/PlatformP.nc" name="MoteClockInit" provided="0" ref="0x4061e4f8">
      <component-ref nicename="tos.platforms.telosa.PlatformP" qname="PlatformP"/>
      <type-interface alignment="I:2" size="I:2"><interface-ref name="MoteClockInit" ref="0x4061e4f8" scoped=""/></type-interface>
      <instance>
        <interfacedef-ref nicename="tos.interfaces.Init" qname="Init"/>
      </instance>
      <interface-functions>
        <function-ref name="init" ref="0x4061e6d0" scoped=""/>
      </interface-functions>
    </interface><interface loc="4:/home/zly/tinyos-main/tos/platforms/telosa/PlatformP.nc" name="Init" provided="1" ref="0x4061e0e8">
      <component-ref nicename="tos.platforms.telosa.PlatformP" qname="PlatformP"/>
      <type-interface alignment="I:2" size="I:2"><interface-ref name="Init" ref="0x4061e0e8" scoped=""/></type-interface>
      <instance>
        <interfacedef-ref nicename="tos.interfaces.Init" qname="Init"/>
      </instance>
      <interface-functions>
        <function-ref name="init" ref="0x4061e2c0" scoped=""/>
      </interface-functions>
    </interface><interface loc="6:/home/zly/tinyos-main/tos/platforms/telosa/PlatformP.nc" name="MoteInit" provided="0" ref="0x4061e8d8">
      <component-ref nicename="tos.platforms.telosa.PlatformP" qname="PlatformP"/>
      <type-interface alignment="I:2" size="I:2"><interface-ref name="MoteInit" ref="0x4061e8d8" scoped=""/></type-interface>
      <instance>
        <interfacedef-ref nicename="tos.interfaces.Init" qname="Init"/>
      </instance>
      <interface-functions>
        <function-ref name="init" ref="0x4061eab0" scoped=""/>
      </interface-functions>
    </interface><component loc="3:/home/zly/tinyos-main/tos/platforms/telosa/PlatformP.nc" nicename="tos.platforms.telosa.PlatformP" qname="PlatformP" safe="">
      <module/>
    </component><component loc="1:/home/zly/tinyos-main/tos/platforms/telosb/MotePlatformC.nc" nicename="tos.platforms.telosb.MotePlatformC" qname="MotePlatformC" safe="">
      <module/>
    </component><component loc="37:/home/zly/tinyos-main/tos/platforms/telosb/MoteClockC.nc" nicename="tos.platforms.telosb.MoteClockC" qname="MoteClockC">
      <documentation loc="33:/home/zly/tinyos-main/tos/platforms/telosb/MoteClockC.nc">
        <short>
 </short>
        <long>
 @author Vlado Handziski &lt;handzisk@tkn.tu-berlind.de&gt;
</long>
      </documentation>
      <configuration/>
      <wiring>
        <wire loc="46:/home/zly/tinyos-main/tos/platforms/telosb/MoteClockC.nc">
          <from><interface-ref name="MoteClockInit" ref="0x4061f3e8" scoped=""/></from>
          <to><interface-ref name="Init" ref="0x4061fc48" scoped=""/></to>
        </wire>
      </wiring>
    </component></referenced></component>