<?xml version="1.0" ?><component abstract="" loc="39:/home/zly/tinyos-main/tos/chips/msp430/usart/Msp430Usart0C.nc" nicename="tos.chips.msp430.usart.Msp430Usart0C" qname="Msp430Usart0C">
      <documentation loc="32:/home/zly/tinyos-main/tos/chips/msp430/usart/Msp430Usart0C.nc">
        <short>
 Provides an interface for USART0 on the MSP430.</short>
        <long>
 Provides an interface for USART0 on the MSP430.

 @author Jonathan Hui &lt;jhui@archedrock.com&gt;
 @version $Revision: 1.5 $ $Date: 2008-05-21 22:11:57 $
</long>
      </documentation>
      <parameters>
      </parameters>
      <configuration/>
      <wiring>
        <wire loc="64:/home/zly/tinyos-main/tos/chips/msp430/usart/Msp430Usart0C.nc">
          <from><interface-ref name="ResourceRequested" ref="0x40d37670" scoped=""/></from>
          <to><interface-ref name="ResourceRequested" ref="0x40d29a58" scoped=""/>
          <arguments>
            <value cst="U:">
              <type-int alignment="I:2" cname="int" size="I:2"/>
            </value>
          </arguments>
          </to>
        </wire>
        <wire loc="68:/home/zly/tinyos-main/tos/chips/msp430/usart/Msp430Usart0C.nc">
          <from><interface-ref name="HplMsp430I2CInterrupts" ref="0x40d32ca0" scoped=""/></from>
          <to><interface-ref name="I2CInterrupts" ref="0x40d2a980" scoped=""/>
          <arguments>
            <value cst="U:">
              <type-int alignment="I:2" cname="int" size="I:2"/>
            </value>
          </arguments>
          </to>
        </wire>
        <wire loc="75:/home/zly/tinyos-main/tos/chips/msp430/usart/Msp430Usart0C.nc">
          <from><interface-ref name="HplMsp430I2C" ref="0x40d310e0" scoped=""/></from>
          <to><interface-ref name="HplMsp430I2C" ref="0x40d8cbb0" scoped=""/></to>
        </wire>
        <wire loc="67:/home/zly/tinyos-main/tos/chips/msp430/usart/Msp430Usart0C.nc">
          <from><interface-ref name="HplMsp430UsartInterrupts" ref="0x40d327a8" scoped=""/></from>
          <to><interface-ref name="Interrupts" ref="0x40d2a100" scoped=""/>
          <arguments>
            <value cst="U:">
              <type-int alignment="I:2" cname="int" size="I:2"/>
            </value>
          </arguments>
          </to>
        </wire>
        <wire loc="63:/home/zly/tinyos-main/tos/chips/msp430/usart/Msp430Usart0C.nc">
          <from><interface-ref name="Resource" ref="0x40d3aef8" scoped=""/></from>
          <to><interface-ref name="Resource" ref="0x40d29010" scoped=""/>
          <arguments>
            <value cst="U:">
              <type-int alignment="I:2" cname="int" size="I:2"/>
            </value>
          </arguments>
          </to>
        </wire>
        <wire loc="71:/home/zly/tinyos-main/tos/chips/msp430/usart/Msp430Usart0C.nc">
          <from><interface-ref name="HplMsp430Usart" ref="0x40d33ed8" scoped=""/></from>
          <to><interface-ref name="HplMsp430Usart" ref="0x40c99cb8" scoped=""/></to>
        </wire>
        <wire loc="66:/home/zly/tinyos-main/tos/chips/msp430/usart/Msp430Usart0C.nc">
          <from><interface-ref name="ArbiterInfo" ref="0x40d33a30" scoped=""/></from>
          <to><interface-ref name="ArbiterInfo" ref="0x40d29ee0" scoped=""/></to>
        </wire>
        <wire loc="65:/home/zly/tinyos-main/tos/chips/msp430/usart/Msp430Usart0C.nc">
          <from><interface-ref name="ResourceConfigure" ref="0x40d286b0" scoped=""/>
          <arguments>
            <value cst="U:">
              <type-int alignment="I:2" cname="int" size="I:2"/>
            </value>
          </arguments>
          </from>
          <to><interface-ref name="ResourceConfigure" ref="0x40d2ec00" scoped=""/></to>
        </wire>
      </wiring>
    <specification><interface loc="42:/home/zly/tinyos-main/tos/chips/msp430/usart/Msp430Usart0C.nc" name="ResourceRequested" provided="1" ref="0x40d37670">
      <component-ref nicename="tos.chips.msp430.usart.Msp430Usart0C" qname="Msp430Usart0C"/>
      <type-interface alignment="I:2" size="I:2"><interface-ref name="ResourceRequested" ref="0x40d37670" scoped=""/></type-interface>
      <instance>
        <interfacedef-ref nicename="tos.interfaces.ResourceRequested" qname="ResourceRequested"/>
      </instance>
      <interface-functions>
        <function-ref name="requested" ref="0x40d37848" scoped=""/>
        <function-ref name="immediateRequested" ref="0x40d37928" scoped=""/>
      </interface-functions>
    </interface><interface loc="46:/home/zly/tinyos-main/tos/chips/msp430/usart/Msp430Usart0C.nc" name="HplMsp430I2CInterrupts" provided="1" ref="0x40d32ca0">
      <component-ref nicename="tos.chips.msp430.usart.Msp430Usart0C" qname="Msp430Usart0C"/>
      <type-interface alignment="I:2" size="I:2"><interface-ref name="HplMsp430I2CInterrupts" ref="0x40d32ca0" scoped=""/></type-interface>
      <instance>
        <interfacedef-ref nicename="tos.chips.msp430.usart.HplMsp430I2CInterrupts" qname="HplMsp430I2CInterrupts"/>
      </instance>
      <interface-functions>
        <function-ref name="fired" ref="0x40d32e78" scoped=""/>
      </interface-functions>
    </interface><interface loc="51:/home/zly/tinyos-main/tos/chips/msp430/usart/Msp430Usart0C.nc" name="ResourceConfigure" provided="0" ref="0x40d2ec00">
      <component-ref nicename="tos.chips.msp430.usart.Msp430Usart0C" qname="Msp430Usart0C"/>
      <type-interface alignment="I:2" size="I:2"><interface-ref name="ResourceConfigure" ref="0x40d2ec00" scoped=""/></type-interface>
      <instance>
        <interfacedef-ref nicename="tos.interfaces.ResourceConfigure" qname="ResourceConfigure"/>
      </instance>
      <interface-functions>
        <function-ref name="unconfigure" ref="0x40d2edd8" scoped=""/>
        <function-ref name="configure" ref="0x40d2eeb8" scoped=""/>
      </interface-functions>
    </interface><interface loc="48:/home/zly/tinyos-main/tos/chips/msp430/usart/Msp430Usart0C.nc" name="HplMsp430I2C" provided="1" ref="0x40d310e0">
      <component-ref nicename="tos.chips.msp430.usart.Msp430Usart0C" qname="Msp430Usart0C"/>
      <type-interface alignment="I:2" size="I:2"><interface-ref name="HplMsp430I2C" ref="0x40d310e0" scoped=""/></type-interface>
      <instance>
        <interfacedef-ref nicename="tos.chips.msp430.usart.HplMsp430I2C" qname="HplMsp430I2C"/>
      </instance>
      <interface-functions>
        <function-ref name="disableOwnAddress" ref="0x40d312b8" scoped=""/>
        <function-ref name="getStartByte" ref="0x40d31398" scoped=""/>
        <function-ref name="setSlaveAddress" ref="0x40d31478" scoped=""/>
        <function-ref name="setMasterMode" ref="0x40d31558" scoped=""/>
        <function-ref name="disableTransmitReady" ref="0x40d31638" scoped=""/>
        <function-ref name="getClockPrescaler" ref="0x40d31718" scoped=""/>
        <function-ref name="setTransmitMode" ref="0x40d317f8" scoped=""/>
        <function-ref name="getStopBit" ref="0x40d318d8" scoped=""/>
        <function-ref name="setClockSource" ref="0x40d319b8" scoped=""/>
        <function-ref name="getRepeatMode" ref="0x40d31a98" scoped=""/>
        <function-ref name="getData" ref="0x40d31b78" scoped=""/>
        <function-ref name="enableStartDetect" ref="0x40d31c58" scoped=""/>
        <function-ref name="enableAccessReady" ref="0x40d31d38" scoped=""/>
        <function-ref name="getSlaveAddress" ref="0x40d31e98" scoped=""/>
        <function-ref name="isGeneralCallPending" ref="0x40d30010" scoped=""/>
        <function-ref name="getIV" ref="0x40d300f0" scoped=""/>
        <function-ref name="enableI2C" ref="0x40d301d0" scoped=""/>
        <function-ref name="setStartBit" ref="0x40d302b0" scoped=""/>
        <function-ref name="getTransferByteCount" ref="0x40d30390" scoped=""/>
        <function-ref name="getTransmitReceiveMode" ref="0x40d30470" scoped=""/>
        <function-ref name="clearModeI2C" ref="0x40d30550" scoped=""/>
        <function-ref name="setOwnAddress" ref="0x40d30630" scoped=""/>
        <function-ref name="isI2C" ref="0x40d30710" scoped=""/>
        <function-ref name="enableGeneralCall" ref="0x40d307f0" scoped=""/>
        <function-ref name="enableOwnAddress" ref="0x40d308d0" scoped=""/>
        <function-ref name="isAccessReadyPending" ref="0x40d30ab0" scoped=""/>
        <function-ref name="isArbitrationLostPending" ref="0x40d30b90" scoped=""/>
        <function-ref name="disableReceiveReady" ref="0x40d30c70" scoped=""/>
        <function-ref name="disableNoAck" ref="0x40d30d50" scoped=""/>
        <function-ref name="disableStartDetect" ref="0x40d30e30" scoped=""/>
        <function-ref name="enableArbitrationLost" ref="0x40d30f10" scoped=""/>
        <function-ref name="disableI2C" ref="0x40d2f010" scoped=""/>
        <function-ref name="getShiftClock" ref="0x40d2f0f0" scoped=""/>
        <function-ref name="disableArbitrationLost" ref="0x40d2f1d0" scoped=""/>
        <function-ref name="disableAccessReady" ref="0x40d2f2b0" scoped=""/>
        <function-ref name="setTransferByteCount" ref="0x40d2f390" scoped=""/>
        <function-ref name="isOwnAddressPending" ref="0x40d2f470" scoped=""/>
        <function-ref name="getOwnAddress" ref="0x40d2f550" scoped=""/>
        <function-ref name="enableTransmitReady" ref="0x40d2f630" scoped=""/>
        <function-ref name="setModeI2C" ref="0x40d2f710" scoped=""/>
        <function-ref name="getStartBit" ref="0x40d2f7f0" scoped=""/>
        <function-ref name="setWordMode" ref="0x40d2f8d0" scoped=""/>
        <function-ref name="setData" ref="0x40d2f9b0" scoped=""/>
        <function-ref name="isStartDetectPending" ref="0x40d2fa90" scoped=""/>
        <function-ref name="getClockSource" ref="0x40d2fb70" scoped=""/>
        <function-ref name="getWordMode" ref="0x40d2fc50" scoped=""/>
        <function-ref name="setShiftClock" ref="0x40d2fd30" scoped=""/>
        <function-ref name="setSlaveMode" ref="0x40d2fe10" scoped=""/>
        <function-ref name="enableNoAck" ref="0x40d2fef0" scoped=""/>
        <function-ref name="enableReceiveReady" ref="0x40d2e210" scoped=""/>
        <function-ref name="disableGeneralCall" ref="0x40d2e2f0" scoped=""/>
        <function-ref name="setClockPrescaler" ref="0x40d2e3d0" scoped=""/>
        <function-ref name="setStopBit" ref="0x40d2e4b0" scoped=""/>
        <function-ref name="setReceiveMode" ref="0x40d2e590" scoped=""/>
        <function-ref name="isNoAckPending" ref="0x40d2e670" scoped=""/>
        <function-ref name="setRepeatMode" ref="0x40d2e750" scoped=""/>
        <function-ref name="isTransmitReadyPending" ref="0x40d2e830" scoped=""/>
        <function-ref name="setStartByte" ref="0x40d2e910" scoped=""/>
        <function-ref name="isReceiveReadyPending" ref="0x40d2e9f0" scoped=""/>
      </interface-functions>
    </interface><interface loc="45:/home/zly/tinyos-main/tos/chips/msp430/usart/Msp430Usart0C.nc" name="HplMsp430UsartInterrupts" provided="1" ref="0x40d327a8">
      <component-ref nicename="tos.chips.msp430.usart.Msp430Usart0C" qname="Msp430Usart0C"/>
      <type-interface alignment="I:2" size="I:2"><interface-ref name="HplMsp430UsartInterrupts" ref="0x40d327a8" scoped=""/></type-interface>
      <instance>
        <interfacedef-ref nicename="tos.chips.msp430.usart.HplMsp430UsartInterrupts" qname="HplMsp430UsartInterrupts"/>
      </instance>
      <interface-functions>
        <function-ref name="rxDone" ref="0x40d32980" scoped=""/>
        <function-ref name="txDone" ref="0x40d32a60" scoped=""/>
      </interface-functions>
    </interface><interface loc="41:/home/zly/tinyos-main/tos/chips/msp430/usart/Msp430Usart0C.nc" name="Resource" provided="1" ref="0x40d3aef8">
      <component-ref nicename="tos.chips.msp430.usart.Msp430Usart0C" qname="Msp430Usart0C"/>
      <type-interface alignment="I:2" size="I:2"><interface-ref name="Resource" ref="0x40d3aef8" scoped=""/></type-interface>
      <instance>
        <interfacedef-ref nicename="tos.interfaces.Resource" qname="Resource"/>
      </instance>
      <interface-functions>
        <function-ref name="release" ref="0x40d370e0" scoped=""/>
        <function-ref name="immediateRequest" ref="0x40d371c0" scoped=""/>
        <function-ref name="request" ref="0x40d372a0" scoped=""/>
        <function-ref name="granted" ref="0x40d37380" scoped=""/>
        <function-ref name="isOwner" ref="0x40d37460" scoped=""/>
      </interface-functions>
    </interface><interface loc="44:/home/zly/tinyos-main/tos/chips/msp430/usart/Msp430Usart0C.nc" name="HplMsp430Usart" provided="1" ref="0x40d33ed8">
      <component-ref nicename="tos.chips.msp430.usart.Msp430Usart0C" qname="Msp430Usart0C"/>
      <type-interface alignment="I:2" size="I:2"><interface-ref name="HplMsp430Usart" ref="0x40d33ed8" scoped=""/></type-interface>
      <instance>
        <interfacedef-ref nicename="tos.chips.msp430.usart.HplMsp430Usart" qname="HplMsp430Usart"/>
      </instance>
      <interface-functions>
        <function-ref name="isTxEmpty" ref="0x40d350c0" scoped=""/>
        <function-ref name="enableUartRx" ref="0x40d351a0" scoped=""/>
        <function-ref name="setUctl" ref="0x40d35280" scoped=""/>
        <function-ref name="enableUart" ref="0x40d35360" scoped=""/>
        <function-ref name="setUrctl" ref="0x40d35440" scoped=""/>
        <function-ref name="enableRxIntr" ref="0x40d35520" scoped=""/>
        <function-ref name="clrRxIntr" ref="0x40d35600" scoped=""/>
        <function-ref name="getUtctl" ref="0x40d356e0" scoped=""/>
        <function-ref name="getUrctl" ref="0x40d357c0" scoped=""/>
        <function-ref name="resetUsart" ref="0x40d358a0" scoped=""/>
        <function-ref name="getUmctl" ref="0x40d35980" scoped=""/>
        <function-ref name="disableIntr" ref="0x40d35a60" scoped=""/>
        <function-ref name="setUtctl" ref="0x40d35b40" scoped=""/>
        <function-ref name="getUbr" ref="0x40d35ca0" scoped=""/>
        <function-ref name="enableTxIntr" ref="0x40d35d80" scoped=""/>
        <function-ref name="setUmctl" ref="0x40d35e60" scoped=""/>
        <function-ref name="isUartRx" ref="0x40d34010" scoped=""/>
        <function-ref name="isUart" ref="0x40d340f0" scoped=""/>
        <function-ref name="disableRxIntr" ref="0x40d341d0" scoped=""/>
        <function-ref name="isSpi" ref="0x40d342b0" scoped=""/>
        <function-ref name="enableUartTx" ref="0x40d34390" scoped=""/>
        <function-ref name="disableTxIntr" ref="0x40d34470" scoped=""/>
        <function-ref name="disableUartRx" ref="0x40d34550" scoped=""/>
        <function-ref name="enableIntr" ref="0x40d34630" scoped=""/>
        <function-ref name="getMode" ref="0x40d34710" scoped=""/>
        <function-ref name="isTxIntrPending" ref="0x40d348f0" scoped=""/>
        <function-ref name="clrIntr" ref="0x40d349d0" scoped=""/>
        <function-ref name="setUbr" ref="0x40d34ab0" scoped=""/>
        <function-ref name="tx" ref="0x40d34b90" scoped=""/>
        <function-ref name="getUctl" ref="0x40d34c70" scoped=""/>
        <function-ref name="disableUart" ref="0x40d34d50" scoped=""/>
        <function-ref name="enableSpi" ref="0x40d34e30" scoped=""/>
        <function-ref name="setModeUart" ref="0x40d34f10" scoped=""/>
        <function-ref name="setModeSpi" ref="0x40d32010" scoped=""/>
        <function-ref name="rx" ref="0x40d320f0" scoped=""/>
        <function-ref name="isRxIntrPending" ref="0x40d321d0" scoped=""/>
        <function-ref name="isUartTx" ref="0x40d322b0" scoped=""/>
        <function-ref name="clrTxIntr" ref="0x40d32390" scoped=""/>
        <function-ref name="disableSpi" ref="0x40d32470" scoped=""/>
        <function-ref name="disableUartTx" ref="0x40d32550" scoped=""/>
      </interface-functions>
    </interface><interface loc="43:/home/zly/tinyos-main/tos/chips/msp430/usart/Msp430Usart0C.nc" name="ArbiterInfo" provided="1" ref="0x40d33a30">
      <component-ref nicename="tos.chips.msp430.usart.Msp430Usart0C" qname="Msp430Usart0C"/>
      <type-interface alignment="I:2" size="I:2"><interface-ref name="ArbiterInfo" ref="0x40d33a30" scoped=""/></type-interface>
      <instance>
        <interfacedef-ref nicename="tos.interfaces.ArbiterInfo" qname="ArbiterInfo"/>
      </instance>
      <interface-functions>
        <function-ref name="inUse" ref="0x40d33c08" scoped=""/>
        <function-ref name="userId" ref="0x40d33ce8" scoped=""/>
      </interface-functions>
    </interface></specification><referenced><interface loc="45:/home/zly/tinyos-main/tos/chips/msp430/usart/Msp430UsartShare0P.nc" name="ResourceConfigure" provided="0" ref="0x40d286b0">
      <component-ref nicename="tos.chips.msp430.usart.Msp430UsartShare0P" qname="Msp430UsartShare0P"/>
      <type-interface alignment="I:2" size="I:2"><interface-ref name="ResourceConfigure" ref="0x40d286b0" scoped=""/></type-interface>
      <instance>
        <interfacedef-ref nicename="tos.interfaces.ResourceConfigure" qname="ResourceConfigure"/>
      </instance>
      <interface-parameters>
        <type-int alignment="I:1" cname="unsigned char" size="I:1" unsigned="">
          <typename><typedef-ref name="uint8_t" ref="0x40212dc8"/></typename>
        </type-int>
      </interface-parameters>
      <interface-functions>
        <function-ref name="unconfigure" ref="0x40d28888" scoped=""/>
        <function-ref name="configure" ref="0x40d28968" scoped=""/>
      </interface-functions>
    </interface><interface loc="76:/home/zly/tinyos-main/tos/chips/msp430/usart/HplMsp430Usart0C.nc" name="HplMsp430Usart" provided="1" ref="0x40c99cb8">
      <component-ref nicename="tos.chips.msp430.usart.HplMsp430Usart0C" qname="HplMsp430Usart0C"/>
      <type-interface alignment="I:2" size="I:2"><interface-ref name="HplMsp430Usart" ref="0x40c99cb8" scoped=""/></type-interface>
      <instance>
        <interfacedef-ref nicename="tos.chips.msp430.usart.HplMsp430Usart" qname="HplMsp430Usart"/>
      </instance>
      <interface-functions>
        <function-ref name="isTxEmpty" ref="0x40c99e90" scoped=""/>
        <function-ref name="enableUartRx" ref="0x40c96010" scoped=""/>
        <function-ref name="setUctl" ref="0x40c960f0" scoped=""/>
        <function-ref name="enableUart" ref="0x40c961d0" scoped=""/>
        <function-ref name="setUrctl" ref="0x40c962b0" scoped=""/>
        <function-ref name="enableRxIntr" ref="0x40c96390" scoped=""/>
        <function-ref name="clrRxIntr" ref="0x40c96470" scoped=""/>
        <function-ref name="getUtctl" ref="0x40c96550" scoped=""/>
        <function-ref name="getUrctl" ref="0x40c96630" scoped=""/>
        <function-ref name="resetUsart" ref="0x40c96710" scoped=""/>
        <function-ref name="getUmctl" ref="0x40c967f0" scoped=""/>
        <function-ref name="disableIntr" ref="0x40c968d0" scoped=""/>
        <function-ref name="setUtctl" ref="0x40c969b0" scoped=""/>
        <function-ref name="getUbr" ref="0x40c96b10" scoped=""/>
        <function-ref name="enableTxIntr" ref="0x40c96bf0" scoped=""/>
        <function-ref name="setUmctl" ref="0x40c96cd0" scoped=""/>
        <function-ref name="isUartRx" ref="0x40c96db0" scoped=""/>
        <function-ref name="isUart" ref="0x40c96e90" scoped=""/>
        <function-ref name="disableRxIntr" ref="0x40c95010" scoped=""/>
        <function-ref name="isSpi" ref="0x40c950f0" scoped=""/>
        <function-ref name="enableUartTx" ref="0x40c951d0" scoped=""/>
        <function-ref name="disableTxIntr" ref="0x40c952b0" scoped=""/>
        <function-ref name="disableUartRx" ref="0x40c95390" scoped=""/>
        <function-ref name="enableIntr" ref="0x40c95470" scoped=""/>
        <function-ref name="getMode" ref="0x40c95550" scoped=""/>
        <function-ref name="isTxIntrPending" ref="0x40c95730" scoped=""/>
        <function-ref name="clrIntr" ref="0x40c95810" scoped=""/>
        <function-ref name="setUbr" ref="0x40c958f0" scoped=""/>
        <function-ref name="tx" ref="0x40c959d0" scoped=""/>
        <function-ref name="getUctl" ref="0x40c95ab0" scoped=""/>
        <function-ref name="disableUart" ref="0x40c95b90" scoped=""/>
        <function-ref name="enableSpi" ref="0x40c95c70" scoped=""/>
        <function-ref name="setModeUart" ref="0x40c95d50" scoped=""/>
        <function-ref name="setModeSpi" ref="0x40c95e30" scoped=""/>
        <function-ref name="rx" ref="0x40c95f10" scoped=""/>
        <function-ref name="isRxIntrPending" ref="0x40c94010" scoped=""/>
        <function-ref name="isUartTx" ref="0x40c940f0" scoped=""/>
        <function-ref name="clrTxIntr" ref="0x40c941d0" scoped=""/>
        <function-ref name="disableSpi" ref="0x40c942b0" scoped=""/>
        <function-ref name="disableUartTx" ref="0x40c94390" scoped=""/>
      </interface-functions>
    </interface><interface loc="4:/home/zly/tinyos-main/tos/chips/msp430/usart/HplMsp430I2C0C.nc" name="HplMsp430I2C" provided="1" ref="0x40d8cbb0">
      <component-ref nicename="tos.chips.msp430.usart.HplMsp430I2C0C" qname="HplMsp430I2C0C"/>
      <type-interface alignment="I:2" size="I:2"><interface-ref name="HplMsp430I2C" ref="0x40d8cbb0" scoped=""/></type-interface>
      <instance>
        <interfacedef-ref nicename="tos.chips.msp430.usart.HplMsp430I2C" qname="HplMsp430I2C"/>
      </instance>
      <interface-functions>
        <function-ref name="disableOwnAddress" ref="0x40d8cd88" scoped=""/>
        <function-ref name="getStartByte" ref="0x40d8ce68" scoped=""/>
        <function-ref name="setSlaveAddress" ref="0x40d89010" scoped=""/>
        <function-ref name="setMasterMode" ref="0x40d890f0" scoped=""/>
        <function-ref name="disableTransmitReady" ref="0x40d891d0" scoped=""/>
        <function-ref name="getClockPrescaler" ref="0x40d892b0" scoped=""/>
        <function-ref name="setTransmitMode" ref="0x40d89390" scoped=""/>
        <function-ref name="getStopBit" ref="0x40d89470" scoped=""/>
        <function-ref name="setClockSource" ref="0x40d89550" scoped=""/>
        <function-ref name="getRepeatMode" ref="0x40d89630" scoped=""/>
        <function-ref name="getData" ref="0x40d89710" scoped=""/>
        <function-ref name="enableStartDetect" ref="0x40d897f0" scoped=""/>
        <function-ref name="enableAccessReady" ref="0x40d898d0" scoped=""/>
        <function-ref name="getSlaveAddress" ref="0x40d89a30" scoped=""/>
        <function-ref name="isGeneralCallPending" ref="0x40d89b10" scoped=""/>
        <function-ref name="getIV" ref="0x40d89bf0" scoped=""/>
        <function-ref name="enableI2C" ref="0x40d89cd0" scoped=""/>
        <function-ref name="setStartBit" ref="0x40d89db0" scoped=""/>
        <function-ref name="getTransferByteCount" ref="0x40d89e90" scoped=""/>
        <function-ref name="getTransmitReceiveMode" ref="0x40d88010" scoped=""/>
        <function-ref name="clearModeI2C" ref="0x40d880f0" scoped=""/>
        <function-ref name="setOwnAddress" ref="0x40d881d0" scoped=""/>
        <function-ref name="isI2C" ref="0x40d882b0" scoped=""/>
        <function-ref name="enableGeneralCall" ref="0x40d88390" scoped=""/>
        <function-ref name="enableOwnAddress" ref="0x40d88470" scoped=""/>
        <function-ref name="isAccessReadyPending" ref="0x40d88650" scoped=""/>
        <function-ref name="isArbitrationLostPending" ref="0x40d88730" scoped=""/>
        <function-ref name="disableReceiveReady" ref="0x40d88810" scoped=""/>
        <function-ref name="disableNoAck" ref="0x40d888f0" scoped=""/>
        <function-ref name="disableStartDetect" ref="0x40d889d0" scoped=""/>
        <function-ref name="enableArbitrationLost" ref="0x40d88ab0" scoped=""/>
        <function-ref name="disableI2C" ref="0x40d88b90" scoped=""/>
        <function-ref name="getShiftClock" ref="0x40d88c70" scoped=""/>
        <function-ref name="disableArbitrationLost" ref="0x40d88d50" scoped=""/>
        <function-ref name="disableAccessReady" ref="0x40d88e30" scoped=""/>
        <function-ref name="setTransferByteCount" ref="0x40d88f10" scoped=""/>
        <function-ref name="isOwnAddressPending" ref="0x40d87010" scoped=""/>
        <function-ref name="getOwnAddress" ref="0x40d870f0" scoped=""/>
        <function-ref name="enableTransmitReady" ref="0x40d871d0" scoped=""/>
        <function-ref name="setModeI2C" ref="0x40d872b0" scoped=""/>
        <function-ref name="getStartBit" ref="0x40d87390" scoped=""/>
        <function-ref name="setWordMode" ref="0x40d87470" scoped=""/>
        <function-ref name="setData" ref="0x40d87550" scoped=""/>
        <function-ref name="isStartDetectPending" ref="0x40d87630" scoped=""/>
        <function-ref name="getClockSource" ref="0x40d87710" scoped=""/>
        <function-ref name="getWordMode" ref="0x40d877f0" scoped=""/>
        <function-ref name="setShiftClock" ref="0x40d878d0" scoped=""/>
        <function-ref name="setSlaveMode" ref="0x40d879b0" scoped=""/>
        <function-ref name="enableNoAck" ref="0x40d87a90" scoped=""/>
        <function-ref name="enableReceiveReady" ref="0x40d87d70" scoped=""/>
        <function-ref name="disableGeneralCall" ref="0x40d87e50" scoped=""/>
        <function-ref name="setClockPrescaler" ref="0x40d86010" scoped=""/>
        <function-ref name="setStopBit" ref="0x40d860f0" scoped=""/>
        <function-ref name="setReceiveMode" ref="0x40d861d0" scoped=""/>
        <function-ref name="isNoAckPending" ref="0x40d862b0" scoped=""/>
        <function-ref name="setRepeatMode" ref="0x40d86390" scoped=""/>
        <function-ref name="isTransmitReadyPending" ref="0x40d86470" scoped=""/>
        <function-ref name="setStartByte" ref="0x40d86550" scoped=""/>
        <function-ref name="isReceiveReadyPending" ref="0x40d86630" scoped=""/>
      </interface-functions>
    </interface><interface loc="40:/home/zly/tinyos-main/tos/chips/msp430/usart/Msp430UsartShare0P.nc" name="I2CInterrupts" provided="1" ref="0x40d2a980">
      <component-ref nicename="tos.chips.msp430.usart.Msp430UsartShare0P" qname="Msp430UsartShare0P"/>
      <type-interface alignment="I:2" size="I:2"><interface-ref name="I2CInterrupts" ref="0x40d2a980" scoped=""/></type-interface>
      <instance>
        <interfacedef-ref nicename="tos.chips.msp430.usart.HplMsp430I2CInterrupts" qname="HplMsp430I2CInterrupts"/>
      </instance>
      <interface-parameters>
        <type-int alignment="I:1" cname="unsigned char" size="I:1" unsigned="">
          <typename><typedef-ref name="uint8_t" ref="0x40212dc8"/></typename>
        </type-int>
      </interface-parameters>
      <interface-functions>
        <function-ref name="fired" ref="0x40d2ab58" scoped=""/>
      </interface-functions>
    </interface><interface loc="41:/home/zly/tinyos-main/tos/chips/msp430/usart/Msp430UsartShare0P.nc" name="Resource" provided="1" ref="0x40d29010">
      <component-ref nicename="tos.chips.msp430.usart.Msp430UsartShare0P" qname="Msp430UsartShare0P"/>
      <type-interface alignment="I:2" size="I:2"><interface-ref name="Resource" ref="0x40d29010" scoped=""/></type-interface>
      <instance>
        <interfacedef-ref nicename="tos.interfaces.Resource" qname="Resource"/>
      </instance>
      <interface-parameters>
        <type-int alignment="I:1" cname="unsigned char" size="I:1" unsigned="">
          <typename><typedef-ref name="uint8_t" ref="0x40212dc8"/></typename>
        </type-int>
      </interface-parameters>
      <interface-functions>
        <function-ref name="release" ref="0x40d291e8" scoped=""/>
        <function-ref name="immediateRequest" ref="0x40d292c8" scoped=""/>
        <function-ref name="request" ref="0x40d293a8" scoped=""/>
        <function-ref name="granted" ref="0x40d29488" scoped=""/>
        <function-ref name="isOwner" ref="0x40d29568" scoped=""/>
      </interface-functions>
    </interface><interface loc="43:/home/zly/tinyos-main/tos/chips/msp430/usart/Msp430UsartShare0P.nc" name="ArbiterInfo" provided="1" ref="0x40d29ee0">
      <component-ref nicename="tos.chips.msp430.usart.Msp430UsartShare0P" qname="Msp430UsartShare0P"/>
      <type-interface alignment="I:2" size="I:2"><interface-ref name="ArbiterInfo" ref="0x40d29ee0" scoped=""/></type-interface>
      <instance>
        <interfacedef-ref nicename="tos.interfaces.ArbiterInfo" qname="ArbiterInfo"/>
      </instance>
      <interface-functions>
        <function-ref name="inUse" ref="0x40d280e0" scoped=""/>
        <function-ref name="userId" ref="0x40d281c0" scoped=""/>
      </interface-functions>
    </interface><interface loc="39:/home/zly/tinyos-main/tos/chips/msp430/usart/Msp430UsartShare0P.nc" name="Interrupts" provided="1" ref="0x40d2a100">
      <component-ref nicename="tos.chips.msp430.usart.Msp430UsartShare0P" qname="Msp430UsartShare0P"/>
      <type-interface alignment="I:2" size="I:2"><interface-ref name="Interrupts" ref="0x40d2a100" scoped=""/></type-interface>
      <instance>
        <interfacedef-ref nicename="tos.chips.msp430.usart.HplMsp430UsartInterrupts" qname="HplMsp430UsartInterrupts"/>
      </instance>
      <interface-parameters>
        <type-int alignment="I:1" cname="unsigned char" size="I:1" unsigned="">
          <typename><typedef-ref name="uint8_t" ref="0x40212dc8"/></typename>
        </type-int>
      </interface-parameters>
      <interface-functions>
        <function-ref name="rxDone" ref="0x40d2a2d8" scoped=""/>
        <function-ref name="txDone" ref="0x40d2a3b8" scoped=""/>
      </interface-functions>
    </interface><interface loc="42:/home/zly/tinyos-main/tos/chips/msp430/usart/Msp430UsartShare0P.nc" name="ResourceRequested" provided="1" ref="0x40d29a58">
      <component-ref nicename="tos.chips.msp430.usart.Msp430UsartShare0P" qname="Msp430UsartShare0P"/>
      <type-interface alignment="I:2" size="I:2"><interface-ref name="ResourceRequested" ref="0x40d29a58" scoped=""/></type-interface>
      <instance>
        <interfacedef-ref nicename="tos.interfaces.ResourceRequested" qname="ResourceRequested"/>
      </instance>
      <interface-parameters>
        <type-int alignment="I:1" cname="unsigned char" size="I:1" unsigned="">
          <typename><typedef-ref name="uint8_t" ref="0x40212dc8"/></typename>
        </type-int>
      </interface-parameters>
      <interface-functions>
        <function-ref name="requested" ref="0x40d29c30" scoped=""/>
        <function-ref name="immediateRequested" ref="0x40d29d10" scoped=""/>
      </interface-functions>
    </interface><component loc="37:/home/zly/tinyos-main/tos/chips/msp430/usart/Msp430UsartShare0P.nc" nicename="tos.chips.msp430.usart.Msp430UsartShare0P" qname="Msp430UsartShare0P">
      <documentation loc="32:/home/zly/tinyos-main/tos/chips/msp430/usart/Msp430UsartShare0P.nc">
        <short>
 </short>
        <long>
 @author Jonathan Hui &lt;jhui@archedrock.com&gt;
 @version $Revision: 1.5 $ $Date: 2008-05-21 22:11:57 $
</long>
      </documentation>
      <configuration/>
      <wiring>
        <wire loc="56:/home/zly/tinyos-main/tos/chips/msp430/usart/Msp430UsartShare0P.nc">
          <from><interface-ref name="ResourceRequested" ref="0x40d29a58" scoped=""/></from>
          <to><interface-ref name="ResourceRequested" ref="0x40d46068" scoped=""/></to>
        </wire>
        <wire loc="51:/home/zly/tinyos-main/tos/chips/msp430/usart/Msp430UsartShare0P.nc">
          <from><interface-ref name="Interrupts" ref="0x40d2a100" scoped=""/></from>
          <to><interface-ref name="Interrupts" ref="0x40d4aec8" scoped=""/></to>
        </wire>
        <wire loc="55:/home/zly/tinyos-main/tos/chips/msp430/usart/Msp430UsartShare0P.nc">
          <from><interface-ref name="Resource" ref="0x40d29010" scoped=""/></from>
          <to><interface-ref name="Resource" ref="0x40d47908" scoped=""/></to>
        </wire>
        <wire loc="52:/home/zly/tinyos-main/tos/chips/msp430/usart/Msp430UsartShare0P.nc">
          <from><interface-ref name="I2CInterrupts" ref="0x40d2a980" scoped=""/></from>
          <to><interface-ref name="I2CInterrupts" ref="0x40d263b8" scoped=""/></to>
        </wire>
        <wire loc="58:/home/zly/tinyos-main/tos/chips/msp430/usart/Msp430UsartShare0P.nc">
          <from><interface-ref name="ArbiterInfo" ref="0x40d29ee0" scoped=""/></from>
          <to><interface-ref name="ArbiterInfo" ref="0x40d46b08" scoped=""/></to>
        </wire>
        <wire loc="57:/home/zly/tinyos-main/tos/chips/msp430/usart/Msp430UsartShare0P.nc">
          <from><interface-ref name="ResourceConfigure" ref="0x40d8f010" scoped=""/></from>
          <to><interface-ref name="ResourceConfigure" ref="0x40d286b0" scoped=""/></to>
        </wire>
        <wire loc="59:/home/zly/tinyos-main/tos/chips/msp430/usart/Msp430UsartShare0P.nc">
          <from><interface-ref name="ArbiterInfo" ref="0x40d26e90" scoped=""/></from>
          <to><interface-ref name="ArbiterInfo" ref="0x40d46b08" scoped=""/></to>
        </wire>
        <wire loc="62:/home/zly/tinyos-main/tos/chips/msp430/usart/Msp430UsartShare0P.nc">
          <from><interface-ref name="RawInterrupts" ref="0x40d26720" scoped=""/></from>
          <to><interface-ref name="HplMsp430UsartInterrupts" ref="0x40c945e8" scoped=""/></to>
        </wire>
        <wire loc="63:/home/zly/tinyos-main/tos/chips/msp430/usart/Msp430UsartShare0P.nc">
          <from><interface-ref name="RawI2CInterrupts" ref="0x40d26b58" scoped=""/></from>
          <to><interface-ref name="HplMsp430I2CInterrupts" ref="0x40c90230" scoped=""/></to>
        </wire>
      </wiring>
    </component><component loc="2:/home/zly/tinyos-main/tos/chips/msp430/usart/HplMsp430I2C0C.nc" nicename="tos.chips.msp430.usart.HplMsp430I2C0C" qname="HplMsp430I2C0C">
      <configuration/>
      <wiring>
        <wire loc="11:/home/zly/tinyos-main/tos/chips/msp430/usart/HplMsp430I2C0C.nc">
          <from><interface-ref name="HplMsp430I2C" ref="0x40d8cbb0" scoped=""/></from>
          <to><interface-ref name="HplI2C" ref="0x40d83030" scoped=""/></to>
        </wire>
        <wire loc="14:/home/zly/tinyos-main/tos/chips/msp430/usart/HplMsp430I2C0C.nc">
          <from><interface-ref name="HplI2C" ref="0x40ca01e8" scoped=""/></from>
          <to><interface-ref name="HplI2C" ref="0x40d83030" scoped=""/></to>
        </wire>
        <wire loc="15:/home/zly/tinyos-main/tos/chips/msp430/usart/HplMsp430I2C0C.nc">
          <from><interface-ref name="HplUsart" ref="0x40d80c58" scoped=""/></from>
          <to><interface-ref name="Usart" ref="0x40c8f010" scoped=""/></to>
        </wire>
        <wire loc="18:/home/zly/tinyos-main/tos/chips/msp430/usart/HplMsp430I2C0C.nc">
          <from><interface-ref name="SIMO" ref="0x40dad518" scoped=""/></from>
          <to><interface-ref name="SIMO0" ref="0x409ebd80" scoped=""/></to>
        </wire>
        <wire loc="19:/home/zly/tinyos-main/tos/chips/msp430/usart/HplMsp430I2C0C.nc">
          <from><interface-ref name="UCLK" ref="0x40dac678" scoped=""/></from>
          <to><interface-ref name="UCLK0" ref="0x409e71a0" scoped=""/></to>
        </wire>
      </wiring>
    </component><component loc="74:/home/zly/tinyos-main/tos/chips/msp430/usart/HplMsp430Usart0C.nc" nicename="tos.chips.msp430.usart.HplMsp430Usart0C" qname="HplMsp430Usart0C">
      <documentation loc="31:/home/zly/tinyos-main/tos/chips/msp430/usart/msp430usart.h">
        <short>
 </short>
        <long>
 @author Vlado Handziski &lt;handzisk@tkn.tu-berlin.de&gt;
 @author Philipp Huppertz &lt;huppertz@tkn.tu-berlin.de&gt;
</long>
      </documentation>
      <configuration/>
      <wiring>
        <wire loc="87:/home/zly/tinyos-main/tos/chips/msp430/usart/HplMsp430Usart0C.nc">
          <from><interface-ref name="HplMsp430I2CInterrupts" ref="0x40c90230" scoped=""/></from>
          <to><interface-ref name="I2CInterrupts" ref="0x40c8deb0" scoped=""/></to>
        </wire>
        <wire loc="86:/home/zly/tinyos-main/tos/chips/msp430/usart/HplMsp430Usart0C.nc">
          <from><interface-ref name="HplMsp430UsartInterrupts" ref="0x40c945e8" scoped=""/></from>
          <to><interface-ref name="Interrupts" ref="0x40c8d910" scoped=""/></to>
        </wire>
        <wire loc="85:/home/zly/tinyos-main/tos/chips/msp430/usart/HplMsp430Usart0C.nc">
          <from><interface-ref name="HplMsp430Usart" ref="0x40c99cb8" scoped=""/></from>
          <to><interface-ref name="Usart" ref="0x40c8f010" scoped=""/></to>
        </wire>
        <wire loc="90:/home/zly/tinyos-main/tos/chips/msp430/usart/HplMsp430Usart0C.nc">
          <from><interface-ref name="SIMO" ref="0x40c9fd38" scoped=""/></from>
          <to><interface-ref name="SIMO0" ref="0x409ebd80" scoped=""/></to>
        </wire>
        <wire loc="91:/home/zly/tinyos-main/tos/chips/msp430/usart/HplMsp430Usart0C.nc">
          <from><interface-ref name="SOMI" ref="0x40ccae58" scoped=""/></from>
          <to><interface-ref name="SOMI0" ref="0x409e8068" scoped=""/></to>
        </wire>
        <wire loc="92:/home/zly/tinyos-main/tos/chips/msp430/usart/HplMsp430Usart0C.nc">
          <from><interface-ref name="UCLK" ref="0x40cc8010" scoped=""/></from>
          <to><interface-ref name="UCLK0" ref="0x409e71a0" scoped=""/></to>
        </wire>
        <wire loc="93:/home/zly/tinyos-main/tos/chips/msp430/usart/HplMsp430Usart0C.nc">
          <from><interface-ref name="URXD" ref="0x40cc7168" scoped=""/></from>
          <to><interface-ref name="URXD0" ref="0x409e4680" scoped=""/></to>
        </wire>
        <wire loc="94:/home/zly/tinyos-main/tos/chips/msp430/usart/HplMsp430Usart0C.nc">
          <from><interface-ref name="UTXD" ref="0x40cc6280" scoped=""/></from>
          <to><interface-ref name="UTXD0" ref="0x409e54c0" scoped=""/></to>
        </wire>
      </wiring>
    </component></referenced></component>