<?xml version="1.0" ?><component loc="74:/home/zly/tinyos-main/tos/chips/msp430/usart/HplMsp430Usart0P.nc" nicename="tos.chips.msp430.usart.HplMsp430Usart0P" qname="HplMsp430Usart0P" safe="">
      <documentation loc="62:/home/zly/tinyos-main/tos/chips/msp430/usart/HplMsp430Usart0P.nc">
        <short>
 Implementation of USART0 lowlevel functionality - stateless.</short>
        <long>
 Implementation of USART0 lowlevel functionality - stateless.
 Setting a mode will by default disable USART-Interrupts.

 @author: Jan Hauer &lt;hauer@tkn.tu-berlin.de&gt;
 @author: Jonathan Hui &lt;jhui@archedrock.com&gt;
 @author: Vlado Handziski &lt;handzisk@tkn.tu-berlin.de&gt;
 @author: Joe Polastre
 @author: Philipp Huppertz &lt;huppertz@tkn.tu-berlin.de&gt;
 @version $Revision: 1.8 $ $Date: 2010-06-04 22:30:21 $
</long>
      </documentation>
      <module/>
    <specification><interface loc="82:/home/zly/tinyos-main/tos/chips/msp430/usart/HplMsp430Usart0P.nc" name="UCLK" provided="0" ref="0x40cc8010">
      <component-ref nicename="tos.chips.msp430.usart.HplMsp430Usart0P" qname="HplMsp430Usart0P"/>
      <type-interface alignment="I:2" size="I:2"><interface-ref name="UCLK" ref="0x40cc8010" scoped=""/></type-interface>
      <instance>
        <interfacedef-ref nicename="tos.chips.msp430.pins.HplMsp430GeneralIO" qname="HplMsp430GeneralIO"/>
      </instance>
      <interface-functions>
        <function-ref name="makeInput" ref="0x40cc81e8" scoped=""/>
        <function-ref name="isInput" ref="0x40cc82c8" scoped=""/>
        <function-ref name="setResistor" ref="0x40cc83a8" scoped=""/>
        <function-ref name="toggle" ref="0x40cc8488" scoped=""/>
        <function-ref name="isOutput" ref="0x40cc8568" scoped=""/>
        <function-ref name="getResistor" ref="0x40cc8648" scoped=""/>
        <function-ref name="makeOutput" ref="0x40cc8728" scoped=""/>
        <function-ref name="get" ref="0x40cc8808" scoped=""/>
        <function-ref name="selectIOFunc" ref="0x40cc88e8" scoped=""/>
        <function-ref name="getRaw" ref="0x40cc89c8" scoped=""/>
        <function-ref name="set" ref="0x40cc8aa8" scoped=""/>
        <function-ref name="selectModuleFunc" ref="0x40cc8b88" scoped=""/>
        <function-ref name="isIOFunc" ref="0x40cc8c68" scoped=""/>
        <function-ref name="isModuleFunc" ref="0x40cc8dc8" scoped=""/>
        <function-ref name="clr" ref="0x40cc8ea8" scoped=""/>
      </interface-functions>
    </interface><interface loc="76:/home/zly/tinyos-main/tos/chips/msp430/usart/HplMsp430Usart0P.nc" name="Interrupts" provided="1" ref="0x40c8d910">
      <component-ref nicename="tos.chips.msp430.usart.HplMsp430Usart0P" qname="HplMsp430Usart0P"/>
      <type-interface alignment="I:2" size="I:2"><interface-ref name="Interrupts" ref="0x40c8d910" scoped=""/></type-interface>
      <instance>
        <interfacedef-ref nicename="tos.chips.msp430.usart.HplMsp430UsartInterrupts" qname="HplMsp430UsartInterrupts"/>
      </instance>
      <interface-functions>
        <function-ref name="rxDone" ref="0x40c8dae8" scoped=""/>
        <function-ref name="txDone" ref="0x40c8dbc8" scoped=""/>
      </interface-functions>
    </interface><interface loc="83:/home/zly/tinyos-main/tos/chips/msp430/usart/HplMsp430Usart0P.nc" name="URXD" provided="0" ref="0x40cc7168">
      <component-ref nicename="tos.chips.msp430.usart.HplMsp430Usart0P" qname="HplMsp430Usart0P"/>
      <type-interface alignment="I:2" size="I:2"><interface-ref name="URXD" ref="0x40cc7168" scoped=""/></type-interface>
      <instance>
        <interfacedef-ref nicename="tos.chips.msp430.pins.HplMsp430GeneralIO" qname="HplMsp430GeneralIO"/>
      </instance>
      <interface-functions>
        <function-ref name="makeInput" ref="0x40cc7340" scoped=""/>
        <function-ref name="isInput" ref="0x40cc7420" scoped=""/>
        <function-ref name="setResistor" ref="0x40cc7500" scoped=""/>
        <function-ref name="toggle" ref="0x40cc75e0" scoped=""/>
        <function-ref name="isOutput" ref="0x40cc76c0" scoped=""/>
        <function-ref name="getResistor" ref="0x40cc77a0" scoped=""/>
        <function-ref name="makeOutput" ref="0x40cc7880" scoped=""/>
        <function-ref name="get" ref="0x40cc7960" scoped=""/>
        <function-ref name="selectIOFunc" ref="0x40cc7a40" scoped=""/>
        <function-ref name="getRaw" ref="0x40cc7b20" scoped=""/>
        <function-ref name="set" ref="0x40cc7c00" scoped=""/>
        <function-ref name="selectModuleFunc" ref="0x40cc7ce0" scoped=""/>
        <function-ref name="isIOFunc" ref="0x40cc7dc0" scoped=""/>
        <function-ref name="isModuleFunc" ref="0x40cc7f20" scoped=""/>
        <function-ref name="clr" ref="0x40cc6018" scoped=""/>
      </interface-functions>
    </interface><interface loc="84:/home/zly/tinyos-main/tos/chips/msp430/usart/HplMsp430Usart0P.nc" name="UTXD" provided="0" ref="0x40cc6280">
      <component-ref nicename="tos.chips.msp430.usart.HplMsp430Usart0P" qname="HplMsp430Usart0P"/>
      <type-interface alignment="I:2" size="I:2"><interface-ref name="UTXD" ref="0x40cc6280" scoped=""/></type-interface>
      <instance>
        <interfacedef-ref nicename="tos.chips.msp430.pins.HplMsp430GeneralIO" qname="HplMsp430GeneralIO"/>
      </instance>
      <interface-functions>
        <function-ref name="makeInput" ref="0x40cc6458" scoped=""/>
        <function-ref name="isInput" ref="0x40cc6538" scoped=""/>
        <function-ref name="setResistor" ref="0x40cc6618" scoped=""/>
        <function-ref name="toggle" ref="0x40cc66f8" scoped=""/>
        <function-ref name="isOutput" ref="0x40cc67d8" scoped=""/>
        <function-ref name="getResistor" ref="0x40cc68b8" scoped=""/>
        <function-ref name="makeOutput" ref="0x40cc6998" scoped=""/>
        <function-ref name="get" ref="0x40cc6a78" scoped=""/>
        <function-ref name="selectIOFunc" ref="0x40cc6b58" scoped=""/>
        <function-ref name="getRaw" ref="0x40cc6c38" scoped=""/>
        <function-ref name="set" ref="0x40cc6d18" scoped=""/>
        <function-ref name="selectModuleFunc" ref="0x40cc6df8" scoped=""/>
        <function-ref name="isIOFunc" ref="0x40cc6ed8" scoped=""/>
        <function-ref name="isModuleFunc" ref="0x40cc5090" scoped=""/>
        <function-ref name="clr" ref="0x40cc5170" scoped=""/>
      </interface-functions>
    </interface><interface loc="75:/home/zly/tinyos-main/tos/chips/msp430/usart/HplMsp430Usart0P.nc" name="Usart" provided="1" ref="0x40c8f010">
      <component-ref nicename="tos.chips.msp430.usart.HplMsp430Usart0P" qname="HplMsp430Usart0P"/>
      <type-interface alignment="I:2" size="I:2"><interface-ref name="Usart" ref="0x40c8f010" scoped=""/></type-interface>
      <instance>
        <interfacedef-ref nicename="tos.chips.msp430.usart.HplMsp430Usart" qname="HplMsp430Usart"/>
      </instance>
      <interface-functions>
        <function-ref name="isTxEmpty" ref="0x40c8f1e8" scoped=""/>
        <function-ref name="enableUartRx" ref="0x40c8f2c8" scoped=""/>
        <function-ref name="setUctl" ref="0x40c8f3a8" scoped=""/>
        <function-ref name="enableUart" ref="0x40c8f488" scoped=""/>
        <function-ref name="setUrctl" ref="0x40c8f568" scoped=""/>
        <function-ref name="enableRxIntr" ref="0x40c8f648" scoped=""/>
        <function-ref name="clrRxIntr" ref="0x40c8f728" scoped=""/>
        <function-ref name="getUtctl" ref="0x40c8f808" scoped=""/>
        <function-ref name="getUrctl" ref="0x40c8f8e8" scoped=""/>
        <function-ref name="resetUsart" ref="0x40c8f9c8" scoped=""/>
        <function-ref name="getUmctl" ref="0x40c8faa8" scoped=""/>
        <function-ref name="disableIntr" ref="0x40c8fb88" scoped=""/>
        <function-ref name="setUtctl" ref="0x40c8fc68" scoped=""/>
        <function-ref name="getUbr" ref="0x40c8fdc8" scoped=""/>
        <function-ref name="enableTxIntr" ref="0x40c8fea8" scoped=""/>
        <function-ref name="setUmctl" ref="0x40c8e010" scoped=""/>
        <function-ref name="isUartRx" ref="0x40c8e0f0" scoped=""/>
        <function-ref name="isUart" ref="0x40c8e1d0" scoped=""/>
        <function-ref name="disableRxIntr" ref="0x40c8e2b0" scoped=""/>
        <function-ref name="isSpi" ref="0x40c8e390" scoped=""/>
        <function-ref name="enableUartTx" ref="0x40c8e470" scoped=""/>
        <function-ref name="disableTxIntr" ref="0x40c8e550" scoped=""/>
        <function-ref name="disableUartRx" ref="0x40c8e630" scoped=""/>
        <function-ref name="enableIntr" ref="0x40c8e710" scoped=""/>
        <function-ref name="getMode" ref="0x40c8e7f0" scoped=""/>
        <function-ref name="isTxIntrPending" ref="0x40c8e9d0" scoped=""/>
        <function-ref name="clrIntr" ref="0x40c8eab0" scoped=""/>
        <function-ref name="setUbr" ref="0x40c8eb90" scoped=""/>
        <function-ref name="tx" ref="0x40c8ec70" scoped=""/>
        <function-ref name="getUctl" ref="0x40c8ed50" scoped=""/>
        <function-ref name="disableUart" ref="0x40c8ee30" scoped=""/>
        <function-ref name="enableSpi" ref="0x40c8ef10" scoped=""/>
        <function-ref name="setModeUart" ref="0x40c8d010" scoped=""/>
        <function-ref name="setModeSpi" ref="0x40c8d0f0" scoped=""/>
        <function-ref name="rx" ref="0x40c8d1d0" scoped=""/>
        <function-ref name="isRxIntrPending" ref="0x40c8d2b0" scoped=""/>
        <function-ref name="isUartTx" ref="0x40c8d390" scoped=""/>
        <function-ref name="clrTxIntr" ref="0x40c8d470" scoped=""/>
        <function-ref name="disableSpi" ref="0x40c8d550" scoped=""/>
        <function-ref name="disableUartTx" ref="0x40c8d630" scoped=""/>
      </interface-functions>
    </interface><interface loc="79:/home/zly/tinyos-main/tos/chips/msp430/usart/HplMsp430Usart0P.nc" name="HplI2C" provided="0" ref="0x40ca01e8">
      <component-ref nicename="tos.chips.msp430.usart.HplMsp430Usart0P" qname="HplMsp430Usart0P"/>
      <type-interface alignment="I:2" size="I:2"><interface-ref name="HplI2C" ref="0x40ca01e8" scoped=""/></type-interface>
      <instance>
        <interfacedef-ref nicename="tos.chips.msp430.usart.HplMsp430I2C" qname="HplMsp430I2C"/>
      </instance>
      <interface-functions>
        <function-ref name="disableOwnAddress" ref="0x40ca03c0" scoped=""/>
        <function-ref name="getStartByte" ref="0x40ca04a0" scoped=""/>
        <function-ref name="setSlaveAddress" ref="0x40ca0580" scoped=""/>
        <function-ref name="setMasterMode" ref="0x40ca0660" scoped=""/>
        <function-ref name="disableTransmitReady" ref="0x40ca0740" scoped=""/>
        <function-ref name="getClockPrescaler" ref="0x40ca0820" scoped=""/>
        <function-ref name="setTransmitMode" ref="0x40ca0900" scoped=""/>
        <function-ref name="getStopBit" ref="0x40ca09e0" scoped=""/>
        <function-ref name="setClockSource" ref="0x40ca0ac0" scoped=""/>
        <function-ref name="getRepeatMode" ref="0x40ca0ba0" scoped=""/>
        <function-ref name="getData" ref="0x40ca0c80" scoped=""/>
        <function-ref name="enableStartDetect" ref="0x40ca0d60" scoped=""/>
        <function-ref name="enableAccessReady" ref="0x40ca0e40" scoped=""/>
        <function-ref name="getSlaveAddress" ref="0x40c8b010" scoped=""/>
        <function-ref name="isGeneralCallPending" ref="0x40c8b0f0" scoped=""/>
        <function-ref name="getIV" ref="0x40c8b1d0" scoped=""/>
        <function-ref name="enableI2C" ref="0x40c8b2b0" scoped=""/>
        <function-ref name="setStartBit" ref="0x40c8b390" scoped=""/>
        <function-ref name="getTransferByteCount" ref="0x40c8b470" scoped=""/>
        <function-ref name="getTransmitReceiveMode" ref="0x40c8b550" scoped=""/>
        <function-ref name="clearModeI2C" ref="0x40c8b630" scoped=""/>
        <function-ref name="setOwnAddress" ref="0x40c8b710" scoped=""/>
        <function-ref name="isI2C" ref="0x40c8b7f0" scoped=""/>
        <function-ref name="enableGeneralCall" ref="0x40c8b8d0" scoped=""/>
        <function-ref name="enableOwnAddress" ref="0x40c8b9b0" scoped=""/>
        <function-ref name="isAccessReadyPending" ref="0x40c8bb90" scoped=""/>
        <function-ref name="isArbitrationLostPending" ref="0x40c8bc70" scoped=""/>
        <function-ref name="disableReceiveReady" ref="0x40c8bd50" scoped=""/>
        <function-ref name="disableNoAck" ref="0x40c8be30" scoped=""/>
        <function-ref name="disableStartDetect" ref="0x40c8bf10" scoped=""/>
        <function-ref name="enableArbitrationLost" ref="0x40c8a010" scoped=""/>
        <function-ref name="disableI2C" ref="0x40c8a0f0" scoped=""/>
        <function-ref name="getShiftClock" ref="0x40c8a1d0" scoped=""/>
        <function-ref name="disableArbitrationLost" ref="0x40c8a2b0" scoped=""/>
        <function-ref name="disableAccessReady" ref="0x40c8a390" scoped=""/>
        <function-ref name="setTransferByteCount" ref="0x40c8a470" scoped=""/>
        <function-ref name="isOwnAddressPending" ref="0x40c8a550" scoped=""/>
        <function-ref name="getOwnAddress" ref="0x40c8a630" scoped=""/>
        <function-ref name="enableTransmitReady" ref="0x40c8a710" scoped=""/>
        <function-ref name="setModeI2C" ref="0x40c8a7f0" scoped=""/>
        <function-ref name="getStartBit" ref="0x40c8a8d0" scoped=""/>
        <function-ref name="setWordMode" ref="0x40c8a9b0" scoped=""/>
        <function-ref name="setData" ref="0x40c8aa90" scoped=""/>
        <function-ref name="isStartDetectPending" ref="0x40c8ab70" scoped=""/>
        <function-ref name="getClockSource" ref="0x40c8ac50" scoped=""/>
        <function-ref name="getWordMode" ref="0x40c8ad30" scoped=""/>
        <function-ref name="setShiftClock" ref="0x40c8ae10" scoped=""/>
        <function-ref name="setSlaveMode" ref="0x40c8aef0" scoped=""/>
        <function-ref name="enableNoAck" ref="0x40c9f010" scoped=""/>
        <function-ref name="enableReceiveReady" ref="0x40c9f2f0" scoped=""/>
        <function-ref name="disableGeneralCall" ref="0x40c9f3d0" scoped=""/>
        <function-ref name="setClockPrescaler" ref="0x40c9f4b0" scoped=""/>
        <function-ref name="setStopBit" ref="0x40c9f590" scoped=""/>
        <function-ref name="setReceiveMode" ref="0x40c9f670" scoped=""/>
        <function-ref name="isNoAckPending" ref="0x40c9f750" scoped=""/>
        <function-ref name="setRepeatMode" ref="0x40c9f830" scoped=""/>
        <function-ref name="isTransmitReadyPending" ref="0x40c9f910" scoped=""/>
        <function-ref name="setStartByte" ref="0x40c9f9f0" scoped=""/>
        <function-ref name="isReceiveReadyPending" ref="0x40c9fad0" scoped=""/>
      </interface-functions>
    </interface><interface loc="81:/home/zly/tinyos-main/tos/chips/msp430/usart/HplMsp430Usart0P.nc" name="SOMI" provided="0" ref="0x40ccae58">
      <component-ref nicename="tos.chips.msp430.usart.HplMsp430Usart0P" qname="HplMsp430Usart0P"/>
      <type-interface alignment="I:2" size="I:2"><interface-ref name="SOMI" ref="0x40ccae58" scoped=""/></type-interface>
      <instance>
        <interfacedef-ref nicename="tos.chips.msp430.pins.HplMsp430GeneralIO" qname="HplMsp430GeneralIO"/>
      </instance>
      <interface-functions>
        <function-ref name="makeInput" ref="0x40cc9050" scoped=""/>
        <function-ref name="isInput" ref="0x40cc9130" scoped=""/>
        <function-ref name="setResistor" ref="0x40cc9210" scoped=""/>
        <function-ref name="toggle" ref="0x40cc92f0" scoped=""/>
        <function-ref name="isOutput" ref="0x40cc93d0" scoped=""/>
        <function-ref name="getResistor" ref="0x40cc94b0" scoped=""/>
        <function-ref name="makeOutput" ref="0x40cc9590" scoped=""/>
        <function-ref name="get" ref="0x40cc9670" scoped=""/>
        <function-ref name="selectIOFunc" ref="0x40cc9750" scoped=""/>
        <function-ref name="getRaw" ref="0x40cc9830" scoped=""/>
        <function-ref name="set" ref="0x40cc9910" scoped=""/>
        <function-ref name="selectModuleFunc" ref="0x40cc99f0" scoped=""/>
        <function-ref name="isIOFunc" ref="0x40cc9ad0" scoped=""/>
        <function-ref name="isModuleFunc" ref="0x40cc9c30" scoped=""/>
        <function-ref name="clr" ref="0x40cc9d10" scoped=""/>
      </interface-functions>
    </interface><interface loc="77:/home/zly/tinyos-main/tos/chips/msp430/usart/HplMsp430Usart0P.nc" name="I2CInterrupts" provided="1" ref="0x40c8deb0">
      <component-ref nicename="tos.chips.msp430.usart.HplMsp430Usart0P" qname="HplMsp430Usart0P"/>
      <type-interface alignment="I:2" size="I:2"><interface-ref name="I2CInterrupts" ref="0x40c8deb0" scoped=""/></type-interface>
      <instance>
        <interfacedef-ref nicename="tos.chips.msp430.usart.HplMsp430I2CInterrupts" qname="HplMsp430I2CInterrupts"/>
      </instance>
      <interface-functions>
        <function-ref name="fired" ref="0x40c8c0c0" scoped=""/>
      </interface-functions>
    </interface><interface loc="80:/home/zly/tinyos-main/tos/chips/msp430/usart/HplMsp430Usart0P.nc" name="SIMO" provided="0" ref="0x40c9fd38">
      <component-ref nicename="tos.chips.msp430.usart.HplMsp430Usart0P" qname="HplMsp430Usart0P"/>
      <type-interface alignment="I:2" size="I:2"><interface-ref name="SIMO" ref="0x40c9fd38" scoped=""/></type-interface>
      <instance>
        <interfacedef-ref nicename="tos.chips.msp430.pins.HplMsp430GeneralIO" qname="HplMsp430GeneralIO"/>
      </instance>
      <interface-functions>
        <function-ref name="makeInput" ref="0x40c9ff10" scoped=""/>
        <function-ref name="isInput" ref="0x40cca010" scoped=""/>
        <function-ref name="setResistor" ref="0x40cca0f0" scoped=""/>
        <function-ref name="toggle" ref="0x40cca1d0" scoped=""/>
        <function-ref name="isOutput" ref="0x40cca2b0" scoped=""/>
        <function-ref name="getResistor" ref="0x40cca390" scoped=""/>
        <function-ref name="makeOutput" ref="0x40cca470" scoped=""/>
        <function-ref name="get" ref="0x40cca550" scoped=""/>
        <function-ref name="selectIOFunc" ref="0x40cca630" scoped=""/>
        <function-ref name="getRaw" ref="0x40cca710" scoped=""/>
        <function-ref name="set" ref="0x40cca7f0" scoped=""/>
        <function-ref name="selectModuleFunc" ref="0x40cca8d0" scoped=""/>
        <function-ref name="isIOFunc" ref="0x40cca9b0" scoped=""/>
        <function-ref name="isModuleFunc" ref="0x40ccab10" scoped=""/>
        <function-ref name="clr" ref="0x40ccabf0" scoped=""/>
      </interface-functions>
    </interface></specification><referenced/></component>