<?xml version="1.0" ?><component loc="1:/home/zly/tinyos-main/tos/platforms/telosa/TelosSerialP.nc" nicename="tos.platforms.telosa.TelosSerialP" qname="TelosSerialP">
      <module/>
    <specification><interface loc="3:/home/zly/tinyos-main/tos/platforms/telosa/TelosSerialP.nc" name="Msp430UartConfigure" provided="1" ref="0x4130da48">
      <component-ref nicename="tos.platforms.telosa.TelosSerialP" qname="TelosSerialP"/>
      <type-interface alignment="I:2" size="I:2"><interface-ref name="Msp430UartConfigure" ref="0x4130da48" scoped=""/></type-interface>
      <instance>
        <interfacedef-ref nicename="tos.chips.msp430.usart.Msp430UartConfigure" qname="Msp430UartConfigure"/>
      </instance>
      <interface-functions>
        <function-ref name="getConfig" ref="0x4130dc20" scoped=""/>
      </interface-functions>
    </interface><interface loc="4:/home/zly/tinyos-main/tos/platforms/telosa/TelosSerialP.nc" name="Resource" provided="0" ref="0x4130ddd8">
      <component-ref nicename="tos.platforms.telosa.TelosSerialP" qname="TelosSerialP"/>
      <type-interface alignment="I:2" size="I:2"><interface-ref name="Resource" ref="0x4130ddd8" scoped=""/></type-interface>
      <instance>
        <interfacedef-ref nicename="tos.interfaces.Resource" qname="Resource"/>
      </instance>
      <interface-functions>
        <function-ref name="release" ref="0x4130a010" scoped=""/>
        <function-ref name="immediateRequest" ref="0x4130a0f0" scoped=""/>
        <function-ref name="request" ref="0x4130a1d0" scoped=""/>
        <function-ref name="granted" ref="0x4130a2b0" scoped=""/>
        <function-ref name="isOwner" ref="0x4130a390" scoped=""/>
      </interface-functions>
    </interface><interface loc="2:/home/zly/tinyos-main/tos/platforms/telosa/TelosSerialP.nc" name="StdControl" provided="1" ref="0x4130d570">
      <component-ref nicename="tos.platforms.telosa.TelosSerialP" qname="TelosSerialP"/>
      <type-interface alignment="I:2" size="I:2"><interface-ref name="StdControl" ref="0x4130d570" scoped=""/></type-interface>
      <instance>
        <interfacedef-ref nicename="tos.interfaces.StdControl" qname="StdControl"/>
      </instance>
      <interface-functions>
        <function-ref name="start" ref="0x4130d748" scoped=""/>
        <function-ref name="stop" ref="0x4130d828" scoped=""/>
      </interface-functions>
    </interface></specification><referenced/></component>