<?xml version="1.0" ?><component loc="11:/home/zly/tinyos-main/tos/platforms/epic/chips/ds2411/Ds2411P.nc" nicename="tos.platforms.epic.chips.ds2411.Ds2411P" qname="Ds2411P">
      <module/>
    <specification><interface loc="16:/home/zly/tinyos-main/tos/platforms/epic/chips/ds2411/Ds2411P.nc" name="OneWire" provided="0" ref="0x40e72878">
      <component-ref nicename="tos.platforms.epic.chips.ds2411.Ds2411P" qname="Ds2411P"/>
      <type-interface alignment="I:2" size="I:2"><interface-ref name="OneWire" ref="0x40e72878" scoped=""/></type-interface>
      <instance>
        <interfacedef-ref nicename="tos.platforms.epic.chips.ds2411.OneWireStream" qname="OneWireStream"/>
      </instance>
      <interface-functions>
        <function-ref name="read" ref="0x40e72a50" scoped=""/>
        <function-ref name="write" ref="0x40e72b30" scoped=""/>
      </interface-functions>
    </interface><interface loc="13:/home/zly/tinyos-main/tos/platforms/epic/chips/ds2411/Ds2411P.nc" name="ReadId48" provided="1" ref="0x40e43060">
      <component-ref nicename="tos.platforms.epic.chips.ds2411.Ds2411P" qname="Ds2411P"/>
      <type-interface alignment="I:2" size="I:2"><interface-ref name="ReadId48" ref="0x40e43060" scoped=""/></type-interface>
      <instance>
        <interfacedef-ref nicename="tos.platforms.epic.chips.ds2411.ReadId48" qname="ReadId48"/>
      </instance>
      <interface-functions>
        <function-ref name="read" ref="0x40e43238" scoped=""/>
      </interface-functions>
    </interface></specification><referenced/></component>