<?xml version="1.0" ?><component loc="7:/home/zly/tinyos-main/tos/platforms/epic/chips/ds2411/OneWireMasterC.nc" nicename="tos.platforms.epic.chips.ds2411.OneWireMasterC" qname="OneWireMasterC">
      <documentation loc="2:/home/zly/tinyos-main/tos/platforms/epic/chips/ds2411/OneWireMasterC.nc">
        <short>
 Dallas/Maxim 1wire bus master

</short>
      </documentation>
      <module/>
    <specification><interface loc="13:/home/zly/tinyos-main/tos/platforms/epic/chips/ds2411/OneWireMasterC.nc" name="BusyWait" provided="0" ref="0x40e64900">
      <component-ref nicename="tos.platforms.epic.chips.ds2411.OneWireMasterC" qname="OneWireMasterC"/>
      <type-interface alignment="I:2" size="I:2"><interface-ref name="BusyWait" ref="0x40e64900" scoped=""/></type-interface>
      <instance>
        <interfacedef-ref nicename="tos.lib.timer.BusyWait" qname="BusyWait"/>
        <arguments>
          <type-tag alignment="I:2" size="I:2"><struct-ref ref="0x40715138"/>
            <typename><typedef-ref name="TMicro" ref="0x40715300"/></typename>
          </type-tag>
          <type-int alignment="I:2" cname="unsigned int" size="I:2" unsigned="">
            <typename><typedef-ref name="uint16_t" ref="0x40213010"/></typename>
          </type-int>
        </arguments>
      </instance>
      <interface-functions>
        <function-ref name="wait" ref="0x40e66068" scoped=""/>
      </interface-functions>
    </interface><interface loc="9:/home/zly/tinyos-main/tos/platforms/epic/chips/ds2411/OneWireMasterC.nc" name="OneWire" provided="1" ref="0x40e6e850">
      <component-ref nicename="tos.platforms.epic.chips.ds2411.OneWireMasterC" qname="OneWireMasterC"/>
      <type-interface alignment="I:2" size="I:2"><interface-ref name="OneWire" ref="0x40e6e850" scoped=""/></type-interface>
      <instance>
        <interfacedef-ref nicename="tos.platforms.epic.chips.ds2411.OneWireStream" qname="OneWireStream"/>
      </instance>
      <interface-functions>
        <function-ref name="read" ref="0x40e6ea28" scoped=""/>
        <function-ref name="write" ref="0x40e6eb08" scoped=""/>
      </interface-functions>
    </interface><interface loc="12:/home/zly/tinyos-main/tos/platforms/epic/chips/ds2411/OneWireMasterC.nc" name="Pin" provided="0" ref="0x40e6ed28">
      <component-ref nicename="tos.platforms.epic.chips.ds2411.OneWireMasterC" qname="OneWireMasterC"/>
      <type-interface alignment="I:2" size="I:2"><interface-ref name="Pin" ref="0x40e6ed28" scoped=""/></type-interface>
      <instance>
        <interfacedef-ref nicename="tos.interfaces.GeneralIO" qname="GeneralIO"/>
      </instance>
      <interface-functions>
        <function-ref name="makeInput" ref="0x40e6ef00" scoped=""/>
        <function-ref name="isInput" ref="0x40e67010" scoped=""/>
        <function-ref name="toggle" ref="0x40e670f0" scoped=""/>
        <function-ref name="isOutput" ref="0x40e671d0" scoped=""/>
        <function-ref name="get" ref="0x40e672b0" scoped=""/>
        <function-ref name="makeOutput" ref="0x40e67390" scoped=""/>
        <function-ref name="set" ref="0x40e67470" scoped=""/>
        <function-ref name="clr" ref="0x40e67550" scoped=""/>
      </interface-functions>
    </interface></specification><referenced/></component>