<?xml version="1.0" ?><component abstract="" loc="43:/home/zly/tinyos-main/tos/chips/msp430/timer/Msp430AlarmC.nc" nicename="tos.chips.msp430.timer.Msp430AlarmC" qname="Msp430AlarmC" safe="">
      <documentation loc="34:/home/zly/tinyos-main/tos/chips/msp430/timer/Msp430AlarmC.nc">
        <short>
 Msp430Alarm is a generic component that wraps the MSP430 HPL timers and
 compares into a TinyOS Alarm.</short>
        <long>
 Msp430Alarm is a generic component that wraps the MSP430 HPL timers and
 compares into a TinyOS Alarm.

 @author Cory Sharp &lt;cssharp@eecs.berkeley.edu&gt;
 @see  Please refer to TEP 102 for more information about this component and its
          intended use.
</long>
      </documentation>
      <parameters>
        <typedef loc="43:/home/zly/tinyos-main/tos/chips/msp430/timer/Msp430AlarmC.nc" name="frequency_tag" ref="0x407aa438">
          <component-ref nicename="tos.chips.msp430.timer.Msp430AlarmC" qname="Msp430AlarmC"/>
          <type-var alignment="U:" size="U:"><typedef-ref name="frequency_tag" ref="0x407aa438" scoped=""/></type-var>
        </typedef>
      </parameters>
      <module/>
    <specification><interface loc="49:/home/zly/tinyos-main/tos/chips/msp430/timer/Msp430AlarmC.nc" name="Msp430Compare" provided="0" ref="0x407bb0e8">
      <component-ref nicename="tos.chips.msp430.timer.Msp430AlarmC" qname="Msp430AlarmC"/>
      <type-interface alignment="I:2" size="I:2"><interface-ref name="Msp430Compare" ref="0x407bb0e8" scoped=""/></type-interface>
      <instance>
        <interfacedef-ref nicename="tos.chips.msp430.timer.Msp430Compare" qname="Msp430Compare"/>
      </instance>
      <interface-functions>
        <function-ref name="getEvent" ref="0x407bb2c0" scoped=""/>
        <function-ref name="setEvent" ref="0x407bb3a0" scoped=""/>
        <function-ref name="setEventFromPrev" ref="0x407bb480" scoped=""/>
        <function-ref name="setEventFromNow" ref="0x407bb560" scoped=""/>
        <function-ref name="fired" ref="0x407bb640" scoped=""/>
      </interface-functions>
    </interface><interface loc="47:/home/zly/tinyos-main/tos/chips/msp430/timer/Msp430AlarmC.nc" name="Msp430Timer" provided="0" ref="0x407a58a0">
      <component-ref nicename="tos.chips.msp430.timer.Msp430AlarmC" qname="Msp430AlarmC"/>
      <type-interface alignment="I:2" size="I:2"><interface-ref name="Msp430Timer" ref="0x407a58a0" scoped=""/></type-interface>
      <instance>
        <interfacedef-ref nicename="tos.chips.msp430.timer.Msp430Timer" qname="Msp430Timer"/>
      </instance>
      <interface-functions>
        <function-ref name="clear" ref="0x407a5a78" scoped=""/>
        <function-ref name="setClockSource" ref="0x407a5b58" scoped=""/>
        <function-ref name="enableEvents" ref="0x407a5c38" scoped=""/>
        <function-ref name="get" ref="0x407a5d18" scoped=""/>
        <function-ref name="disableEvents" ref="0x407a5df8" scoped=""/>
        <function-ref name="clearOverflow" ref="0x407a5ed8" scoped=""/>
        <function-ref name="getMode" ref="0x407bc010" scoped=""/>
        <function-ref name="isOverflowPending" ref="0x407bc0f0" scoped=""/>
        <function-ref name="overflow" ref="0x407bc1d0" scoped=""/>
        <function-ref name="setMode" ref="0x407bc2b0" scoped=""/>
        <function-ref name="setInputDivider" ref="0x407bc390" scoped=""/>
      </interface-functions>
    </interface><interface loc="46:/home/zly/tinyos-main/tos/chips/msp430/timer/Msp430AlarmC.nc" name="Alarm" provided="1" ref="0x407aae90">
      <component-ref nicename="tos.chips.msp430.timer.Msp430AlarmC" qname="Msp430AlarmC"/>
      <type-interface alignment="I:2" size="I:2"><interface-ref name="Alarm" ref="0x407aae90" scoped=""/></type-interface>
      <instance>
        <interfacedef-ref nicename="tos.lib.timer.Alarm" qname="Alarm"/>
        <arguments>
          <type-var alignment="U:" size="U:"><typedef-ref name="frequency_tag" ref="0x407aa438" scoped=""/></type-var>
          <type-int alignment="I:2" cname="unsigned int" size="I:2" unsigned="">
            <typename><typedef-ref name="uint16_t" ref="0x40213010"/></typename>
          </type-int>
        </arguments>
      </instance>
      <interface-functions>
        <function-ref name="getNow" ref="0x407a5388" scoped=""/>
        <function-ref name="fired" ref="0x407a7b18" scoped=""/>
        <function-ref name="startAt" ref="0x407a5048" scoped=""/>
        <function-ref name="isRunning" ref="0x407a7d90" scoped=""/>
        <function-ref name="getAlarm" ref="0x407a5600" scoped=""/>
        <function-ref name="start" ref="0x407a7600" scoped=""/>
        <function-ref name="stop" ref="0x407a78a0" scoped=""/>
      </interface-functions>
    </interface><interface loc="45:/home/zly/tinyos-main/tos/chips/msp430/timer/Msp430AlarmC.nc" name="Init" provided="1" ref="0x407aa8c8">
      <component-ref nicename="tos.chips.msp430.timer.Msp430AlarmC" qname="Msp430AlarmC"/>
      <type-interface alignment="I:2" size="I:2"><interface-ref name="Init" ref="0x407aa8c8" scoped=""/></type-interface>
      <instance>
        <interfacedef-ref nicename="tos.interfaces.Init" qname="Init"/>
      </instance>
      <interface-functions>
        <function-ref name="init" ref="0x407aaaa0" scoped=""/>
      </interface-functions>
    </interface><interface loc="48:/home/zly/tinyos-main/tos/chips/msp430/timer/Msp430AlarmC.nc" name="Msp430TimerControl" provided="0" ref="0x407bc5a8">
      <component-ref nicename="tos.chips.msp430.timer.Msp430AlarmC" qname="Msp430AlarmC"/>
      <type-interface alignment="I:2" size="I:2"><interface-ref name="Msp430TimerControl" ref="0x407bc5a8" scoped=""/></type-interface>
      <instance>
        <interfacedef-ref nicename="tos.chips.msp430.timer.Msp430TimerControl" qname="Msp430TimerControl"/>
      </instance>
      <interface-functions>
        <function-ref name="setControlAsCapture" ref="0x407bc780" scoped=""/>
        <function-ref name="getControl" ref="0x407bc860" scoped=""/>
        <function-ref name="enableEvents" ref="0x407bc940" scoped=""/>
        <function-ref name="areEventsEnabled" ref="0x407bca20" scoped=""/>
        <function-ref name="setControlAsCompare" ref="0x407bcb00" scoped=""/>
        <function-ref name="disableEvents" ref="0x407bcbe0" scoped=""/>
        <function-ref name="isInterruptPending" ref="0x407bccc0" scoped=""/>
        <function-ref name="clearPendingInterrupt" ref="0x407bcda0" scoped=""/>
        <function-ref name="setControl" ref="0x407bce80" scoped=""/>
      </interface-functions>
    </interface></specification><referenced/></component>