<?xml version="1.0" ?><component abstract="" loc="42:/home/zly/tinyos-main/tos/system/FcfsResourceQueueC.nc" nicename="tos.system.FcfsResourceQueueC" qname="FcfsResourceQueueC" safe="">
      <parameters>
        <constant loc="42:/home/zly/tinyos-main/tos/system/FcfsResourceQueueC.nc" name="size" ref="0x40d43c50">
          <component-ref nicename="tos.system.FcfsResourceQueueC" qname="FcfsResourceQueueC"/>
          <type-int alignment="I:1" cname="unsigned char" size="I:1" unsigned="">
            <typename><typedef-ref name="uint8_t" ref="0x40212dc8"/></typename>
          </type-int>
        </constant>
      </parameters>
      <module/>
    <specification><interface loc="44:/home/zly/tinyos-main/tos/system/FcfsResourceQueueC.nc" name="Init" provided="1" ref="0x40d3d0f8">
      <component-ref nicename="tos.system.FcfsResourceQueueC" qname="FcfsResourceQueueC"/>
      <type-interface alignment="I:2" size="I:2"><interface-ref name="Init" ref="0x40d3d0f8" scoped=""/></type-interface>
      <instance>
        <interfacedef-ref nicename="tos.interfaces.Init" qname="Init"/>
      </instance>
      <interface-functions>
        <function-ref name="init" ref="0x40d3d2d0" scoped=""/>
      </interface-functions>
    </interface><interface loc="45:/home/zly/tinyos-main/tos/system/FcfsResourceQueueC.nc" name="FcfsQueue" provided="1" ref="0x40d672e0">
      <component-ref nicename="tos.system.FcfsResourceQueueC" qname="FcfsResourceQueueC"/>
      <type-interface alignment="I:2" size="I:2"><interface-ref name="FcfsQueue" ref="0x40d672e0" scoped=""/></type-interface>
      <instance>
        <interfacedef-ref nicename="tos.interfaces.ResourceQueue" qname="ResourceQueue"/>
      </instance>
      <interface-functions>
        <function-ref name="enqueue" ref="0x40d674b8" scoped=""/>
        <function-ref name="isEmpty" ref="0x40d67598" scoped=""/>
        <function-ref name="isEnqueued" ref="0x40d67678" scoped=""/>
        <function-ref name="dequeue" ref="0x40d67758" scoped=""/>
      </interface-functions>
    </interface></specification><referenced/></component>