<?xml version="1.0" ?><component abstract="" loc="42:/home/zly/tinyos-main/tos/chips/msp430/usart/Msp430Uart1C.nc" nicename="tos.chips.msp430.usart.Msp430Uart1C" qname="Msp430Uart1C">
      <documentation loc="31:/home/zly/tinyos-main/tos/chips/msp430/usart/msp430usart.h">
        <short>
 </short>
        <long>
 @author Vlado Handziski &lt;handzisk@tkn.tu-berlin.de&gt;
 @author Philipp Huppertz &lt;huppertz@tkn.tu-berlin.de&gt;
</long>
      </documentation>
      <parameters>
      </parameters>
      <configuration/>
      <wiring>
        <wire loc="65:/home/zly/tinyos-main/tos/chips/msp430/usart/Msp430Uart1C.nc">
          <from><interface-ref name="ResourceRequested" ref="0x4120e870" scoped=""/></from>
          <to><interface-ref name="ResourceRequested" ref="0x41316170" scoped=""/></to>
        </wire>
        <wire loc="61:/home/zly/tinyos-main/tos/chips/msp430/usart/Msp430Uart1C.nc">
          <from><interface-ref name="UartByte" ref="0x4120d628" scoped=""/></from>
          <to><interface-ref name="UartByte" ref="0x412484a8" scoped=""/>
          <arguments>
            <value cst="U:">
              <type-int alignment="I:2" cname="int" size="I:2"/>
            </value>
          </arguments>
          </to>
        </wire>
        <wire loc="60:/home/zly/tinyos-main/tos/chips/msp430/usart/Msp430Uart1C.nc">
          <from><interface-ref name="UartStream" ref="0x4120ecf0" scoped=""/></from>
          <to><interface-ref name="UartStream" ref="0x41249860" scoped=""/>
          <arguments>
            <value cst="U:">
              <type-int alignment="I:2" cname="int" size="I:2"/>
            </value>
          </arguments>
          </to>
        </wire>
        <wire loc="59:/home/zly/tinyos-main/tos/chips/msp430/usart/Msp430Uart1C.nc">
          <from><interface-ref name="Resource" ref="0x4120e108" scoped=""/></from>
          <to><interface-ref name="Resource" ref="0x4120b5f0" scoped=""/>
          <arguments>
            <value cst="U:">
              <type-int alignment="I:2" cname="int" size="I:2"/>
            </value>
          </arguments>
          </to>
        </wire>
        <wire loc="62:/home/zly/tinyos-main/tos/chips/msp430/usart/Msp430Uart1C.nc">
          <from><interface-ref name="Msp430UartConfigure" ref="0x412477b0" scoped=""/>
          <arguments>
            <value cst="U:">
              <type-int alignment="I:2" cname="int" size="I:2"/>
            </value>
          </arguments>
          </from>
          <to><interface-ref name="Msp430UartConfigure" ref="0x4124c398" scoped=""/></to>
        </wire>
        <wire loc="66:/home/zly/tinyos-main/tos/chips/msp430/usart/Msp430Uart1C.nc">
          <from><interface-ref name="ResourceConfigure" ref="0x41312588" scoped=""/></from>
          <to><interface-ref name="ResourceConfigure" ref="0x41249100" scoped=""/>
          <arguments>
            <value cst="U:">
              <type-int alignment="I:2" cname="int" size="I:2"/>
            </value>
          </arguments>
          </to>
        </wire>
        <wire loc="67:/home/zly/tinyos-main/tos/chips/msp430/usart/Msp430Uart1C.nc">
          <from><interface-ref name="UsartResource" ref="0x41248ca0" scoped=""/>
          <arguments>
            <value cst="U:">
              <type-int alignment="I:2" cname="int" size="I:2"/>
            </value>
          </arguments>
          </from>
          <to><interface-ref name="Resource" ref="0x412d3a30" scoped=""/></to>
        </wire>
        <wire loc="68:/home/zly/tinyos-main/tos/chips/msp430/usart/Msp430Uart1C.nc">
          <from><interface-ref name="UsartInterrupts" ref="0x41246010" scoped=""/>
          <arguments>
            <value cst="U:">
              <type-int alignment="I:2" cname="int" size="I:2"/>
            </value>
          </arguments>
          </from>
          <to><interface-ref name="HplMsp430UsartInterrupts" ref="0x41312170" scoped=""/></to>
        </wire>
      </wiring>
    <specification><interface loc="45:/home/zly/tinyos-main/tos/chips/msp430/usart/Msp430Uart1C.nc" name="ResourceRequested" provided="1" ref="0x4120e870">
      <component-ref nicename="tos.chips.msp430.usart.Msp430Uart1C" qname="Msp430Uart1C"/>
      <type-interface alignment="I:2" size="I:2"><interface-ref name="ResourceRequested" ref="0x4120e870" scoped=""/></type-interface>
      <instance>
        <interfacedef-ref nicename="tos.interfaces.ResourceRequested" qname="ResourceRequested"/>
      </instance>
      <interface-functions>
        <function-ref name="requested" ref="0x4120ea48" scoped=""/>
        <function-ref name="immediateRequested" ref="0x4120eb28" scoped=""/>
      </interface-functions>
    </interface><interface loc="47:/home/zly/tinyos-main/tos/chips/msp430/usart/Msp430Uart1C.nc" name="UartByte" provided="1" ref="0x4120d628">
      <component-ref nicename="tos.chips.msp430.usart.Msp430Uart1C" qname="Msp430Uart1C"/>
      <type-interface alignment="I:2" size="I:2"><interface-ref name="UartByte" ref="0x4120d628" scoped=""/></type-interface>
      <instance>
        <interfacedef-ref nicename="tos.interfaces.UartByte" qname="UartByte"/>
      </instance>
      <interface-functions>
        <function-ref name="send" ref="0x4120d800" scoped=""/>
        <function-ref name="receive" ref="0x4120d8e0" scoped=""/>
      </interface-functions>
    </interface><interface loc="49:/home/zly/tinyos-main/tos/chips/msp430/usart/Msp430Uart1C.nc" name="Msp430UartConfigure" provided="0" ref="0x4124c398">
      <component-ref nicename="tos.chips.msp430.usart.Msp430Uart1C" qname="Msp430Uart1C"/>
      <type-interface alignment="I:2" size="I:2"><interface-ref name="Msp430UartConfigure" ref="0x4124c398" scoped=""/></type-interface>
      <instance>
        <interfacedef-ref nicename="tos.chips.msp430.usart.Msp430UartConfigure" qname="Msp430UartConfigure"/>
      </instance>
      <interface-functions>
        <function-ref name="getConfig" ref="0x4124c570" scoped=""/>
      </interface-functions>
    </interface><interface loc="46:/home/zly/tinyos-main/tos/chips/msp430/usart/Msp430Uart1C.nc" name="UartStream" provided="1" ref="0x4120ecf0">
      <component-ref nicename="tos.chips.msp430.usart.Msp430Uart1C" qname="Msp430Uart1C"/>
      <type-interface alignment="I:2" size="I:2"><interface-ref name="UartStream" ref="0x4120ecf0" scoped=""/></type-interface>
      <instance>
        <interfacedef-ref nicename="tos.interfaces.UartStream" qname="UartStream"/>
      </instance>
      <interface-functions>
        <function-ref name="send" ref="0x4120eec8" scoped=""/>
        <function-ref name="receivedByte" ref="0x4120d010" scoped=""/>
        <function-ref name="receive" ref="0x4120d0f0" scoped=""/>
        <function-ref name="enableReceiveInterrupt" ref="0x4120d1d0" scoped=""/>
        <function-ref name="receiveDone" ref="0x4120d2b0" scoped=""/>
        <function-ref name="disableReceiveInterrupt" ref="0x4120d390" scoped=""/>
        <function-ref name="sendDone" ref="0x4120d470" scoped=""/>
      </interface-functions>
    </interface><interface loc="44:/home/zly/tinyos-main/tos/chips/msp430/usart/Msp430Uart1C.nc" name="Resource" provided="1" ref="0x4120e108">
      <component-ref nicename="tos.chips.msp430.usart.Msp430Uart1C" qname="Msp430Uart1C"/>
      <type-interface alignment="I:2" size="I:2"><interface-ref name="Resource" ref="0x4120e108" scoped=""/></type-interface>
      <instance>
        <interfacedef-ref nicename="tos.interfaces.Resource" qname="Resource"/>
      </instance>
      <interface-functions>
        <function-ref name="release" ref="0x4120e2e0" scoped=""/>
        <function-ref name="immediateRequest" ref="0x4120e3c0" scoped=""/>
        <function-ref name="request" ref="0x4120e4a0" scoped=""/>
        <function-ref name="granted" ref="0x4120e580" scoped=""/>
        <function-ref name="isOwner" ref="0x4120e660" scoped=""/>
      </interface-functions>
    </interface></specification><referenced><interface loc="43:/home/zly/tinyos-main/tos/chips/msp430/usart/Msp430Uart1P.nc" name="UartStream" provided="1" ref="0x41249860">
      <component-ref nicename="tos.chips.msp430.usart.Msp430Uart1P" qname="Msp430Uart1P"/>
      <type-interface alignment="I:2" size="I:2"><interface-ref name="UartStream" ref="0x41249860" scoped=""/></type-interface>
      <instance>
        <interfacedef-ref nicename="tos.interfaces.UartStream" qname="UartStream"/>
      </instance>
      <interface-parameters>
        <type-int alignment="I:1" cname="unsigned char" size="I:1" unsigned="">
          <typename><typedef-ref name="uint8_t" ref="0x40212dc8"/></typename>
        </type-int>
      </interface-parameters>
      <interface-functions>
        <function-ref name="send" ref="0x41249a38" scoped=""/>
        <function-ref name="receivedByte" ref="0x41249b18" scoped=""/>
        <function-ref name="receive" ref="0x41249bf8" scoped=""/>
        <function-ref name="enableReceiveInterrupt" ref="0x41249cd8" scoped=""/>
        <function-ref name="receiveDone" ref="0x41249db8" scoped=""/>
        <function-ref name="disableReceiveInterrupt" ref="0x41249e98" scoped=""/>
        <function-ref name="sendDone" ref="0x41248010" scoped=""/>
      </interface-functions>
    </interface><interface loc="43:/home/zly/tinyos-main/tos/chips/msp430/usart/Msp430Usart1C.nc" name="ResourceRequested" provided="1" ref="0x41316170">
      <component-ref nicename="tos.chips.msp430.usart.Msp430Usart1C" qname="Msp430Uart1C.UsartC"/>
      <type-interface alignment="I:2" size="I:2"><interface-ref name="ResourceRequested" ref="0x41316170" scoped=""/></type-interface>
      <instance>
        <interfacedef-ref nicename="tos.interfaces.ResourceRequested" qname="ResourceRequested"/>
      </instance>
      <interface-functions>
        <function-ref name="requested" ref="0x41316348" scoped=""/>
        <function-ref name="immediateRequested" ref="0x41316428" scoped=""/>
      </interface-functions>
    </interface><interface loc="47:/home/zly/tinyos-main/tos/chips/msp430/usart/Msp430Uart1P.nc" name="Msp430UartConfigure" provided="0" ref="0x412477b0">
      <component-ref nicename="tos.chips.msp430.usart.Msp430Uart1P" qname="Msp430Uart1P"/>
      <type-interface alignment="I:2" size="I:2"><interface-ref name="Msp430UartConfigure" ref="0x412477b0" scoped=""/></type-interface>
      <instance>
        <interfacedef-ref nicename="tos.chips.msp430.usart.Msp430UartConfigure" qname="Msp430UartConfigure"/>
      </instance>
      <interface-parameters>
        <type-int alignment="I:1" cname="unsigned char" size="I:1" unsigned="">
          <typename><typedef-ref name="uint8_t" ref="0x40212dc8"/></typename>
        </type-int>
      </interface-parameters>
      <interface-functions>
        <function-ref name="getConfig" ref="0x41247988" scoped=""/>
      </interface-functions>
    </interface><interface loc="48:/home/zly/tinyos-main/tos/chips/msp430/usart/Msp430Uart1P.nc" name="UsartInterrupts" provided="0" ref="0x41246010">
      <component-ref nicename="tos.chips.msp430.usart.Msp430Uart1P" qname="Msp430Uart1P"/>
      <type-interface alignment="I:2" size="I:2"><interface-ref name="UsartInterrupts" ref="0x41246010" scoped=""/></type-interface>
      <instance>
        <interfacedef-ref nicename="tos.chips.msp430.usart.HplMsp430UsartInterrupts" qname="HplMsp430UsartInterrupts"/>
      </instance>
      <interface-parameters>
        <type-int alignment="I:1" cname="unsigned char" size="I:1" unsigned="">
          <typename><typedef-ref name="uint8_t" ref="0x40212dc8"/></typename>
        </type-int>
      </interface-parameters>
      <interface-functions>
        <function-ref name="rxDone" ref="0x412461e8" scoped=""/>
        <function-ref name="txDone" ref="0x412462c8" scoped=""/>
      </interface-functions>
    </interface><interface loc="42:/home/zly/tinyos-main/tos/chips/msp430/usart/Msp430Usart1C.nc" name="Resource" provided="1" ref="0x412d3a30">
      <component-ref nicename="tos.chips.msp430.usart.Msp430Usart1C" qname="Msp430Uart1C.UsartC"/>
      <type-interface alignment="I:2" size="I:2"><interface-ref name="Resource" ref="0x412d3a30" scoped=""/></type-interface>
      <instance>
        <interfacedef-ref nicename="tos.interfaces.Resource" qname="Resource"/>
      </instance>
      <interface-functions>
        <function-ref name="release" ref="0x412d3c08" scoped=""/>
        <function-ref name="immediateRequest" ref="0x412d3ce8" scoped=""/>
        <function-ref name="request" ref="0x412d3dc8" scoped=""/>
        <function-ref name="granted" ref="0x412d3ea8" scoped=""/>
        <function-ref name="isOwner" ref="0x41316010" scoped=""/>
      </interface-functions>
    </interface><interface loc="41:/home/zly/tinyos-main/tos/chips/msp430/usart/Msp430Uart1P.nc" name="Resource" provided="1" ref="0x4120b5f0">
      <component-ref nicename="tos.chips.msp430.usart.Msp430Uart1P" qname="Msp430Uart1P"/>
      <type-interface alignment="I:2" size="I:2"><interface-ref name="Resource" ref="0x4120b5f0" scoped=""/></type-interface>
      <instance>
        <interfacedef-ref nicename="tos.interfaces.Resource" qname="Resource"/>
      </instance>
      <interface-parameters>
        <type-int alignment="I:1" cname="unsigned char" size="I:1" unsigned="">
          <typename><typedef-ref name="uint8_t" ref="0x40212dc8"/></typename>
        </type-int>
      </interface-parameters>
      <interface-functions>
        <function-ref name="release" ref="0x4120b7c8" scoped=""/>
        <function-ref name="immediateRequest" ref="0x4120b8a8" scoped=""/>
        <function-ref name="request" ref="0x4120b988" scoped=""/>
        <function-ref name="granted" ref="0x4120ba68" scoped=""/>
        <function-ref name="isOwner" ref="0x4120bb48" scoped=""/>
      </interface-functions>
    </interface><interface loc="42:/home/zly/tinyos-main/tos/chips/msp430/usart/Msp430Uart1P.nc" name="ResourceConfigure" provided="1" ref="0x41249100">
      <component-ref nicename="tos.chips.msp430.usart.Msp430Uart1P" qname="Msp430Uart1P"/>
      <type-interface alignment="I:2" size="I:2"><interface-ref name="ResourceConfigure" ref="0x41249100" scoped=""/></type-interface>
      <instance>
        <interfacedef-ref nicename="tos.interfaces.ResourceConfigure" qname="ResourceConfigure"/>
      </instance>
      <interface-parameters>
        <type-int alignment="I:1" cname="unsigned char" size="I:1" unsigned="">
          <typename><typedef-ref name="uint8_t" ref="0x40212dc8"/></typename>
        </type-int>
      </interface-parameters>
      <interface-functions>
        <function-ref name="unconfigure" ref="0x412492d8" scoped=""/>
        <function-ref name="configure" ref="0x412493b8" scoped=""/>
      </interface-functions>
    </interface><interface loc="48:/home/zly/tinyos-main/tos/chips/msp430/usart/Msp430Usart1C.nc" name="ResourceConfigure" provided="0" ref="0x41312588">
      <component-ref nicename="tos.chips.msp430.usart.Msp430Usart1C" qname="Msp430Uart1C.UsartC"/>
      <type-interface alignment="I:2" size="I:2"><interface-ref name="ResourceConfigure" ref="0x41312588" scoped=""/></type-interface>
      <instance>
        <interfacedef-ref nicename="tos.interfaces.ResourceConfigure" qname="ResourceConfigure"/>
      </instance>
      <interface-functions>
        <function-ref name="unconfigure" ref="0x41312760" scoped=""/>
        <function-ref name="configure" ref="0x41312840" scoped=""/>
      </interface-functions>
    </interface><interface loc="46:/home/zly/tinyos-main/tos/chips/msp430/usart/Msp430Uart1P.nc" name="UsartResource" provided="0" ref="0x41248ca0">
      <component-ref nicename="tos.chips.msp430.usart.Msp430Uart1P" qname="Msp430Uart1P"/>
      <type-interface alignment="I:2" size="I:2"><interface-ref name="UsartResource" ref="0x41248ca0" scoped=""/></type-interface>
      <instance>
        <interfacedef-ref nicename="tos.interfaces.Resource" qname="Resource"/>
      </instance>
      <interface-parameters>
        <type-int alignment="I:1" cname="unsigned char" size="I:1" unsigned="">
          <typename><typedef-ref name="uint8_t" ref="0x40212dc8"/></typename>
        </type-int>
      </interface-parameters>
      <interface-functions>
        <function-ref name="release" ref="0x41248e78" scoped=""/>
        <function-ref name="immediateRequest" ref="0x41247010" scoped=""/>
        <function-ref name="request" ref="0x412470f0" scoped=""/>
        <function-ref name="granted" ref="0x412471d0" scoped=""/>
        <function-ref name="isOwner" ref="0x412472b0" scoped=""/>
      </interface-functions>
    </interface><interface loc="44:/home/zly/tinyos-main/tos/chips/msp430/usart/Msp430Uart1P.nc" name="UartByte" provided="1" ref="0x412484a8">
      <component-ref nicename="tos.chips.msp430.usart.Msp430Uart1P" qname="Msp430Uart1P"/>
      <type-interface alignment="I:2" size="I:2"><interface-ref name="UartByte" ref="0x412484a8" scoped=""/></type-interface>
      <instance>
        <interfacedef-ref nicename="tos.interfaces.UartByte" qname="UartByte"/>
      </instance>
      <interface-parameters>
        <type-int alignment="I:1" cname="unsigned char" size="I:1" unsigned="">
          <typename><typedef-ref name="uint8_t" ref="0x40212dc8"/></typename>
        </type-int>
      </interface-parameters>
      <interface-functions>
        <function-ref name="send" ref="0x41248680" scoped=""/>
        <function-ref name="receive" ref="0x41248760" scoped=""/>
      </interface-functions>
    </interface><interface loc="46:/home/zly/tinyos-main/tos/chips/msp430/usart/Msp430Usart1C.nc" name="HplMsp430UsartInterrupts" provided="1" ref="0x41312170">
      <component-ref nicename="tos.chips.msp430.usart.Msp430Usart1C" qname="Msp430Uart1C.UsartC"/>
      <type-interface alignment="I:2" size="I:2"><interface-ref name="HplMsp430UsartInterrupts" ref="0x41312170" scoped=""/></type-interface>
      <instance>
        <interfacedef-ref nicename="tos.chips.msp430.usart.HplMsp430UsartInterrupts" qname="HplMsp430UsartInterrupts"/>
      </instance>
      <interface-functions>
        <function-ref name="rxDone" ref="0x41312348" scoped=""/>
        <function-ref name="txDone" ref="0x41312428" scoped=""/>
      </interface-functions>
    </interface><component abstract="" loc="40(Msp430Uart1C.UsartC):/home/zly/tinyos-main/tos/chips/msp430/usart/Msp430Usart1C.nc" nicename="tos.chips.msp430.usart.Msp430Usart1C" qname="Msp430Uart1C.UsartC">
      <documentation loc="32:/home/zly/tinyos-main/tos/chips/msp430/usart/Msp430Usart1C.nc">
        <short>
 Provides an interface for USART1 on the MSP430.</short>
        <long>
 Provides an interface for USART1 on the MSP430.

 @author Vlado Handziski &lt;handisk@tkn.tu-berlin.de&gt;
 @author Jonathan Hui &lt;jhui@archedrock.com&gt;
 @version $Revision: 1.5 $ $Date: 2008-05-21 22:11:57 $
</long>
      </documentation>
      <instance>
        <component-ref nicename="tos.chips.msp430.usart.Msp430Usart1C" qname="Msp430Usart1C"/>
      </instance>
      <configuration/>
    </component><component loc="39:/home/zly/tinyos-main/tos/chips/msp430/usart/Msp430Uart1P.nc" nicename="tos.chips.msp430.usart.Msp430Uart1P" qname="Msp430Uart1P">
      <documentation loc="32:/home/zly/tinyos-main/tos/chips/msp430/usart/Msp430Uart1P.nc">
        <short>
 </short>
        <long>
 @author Jonathan Hui &lt;jhui@archedrock.com&gt;
 @author Vlado Handziski &lt;handzisk@tkn.tu-berlin.de&gt;
 @author Eric B. Decker &lt;cire831@gmail.com&gt;
 @version $Revision: 1.5 $ $Date: 2008-05-21 22:11:57 $
</long>
      </documentation>
      <configuration/>
      <wiring>
        <wire loc="56:/home/zly/tinyos-main/tos/chips/msp430/usart/Msp430Uart1P.nc">
          <from><interface-ref name="ResourceConfigure" ref="0x41249100" scoped=""/></from>
          <to><interface-ref name="ResourceConfigure" ref="0x4124e770" scoped=""/></to>
        </wire>
        <wire loc="59:/home/zly/tinyos-main/tos/chips/msp430/usart/Msp430Uart1P.nc">
          <from><interface-ref name="UartByte" ref="0x412484a8" scoped=""/></from>
          <to><interface-ref name="UartByte" ref="0x4124d588" scoped=""/></to>
        </wire>
        <wire loc="58:/home/zly/tinyos-main/tos/chips/msp430/usart/Msp430Uart1P.nc">
          <from><interface-ref name="UartStream" ref="0x41249860" scoped=""/></from>
          <to><interface-ref name="UartStream" ref="0x4124ec30" scoped=""/></to>
        </wire>
        <wire loc="55:/home/zly/tinyos-main/tos/chips/msp430/usart/Msp430Uart1P.nc">
          <from><interface-ref name="Resource" ref="0x4120b5f0" scoped=""/></from>
          <to><interface-ref name="Resource" ref="0x4124e010" scoped=""/></to>
        </wire>
        <wire loc="57:/home/zly/tinyos-main/tos/chips/msp430/usart/Msp430Uart1P.nc">
          <from><interface-ref name="Msp430UartConfigure" ref="0x4128e208" scoped=""/></from>
          <to><interface-ref name="Msp430UartConfigure" ref="0x412477b0" scoped=""/></to>
        </wire>
        <wire loc="60:/home/zly/tinyos-main/tos/chips/msp430/usart/Msp430Uart1P.nc">
          <from><interface-ref name="UsartResource" ref="0x4124da68" scoped=""/></from>
          <to><interface-ref name="UsartResource" ref="0x41248ca0" scoped=""/></to>
        </wire>
        <wire loc="61:/home/zly/tinyos-main/tos/chips/msp430/usart/Msp430Uart1P.nc">
          <from><interface-ref name="UsartInterrupts" ref="0x4128cd88" scoped=""/></from>
          <to><interface-ref name="UsartInterrupts" ref="0x41246010" scoped=""/></to>
        </wire>
        <wire loc="64:/home/zly/tinyos-main/tos/chips/msp430/usart/Msp430Uart1P.nc">
          <from><interface-ref name="Usart" ref="0x4128e570" scoped=""/></from>
          <to><interface-ref name="HplMsp430Usart" ref="0x41280640" scoped=""/></to>
        </wire>
        <wire loc="67:/home/zly/tinyos-main/tos/chips/msp430/usart/Msp430Uart1P.nc">
          <from><interface-ref name="Counter" ref="0x4128b370" scoped=""/></from>
          <to><interface-ref name="Counter" ref="0x412b6010" scoped=""/></to>
        </wire>
        <wire loc="70:/home/zly/tinyos-main/tos/chips/msp430/usart/Msp430Uart1P.nc">
          <from><interface-ref name="Leds" ref="0x4128a4b8" scoped=""/></from>
          <to><interface-ref name="Leds" ref="0x40d05b58" scoped=""/></to>
        </wire>
      </wiring>
    </component></referenced></component>