<?xml version="1.0" ?><component loc="41:/home/zly/tinyos-main/tos/chips/msp430/timer/CounterMilli32C.nc" nicename="tos.chips.msp430.timer.CounterMilli32C" qname="CounterMilli32C">
      <documentation loc="33:/home/zly/tinyos-main/tos/chips/msp430/timer/CounterMilli32C.nc">
        <short>
 CounterMilli32C provides at 32-bit counter at 1024 ticks per second.</short>
        <long>
 CounterMilli32C provides at 32-bit counter at 1024 ticks per second.

 @author Cory Sharp &lt;cssharp@eecs.berkeley.edu&gt;
 @see  Please refer to TEP 102 for more information about this component and its
          intended use.
</long>
      </documentation>
      <configuration/>
      <wiring>
        <wire loc="50:/home/zly/tinyos-main/tos/chips/msp430/timer/CounterMilli32C.nc">
          <from><interface-ref name="Counter" ref="0x407d2cf0" scoped=""/></from>
          <to><interface-ref name="Counter" ref="0x407e30c0" scoped=""/></to>
        </wire>
        <wire loc="52:/home/zly/tinyos-main/tos/chips/msp430/timer/CounterMilli32C.nc">
          <from><interface-ref name="CounterFrom" ref="0x407e2380" scoped=""/></from>
          <to><interface-ref name="Msp430Counter32khz" ref="0x407d4a20" scoped=""/></to>
        </wire>
      </wiring>
    <specification><interface loc="43:/home/zly/tinyos-main/tos/chips/msp430/timer/CounterMilli32C.nc" name="Counter" provided="1" ref="0x407d2cf0">
      <component-ref nicename="tos.chips.msp430.timer.CounterMilli32C" qname="CounterMilli32C"/>
      <type-interface alignment="I:2" size="I:2"><interface-ref name="Counter" ref="0x407d2cf0" scoped=""/></type-interface>
      <instance>
        <interfacedef-ref nicename="tos.lib.timer.Counter" qname="Counter"/>
        <arguments>
          <type-tag alignment="I:2" size="I:2"><struct-ref ref="0x40614868"/>
            <typename><typedef-ref name="TMilli" ref="0x40614a30"/></typename>
          </type-tag>
          <type-int alignment="I:2" cname="unsigned long" size="I:4" unsigned="">
            <typename><typedef-ref name="uint32_t" ref="0x40213250"/></typename>
          </type-int>
        </arguments>
      </instance>
      <interface-functions>
        <function-ref name="get" ref="0x407bd478" scoped=""/>
        <function-ref name="clearOverflow" ref="0x407bd968" scoped=""/>
        <function-ref name="isOverflowPending" ref="0x407bd6f0" scoped=""/>
        <function-ref name="overflow" ref="0x407bdbe0" scoped=""/>
      </interface-functions>
    </interface></specification><referenced><interface loc="63:/home/zly/tinyos-main/tos/lib/timer/TransformCounterC.nc" name="CounterFrom" provided="0" ref="0x407e2380">
      <component-ref nicename="tos.lib.timer.TransformCounterC" qname="CounterMilli32C.Transform"/>
      <type-interface alignment="I:2" size="I:2"><interface-ref name="CounterFrom" ref="0x407e2380" scoped=""/></type-interface>
      <instance>
        <interfacedef-ref nicename="tos.lib.timer.Counter" qname="Counter"/>
        <arguments>
          <type-tag alignment="I:2" size="I:2"><struct-ref ref="0x40614ca8"/>
            <typename><typedef-ref name="T32khz" ref="0x40614e70"/></typename>
          </type-tag>
          <type-int alignment="I:2" cname="unsigned int" size="I:2" unsigned="">
            <typename><typedef-ref name="uint16_t" ref="0x40213010"/></typename>
          </type-int>
        </arguments>
      </instance>
      <interface-functions>
        <function-ref name="get" ref="0x407e2ad0" scoped=""/>
        <function-ref name="clearOverflow" ref="0x407e1010" scoped=""/>
        <function-ref name="isOverflowPending" ref="0x407e2d48" scoped=""/>
        <function-ref name="overflow" ref="0x407e1288" scoped=""/>
      </interface-functions>
    </interface><interface loc="43:/home/zly/tinyos-main/tos/chips/msp430/timer/Msp430Counter32khzC.nc" name="Msp430Counter32khz" provided="1" ref="0x407d4a20">
      <component-ref nicename="tos.chips.msp430.timer.Msp430Counter32khzC" qname="Msp430Counter32khzC"/>
      <type-interface alignment="I:2" size="I:2"><interface-ref name="Msp430Counter32khz" ref="0x407d4a20" scoped=""/></type-interface>
      <instance>
        <interfacedef-ref nicename="tos.lib.timer.Counter" qname="Counter"/>
        <arguments>
          <type-tag alignment="I:2" size="I:2"><struct-ref ref="0x40614ca8"/>
            <typename><typedef-ref name="T32khz" ref="0x40614e70"/></typename>
          </type-tag>
          <type-int alignment="I:2" cname="unsigned int" size="I:2" unsigned="">
            <typename><typedef-ref name="uint16_t" ref="0x40213010"/></typename>
          </type-int>
        </arguments>
      </instance>
      <interface-functions>
        <function-ref name="get" ref="0x407cf200" scoped=""/>
        <function-ref name="clearOverflow" ref="0x407cf6f0" scoped=""/>
        <function-ref name="isOverflowPending" ref="0x407cf478" scoped=""/>
        <function-ref name="overflow" ref="0x407cf968" scoped=""/>
      </interface-functions>
    </interface><interface loc="62:/home/zly/tinyos-main/tos/lib/timer/TransformCounterC.nc" name="Counter" provided="1" ref="0x407e30c0">
      <component-ref nicename="tos.lib.timer.TransformCounterC" qname="CounterMilli32C.Transform"/>
      <type-interface alignment="I:2" size="I:2"><interface-ref name="Counter" ref="0x407e30c0" scoped=""/></type-interface>
      <instance>
        <interfacedef-ref nicename="tos.lib.timer.Counter" qname="Counter"/>
        <arguments>
          <type-tag alignment="I:2" size="I:2"><struct-ref ref="0x40614868"/>
            <typename><typedef-ref name="TMilli" ref="0x40614a30"/></typename>
          </type-tag>
          <type-int alignment="I:2" cname="unsigned long" size="I:4" unsigned="">
            <typename><typedef-ref name="uint32_t" ref="0x40213250"/></typename>
          </type-int>
        </arguments>
      </instance>
      <interface-functions>
        <function-ref name="get" ref="0x407e3810" scoped=""/>
        <function-ref name="clearOverflow" ref="0x407e3d00" scoped=""/>
        <function-ref name="isOverflowPending" ref="0x407e3a88" scoped=""/>
        <function-ref name="overflow" ref="0x407e2010" scoped=""/>
      </interface-functions>
    </interface><component loc="54(CounterMilli32C.Transform):/home/zly/tinyos-main/tos/lib/timer/TransformCounterC.nc" nicename="tos.lib.timer.TransformCounterC" qname="CounterMilli32C.Transform">
      <documentation loc="34:/home/zly/tinyos-main/tos/lib/timer/TransformCounterC.nc">
        <short>
 TransformCounterC decreases precision and/or widens an Counter.</short>
        <long>
 TransformCounterC decreases precision and/or widens an Counter.

 &lt;p&gt;See TEP102 for more details.

 @param to_precision_tag A type indicating the precision of the transformed
   Counter.
 @param to_size_type The type for the width of the transformed Counter.
 @param from_precision_tag A type indicating the precision of the original
   Counter.
 @param from_size_type The type for the width of the original Counter.
 @param bit_shift_right Original time units will be 2 to the power 
   &lt;code&gt;bit_shift_right&lt;/code&gt; larger than transformed time units.
 @param upper_count_type A type large enough to store the upper bits --
   those needed above from_size_type after its shift right to fill
   to_size_type.

 @author Cory Sharp &lt;cssharp@eecs.berkeley.edu&gt;
</long>
      </documentation>
      <instance number="0">
        <component-ref nicename="tos.lib.timer.TransformCounterC" qname="TransformCounterC"/>
        <arguments>
          <type-tag alignment="I:2" size="I:2"><struct-ref ref="0x40614868"/>
            <typename><typedef-ref name="TMilli" ref="0x40614a30"/></typename>
          </type-tag>
          <type-int alignment="I:2" cname="unsigned long" size="I:4" unsigned="">
            <typename><typedef-ref name="uint32_t" ref="0x40213250"/></typename>
          </type-int>
          <type-tag alignment="I:2" size="I:2"><struct-ref ref="0x40614ca8"/>
            <typename><typedef-ref name="T32khz" ref="0x40614e70"/></typename>
          </type-tag>
          <type-int alignment="I:2" cname="unsigned int" size="I:2" unsigned="">
            <typename><typedef-ref name="uint16_t" ref="0x40213010"/></typename>
          </type-int>
          <value cst="I:5">
            <type-int alignment="I:2" cname="int" size="I:2"/>
          </value>
          <type-int alignment="I:2" cname="unsigned long" size="I:4" unsigned="">
            <typename><typedef-ref name="uint32_t" ref="0x40213250"/></typename>
          </type-int>
        </arguments>
      </instance>
      <module/>
    </component><component loc="41:/home/zly/tinyos-main/tos/chips/msp430/timer/Msp430Counter32khzC.nc" nicename="tos.chips.msp430.timer.Msp430Counter32khzC" qname="Msp430Counter32khzC">
      <documentation loc="33:/home/zly/tinyos-main/tos/chips/msp430/timer/Msp430Counter32khzC.nc">
        <short>
 Msp430Counter32khC provides the standard 32khz counter for the MSP430.</short>
        <long>
 Msp430Counter32khC provides the standard 32khz counter for the MSP430.

 @author Cory Sharp &lt;cssharp@eecs.berkeley.edu&gt;
 @see  Please refer to TEP 102 for more information about this component and its
          intended use.
</long>
      </documentation>
      <configuration/>
      <wiring>
        <wire loc="50:/home/zly/tinyos-main/tos/chips/msp430/timer/Msp430Counter32khzC.nc">
          <from><interface-ref name="Msp430Counter32khz" ref="0x407d4a20" scoped=""/></from>
          <to><interface-ref name="Counter" ref="0x407cc3f8" scoped=""/></to>
        </wire>
        <wire loc="51:/home/zly/tinyos-main/tos/chips/msp430/timer/Msp430Counter32khzC.nc">
          <from><interface-ref name="Msp430Timer" ref="0x407cb4f0" scoped=""/></from>
          <to><interface-ref name="TimerB" ref="0x40662e60" scoped=""/></to>
        </wire>
      </wiring>
    </component></referenced></component>