<?xml version="1.0" ?><component loc="74:/home/zly/tinyos-main/tos/chips/msp430/usart/HplMsp430Usart1C.nc" nicename="tos.chips.msp430.usart.HplMsp430Usart1C" qname="HplMsp430Usart1C">
      <documentation loc="31:/home/zly/tinyos-main/tos/chips/msp430/usart/msp430usart.h">
        <short>
 </short>
        <long>
 @author Vlado Handziski &lt;handzisk@tkn.tu-berlin.de&gt;
 @author Philipp Huppertz &lt;huppertz@tkn.tu-berlin.de&gt;
</long>
      </documentation>
      <configuration/>
      <wiring>
        <wire loc="89:/home/zly/tinyos-main/tos/chips/msp430/usart/HplMsp430Usart1C.nc">
          <from><interface-ref name="HplMsp430UsartInterrupts" ref="0x41281ea8" scoped=""/></from>
          <to><interface-ref name="Interrupts" ref="0x4127a910" scoped=""/></to>
        </wire>
        <wire loc="87:/home/zly/tinyos-main/tos/chips/msp430/usart/HplMsp430Usart1C.nc">
          <from><interface-ref name="AsyncStdControl" ref="0x41280198" scoped=""/></from>
          <to><interface-ref name="AsyncStdControl" ref="0x4127fad8" scoped=""/></to>
        </wire>
        <wire loc="88:/home/zly/tinyos-main/tos/chips/msp430/usart/HplMsp430Usart1C.nc">
          <from><interface-ref name="HplMsp430Usart" ref="0x41280640" scoped=""/></from>
          <to><interface-ref name="Usart" ref="0x4127c010" scoped=""/></to>
        </wire>
        <wire loc="91:/home/zly/tinyos-main/tos/chips/msp430/usart/HplMsp430Usart1C.nc">
          <from><interface-ref name="SIMO" ref="0x4127ae30" scoped=""/></from>
          <to><interface-ref name="SIMO1" ref="0x409e2a00" scoped=""/></to>
        </wire>
        <wire loc="92:/home/zly/tinyos-main/tos/chips/msp430/usart/HplMsp430Usart1C.nc">
          <from><interface-ref name="SOMI" ref="0x41278010" scoped=""/></from>
          <to><interface-ref name="SOMI1" ref="0x409e1bc0" scoped=""/></to>
        </wire>
        <wire loc="93:/home/zly/tinyos-main/tos/chips/msp430/usart/HplMsp430Usart1C.nc">
          <from><interface-ref name="UCLK" ref="0x41277168" scoped=""/></from>
          <to><interface-ref name="UCLK1" ref="0x409e0d80" scoped=""/></to>
        </wire>
        <wire loc="94:/home/zly/tinyos-main/tos/chips/msp430/usart/HplMsp430Usart1C.nc">
          <from><interface-ref name="URXD" ref="0x41276280" scoped=""/></from>
          <to><interface-ref name="URXD1" ref="0x409dd170" scoped=""/></to>
        </wire>
        <wire loc="95:/home/zly/tinyos-main/tos/chips/msp430/usart/HplMsp430Usart1C.nc">
          <from><interface-ref name="UTXD" ref="0x412753d8" scoped=""/></from>
          <to><interface-ref name="UTXD1" ref="0x409de010" scoped=""/></to>
        </wire>
      </wiring>
    <specification><interface loc="78:/home/zly/tinyos-main/tos/chips/msp430/usart/HplMsp430Usart1C.nc" name="HplMsp430UsartInterrupts" provided="1" ref="0x41281ea8">
      <component-ref nicename="tos.chips.msp430.usart.HplMsp430Usart1C" qname="HplMsp430Usart1C"/>
      <type-interface alignment="I:2" size="I:2"><interface-ref name="HplMsp430UsartInterrupts" ref="0x41281ea8" scoped=""/></type-interface>
      <instance>
        <interfacedef-ref nicename="tos.chips.msp430.usart.HplMsp430UsartInterrupts" qname="HplMsp430UsartInterrupts"/>
      </instance>
      <interface-functions>
        <function-ref name="rxDone" ref="0x4127f0c0" scoped=""/>
        <function-ref name="txDone" ref="0x4127f1a0" scoped=""/>
      </interface-functions>
    </interface><interface loc="76:/home/zly/tinyos-main/tos/chips/msp430/usart/HplMsp430Usart1C.nc" name="AsyncStdControl" provided="1" ref="0x41280198">
      <component-ref nicename="tos.chips.msp430.usart.HplMsp430Usart1C" qname="HplMsp430Usart1C"/>
      <type-interface alignment="I:2" size="I:2"><interface-ref name="AsyncStdControl" ref="0x41280198" scoped=""/></type-interface>
      <instance>
        <interfacedef-ref nicename="tos.interfaces.AsyncStdControl" qname="AsyncStdControl"/>
      </instance>
      <interface-functions>
        <function-ref name="start" ref="0x41280370" scoped=""/>
        <function-ref name="stop" ref="0x41280450" scoped=""/>
      </interface-functions>
    </interface><interface loc="77:/home/zly/tinyos-main/tos/chips/msp430/usart/HplMsp430Usart1C.nc" name="HplMsp430Usart" provided="1" ref="0x41280640">
      <component-ref nicename="tos.chips.msp430.usart.HplMsp430Usart1C" qname="HplMsp430Usart1C"/>
      <type-interface alignment="I:2" size="I:2"><interface-ref name="HplMsp430Usart" ref="0x41280640" scoped=""/></type-interface>
      <instance>
        <interfacedef-ref nicename="tos.chips.msp430.usart.HplMsp430Usart" qname="HplMsp430Usart"/>
      </instance>
      <interface-functions>
        <function-ref name="isTxEmpty" ref="0x41280818" scoped=""/>
        <function-ref name="enableUartRx" ref="0x412808f8" scoped=""/>
        <function-ref name="setUctl" ref="0x412809d8" scoped=""/>
        <function-ref name="enableUart" ref="0x41280ab8" scoped=""/>
        <function-ref name="setUrctl" ref="0x41280b98" scoped=""/>
        <function-ref name="enableRxIntr" ref="0x41280c78" scoped=""/>
        <function-ref name="clrRxIntr" ref="0x41280d58" scoped=""/>
        <function-ref name="getUtctl" ref="0x41280e38" scoped=""/>
        <function-ref name="getUrctl" ref="0x41280f18" scoped=""/>
        <function-ref name="resetUsart" ref="0x41282010" scoped=""/>
        <function-ref name="getUmctl" ref="0x412820f0" scoped=""/>
        <function-ref name="disableIntr" ref="0x412821d0" scoped=""/>
        <function-ref name="setUtctl" ref="0x412822b0" scoped=""/>
        <function-ref name="getUbr" ref="0x41282410" scoped=""/>
        <function-ref name="enableTxIntr" ref="0x412824f0" scoped=""/>
        <function-ref name="setUmctl" ref="0x412825d0" scoped=""/>
        <function-ref name="isUartRx" ref="0x412826b0" scoped=""/>
        <function-ref name="isUart" ref="0x41282790" scoped=""/>
        <function-ref name="disableRxIntr" ref="0x41282870" scoped=""/>
        <function-ref name="isSpi" ref="0x41282950" scoped=""/>
        <function-ref name="enableUartTx" ref="0x41282a30" scoped=""/>
        <function-ref name="disableTxIntr" ref="0x41282b10" scoped=""/>
        <function-ref name="disableUartRx" ref="0x41282bf0" scoped=""/>
        <function-ref name="enableIntr" ref="0x41282cd0" scoped=""/>
        <function-ref name="getMode" ref="0x41282db0" scoped=""/>
        <function-ref name="isTxIntrPending" ref="0x41281010" scoped=""/>
        <function-ref name="clrIntr" ref="0x412810f0" scoped=""/>
        <function-ref name="setUbr" ref="0x412811d0" scoped=""/>
        <function-ref name="tx" ref="0x412812b0" scoped=""/>
        <function-ref name="getUctl" ref="0x41281390" scoped=""/>
        <function-ref name="disableUart" ref="0x41281470" scoped=""/>
        <function-ref name="enableSpi" ref="0x41281550" scoped=""/>
        <function-ref name="setModeUart" ref="0x41281630" scoped=""/>
        <function-ref name="setModeSpi" ref="0x41281710" scoped=""/>
        <function-ref name="rx" ref="0x412817f0" scoped=""/>
        <function-ref name="isRxIntrPending" ref="0x412818d0" scoped=""/>
        <function-ref name="isUartTx" ref="0x412819b0" scoped=""/>
        <function-ref name="clrTxIntr" ref="0x41281a90" scoped=""/>
        <function-ref name="disableSpi" ref="0x41281b70" scoped=""/>
        <function-ref name="disableUartTx" ref="0x41281c50" scoped=""/>
      </interface-functions>
    </interface></specification><referenced><interface loc="79:/home/zly/tinyos-main/tos/chips/msp430/usart/HplMsp430Usart1P.nc" name="SOMI" provided="0" ref="0x41278010">
      <component-ref nicename="tos.chips.msp430.usart.HplMsp430Usart1P" qname="HplMsp430Usart1P"/>
      <type-interface alignment="I:2" size="I:2"><interface-ref name="SOMI" ref="0x41278010" scoped=""/></type-interface>
      <instance>
        <interfacedef-ref nicename="tos.chips.msp430.pins.HplMsp430GeneralIO" qname="HplMsp430GeneralIO"/>
      </instance>
      <interface-functions>
        <function-ref name="makeInput" ref="0x412781e8" scoped=""/>
        <function-ref name="isInput" ref="0x412782c8" scoped=""/>
        <function-ref name="setResistor" ref="0x412783a8" scoped=""/>
        <function-ref name="toggle" ref="0x41278488" scoped=""/>
        <function-ref name="isOutput" ref="0x41278568" scoped=""/>
        <function-ref name="getResistor" ref="0x41278648" scoped=""/>
        <function-ref name="makeOutput" ref="0x41278728" scoped=""/>
        <function-ref name="get" ref="0x41278808" scoped=""/>
        <function-ref name="selectIOFunc" ref="0x412788e8" scoped=""/>
        <function-ref name="getRaw" ref="0x412789c8" scoped=""/>
        <function-ref name="set" ref="0x41278aa8" scoped=""/>
        <function-ref name="selectModuleFunc" ref="0x41278b88" scoped=""/>
        <function-ref name="isIOFunc" ref="0x41278c68" scoped=""/>
        <function-ref name="isModuleFunc" ref="0x41278dc8" scoped=""/>
        <function-ref name="clr" ref="0x41278ea8" scoped=""/>
      </interface-functions>
    </interface><interface loc="82:/home/zly/tinyos-main/tos/chips/msp430/usart/HplMsp430Usart1P.nc" name="UTXD" provided="0" ref="0x412753d8">
      <component-ref nicename="tos.chips.msp430.usart.HplMsp430Usart1P" qname="HplMsp430Usart1P"/>
      <type-interface alignment="I:2" size="I:2"><interface-ref name="UTXD" ref="0x412753d8" scoped=""/></type-interface>
      <instance>
        <interfacedef-ref nicename="tos.chips.msp430.pins.HplMsp430GeneralIO" qname="HplMsp430GeneralIO"/>
      </instance>
      <interface-functions>
        <function-ref name="makeInput" ref="0x412755b0" scoped=""/>
        <function-ref name="isInput" ref="0x41275690" scoped=""/>
        <function-ref name="setResistor" ref="0x41275770" scoped=""/>
        <function-ref name="toggle" ref="0x41275850" scoped=""/>
        <function-ref name="isOutput" ref="0x41275930" scoped=""/>
        <function-ref name="getResistor" ref="0x41275a10" scoped=""/>
        <function-ref name="makeOutput" ref="0x41275af0" scoped=""/>
        <function-ref name="get" ref="0x41275bd0" scoped=""/>
        <function-ref name="selectIOFunc" ref="0x41275cb0" scoped=""/>
        <function-ref name="getRaw" ref="0x41275d90" scoped=""/>
        <function-ref name="set" ref="0x41275e70" scoped=""/>
        <function-ref name="selectModuleFunc" ref="0x41274010" scoped=""/>
        <function-ref name="isIOFunc" ref="0x412740f0" scoped=""/>
        <function-ref name="isModuleFunc" ref="0x41274250" scoped=""/>
        <function-ref name="clr" ref="0x41274330" scoped=""/>
      </interface-functions>
    </interface><interface loc="75:/home/zly/tinyos-main/tos/chips/msp430/usart/HplMsp430Usart1P.nc" name="Usart" provided="1" ref="0x4127c010">
      <component-ref nicename="tos.chips.msp430.usart.HplMsp430Usart1P" qname="HplMsp430Usart1P"/>
      <type-interface alignment="I:2" size="I:2"><interface-ref name="Usart" ref="0x4127c010" scoped=""/></type-interface>
      <instance>
        <interfacedef-ref nicename="tos.chips.msp430.usart.HplMsp430Usart" qname="HplMsp430Usart"/>
      </instance>
      <interface-functions>
        <function-ref name="isTxEmpty" ref="0x4127c1e8" scoped=""/>
        <function-ref name="enableUartRx" ref="0x4127c2c8" scoped=""/>
        <function-ref name="setUctl" ref="0x4127c3a8" scoped=""/>
        <function-ref name="enableUart" ref="0x4127c488" scoped=""/>
        <function-ref name="setUrctl" ref="0x4127c568" scoped=""/>
        <function-ref name="enableRxIntr" ref="0x4127c648" scoped=""/>
        <function-ref name="clrRxIntr" ref="0x4127c728" scoped=""/>
        <function-ref name="getUtctl" ref="0x4127c808" scoped=""/>
        <function-ref name="getUrctl" ref="0x4127c8e8" scoped=""/>
        <function-ref name="resetUsart" ref="0x4127c9c8" scoped=""/>
        <function-ref name="getUmctl" ref="0x4127caa8" scoped=""/>
        <function-ref name="disableIntr" ref="0x4127cb88" scoped=""/>
        <function-ref name="setUtctl" ref="0x4127cc68" scoped=""/>
        <function-ref name="getUbr" ref="0x4127cdc8" scoped=""/>
        <function-ref name="enableTxIntr" ref="0x4127cea8" scoped=""/>
        <function-ref name="setUmctl" ref="0x4127b010" scoped=""/>
        <function-ref name="isUartRx" ref="0x4127b0f0" scoped=""/>
        <function-ref name="isUart" ref="0x4127b1d0" scoped=""/>
        <function-ref name="disableRxIntr" ref="0x4127b2b0" scoped=""/>
        <function-ref name="isSpi" ref="0x4127b390" scoped=""/>
        <function-ref name="enableUartTx" ref="0x4127b470" scoped=""/>
        <function-ref name="disableTxIntr" ref="0x4127b550" scoped=""/>
        <function-ref name="disableUartRx" ref="0x4127b630" scoped=""/>
        <function-ref name="enableIntr" ref="0x4127b710" scoped=""/>
        <function-ref name="getMode" ref="0x4127b7f0" scoped=""/>
        <function-ref name="isTxIntrPending" ref="0x4127b9d0" scoped=""/>
        <function-ref name="clrIntr" ref="0x4127bab0" scoped=""/>
        <function-ref name="setUbr" ref="0x4127bb90" scoped=""/>
        <function-ref name="tx" ref="0x4127bc70" scoped=""/>
        <function-ref name="getUctl" ref="0x4127bd50" scoped=""/>
        <function-ref name="disableUart" ref="0x4127be30" scoped=""/>
        <function-ref name="enableSpi" ref="0x4127bf10" scoped=""/>
        <function-ref name="setModeUart" ref="0x4127a010" scoped=""/>
        <function-ref name="setModeSpi" ref="0x4127a0f0" scoped=""/>
        <function-ref name="rx" ref="0x4127a1d0" scoped=""/>
        <function-ref name="isRxIntrPending" ref="0x4127a2b0" scoped=""/>
        <function-ref name="isUartTx" ref="0x4127a390" scoped=""/>
        <function-ref name="clrTxIntr" ref="0x4127a470" scoped=""/>
        <function-ref name="disableSpi" ref="0x4127a550" scoped=""/>
        <function-ref name="disableUartTx" ref="0x4127a630" scoped=""/>
      </interface-functions>
    </interface><interface loc="153:/home/zly/tinyos-main/tos/chips/msp430/pins/HplMsp430GeneralIOC.nc" name="SIMO1" provided="1" ref="0x409e2a00">
      <component-ref nicename="tos.chips.msp430.pins.HplMsp430GeneralIOC" qname="HplMsp430GeneralIOC"/>
      <type-interface alignment="I:2" size="I:2"><interface-ref name="SIMO1" ref="0x409e2a00" scoped=""/></type-interface>
      <instance>
        <interfacedef-ref nicename="tos.chips.msp430.pins.HplMsp430GeneralIO" qname="HplMsp430GeneralIO"/>
      </instance>
      <interface-functions>
        <function-ref name="makeInput" ref="0x409e2bd8" scoped=""/>
        <function-ref name="isInput" ref="0x409e2cb8" scoped=""/>
        <function-ref name="setResistor" ref="0x409e2d98" scoped=""/>
        <function-ref name="toggle" ref="0x409e2e78" scoped=""/>
        <function-ref name="isOutput" ref="0x409e1010" scoped=""/>
        <function-ref name="getResistor" ref="0x409e10f0" scoped=""/>
        <function-ref name="makeOutput" ref="0x409e11d0" scoped=""/>
        <function-ref name="get" ref="0x409e12b0" scoped=""/>
        <function-ref name="selectIOFunc" ref="0x409e1390" scoped=""/>
        <function-ref name="getRaw" ref="0x409e1470" scoped=""/>
        <function-ref name="set" ref="0x409e1550" scoped=""/>
        <function-ref name="selectModuleFunc" ref="0x409e1630" scoped=""/>
        <function-ref name="isIOFunc" ref="0x409e1710" scoped=""/>
        <function-ref name="isModuleFunc" ref="0x409e1870" scoped=""/>
        <function-ref name="clr" ref="0x409e1950" scoped=""/>
      </interface-functions>
    </interface><interface loc="78:/home/zly/tinyos-main/tos/chips/msp430/usart/HplMsp430Usart1P.nc" name="SIMO" provided="0" ref="0x4127ae30">
      <component-ref nicename="tos.chips.msp430.usart.HplMsp430Usart1P" qname="HplMsp430Usart1P"/>
      <type-interface alignment="I:2" size="I:2"><interface-ref name="SIMO" ref="0x4127ae30" scoped=""/></type-interface>
      <instance>
        <interfacedef-ref nicename="tos.chips.msp430.pins.HplMsp430GeneralIO" qname="HplMsp430GeneralIO"/>
      </instance>
      <interface-functions>
        <function-ref name="makeInput" ref="0x41279050" scoped=""/>
        <function-ref name="isInput" ref="0x41279130" scoped=""/>
        <function-ref name="setResistor" ref="0x41279210" scoped=""/>
        <function-ref name="toggle" ref="0x412792f0" scoped=""/>
        <function-ref name="isOutput" ref="0x412793d0" scoped=""/>
        <function-ref name="getResistor" ref="0x412794b0" scoped=""/>
        <function-ref name="makeOutput" ref="0x41279590" scoped=""/>
        <function-ref name="get" ref="0x41279670" scoped=""/>
        <function-ref name="selectIOFunc" ref="0x41279750" scoped=""/>
        <function-ref name="getRaw" ref="0x41279830" scoped=""/>
        <function-ref name="set" ref="0x41279910" scoped=""/>
        <function-ref name="selectModuleFunc" ref="0x412799f0" scoped=""/>
        <function-ref name="isIOFunc" ref="0x41279ad0" scoped=""/>
        <function-ref name="isModuleFunc" ref="0x41279c30" scoped=""/>
        <function-ref name="clr" ref="0x41279d10" scoped=""/>
      </interface-functions>
    </interface><interface loc="155:/home/zly/tinyos-main/tos/chips/msp430/pins/HplMsp430GeneralIOC.nc" name="UCLK1" provided="1" ref="0x409e0d80">
      <component-ref nicename="tos.chips.msp430.pins.HplMsp430GeneralIOC" qname="HplMsp430GeneralIOC"/>
      <type-interface alignment="I:2" size="I:2"><interface-ref name="UCLK1" ref="0x409e0d80" scoped=""/></type-interface>
      <instance>
        <interfacedef-ref nicename="tos.chips.msp430.pins.HplMsp430GeneralIO" qname="HplMsp430GeneralIO"/>
      </instance>
      <interface-functions>
        <function-ref name="makeInput" ref="0x409df010" scoped=""/>
        <function-ref name="isInput" ref="0x409df0f0" scoped=""/>
        <function-ref name="setResistor" ref="0x409df1d0" scoped=""/>
        <function-ref name="toggle" ref="0x409df2b0" scoped=""/>
        <function-ref name="isOutput" ref="0x409df390" scoped=""/>
        <function-ref name="getResistor" ref="0x409df470" scoped=""/>
        <function-ref name="makeOutput" ref="0x409df550" scoped=""/>
        <function-ref name="get" ref="0x409df630" scoped=""/>
        <function-ref name="selectIOFunc" ref="0x409df710" scoped=""/>
        <function-ref name="getRaw" ref="0x409df7f0" scoped=""/>
        <function-ref name="set" ref="0x409df8d0" scoped=""/>
        <function-ref name="selectModuleFunc" ref="0x409df9b0" scoped=""/>
        <function-ref name="isIOFunc" ref="0x409dfa90" scoped=""/>
        <function-ref name="isModuleFunc" ref="0x409dfbf0" scoped=""/>
        <function-ref name="clr" ref="0x409dfcd0" scoped=""/>
      </interface-functions>
    </interface><interface loc="154:/home/zly/tinyos-main/tos/chips/msp430/pins/HplMsp430GeneralIOC.nc" name="SOMI1" provided="1" ref="0x409e1bc0">
      <component-ref nicename="tos.chips.msp430.pins.HplMsp430GeneralIOC" qname="HplMsp430GeneralIOC"/>
      <type-interface alignment="I:2" size="I:2"><interface-ref name="SOMI1" ref="0x409e1bc0" scoped=""/></type-interface>
      <instance>
        <interfacedef-ref nicename="tos.chips.msp430.pins.HplMsp430GeneralIO" qname="HplMsp430GeneralIO"/>
      </instance>
      <interface-functions>
        <function-ref name="makeInput" ref="0x409e1d98" scoped=""/>
        <function-ref name="isInput" ref="0x409e1e78" scoped=""/>
        <function-ref name="setResistor" ref="0x409e0010" scoped=""/>
        <function-ref name="toggle" ref="0x409e00f0" scoped=""/>
        <function-ref name="isOutput" ref="0x409e01d0" scoped=""/>
        <function-ref name="getResistor" ref="0x409e02b0" scoped=""/>
        <function-ref name="makeOutput" ref="0x409e0390" scoped=""/>
        <function-ref name="get" ref="0x409e0470" scoped=""/>
        <function-ref name="selectIOFunc" ref="0x409e0550" scoped=""/>
        <function-ref name="getRaw" ref="0x409e0630" scoped=""/>
        <function-ref name="set" ref="0x409e0710" scoped=""/>
        <function-ref name="selectModuleFunc" ref="0x409e07f0" scoped=""/>
        <function-ref name="isIOFunc" ref="0x409e08d0" scoped=""/>
        <function-ref name="isModuleFunc" ref="0x409e0a30" scoped=""/>
        <function-ref name="clr" ref="0x409e0b10" scoped=""/>
      </interface-functions>
    </interface><interface loc="81:/home/zly/tinyos-main/tos/chips/msp430/usart/HplMsp430Usart1P.nc" name="URXD" provided="0" ref="0x41276280">
      <component-ref nicename="tos.chips.msp430.usart.HplMsp430Usart1P" qname="HplMsp430Usart1P"/>
      <type-interface alignment="I:2" size="I:2"><interface-ref name="URXD" ref="0x41276280" scoped=""/></type-interface>
      <instance>
        <interfacedef-ref nicename="tos.chips.msp430.pins.HplMsp430GeneralIO" qname="HplMsp430GeneralIO"/>
      </instance>
      <interface-functions>
        <function-ref name="makeInput" ref="0x41276458" scoped=""/>
        <function-ref name="isInput" ref="0x41276538" scoped=""/>
        <function-ref name="setResistor" ref="0x41276618" scoped=""/>
        <function-ref name="toggle" ref="0x412766f8" scoped=""/>
        <function-ref name="isOutput" ref="0x412767d8" scoped=""/>
        <function-ref name="getResistor" ref="0x412768b8" scoped=""/>
        <function-ref name="makeOutput" ref="0x41276998" scoped=""/>
        <function-ref name="get" ref="0x41276a78" scoped=""/>
        <function-ref name="selectIOFunc" ref="0x41276b58" scoped=""/>
        <function-ref name="getRaw" ref="0x41276c38" scoped=""/>
        <function-ref name="set" ref="0x41276d18" scoped=""/>
        <function-ref name="selectModuleFunc" ref="0x41276df8" scoped=""/>
        <function-ref name="isIOFunc" ref="0x41276ed8" scoped=""/>
        <function-ref name="isModuleFunc" ref="0x41275090" scoped=""/>
        <function-ref name="clr" ref="0x41275170" scoped=""/>
      </interface-functions>
    </interface><interface loc="74:/home/zly/tinyos-main/tos/chips/msp430/usart/HplMsp430Usart1P.nc" name="AsyncStdControl" provided="1" ref="0x4127fad8">
      <component-ref nicename="tos.chips.msp430.usart.HplMsp430Usart1P" qname="HplMsp430Usart1P"/>
      <type-interface alignment="I:2" size="I:2"><interface-ref name="AsyncStdControl" ref="0x4127fad8" scoped=""/></type-interface>
      <instance>
        <interfacedef-ref nicename="tos.interfaces.AsyncStdControl" qname="AsyncStdControl"/>
      </instance>
      <interface-functions>
        <function-ref name="start" ref="0x4127fcb0" scoped=""/>
        <function-ref name="stop" ref="0x4127fd90" scoped=""/>
      </interface-functions>
    </interface><interface loc="76:/home/zly/tinyos-main/tos/chips/msp430/usart/HplMsp430Usart1P.nc" name="Interrupts" provided="1" ref="0x4127a910">
      <component-ref nicename="tos.chips.msp430.usart.HplMsp430Usart1P" qname="HplMsp430Usart1P"/>
      <type-interface alignment="I:2" size="I:2"><interface-ref name="Interrupts" ref="0x4127a910" scoped=""/></type-interface>
      <instance>
        <interfacedef-ref nicename="tos.chips.msp430.usart.HplMsp430UsartInterrupts" qname="HplMsp430UsartInterrupts"/>
      </instance>
      <interface-functions>
        <function-ref name="rxDone" ref="0x4127aae8" scoped=""/>
        <function-ref name="txDone" ref="0x4127abc8" scoped=""/>
      </interface-functions>
    </interface><interface loc="80:/home/zly/tinyos-main/tos/chips/msp430/usart/HplMsp430Usart1P.nc" name="UCLK" provided="0" ref="0x41277168">
      <component-ref nicename="tos.chips.msp430.usart.HplMsp430Usart1P" qname="HplMsp430Usart1P"/>
      <type-interface alignment="I:2" size="I:2"><interface-ref name="UCLK" ref="0x41277168" scoped=""/></type-interface>
      <instance>
        <interfacedef-ref nicename="tos.chips.msp430.pins.HplMsp430GeneralIO" qname="HplMsp430GeneralIO"/>
      </instance>
      <interface-functions>
        <function-ref name="makeInput" ref="0x41277340" scoped=""/>
        <function-ref name="isInput" ref="0x41277420" scoped=""/>
        <function-ref name="setResistor" ref="0x41277500" scoped=""/>
        <function-ref name="toggle" ref="0x412775e0" scoped=""/>
        <function-ref name="isOutput" ref="0x412776c0" scoped=""/>
        <function-ref name="getResistor" ref="0x412777a0" scoped=""/>
        <function-ref name="makeOutput" ref="0x41277880" scoped=""/>
        <function-ref name="get" ref="0x41277960" scoped=""/>
        <function-ref name="selectIOFunc" ref="0x41277a40" scoped=""/>
        <function-ref name="getRaw" ref="0x41277b20" scoped=""/>
        <function-ref name="set" ref="0x41277c00" scoped=""/>
        <function-ref name="selectModuleFunc" ref="0x41277ce0" scoped=""/>
        <function-ref name="isIOFunc" ref="0x41277dc0" scoped=""/>
        <function-ref name="isModuleFunc" ref="0x41277f20" scoped=""/>
        <function-ref name="clr" ref="0x41276018" scoped=""/>
      </interface-functions>
    </interface><interface loc="157:/home/zly/tinyos-main/tos/chips/msp430/pins/HplMsp430GeneralIOC.nc" name="URXD1" provided="1" ref="0x409dd170">
      <component-ref nicename="tos.chips.msp430.pins.HplMsp430GeneralIOC" qname="HplMsp430GeneralIOC"/>
      <type-interface alignment="I:2" size="I:2"><interface-ref name="URXD1" ref="0x409dd170" scoped=""/></type-interface>
      <instance>
        <interfacedef-ref nicename="tos.chips.msp430.pins.HplMsp430GeneralIO" qname="HplMsp430GeneralIO"/>
      </instance>
      <interface-functions>
        <function-ref name="makeInput" ref="0x409dd348" scoped=""/>
        <function-ref name="isInput" ref="0x409dd428" scoped=""/>
        <function-ref name="setResistor" ref="0x409dd508" scoped=""/>
        <function-ref name="toggle" ref="0x409dd5e8" scoped=""/>
        <function-ref name="isOutput" ref="0x409dd6c8" scoped=""/>
        <function-ref name="getResistor" ref="0x409dd7a8" scoped=""/>
        <function-ref name="makeOutput" ref="0x409dd888" scoped=""/>
        <function-ref name="get" ref="0x409dd968" scoped=""/>
        <function-ref name="selectIOFunc" ref="0x409dda48" scoped=""/>
        <function-ref name="getRaw" ref="0x409ddb28" scoped=""/>
        <function-ref name="set" ref="0x409ddc08" scoped=""/>
        <function-ref name="selectModuleFunc" ref="0x409ddce8" scoped=""/>
        <function-ref name="isIOFunc" ref="0x409dddc8" scoped=""/>
        <function-ref name="isModuleFunc" ref="0x409ddf28" scoped=""/>
        <function-ref name="clr" ref="0x409fc018" scoped=""/>
      </interface-functions>
    </interface><interface loc="156:/home/zly/tinyos-main/tos/chips/msp430/pins/HplMsp430GeneralIOC.nc" name="UTXD1" provided="1" ref="0x409de010">
      <component-ref nicename="tos.chips.msp430.pins.HplMsp430GeneralIOC" qname="HplMsp430GeneralIOC"/>
      <type-interface alignment="I:2" size="I:2"><interface-ref name="UTXD1" ref="0x409de010" scoped=""/></type-interface>
      <instance>
        <interfacedef-ref nicename="tos.chips.msp430.pins.HplMsp430GeneralIO" qname="HplMsp430GeneralIO"/>
      </instance>
      <interface-functions>
        <function-ref name="makeInput" ref="0x409de1e8" scoped=""/>
        <function-ref name="isInput" ref="0x409de2c8" scoped=""/>
        <function-ref name="setResistor" ref="0x409de3a8" scoped=""/>
        <function-ref name="toggle" ref="0x409de488" scoped=""/>
        <function-ref name="isOutput" ref="0x409de568" scoped=""/>
        <function-ref name="getResistor" ref="0x409de648" scoped=""/>
        <function-ref name="makeOutput" ref="0x409de728" scoped=""/>
        <function-ref name="get" ref="0x409de808" scoped=""/>
        <function-ref name="selectIOFunc" ref="0x409de8e8" scoped=""/>
        <function-ref name="getRaw" ref="0x409de9c8" scoped=""/>
        <function-ref name="set" ref="0x409deaa8" scoped=""/>
        <function-ref name="selectModuleFunc" ref="0x409deb88" scoped=""/>
        <function-ref name="isIOFunc" ref="0x409dec68" scoped=""/>
        <function-ref name="isModuleFunc" ref="0x409dedc8" scoped=""/>
        <function-ref name="clr" ref="0x409deea8" scoped=""/>
      </interface-functions>
    </interface><component loc="45:/home/zly/tinyos-main/tos/chips/msp430/pins/HplMsp430GeneralIOC.nc" nicename="tos.chips.msp430.pins.HplMsp430GeneralIOC" qname="HplMsp430GeneralIOC">
      <documentation loc="35:/home/zly/tinyos-main/tos/chips/msp430/pins/HplMsp430GeneralIOC.nc">
        <short>
 HPL for the TI MSP430 family of microprocessors.</short>
        <long>
 HPL for the TI MSP430 family of microprocessors. This provides an
 abstraction for general-purpose I/O.

 @author Joe Polastre
 @author Xavier Orduna &lt;xorduna@dexmatech.com&gt;
 @author Peter A. Bigot &lt;pab@peoplepowerco.com&gt;
 @author Eric B. Decker &lt;cire831@gmail.com&gt;
</long>
      </documentation>
      <configuration/>
      <wiring>
        <wire loc="442:/home/zly/tinyos-main/tos/chips/msp430/pins/HplMsp430GeneralIOC.nc">
          <from><interface-ref name="Port14" ref="0x4099fbc8" scoped=""/></from>
          <to><interface-ref name="IO" ref="0x40a10010" scoped=""/></to>
        </wire>
        <wire loc="455:/home/zly/tinyos-main/tos/chips/msp430/pins/HplMsp430GeneralIOC.nc">
          <from><interface-ref name="Port26" ref="0x409b3d88" scoped=""/></from>
          <to><interface-ref name="IO" ref="0x40a3bd68" scoped=""/></to>
        </wire>
        <wire loc="531:/home/zly/tinyos-main/tos/chips/msp430/pins/HplMsp430GeneralIOC.nc">
          <from><interface-ref name="SDA" ref="0x409eaf28" scoped=""/></from>
          <to><interface-ref name="IO" ref="0x40a335c8" scoped=""/></to>
        </wire>
        <wire loc="551:/home/zly/tinyos-main/tos/chips/msp430/pins/HplMsp430GeneralIOC.nc">
          <from><interface-ref name="ADC6" ref="0x409f6c98" scoped=""/></from>
          <to><interface-ref name="IO" ref="0x40a94d68" scoped=""/></to>
        </wire>
        <wire loc="532:/home/zly/tinyos-main/tos/chips/msp430/pins/HplMsp430GeneralIOC.nc">
          <from><interface-ref name="SOMI0" ref="0x409e8068" scoped=""/></from>
          <to><interface-ref name="IO" ref="0x40a31d68" scoped=""/></to>
        </wire>
        <wire loc="460:/home/zly/tinyos-main/tos/chips/msp430/pins/HplMsp430GeneralIOC.nc">
          <from><interface-ref name="Port30" ref="0x409b0178" scoped=""/></from>
          <to><interface-ref name="IO" ref="0x40a36d68" scoped=""/></to>
        </wire>
        <wire loc="473:/home/zly/tinyos-main/tos/chips/msp430/pins/HplMsp430GeneralIOC.nc">
          <from><interface-ref name="Port42" ref="0x409c53e8" scoped=""/></from>
          <to><interface-ref name="IO" ref="0x40a60d68" scoped=""/></to>
        </wire>
        <wire loc="486:/home/zly/tinyos-main/tos/chips/msp430/pins/HplMsp430GeneralIOC.nc">
          <from><interface-ref name="Port54" ref="0x409da4c8" scoped=""/></from>
          <to><interface-ref name="IO" ref="0x40a69d68" scoped=""/></to>
        </wire>
        <wire loc="497:/home/zly/tinyos-main/tos/chips/msp430/pins/HplMsp430GeneralIOC.nc">
          <from><interface-ref name="Port64" ref="0x409d1368" scoped=""/></from>
          <to><interface-ref name="IO" ref="0x40a76d68" scoped=""/></to>
        </wire>
        <wire loc="535:/home/zly/tinyos-main/tos/chips/msp430/pins/HplMsp430GeneralIOC.nc">
          <from><interface-ref name="UTXD0" ref="0x409e54c0" scoped=""/></from>
          <to><interface-ref name="IO" ref="0x40a4ed68" scoped=""/></to>
        </wire>
        <wire loc="545:/home/zly/tinyos-main/tos/chips/msp430/pins/HplMsp430GeneralIOC.nc">
          <from><interface-ref name="ADC0" ref="0x409fc280" scoped=""/></from>
          <to><interface-ref name="IO" ref="0x40a80d68" scoped=""/></to>
        </wire>
        <wire loc="557:/home/zly/tinyos-main/tos/chips/msp430/pins/HplMsp430GeneralIOC.nc">
          <from><interface-ref name="SVSIN" ref="0x409f1288" scoped=""/></from>
          <to><interface-ref name="IO" ref="0x40a915c8" scoped=""/></to>
        </wire>
        <wire loc="445:/home/zly/tinyos-main/tos/chips/msp430/pins/HplMsp430GeneralIOC.nc">
          <from><interface-ref name="Port17" ref="0x409bb178" scoped=""/></from>
          <to><interface-ref name="IO" ref="0x40a2b5c8" scoped=""/></to>
        </wire>
        <wire loc="536:/home/zly/tinyos-main/tos/chips/msp430/pins/HplMsp430GeneralIOC.nc">
          <from><interface-ref name="URXD0" ref="0x409e4680" scoped=""/></from>
          <to><interface-ref name="IO" ref="0x40a4b5c8" scoped=""/></to>
        </wire>
        <wire loc="450:/home/zly/tinyos-main/tos/chips/msp430/pins/HplMsp430GeneralIOC.nc">
          <from><interface-ref name="Port21" ref="0x409b84c8" scoped=""/></from>
          <to><interface-ref name="IO" ref="0x40a265c8" scoped=""/></to>
        </wire>
        <wire loc="463:/home/zly/tinyos-main/tos/chips/msp430/pins/HplMsp430GeneralIOC.nc">
          <from><interface-ref name="Port33" ref="0x409ad688" scoped=""/></from>
          <to><interface-ref name="IO" ref="0x40a505c8" scoped=""/></to>
        </wire>
        <wire loc="476:/home/zly/tinyos-main/tos/chips/msp430/pins/HplMsp430GeneralIOC.nc">
          <from><interface-ref name="Port45" ref="0x409c2928" scoped=""/></from>
          <to><interface-ref name="IO" ref="0x40a585c8" scoped=""/></to>
        </wire>
        <wire loc="489:/home/zly/tinyos-main/tos/chips/msp430/pins/HplMsp430GeneralIOC.nc">
          <from><interface-ref name="Port57" ref="0x409d7a08" scoped=""/></from>
          <to><interface-ref name="IO" ref="0x40a825c8" scoped=""/></to>
        </wire>
        <wire loc="500:/home/zly/tinyos-main/tos/chips/msp430/pins/HplMsp430GeneralIOC.nc">
          <from><interface-ref name="Port67" ref="0x409ce848" scoped=""/></from>
          <to><interface-ref name="IO" ref="0x40a915c8" scoped=""/></to>
        </wire>
        <wire loc="440:/home/zly/tinyos-main/tos/chips/msp430/pins/HplMsp430GeneralIOC.nc">
          <from><interface-ref name="Port12" ref="0x409a7848" scoped=""/></from>
          <to><interface-ref name="IO" ref="0x40a15140" scoped=""/></to>
        </wire>
        <wire loc="453:/home/zly/tinyos-main/tos/chips/msp430/pins/HplMsp430GeneralIOC.nc">
          <from><interface-ref name="Port24" ref="0x409b5a08" scoped=""/></from>
          <to><interface-ref name="IO" ref="0x40a1fde8" scoped=""/></to>
        </wire>
        <wire loc="466:/home/zly/tinyos-main/tos/chips/msp430/pins/HplMsp430GeneralIOC.nc">
          <from><interface-ref name="Port36" ref="0x409cabc8" scoped=""/></from>
          <to><interface-ref name="IO" ref="0x40a49d68" scoped=""/></to>
        </wire>
        <wire loc="530:/home/zly/tinyos-main/tos/chips/msp430/pins/HplMsp430GeneralIOC.nc">
          <from><interface-ref name="SIMO0" ref="0x409ebd80" scoped=""/></from>
          <to><interface-ref name="IO" ref="0x40a335c8" scoped=""/></to>
        </wire>
        <wire loc="548:/home/zly/tinyos-main/tos/chips/msp430/pins/HplMsp430GeneralIOC.nc">
          <from><interface-ref name="ADC3" ref="0x409f9758" scoped=""/></from>
          <to><interface-ref name="IO" ref="0x40a785c8" scoped=""/></to>
        </wire>
        <wire loc="555:/home/zly/tinyos-main/tos/chips/msp430/pins/HplMsp430GeneralIOC.nc">
          <from><interface-ref name="DAC1" ref="0x409f2168" scoped=""/></from>
          <to><interface-ref name="IO" ref="0x40a915c8" scoped=""/></to>
        </wire>
        <wire loc="541:/home/zly/tinyos-main/tos/chips/msp430/pins/HplMsp430GeneralIOC.nc">
          <from><interface-ref name="UCLK1" ref="0x409e0d80" scoped=""/></from>
          <to><interface-ref name="IO" ref="0x40a6b5c8" scoped=""/></to>
        </wire>
        <wire loc="471:/home/zly/tinyos-main/tos/chips/msp430/pins/HplMsp430GeneralIOC.nc">
          <from><interface-ref name="Port40" ref="0x409c7010" scoped=""/></from>
          <to><interface-ref name="IO" ref="0x40a44e68" scoped=""/></to>
        </wire>
        <wire loc="484:/home/zly/tinyos-main/tos/chips/msp430/pins/HplMsp430GeneralIOC.nc">
          <from><interface-ref name="Port52" ref="0x409dc178" scoped=""/></from>
          <to><interface-ref name="IO" ref="0x40a6ed68" scoped=""/></to>
        </wire>
        <wire loc="495:/home/zly/tinyos-main/tos/chips/msp430/pins/HplMsp430GeneralIOC.nc">
          <from><interface-ref name="Port62" ref="0x409d3010" scoped=""/></from>
          <to><interface-ref name="IO" ref="0x40a7bd68" scoped=""/></to>
        </wire>
        <wire loc="549:/home/zly/tinyos-main/tos/chips/msp430/pins/HplMsp430GeneralIOC.nc">
          <from><interface-ref name="ADC4" ref="0x409f8918" scoped=""/></from>
          <to><interface-ref name="IO" ref="0x40a76d68" scoped=""/></to>
        </wire>
        <wire loc="538:/home/zly/tinyos-main/tos/chips/msp430/pins/HplMsp430GeneralIOC.nc">
          <from><interface-ref name="STE1" ref="0x409e3838" scoped=""/></from>
          <to><interface-ref name="IO" ref="0x40a73d68" scoped=""/></to>
        </wire>
        <wire loc="443:/home/zly/tinyos-main/tos/chips/msp430/pins/HplMsp430GeneralIOC.nc">
          <from><interface-ref name="Port15" ref="0x4099ed88" scoped=""/></from>
          <to><interface-ref name="IO" ref="0x40a0e730" scoped=""/></to>
        </wire>
        <wire loc="456:/home/zly/tinyos-main/tos/chips/msp430/pins/HplMsp430GeneralIOC.nc">
          <from><interface-ref name="Port27" ref="0x409b1010" scoped=""/></from>
          <to><interface-ref name="IO" ref="0x40a385c8" scoped=""/></to>
        </wire>
        <wire loc="493:/home/zly/tinyos-main/tos/chips/msp430/pins/HplMsp430GeneralIOC.nc">
          <from><interface-ref name="Port60" ref="0x409d6bc8" scoped=""/></from>
          <to><interface-ref name="IO" ref="0x40a80d68" scoped=""/></to>
        </wire>
        <wire loc="461:/home/zly/tinyos-main/tos/chips/msp430/pins/HplMsp430GeneralIOC.nc">
          <from><interface-ref name="Port31" ref="0x409af368" scoped=""/></from>
          <to><interface-ref name="IO" ref="0x40a335c8" scoped=""/></to>
        </wire>
        <wire loc="474:/home/zly/tinyos-main/tos/chips/msp430/pins/HplMsp430GeneralIOC.nc">
          <from><interface-ref name="Port43" ref="0x409c45a8" scoped=""/></from>
          <to><interface-ref name="IO" ref="0x40a5d5c8" scoped=""/></to>
        </wire>
        <wire loc="487:/home/zly/tinyos-main/tos/chips/msp430/pins/HplMsp430GeneralIOC.nc">
          <from><interface-ref name="Port55" ref="0x409d9688" scoped=""/></from>
          <to><interface-ref name="IO" ref="0x40a665c8" scoped=""/></to>
        </wire>
        <wire loc="498:/home/zly/tinyos-main/tos/chips/msp430/pins/HplMsp430GeneralIOC.nc">
          <from><interface-ref name="Port65" ref="0x409d04c8" scoped=""/></from>
          <to><interface-ref name="IO" ref="0x40a965c8" scoped=""/></to>
        </wire>
        <wire loc="540:/home/zly/tinyos-main/tos/chips/msp430/pins/HplMsp430GeneralIOC.nc">
          <from><interface-ref name="SOMI1" ref="0x409e1bc0" scoped=""/></from>
          <to><interface-ref name="IO" ref="0x40a6ed68" scoped=""/></to>
        </wire>
        <wire loc="438:/home/zly/tinyos-main/tos/chips/msp430/pins/HplMsp430GeneralIOC.nc">
          <from><interface-ref name="Port10" ref="0x409a1558" scoped=""/></from>
          <to><interface-ref name="IO" ref="0x409ed220" scoped=""/></to>
        </wire>
        <wire loc="451:/home/zly/tinyos-main/tos/chips/msp430/pins/HplMsp430GeneralIOC.nc">
          <from><interface-ref name="Port22" ref="0x409b7688" scoped=""/></from>
          <to><interface-ref name="IO" ref="0x40a24d68" scoped=""/></to>
        </wire>
        <wire loc="464:/home/zly/tinyos-main/tos/chips/msp430/pins/HplMsp430GeneralIOC.nc">
          <from><interface-ref name="Port34" ref="0x409cc848" scoped=""/></from>
          <to><interface-ref name="IO" ref="0x40a4ed68" scoped=""/></to>
        </wire>
        <wire loc="477:/home/zly/tinyos-main/tos/chips/msp430/pins/HplMsp430GeneralIOC.nc">
          <from><interface-ref name="Port46" ref="0x409c1ae8" scoped=""/></from>
          <to><interface-ref name="IO" ref="0x40a56d68" scoped=""/></to>
        </wire>
        <wire loc="542:/home/zly/tinyos-main/tos/chips/msp430/pins/HplMsp430GeneralIOC.nc">
          <from><interface-ref name="UTXD1" ref="0x409de010" scoped=""/></from>
          <to><interface-ref name="IO" ref="0x40a49d68" scoped=""/></to>
        </wire>
        <wire loc="546:/home/zly/tinyos-main/tos/chips/msp430/pins/HplMsp430GeneralIOC.nc">
          <from><interface-ref name="ADC1" ref="0x409fb3d8" scoped=""/></from>
          <to><interface-ref name="IO" ref="0x40a7d5c8" scoped=""/></to>
        </wire>
        <wire loc="552:/home/zly/tinyos-main/tos/chips/msp430/pins/HplMsp430GeneralIOC.nc">
          <from><interface-ref name="ADC7" ref="0x409f5e58" scoped=""/></from>
          <to><interface-ref name="IO" ref="0x40a915c8" scoped=""/></to>
        </wire>
        <wire loc="482:/home/zly/tinyos-main/tos/chips/msp430/pins/HplMsp430GeneralIOC.nc">
          <from><interface-ref name="Port50" ref="0x409bfe68" scoped=""/></from>
          <to><interface-ref name="IO" ref="0x40a73d68" scoped=""/></to>
        </wire>
        <wire loc="543:/home/zly/tinyos-main/tos/chips/msp430/pins/HplMsp430GeneralIOC.nc">
          <from><interface-ref name="URXD1" ref="0x409dd170" scoped=""/></from>
          <to><interface-ref name="IO" ref="0x40a465c8" scoped=""/></to>
        </wire>
        <wire loc="441:/home/zly/tinyos-main/tos/chips/msp430/pins/HplMsp430GeneralIOC.nc">
          <from><interface-ref name="Port13" ref="0x409a0a08" scoped=""/></from>
          <to><interface-ref name="IO" ref="0x40a138a0" scoped=""/></to>
        </wire>
        <wire loc="454:/home/zly/tinyos-main/tos/chips/msp430/pins/HplMsp430GeneralIOC.nc">
          <from><interface-ref name="Port25" ref="0x409b4bc8" scoped=""/></from>
          <to><interface-ref name="IO" ref="0x40a3d5c8" scoped=""/></to>
        </wire>
        <wire loc="467:/home/zly/tinyos-main/tos/chips/msp430/pins/HplMsp430GeneralIOC.nc">
          <from><interface-ref name="Port37" ref="0x409c9d88" scoped=""/></from>
          <to><interface-ref name="IO" ref="0x40a465c8" scoped=""/></to>
        </wire>
        <wire loc="539:/home/zly/tinyos-main/tos/chips/msp430/pins/HplMsp430GeneralIOC.nc">
          <from><interface-ref name="SIMO1" ref="0x409e2a00" scoped=""/></from>
          <to><interface-ref name="IO" ref="0x40a705c8" scoped=""/></to>
        </wire>
        <wire loc="550:/home/zly/tinyos-main/tos/chips/msp430/pins/HplMsp430GeneralIOC.nc">
          <from><interface-ref name="ADC5" ref="0x409f7ad8" scoped=""/></from>
          <to><interface-ref name="IO" ref="0x40a965c8" scoped=""/></to>
        </wire>
        <wire loc="472:/home/zly/tinyos-main/tos/chips/msp430/pins/HplMsp430GeneralIOC.nc">
          <from><interface-ref name="Port41" ref="0x409c6288" scoped=""/></from>
          <to><interface-ref name="IO" ref="0x40a415c8" scoped=""/></to>
        </wire>
        <wire loc="485:/home/zly/tinyos-main/tos/chips/msp430/pins/HplMsp430GeneralIOC.nc">
          <from><interface-ref name="Port53" ref="0x409db368" scoped=""/></from>
          <to><interface-ref name="IO" ref="0x40a6b5c8" scoped=""/></to>
        </wire>
        <wire loc="496:/home/zly/tinyos-main/tos/chips/msp430/pins/HplMsp430GeneralIOC.nc">
          <from><interface-ref name="Port63" ref="0x409d2178" scoped=""/></from>
          <to><interface-ref name="IO" ref="0x40a785c8" scoped=""/></to>
        </wire>
        <wire loc="444:/home/zly/tinyos-main/tos/chips/msp430/pins/HplMsp430GeneralIOC.nc">
          <from><interface-ref name="Port16" ref="0x409bc010" scoped=""/></from>
          <to><interface-ref name="IO" ref="0x40a2edf8" scoped=""/></to>
        </wire>
        <wire loc="494:/home/zly/tinyos-main/tos/chips/msp430/pins/HplMsp430GeneralIOC.nc">
          <from><interface-ref name="Port61" ref="0x409d5d88" scoped=""/></from>
          <to><interface-ref name="IO" ref="0x40a7d5c8" scoped=""/></to>
        </wire>
        <wire loc="449:/home/zly/tinyos-main/tos/chips/msp430/pins/HplMsp430GeneralIOC.nc">
          <from><interface-ref name="Port20" ref="0x409ba368" scoped=""/></from>
          <to><interface-ref name="IO" ref="0x40a29d68" scoped=""/></to>
        </wire>
        <wire loc="462:/home/zly/tinyos-main/tos/chips/msp430/pins/HplMsp430GeneralIOC.nc">
          <from><interface-ref name="Port32" ref="0x409ae4c8" scoped=""/></from>
          <to><interface-ref name="IO" ref="0x40a31d68" scoped=""/></to>
        </wire>
        <wire loc="475:/home/zly/tinyos-main/tos/chips/msp430/pins/HplMsp430GeneralIOC.nc">
          <from><interface-ref name="Port44" ref="0x409c3768" scoped=""/></from>
          <to><interface-ref name="IO" ref="0x40a5bd68" scoped=""/></to>
        </wire>
        <wire loc="488:/home/zly/tinyos-main/tos/chips/msp430/pins/HplMsp430GeneralIOC.nc">
          <from><interface-ref name="Port56" ref="0x409d8848" scoped=""/></from>
          <to><interface-ref name="IO" ref="0x40a64d68" scoped=""/></to>
        </wire>
        <wire loc="499:/home/zly/tinyos-main/tos/chips/msp430/pins/HplMsp430GeneralIOC.nc">
          <from><interface-ref name="Port66" ref="0x409cf688" scoped=""/></from>
          <to><interface-ref name="IO" ref="0x40a94d68" scoped=""/></to>
        </wire>
        <wire loc="439:/home/zly/tinyos-main/tos/chips/msp430/pins/HplMsp430GeneralIOC.nc">
          <from><interface-ref name="Port11" ref="0x409a8688" scoped=""/></from>
          <to><interface-ref name="IO" ref="0x40a18918" scoped=""/></to>
        </wire>
        <wire loc="452:/home/zly/tinyos-main/tos/chips/msp430/pins/HplMsp430GeneralIOC.nc">
          <from><interface-ref name="Port23" ref="0x409b6848" scoped=""/></from>
          <to><interface-ref name="IO" ref="0x40a215c8" scoped=""/></to>
        </wire>
        <wire loc="465:/home/zly/tinyos-main/tos/chips/msp430/pins/HplMsp430GeneralIOC.nc">
          <from><interface-ref name="Port35" ref="0x409cba08" scoped=""/></from>
          <to><interface-ref name="IO" ref="0x40a4b5c8" scoped=""/></to>
        </wire>
        <wire loc="478:/home/zly/tinyos-main/tos/chips/msp430/pins/HplMsp430GeneralIOC.nc">
          <from><interface-ref name="Port47" ref="0x409c0ca8" scoped=""/></from>
          <to><interface-ref name="IO" ref="0x40a535c8" scoped=""/></to>
        </wire>
        <wire loc="534:/home/zly/tinyos-main/tos/chips/msp430/pins/HplMsp430GeneralIOC.nc">
          <from><interface-ref name="SCL" ref="0x409e6348" scoped=""/></from>
          <to><interface-ref name="IO" ref="0x40a505c8" scoped=""/></to>
        </wire>
        <wire loc="547:/home/zly/tinyos-main/tos/chips/msp430/pins/HplMsp430GeneralIOC.nc">
          <from><interface-ref name="ADC2" ref="0x409fa598" scoped=""/></from>
          <to><interface-ref name="IO" ref="0x40a7bd68" scoped=""/></to>
        </wire>
        <wire loc="533:/home/zly/tinyos-main/tos/chips/msp430/pins/HplMsp430GeneralIOC.nc">
          <from><interface-ref name="UCLK0" ref="0x409e71a0" scoped=""/></from>
          <to><interface-ref name="IO" ref="0x40a505c8" scoped=""/></to>
        </wire>
        <wire loc="483:/home/zly/tinyos-main/tos/chips/msp430/pins/HplMsp430GeneralIOC.nc">
          <from><interface-ref name="Port51" ref="0x409bd010" scoped=""/></from>
          <to><interface-ref name="IO" ref="0x40a705c8" scoped=""/></to>
        </wire>
        <wire loc="554:/home/zly/tinyos-main/tos/chips/msp430/pins/HplMsp430GeneralIOC.nc">
          <from><interface-ref name="DAC0" ref="0x409f3010" scoped=""/></from>
          <to><interface-ref name="IO" ref="0x40a94d68" scoped=""/></to>
        </wire>
        <wire loc="558:/home/zly/tinyos-main/tos/chips/msp430/pins/HplMsp430GeneralIOC.nc">
          <from><interface-ref name="SVSOUT" ref="0x409f03e8" scoped=""/></from>
          <to><interface-ref name="IO" ref="0x40a825c8" scoped=""/></to>
        </wire>
        <wire loc="529:/home/zly/tinyos-main/tos/chips/msp430/pins/HplMsp430GeneralIOC.nc">
          <from><interface-ref name="STE0" ref="0x409eca28" scoped=""/></from>
          <to><interface-ref name="IO" ref="0x40a36d68" scoped=""/></to>
        </wire>
      </wiring>
    </component><component loc="73:/home/zly/tinyos-main/tos/chips/msp430/usart/HplMsp430Usart1P.nc" nicename="tos.chips.msp430.usart.HplMsp430Usart1P" qname="HplMsp430Usart1P">
      <documentation loc="62:/home/zly/tinyos-main/tos/chips/msp430/usart/HplMsp430Usart1P.nc">
        <short>
 Implementation of USART1 lowlevel functionality - stateless.</short>
        <long>
 Implementation of USART1 lowlevel functionality - stateless.
 Setting a mode will by default disable USART-Interrupts.

 @author: Jan Hauer &lt;hauer@tkn.tu-berlin.de&gt;
 @author: Jonathan Hui &lt;jhui@archedrock.com&gt;
 @author: Vlado Handziski &lt;handzisk@tkn.tu-berlin.de&gt;
 @author: Joe Polastre
 @version $Revision: 1.7 $ $Date: 2010-06-04 22:30:21 $
</long>
      </documentation>
      <module/>
    </component></referenced></component>