<?xml version="1.0" ?><component abstract="" loc="41:/home/zly/tinyos-main/tos/chips/msp430/timer/Alarm32khz32C.nc" nicename="tos.chips.msp430.timer.Alarm32khz32C" qname="Alarm32khz32C">
      <documentation loc="33:/home/zly/tinyos-main/tos/chips/msp430/timer/Alarm32khz32C.nc">
        <short>
 Alarm32khzC is the alarm for async 32khz alarms

 </short>
        <long>
 Alarm32khzC is the alarm for async 32khz alarms

 @author Cory Sharp &lt;cssharp@eecs.berkeley.edu&gt;
 @see  Please refer to TEP 102 for more information about this component and its
          intended use.
</long>
      </documentation>
      <parameters>
      </parameters>
      <configuration/>
      <wiring>
        <wire loc="53:/home/zly/tinyos-main/tos/chips/msp430/timer/Alarm32khz32C.nc">
          <from><interface-ref name="Alarm" ref="0x4096ee50" scoped=""/></from>
          <to><interface-ref name="Alarm" ref="0x409838b0" scoped=""/></to>
        </wire>
        <wire loc="52:/home/zly/tinyos-main/tos/chips/msp430/timer/Alarm32khz32C.nc">
          <from><interface-ref name="Init" ref="0x4096e928" scoped=""/></from>
          <to><interface-ref name="Init" ref="0x40988f28" scoped=""/></to>
        </wire>
        <wire loc="55:/home/zly/tinyos-main/tos/chips/msp430/timer/Alarm32khz32C.nc">
          <from><interface-ref name="AlarmFrom" ref="0x409985f8" scoped=""/></from>
          <to><interface-ref name="Alarm" ref="0x40987390" scoped=""/></to>
        </wire>
        <wire loc="56:/home/zly/tinyos-main/tos/chips/msp430/timer/Alarm32khz32C.nc">
          <from><interface-ref name="Counter" ref="0x40999360" scoped=""/></from>
          <to><interface-ref name="Counter" ref="0x409858f0" scoped=""/></to>
        </wire>
      </wiring>
    <specification><interface loc="44:/home/zly/tinyos-main/tos/chips/msp430/timer/Alarm32khz32C.nc" name="Alarm" provided="1" ref="0x4096ee50">
      <component-ref nicename="tos.chips.msp430.timer.Alarm32khz32C" qname="Alarm32khz32C"/>
      <type-interface alignment="I:2" size="I:2"><interface-ref name="Alarm" ref="0x4096ee50" scoped=""/></type-interface>
      <instance>
        <interfacedef-ref nicename="tos.lib.timer.Alarm" qname="Alarm"/>
        <arguments>
          <type-tag alignment="I:2" size="I:2"><struct-ref ref="0x40614ca8"/>
            <typename><typedef-ref name="T32khz" ref="0x40614e70"/></typename>
          </type-tag>
          <type-int alignment="I:2" cname="unsigned long" size="I:4" unsigned="">
            <typename><typedef-ref name="uint32_t" ref="0x40213250"/></typename>
          </type-int>
        </arguments>
      </instance>
      <interface-functions>
        <function-ref name="getNow" ref="0x40988350" scoped=""/>
        <function-ref name="fired" ref="0x4098aaf8" scoped=""/>
        <function-ref name="startAt" ref="0x40988010" scoped=""/>
        <function-ref name="isRunning" ref="0x4098ad70" scoped=""/>
        <function-ref name="getAlarm" ref="0x409885c8" scoped=""/>
        <function-ref name="start" ref="0x4098a5e0" scoped=""/>
        <function-ref name="stop" ref="0x4098a880" scoped=""/>
      </interface-functions>
    </interface><interface loc="43:/home/zly/tinyos-main/tos/chips/msp430/timer/Alarm32khz32C.nc" name="Init" provided="1" ref="0x4096e928">
      <component-ref nicename="tos.chips.msp430.timer.Alarm32khz32C" qname="Alarm32khz32C"/>
      <type-interface alignment="I:2" size="I:2"><interface-ref name="Init" ref="0x4096e928" scoped=""/></type-interface>
      <instance>
        <interfacedef-ref nicename="tos.interfaces.Init" qname="Init"/>
      </instance>
      <interface-functions>
        <function-ref name="init" ref="0x4096eb00" scoped=""/>
      </interface-functions>
    </interface></specification><referenced><interface loc="43:/home/zly/tinyos-main/tos/chips/msp430/timer/Counter32khz32C.nc" name="Counter" provided="1" ref="0x409858f0">
      <component-ref nicename="tos.chips.msp430.timer.Counter32khz32C" qname="Counter32khz32C"/>
      <type-interface alignment="I:2" size="I:2"><interface-ref name="Counter" ref="0x409858f0" scoped=""/></type-interface>
      <instance>
        <interfacedef-ref nicename="tos.lib.timer.Counter" qname="Counter"/>
        <arguments>
          <type-tag alignment="I:2" size="I:2"><struct-ref ref="0x40614ca8"/>
            <typename><typedef-ref name="T32khz" ref="0x40614e70"/></typename>
          </type-tag>
          <type-int alignment="I:2" cname="unsigned long" size="I:4" unsigned="">
            <typename><typedef-ref name="uint32_t" ref="0x40213250"/></typename>
          </type-int>
        </arguments>
      </instance>
      <interface-functions>
        <function-ref name="get" ref="0x40982068" scoped=""/>
        <function-ref name="clearOverflow" ref="0x40982558" scoped=""/>
        <function-ref name="isOverflowPending" ref="0x409822e0" scoped=""/>
        <function-ref name="overflow" ref="0x409827d0" scoped=""/>
      </interface-functions>
    </interface><interface loc="68:/home/zly/tinyos-main/tos/lib/timer/TransformAlarmC.nc" name="Counter" provided="0" ref="0x40999360">
      <component-ref nicename="tos.lib.timer.TransformAlarmC" qname="Alarm32khz32C.Transform"/>
      <type-interface alignment="I:2" size="I:2"><interface-ref name="Counter" ref="0x40999360" scoped=""/></type-interface>
      <instance>
        <interfacedef-ref nicename="tos.lib.timer.Counter" qname="Counter"/>
        <arguments>
          <type-tag alignment="I:2" size="I:2"><struct-ref ref="0x40614ca8"/>
            <typename><typedef-ref name="T32khz" ref="0x40614e70"/></typename>
          </type-tag>
          <type-int alignment="I:2" cname="unsigned long" size="I:4" unsigned="">
            <typename><typedef-ref name="uint32_t" ref="0x40213250"/></typename>
          </type-int>
        </arguments>
      </instance>
      <interface-functions>
        <function-ref name="get" ref="0x40999ab0" scoped=""/>
        <function-ref name="clearOverflow" ref="0x40998010" scoped=""/>
        <function-ref name="isOverflowPending" ref="0x40999d28" scoped=""/>
        <function-ref name="overflow" ref="0x40998288" scoped=""/>
      </interface-functions>
    </interface><interface loc="43:/home/zly/tinyos-main/tos/chips/msp430/timer/Alarm32khz16C.nc" name="Init" provided="1" ref="0x40988f28">
      <component-ref nicename="tos.chips.msp430.timer.Alarm32khz16C" qname="Alarm32khz32C.AlarmC"/>
      <type-interface alignment="I:2" size="I:2"><interface-ref name="Init" ref="0x40988f28" scoped=""/></type-interface>
      <instance>
        <interfacedef-ref nicename="tos.interfaces.Init" qname="Init"/>
      </instance>
      <interface-functions>
        <function-ref name="init" ref="0x40987110" scoped=""/>
      </interface-functions>
    </interface><interface loc="73:/home/zly/tinyos-main/tos/lib/timer/TransformAlarmC.nc" name="AlarmFrom" provided="0" ref="0x409985f8">
      <component-ref nicename="tos.lib.timer.TransformAlarmC" qname="Alarm32khz32C.Transform"/>
      <type-interface alignment="I:2" size="I:2"><interface-ref name="AlarmFrom" ref="0x409985f8" scoped=""/></type-interface>
      <instance>
        <interfacedef-ref nicename="tos.lib.timer.Alarm" qname="Alarm"/>
        <arguments>
          <type-tag alignment="I:2" size="I:2"><struct-ref ref="0x40614ca8"/>
            <typename><typedef-ref name="T32khz" ref="0x40614e70"/></typename>
          </type-tag>
          <type-int alignment="I:2" cname="unsigned int" size="I:2" unsigned="">
            <typename><typedef-ref name="uint16_t" ref="0x40213010"/></typename>
          </type-int>
        </arguments>
      </instance>
      <interface-functions>
        <function-ref name="getNow" ref="0x40996ab8" scoped=""/>
        <function-ref name="fired" ref="0x40996288" scoped=""/>
        <function-ref name="startAt" ref="0x40996778" scoped=""/>
        <function-ref name="isRunning" ref="0x40996500" scoped=""/>
        <function-ref name="getAlarm" ref="0x40996d30" scoped=""/>
        <function-ref name="start" ref="0x40998d48" scoped=""/>
        <function-ref name="stop" ref="0x40996010" scoped=""/>
      </interface-functions>
    </interface><interface loc="44:/home/zly/tinyos-main/tos/chips/msp430/timer/Alarm32khz16C.nc" name="Alarm" provided="1" ref="0x40987390">
      <component-ref nicename="tos.chips.msp430.timer.Alarm32khz16C" qname="Alarm32khz32C.AlarmC"/>
      <type-interface alignment="I:2" size="I:2"><interface-ref name="Alarm" ref="0x40987390" scoped=""/></type-interface>
      <instance>
        <interfacedef-ref nicename="tos.lib.timer.Alarm" qname="Alarm"/>
        <arguments>
          <type-tag alignment="I:2" size="I:2"><struct-ref ref="0x40614ca8"/>
            <typename><typedef-ref name="T32khz" ref="0x40614e70"/></typename>
          </type-tag>
          <type-int alignment="I:2" cname="unsigned int" size="I:2" unsigned="">
            <typename><typedef-ref name="uint16_t" ref="0x40213010"/></typename>
          </type-int>
        </arguments>
      </instance>
      <interface-functions>
        <function-ref name="getNow" ref="0x40986840" scoped=""/>
        <function-ref name="fired" ref="0x40986010" scoped=""/>
        <function-ref name="startAt" ref="0x40986500" scoped=""/>
        <function-ref name="isRunning" ref="0x40986288" scoped=""/>
        <function-ref name="getAlarm" ref="0x40986ab8" scoped=""/>
        <function-ref name="start" ref="0x40987ae0" scoped=""/>
        <function-ref name="stop" ref="0x40987d80" scoped=""/>
      </interface-functions>
    </interface><interface loc="61:/home/zly/tinyos-main/tos/lib/timer/TransformAlarmC.nc" name="Alarm" provided="1" ref="0x409838b0">
      <component-ref nicename="tos.lib.timer.TransformAlarmC" qname="Alarm32khz32C.Transform"/>
      <type-interface alignment="I:2" size="I:2"><interface-ref name="Alarm" ref="0x409838b0" scoped=""/></type-interface>
      <instance>
        <interfacedef-ref nicename="tos.lib.timer.Alarm" qname="Alarm"/>
        <arguments>
          <type-tag alignment="I:2" size="I:2"><struct-ref ref="0x40614ca8"/>
            <typename><typedef-ref name="T32khz" ref="0x40614e70"/></typename>
          </type-tag>
          <type-int alignment="I:2" cname="unsigned long" size="I:4" unsigned="">
            <typename><typedef-ref name="uint32_t" ref="0x40213250"/></typename>
          </type-int>
        </arguments>
      </instance>
      <interface-functions>
        <function-ref name="getNow" ref="0x4099bd58" scoped=""/>
        <function-ref name="fired" ref="0x4099b528" scoped=""/>
        <function-ref name="startAt" ref="0x4099ba18" scoped=""/>
        <function-ref name="isRunning" ref="0x4099b7a0" scoped=""/>
        <function-ref name="getAlarm" ref="0x40999010" scoped=""/>
        <function-ref name="start" ref="0x4099b010" scoped=""/>
        <function-ref name="stop" ref="0x4099b2b0" scoped=""/>
      </interface-functions>
    </interface><component abstract="" loc="51(Alarm32khz32C.Transform):/home/zly/tinyos-main/tos/lib/timer/TransformAlarmC.nc" nicename="tos.lib.timer.TransformAlarmC" qname="Alarm32khz32C.Transform">
      <documentation loc="34:/home/zly/tinyos-main/tos/lib/timer/TransformAlarmC.nc">
        <short>
 TransformAlarmC decreases precision and/or widens an Alarm.</short>
        <long>
 TransformAlarmC decreases precision and/or widens an Alarm.  An already
 widened Counter component is used to help.

 &lt;p&gt;See TEP102 for more details.
 @param to_precision_tag A type indicating the precision of the transformed
   Alarm.
 @param to_size_type The type for the width of the transformed Alarm.
 @param from_precision_tag A type indicating the precision of the original
   Alarm.
 @param from_size_type The type for the width of the original Alarm.
 @param bit_shift_right Original time units will be 2 to the power 
   &lt;code&gt;bit_shift_right&lt;/code&gt; larger than transformed time units.

 @author Cory Sharp &lt;cssharp@eecs.berkeley.edu&gt;
</long>
      </documentation>
      <instance>
        <component-ref nicename="tos.lib.timer.TransformAlarmC" qname="TransformAlarmC"/>
        <arguments>
          <type-tag alignment="I:2" size="I:2"><struct-ref ref="0x40614ca8"/>
            <typename><typedef-ref name="T32khz" ref="0x40614e70"/></typename>
          </type-tag>
          <type-int alignment="I:2" cname="unsigned long" size="I:4" unsigned="">
            <typename><typedef-ref name="uint32_t" ref="0x40213250"/></typename>
          </type-int>
          <type-tag alignment="I:2" size="I:2"><struct-ref ref="0x40614ca8"/>
            <typename><typedef-ref name="T32khz" ref="0x40614e70"/></typename>
          </type-tag>
          <type-int alignment="I:2" cname="unsigned int" size="I:2" unsigned="">
            <typename><typedef-ref name="uint16_t" ref="0x40213010"/></typename>
          </type-int>
          <value cst="I:0">
            <type-int alignment="I:2" cname="int" size="I:2"/>
          </value>
        </arguments>
      </instance>
      <module/>
    </component><component loc="41:/home/zly/tinyos-main/tos/chips/msp430/timer/Counter32khz32C.nc" nicename="tos.chips.msp430.timer.Counter32khz32C" qname="Counter32khz32C">
      <documentation loc="33:/home/zly/tinyos-main/tos/chips/msp430/timer/Counter32khz32C.nc">
        <short>
 Counter32khz32C provides at 32-bit counter at 32768 ticks per second.</short>
        <long>
 Counter32khz32C provides at 32-bit counter at 32768 ticks per second.

 @author Cory Sharp &lt;cssharp@eecs.berkeley.edu&gt;
 @see  Please refer to TEP 102 for more information about this component and its
          intended use.
</long>
      </documentation>
      <configuration/>
      <wiring>
        <wire loc="50:/home/zly/tinyos-main/tos/chips/msp430/timer/Counter32khz32C.nc">
          <from><interface-ref name="Counter" ref="0x409858f0" scoped=""/></from>
          <to><interface-ref name="Counter" ref="0x4097f1a0" scoped=""/></to>
        </wire>
        <wire loc="52:/home/zly/tinyos-main/tos/chips/msp430/timer/Counter32khz32C.nc">
          <from><interface-ref name="CounterFrom" ref="0x4097e3d8" scoped=""/></from>
          <to><interface-ref name="Msp430Counter32khz" ref="0x407d4a20" scoped=""/></to>
        </wire>
      </wiring>
    </component><component abstract="" loc="41(Alarm32khz32C.AlarmC):/home/zly/tinyos-main/tos/chips/msp430/timer/Alarm32khz16C.nc" nicename="tos.chips.msp430.timer.Alarm32khz16C" qname="Alarm32khz32C.AlarmC">
      <documentation loc="33:/home/zly/tinyos-main/tos/chips/msp430/timer/Alarm32khz16C.nc">
        <short>
 Alarm32khzC is the alarm for async 32khz alarms

 </short>
        <long>
 Alarm32khzC is the alarm for async 32khz alarms

 @author Cory Sharp &lt;cssharp@eecs.berkeley.edu&gt;
 @see  Please refer to TEP 102 for more information about this component and its
          intended use.
</long>
      </documentation>
      <instance>
        <component-ref nicename="tos.chips.msp430.timer.Alarm32khz16C" qname="Alarm32khz16C"/>
      </instance>
      <configuration/>
    </component></referenced></component>