<?xml version="1.0" ?><component abstract="" loc="48:/home/zly/tinyos-main/tos/lib/serial/SerialDispatcherP.nc" nicename="tos.lib.serial.SerialDispatcherP" qname="SerialDispatcherP">
      <documentation loc="71:/home/zly/tinyos-main/tos/lib/serial/Serial.h">
        <short>
 </short>
        <long>
 @author Phil Buonadonna
 @author Lewis Girod
 @author Ben Greenstein
 @author Philip Levis
 @date   August 7 2005
</long>
      </documentation>
      <parameters>
      </parameters>
      <module/>
    <specification><interface loc="275:/home/zly/tinyos-main/tos/lib/serial/SerialDispatcherP.nc" name="receiveTask" provided="0" ref="0x41200560">
      <component-ref nicename="tos.lib.serial.SerialDispatcherP" qname="SerialDispatcherP"/>
      <type-interface alignment="I:2" size="I:2"><interface-ref name="receiveTask" ref="0x41200560" scoped=""/></type-interface>
      <instance>
        <interfacedef-ref nicename="tos.interfaces.TaskBasic" qname="TaskBasic"/>
      </instance>
      <interface-functions>
        <function-ref name="postTask" ref="0x41200738" scoped=""/>
        <function-ref name="runTask" ref="0x41200818" scoped=""/>
      </interface-functions>
    </interface><interface loc="51:/home/zly/tinyos-main/tos/lib/serial/SerialDispatcherP.nc" name="Send" provided="1" ref="0x411e8c48">
      <component-ref nicename="tos.lib.serial.SerialDispatcherP" qname="SerialDispatcherP"/>
      <type-interface alignment="I:2" size="I:2"><interface-ref name="Send" ref="0x411e8c48" scoped=""/></type-interface>
      <instance>
        <interfacedef-ref nicename="tos.interfaces.Send" qname="Send"/>
      </instance>
      <interface-parameters>
        <type-int alignment="I:1" cname="unsigned char" size="I:1" unsigned="">
          <typename><typedef-ref name="uart_id_t" ref="0x4074db30"/></typename>
        </type-int>
      </interface-parameters>
      <interface-functions>
        <function-ref name="send" ref="0x411e8e20" scoped=""/>
        <function-ref name="getPayload" ref="0x411e8f00" scoped=""/>
        <function-ref name="maxPayloadLength" ref="0x411e7010" scoped=""/>
        <function-ref name="cancel" ref="0x411e70f0" scoped=""/>
        <function-ref name="sendDone" ref="0x411e71d0" scoped=""/>
      </interface-functions>
    </interface><interface loc="158:/home/zly/tinyos-main/tos/lib/serial/SerialDispatcherP.nc" name="signalSendDone" provided="0" ref="0x411d4978">
      <component-ref nicename="tos.lib.serial.SerialDispatcherP" qname="SerialDispatcherP"/>
      <type-interface alignment="I:2" size="I:2"><interface-ref name="signalSendDone" ref="0x411d4978" scoped=""/></type-interface>
      <instance>
        <interfacedef-ref nicename="tos.interfaces.TaskBasic" qname="TaskBasic"/>
      </instance>
      <interface-functions>
        <function-ref name="postTask" ref="0x411d4b50" scoped=""/>
        <function-ref name="runTask" ref="0x411d4c30" scoped=""/>
      </interface-functions>
    </interface><interface loc="50:/home/zly/tinyos-main/tos/lib/serial/SerialDispatcherP.nc" name="Receive" provided="1" ref="0x411e8608">
      <component-ref nicename="tos.lib.serial.SerialDispatcherP" qname="SerialDispatcherP"/>
      <type-interface alignment="I:2" size="I:2"><interface-ref name="Receive" ref="0x411e8608" scoped=""/></type-interface>
      <instance>
        <interfacedef-ref nicename="tos.interfaces.Receive" qname="Receive"/>
      </instance>
      <interface-parameters>
        <type-int alignment="I:1" cname="unsigned char" size="I:1" unsigned="">
          <typename><typedef-ref name="uart_id_t" ref="0x4074db30"/></typename>
        </type-int>
      </interface-parameters>
      <interface-functions>
        <function-ref name="receive" ref="0x411e87e0" scoped=""/>
      </interface-functions>
    </interface><interface loc="54:/home/zly/tinyos-main/tos/lib/serial/SerialDispatcherP.nc" name="PacketInfo" provided="0" ref="0x411e7778">
      <component-ref nicename="tos.lib.serial.SerialDispatcherP" qname="SerialDispatcherP"/>
      <type-interface alignment="I:2" size="I:2"><interface-ref name="PacketInfo" ref="0x411e7778" scoped=""/></type-interface>
      <instance>
        <interfacedef-ref nicename="tos.lib.serial.SerialPacketInfo" qname="SerialPacketInfo"/>
      </instance>
      <interface-parameters>
        <type-int alignment="I:1" cname="unsigned char" size="I:1" unsigned="">
          <typename><typedef-ref name="uart_id_t" ref="0x4074db30"/></typename>
        </type-int>
      </interface-parameters>
      <interface-functions>
        <function-ref name="upperLength" ref="0x411e7950" scoped=""/>
        <function-ref name="offset" ref="0x411e7a30" scoped=""/>
        <function-ref name="dataLinkLength" ref="0x411e7b10" scoped=""/>
      </interface-functions>
    </interface><interface loc="57:/home/zly/tinyos-main/tos/lib/serial/SerialDispatcherP.nc" name="Leds" provided="0" ref="0x411e68a8">
      <component-ref nicename="tos.lib.serial.SerialDispatcherP" qname="SerialDispatcherP"/>
      <type-interface alignment="I:2" size="I:2"><interface-ref name="Leds" ref="0x411e68a8" scoped=""/></type-interface>
      <instance>
        <interfacedef-ref nicename="tos.interfaces.Leds" qname="Leds"/>
      </instance>
      <interface-functions>
        <function-ref name="led0Off" ref="0x411e6a80" scoped=""/>
        <function-ref name="led0Toggle" ref="0x411e6b60" scoped=""/>
        <function-ref name="led1On" ref="0x411e6c40" scoped=""/>
        <function-ref name="led1Toggle" ref="0x411e6d20" scoped=""/>
        <function-ref name="led2Toggle" ref="0x411e6e00" scoped=""/>
        <function-ref name="get" ref="0x411e6ee0" scoped=""/>
        <function-ref name="led1Off" ref="0x411e5010" scoped=""/>
        <function-ref name="led2Off" ref="0x411e5390" scoped=""/>
        <function-ref name="set" ref="0x411e50f0" scoped=""/>
        <function-ref name="led0On" ref="0x411e51d0" scoped=""/>
        <function-ref name="led2On" ref="0x411e52b0" scoped=""/>
      </interface-functions>
    </interface><interface loc="56:/home/zly/tinyos-main/tos/lib/serial/SerialDispatcherP.nc" name="SendBytePacket" provided="0" ref="0x411e62c0">
      <component-ref nicename="tos.lib.serial.SerialDispatcherP" qname="SerialDispatcherP"/>
      <type-interface alignment="I:2" size="I:2"><interface-ref name="SendBytePacket" ref="0x411e62c0" scoped=""/></type-interface>
      <instance>
        <interfacedef-ref nicename="tos.lib.serial.SendBytePacket" qname="SendBytePacket"/>
      </instance>
      <interface-functions>
        <function-ref name="completeSend" ref="0x411e6498" scoped=""/>
        <function-ref name="nextByte" ref="0x411e6578" scoped=""/>
        <function-ref name="startSend" ref="0x411e6658" scoped=""/>
        <function-ref name="sendCompleted" ref="0x411e6738" scoped=""/>
      </interface-functions>
    </interface><interface loc="55:/home/zly/tinyos-main/tos/lib/serial/SerialDispatcherP.nc" name="ReceiveBytePacket" provided="0" ref="0x411e7d00">
      <component-ref nicename="tos.lib.serial.SerialDispatcherP" qname="SerialDispatcherP"/>
      <type-interface alignment="I:2" size="I:2"><interface-ref name="ReceiveBytePacket" ref="0x411e7d00" scoped=""/></type-interface>
      <instance>
        <interfacedef-ref nicename="tos.lib.serial.ReceiveBytePacket" qname="ReceiveBytePacket"/>
      </instance>
      <interface-functions>
        <function-ref name="startPacket" ref="0x411e7ed8" scoped=""/>
        <function-ref name="byteReceived" ref="0x411e6010" scoped=""/>
        <function-ref name="endPacket" ref="0x411e60f0" scoped=""/>
      </interface-functions>
    </interface></specification><referenced/></component>