<?xml version="1.0" ?><component abstract="" loc="40:/home/zly/tinyos-main/tos/chips/msp430/usart/Msp430Usart1C.nc" nicename="tos.chips.msp430.usart.Msp430Usart1C" qname="Msp430Usart1C">
      <documentation loc="32:/home/zly/tinyos-main/tos/chips/msp430/usart/Msp430Usart1C.nc">
        <short>
 Provides an interface for USART1 on the MSP430.</short>
        <long>
 Provides an interface for USART1 on the MSP430.

 @author Vlado Handziski &lt;handisk@tkn.tu-berlin.de&gt;
 @author Jonathan Hui &lt;jhui@archedrock.com&gt;
 @version $Revision: 1.5 $ $Date: 2008-05-21 22:11:57 $
</long>
      </documentation>
      <parameters>
      </parameters>
      <configuration/>
      <wiring>
        <wire loc="60:/home/zly/tinyos-main/tos/chips/msp430/usart/Msp430Usart1C.nc">
          <from><interface-ref name="ResourceRequested" ref="0x412f4650" scoped=""/></from>
          <to><interface-ref name="ResourceRequested" ref="0x412ec420" scoped=""/>
          <arguments>
            <value cst="U:">
              <type-int alignment="I:2" cname="int" size="I:2"/>
            </value>
          </arguments>
          </to>
        </wire>
        <wire loc="63:/home/zly/tinyos-main/tos/chips/msp430/usart/Msp430Usart1C.nc">
          <from><interface-ref name="HplMsp430UsartInterrupts" ref="0x412f1888" scoped=""/></from>
          <to><interface-ref name="Interrupts" ref="0x412ed258" scoped=""/>
          <arguments>
            <value cst="U:">
              <type-int alignment="I:2" cname="int" size="I:2"/>
            </value>
          </arguments>
          </to>
        </wire>
        <wire loc="59:/home/zly/tinyos-main/tos/chips/msp430/usart/Msp430Usart1C.nc">
          <from><interface-ref name="Resource" ref="0x412b3eb8" scoped=""/></from>
          <to><interface-ref name="Resource" ref="0x412ed9a8" scoped=""/>
          <arguments>
            <value cst="U:">
              <type-int alignment="I:2" cname="int" size="I:2"/>
            </value>
          </arguments>
          </to>
        </wire>
        <wire loc="66:/home/zly/tinyos-main/tos/chips/msp430/usart/Msp430Usart1C.nc">
          <from><interface-ref name="HplMsp430Usart" ref="0x412f3010" scoped=""/></from>
          <to><interface-ref name="HplMsp430Usart" ref="0x41280640" scoped=""/></to>
        </wire>
        <wire loc="62:/home/zly/tinyos-main/tos/chips/msp430/usart/Msp430Usart1C.nc">
          <from><interface-ref name="ArbiterInfo" ref="0x412f4ad8" scoped=""/></from>
          <to><interface-ref name="ArbiterInfo" ref="0x412ec8a8" scoped=""/></to>
        </wire>
        <wire loc="61:/home/zly/tinyos-main/tos/chips/msp430/usart/Msp430Usart1C.nc">
          <from><interface-ref name="ResourceConfigure" ref="0x412eb100" scoped=""/>
          <arguments>
            <value cst="U:">
              <type-int alignment="I:2" cname="int" size="I:2"/>
            </value>
          </arguments>
          </from>
          <to><interface-ref name="ResourceConfigure" ref="0x412f1d50" scoped=""/></to>
        </wire>
      </wiring>
    <specification><interface loc="43:/home/zly/tinyos-main/tos/chips/msp430/usart/Msp430Usart1C.nc" name="ResourceRequested" provided="1" ref="0x412f4650">
      <component-ref nicename="tos.chips.msp430.usart.Msp430Usart1C" qname="Msp430Usart1C"/>
      <type-interface alignment="I:2" size="I:2"><interface-ref name="ResourceRequested" ref="0x412f4650" scoped=""/></type-interface>
      <instance>
        <interfacedef-ref nicename="tos.interfaces.ResourceRequested" qname="ResourceRequested"/>
      </instance>
      <interface-functions>
        <function-ref name="requested" ref="0x412f4828" scoped=""/>
        <function-ref name="immediateRequested" ref="0x412f4908" scoped=""/>
      </interface-functions>
    </interface><interface loc="48:/home/zly/tinyos-main/tos/chips/msp430/usart/Msp430Usart1C.nc" name="ResourceConfigure" provided="0" ref="0x412f1d50">
      <component-ref nicename="tos.chips.msp430.usart.Msp430Usart1C" qname="Msp430Usart1C"/>
      <type-interface alignment="I:2" size="I:2"><interface-ref name="ResourceConfigure" ref="0x412f1d50" scoped=""/></type-interface>
      <instance>
        <interfacedef-ref nicename="tos.interfaces.ResourceConfigure" qname="ResourceConfigure"/>
      </instance>
      <interface-functions>
        <function-ref name="unconfigure" ref="0x412f1f28" scoped=""/>
        <function-ref name="configure" ref="0x412f0018" scoped=""/>
      </interface-functions>
    </interface><interface loc="46:/home/zly/tinyos-main/tos/chips/msp430/usart/Msp430Usart1C.nc" name="HplMsp430UsartInterrupts" provided="1" ref="0x412f1888">
      <component-ref nicename="tos.chips.msp430.usart.Msp430Usart1C" qname="Msp430Usart1C"/>
      <type-interface alignment="I:2" size="I:2"><interface-ref name="HplMsp430UsartInterrupts" ref="0x412f1888" scoped=""/></type-interface>
      <instance>
        <interfacedef-ref nicename="tos.chips.msp430.usart.HplMsp430UsartInterrupts" qname="HplMsp430UsartInterrupts"/>
      </instance>
      <interface-functions>
        <function-ref name="rxDone" ref="0x412f1a60" scoped=""/>
        <function-ref name="txDone" ref="0x412f1b40" scoped=""/>
      </interface-functions>
    </interface><interface loc="42:/home/zly/tinyos-main/tos/chips/msp430/usart/Msp430Usart1C.nc" name="Resource" provided="1" ref="0x412b3eb8">
      <component-ref nicename="tos.chips.msp430.usart.Msp430Usart1C" qname="Msp430Usart1C"/>
      <type-interface alignment="I:2" size="I:2"><interface-ref name="Resource" ref="0x412b3eb8" scoped=""/></type-interface>
      <instance>
        <interfacedef-ref nicename="tos.interfaces.Resource" qname="Resource"/>
      </instance>
      <interface-functions>
        <function-ref name="release" ref="0x412f40c0" scoped=""/>
        <function-ref name="immediateRequest" ref="0x412f41a0" scoped=""/>
        <function-ref name="request" ref="0x412f4280" scoped=""/>
        <function-ref name="granted" ref="0x412f4360" scoped=""/>
        <function-ref name="isOwner" ref="0x412f4440" scoped=""/>
      </interface-functions>
    </interface><interface loc="45:/home/zly/tinyos-main/tos/chips/msp430/usart/Msp430Usart1C.nc" name="HplMsp430Usart" provided="1" ref="0x412f3010">
      <component-ref nicename="tos.chips.msp430.usart.Msp430Usart1C" qname="Msp430Usart1C"/>
      <type-interface alignment="I:2" size="I:2"><interface-ref name="HplMsp430Usart" ref="0x412f3010" scoped=""/></type-interface>
      <instance>
        <interfacedef-ref nicename="tos.chips.msp430.usart.HplMsp430Usart" qname="HplMsp430Usart"/>
      </instance>
      <interface-functions>
        <function-ref name="isTxEmpty" ref="0x412f31e8" scoped=""/>
        <function-ref name="enableUartRx" ref="0x412f32c8" scoped=""/>
        <function-ref name="setUctl" ref="0x412f33a8" scoped=""/>
        <function-ref name="enableUart" ref="0x412f3488" scoped=""/>
        <function-ref name="setUrctl" ref="0x412f3568" scoped=""/>
        <function-ref name="enableRxIntr" ref="0x412f3648" scoped=""/>
        <function-ref name="clrRxIntr" ref="0x412f3728" scoped=""/>
        <function-ref name="getUtctl" ref="0x412f3808" scoped=""/>
        <function-ref name="getUrctl" ref="0x412f38e8" scoped=""/>
        <function-ref name="resetUsart" ref="0x412f39c8" scoped=""/>
        <function-ref name="getUmctl" ref="0x412f3aa8" scoped=""/>
        <function-ref name="disableIntr" ref="0x412f3b88" scoped=""/>
        <function-ref name="setUtctl" ref="0x412f3c68" scoped=""/>
        <function-ref name="getUbr" ref="0x412f3dc8" scoped=""/>
        <function-ref name="enableTxIntr" ref="0x412f3ea8" scoped=""/>
        <function-ref name="setUmctl" ref="0x412f2010" scoped=""/>
        <function-ref name="isUartRx" ref="0x412f20f0" scoped=""/>
        <function-ref name="isUart" ref="0x412f21d0" scoped=""/>
        <function-ref name="disableRxIntr" ref="0x412f22b0" scoped=""/>
        <function-ref name="isSpi" ref="0x412f2390" scoped=""/>
        <function-ref name="enableUartTx" ref="0x412f2470" scoped=""/>
        <function-ref name="disableTxIntr" ref="0x412f2550" scoped=""/>
        <function-ref name="disableUartRx" ref="0x412f2630" scoped=""/>
        <function-ref name="enableIntr" ref="0x412f2710" scoped=""/>
        <function-ref name="getMode" ref="0x412f27f0" scoped=""/>
        <function-ref name="isTxIntrPending" ref="0x412f29d0" scoped=""/>
        <function-ref name="clrIntr" ref="0x412f2ab0" scoped=""/>
        <function-ref name="setUbr" ref="0x412f2b90" scoped=""/>
        <function-ref name="tx" ref="0x412f2c70" scoped=""/>
        <function-ref name="getUctl" ref="0x412f2d50" scoped=""/>
        <function-ref name="disableUart" ref="0x412f2e30" scoped=""/>
        <function-ref name="enableSpi" ref="0x412f2f10" scoped=""/>
        <function-ref name="setModeUart" ref="0x412f1010" scoped=""/>
        <function-ref name="setModeSpi" ref="0x412f10f0" scoped=""/>
        <function-ref name="rx" ref="0x412f11d0" scoped=""/>
        <function-ref name="isRxIntrPending" ref="0x412f12b0" scoped=""/>
        <function-ref name="isUartTx" ref="0x412f1390" scoped=""/>
        <function-ref name="clrTxIntr" ref="0x412f1470" scoped=""/>
        <function-ref name="disableSpi" ref="0x412f1550" scoped=""/>
        <function-ref name="disableUartTx" ref="0x412f1630" scoped=""/>
      </interface-functions>
    </interface><interface loc="44:/home/zly/tinyos-main/tos/chips/msp430/usart/Msp430Usart1C.nc" name="ArbiterInfo" provided="1" ref="0x412f4ad8">
      <component-ref nicename="tos.chips.msp430.usart.Msp430Usart1C" qname="Msp430Usart1C"/>
      <type-interface alignment="I:2" size="I:2"><interface-ref name="ArbiterInfo" ref="0x412f4ad8" scoped=""/></type-interface>
      <instance>
        <interfacedef-ref nicename="tos.interfaces.ArbiterInfo" qname="ArbiterInfo"/>
      </instance>
      <interface-functions>
        <function-ref name="inUse" ref="0x412f4cb0" scoped=""/>
        <function-ref name="userId" ref="0x412f4d90" scoped=""/>
      </interface-functions>
    </interface></specification><referenced><interface loc="41:/home/zly/tinyos-main/tos/chips/msp430/usart/Msp430UsartShare1P.nc" name="Resource" provided="1" ref="0x412ed9a8">
      <component-ref nicename="tos.chips.msp430.usart.Msp430UsartShare1P" qname="Msp430UsartShare1P"/>
      <type-interface alignment="I:2" size="I:2"><interface-ref name="Resource" ref="0x412ed9a8" scoped=""/></type-interface>
      <instance>
        <interfacedef-ref nicename="tos.interfaces.Resource" qname="Resource"/>
      </instance>
      <interface-parameters>
        <type-int alignment="I:1" cname="unsigned char" size="I:1" unsigned="">
          <typename><typedef-ref name="uint8_t" ref="0x40212dc8"/></typename>
        </type-int>
      </interface-parameters>
      <interface-functions>
        <function-ref name="release" ref="0x412edb80" scoped=""/>
        <function-ref name="immediateRequest" ref="0x412edc60" scoped=""/>
        <function-ref name="request" ref="0x412edd40" scoped=""/>
        <function-ref name="granted" ref="0x412ede20" scoped=""/>
        <function-ref name="isOwner" ref="0x412edf00" scoped=""/>
      </interface-functions>
    </interface><interface loc="40:/home/zly/tinyos-main/tos/chips/msp430/usart/Msp430UsartShare1P.nc" name="Interrupts" provided="1" ref="0x412ed258">
      <component-ref nicename="tos.chips.msp430.usart.Msp430UsartShare1P" qname="Msp430UsartShare1P"/>
      <type-interface alignment="I:2" size="I:2"><interface-ref name="Interrupts" ref="0x412ed258" scoped=""/></type-interface>
      <instance>
        <interfacedef-ref nicename="tos.chips.msp430.usart.HplMsp430UsartInterrupts" qname="HplMsp430UsartInterrupts"/>
      </instance>
      <interface-parameters>
        <type-int alignment="I:1" cname="unsigned char" size="I:1" unsigned="">
          <typename><typedef-ref name="uint8_t" ref="0x40212dc8"/></typename>
        </type-int>
      </interface-parameters>
      <interface-functions>
        <function-ref name="rxDone" ref="0x412ed430" scoped=""/>
        <function-ref name="txDone" ref="0x412ed510" scoped=""/>
      </interface-functions>
    </interface><interface loc="77:/home/zly/tinyos-main/tos/chips/msp430/usart/HplMsp430Usart1C.nc" name="HplMsp430Usart" provided="1" ref="0x41280640">
      <component-ref nicename="tos.chips.msp430.usart.HplMsp430Usart1C" qname="HplMsp430Usart1C"/>
      <type-interface alignment="I:2" size="I:2"><interface-ref name="HplMsp430Usart" ref="0x41280640" scoped=""/></type-interface>
      <instance>
        <interfacedef-ref nicename="tos.chips.msp430.usart.HplMsp430Usart" qname="HplMsp430Usart"/>
      </instance>
      <interface-functions>
        <function-ref name="isTxEmpty" ref="0x41280818" scoped=""/>
        <function-ref name="enableUartRx" ref="0x412808f8" scoped=""/>
        <function-ref name="setUctl" ref="0x412809d8" scoped=""/>
        <function-ref name="enableUart" ref="0x41280ab8" scoped=""/>
        <function-ref name="setUrctl" ref="0x41280b98" scoped=""/>
        <function-ref name="enableRxIntr" ref="0x41280c78" scoped=""/>
        <function-ref name="clrRxIntr" ref="0x41280d58" scoped=""/>
        <function-ref name="getUtctl" ref="0x41280e38" scoped=""/>
        <function-ref name="getUrctl" ref="0x41280f18" scoped=""/>
        <function-ref name="resetUsart" ref="0x41282010" scoped=""/>
        <function-ref name="getUmctl" ref="0x412820f0" scoped=""/>
        <function-ref name="disableIntr" ref="0x412821d0" scoped=""/>
        <function-ref name="setUtctl" ref="0x412822b0" scoped=""/>
        <function-ref name="getUbr" ref="0x41282410" scoped=""/>
        <function-ref name="enableTxIntr" ref="0x412824f0" scoped=""/>
        <function-ref name="setUmctl" ref="0x412825d0" scoped=""/>
        <function-ref name="isUartRx" ref="0x412826b0" scoped=""/>
        <function-ref name="isUart" ref="0x41282790" scoped=""/>
        <function-ref name="disableRxIntr" ref="0x41282870" scoped=""/>
        <function-ref name="isSpi" ref="0x41282950" scoped=""/>
        <function-ref name="enableUartTx" ref="0x41282a30" scoped=""/>
        <function-ref name="disableTxIntr" ref="0x41282b10" scoped=""/>
        <function-ref name="disableUartRx" ref="0x41282bf0" scoped=""/>
        <function-ref name="enableIntr" ref="0x41282cd0" scoped=""/>
        <function-ref name="getMode" ref="0x41282db0" scoped=""/>
        <function-ref name="isTxIntrPending" ref="0x41281010" scoped=""/>
        <function-ref name="clrIntr" ref="0x412810f0" scoped=""/>
        <function-ref name="setUbr" ref="0x412811d0" scoped=""/>
        <function-ref name="tx" ref="0x412812b0" scoped=""/>
        <function-ref name="getUctl" ref="0x41281390" scoped=""/>
        <function-ref name="disableUart" ref="0x41281470" scoped=""/>
        <function-ref name="enableSpi" ref="0x41281550" scoped=""/>
        <function-ref name="setModeUart" ref="0x41281630" scoped=""/>
        <function-ref name="setModeSpi" ref="0x41281710" scoped=""/>
        <function-ref name="rx" ref="0x412817f0" scoped=""/>
        <function-ref name="isRxIntrPending" ref="0x412818d0" scoped=""/>
        <function-ref name="isUartTx" ref="0x412819b0" scoped=""/>
        <function-ref name="clrTxIntr" ref="0x41281a90" scoped=""/>
        <function-ref name="disableSpi" ref="0x41281b70" scoped=""/>
        <function-ref name="disableUartTx" ref="0x41281c50" scoped=""/>
      </interface-functions>
    </interface><interface loc="42:/home/zly/tinyos-main/tos/chips/msp430/usart/Msp430UsartShare1P.nc" name="ResourceRequested" provided="1" ref="0x412ec420">
      <component-ref nicename="tos.chips.msp430.usart.Msp430UsartShare1P" qname="Msp430UsartShare1P"/>
      <type-interface alignment="I:2" size="I:2"><interface-ref name="ResourceRequested" ref="0x412ec420" scoped=""/></type-interface>
      <instance>
        <interfacedef-ref nicename="tos.interfaces.ResourceRequested" qname="ResourceRequested"/>
      </instance>
      <interface-parameters>
        <type-int alignment="I:1" cname="unsigned char" size="I:1" unsigned="">
          <typename><typedef-ref name="uint8_t" ref="0x40212dc8"/></typename>
        </type-int>
      </interface-parameters>
      <interface-functions>
        <function-ref name="requested" ref="0x412ec5f8" scoped=""/>
        <function-ref name="immediateRequested" ref="0x412ec6d8" scoped=""/>
      </interface-functions>
    </interface><interface loc="45:/home/zly/tinyos-main/tos/chips/msp430/usart/Msp430UsartShare1P.nc" name="ResourceConfigure" provided="0" ref="0x412eb100">
      <component-ref nicename="tos.chips.msp430.usart.Msp430UsartShare1P" qname="Msp430UsartShare1P"/>
      <type-interface alignment="I:2" size="I:2"><interface-ref name="ResourceConfigure" ref="0x412eb100" scoped=""/></type-interface>
      <instance>
        <interfacedef-ref nicename="tos.interfaces.ResourceConfigure" qname="ResourceConfigure"/>
      </instance>
      <interface-parameters>
        <type-int alignment="I:1" cname="unsigned char" size="I:1" unsigned="">
          <typename><typedef-ref name="uint8_t" ref="0x40212dc8"/></typename>
        </type-int>
      </interface-parameters>
      <interface-functions>
        <function-ref name="unconfigure" ref="0x412eb2d8" scoped=""/>
        <function-ref name="configure" ref="0x412eb3b8" scoped=""/>
      </interface-functions>
    </interface><interface loc="43:/home/zly/tinyos-main/tos/chips/msp430/usart/Msp430UsartShare1P.nc" name="ArbiterInfo" provided="1" ref="0x412ec8a8">
      <component-ref nicename="tos.chips.msp430.usart.Msp430UsartShare1P" qname="Msp430UsartShare1P"/>
      <type-interface alignment="I:2" size="I:2"><interface-ref name="ArbiterInfo" ref="0x412ec8a8" scoped=""/></type-interface>
      <instance>
        <interfacedef-ref nicename="tos.interfaces.ArbiterInfo" qname="ArbiterInfo"/>
      </instance>
      <interface-functions>
        <function-ref name="inUse" ref="0x412eca80" scoped=""/>
        <function-ref name="userId" ref="0x412ecb60" scoped=""/>
      </interface-functions>
    </interface><component loc="74:/home/zly/tinyos-main/tos/chips/msp430/usart/HplMsp430Usart1C.nc" nicename="tos.chips.msp430.usart.HplMsp430Usart1C" qname="HplMsp430Usart1C">
      <documentation loc="31:/home/zly/tinyos-main/tos/chips/msp430/usart/msp430usart.h">
        <short>
 </short>
        <long>
 @author Vlado Handziski &lt;handzisk@tkn.tu-berlin.de&gt;
 @author Philipp Huppertz &lt;huppertz@tkn.tu-berlin.de&gt;
</long>
      </documentation>
      <configuration/>
      <wiring>
        <wire loc="89:/home/zly/tinyos-main/tos/chips/msp430/usart/HplMsp430Usart1C.nc">
          <from><interface-ref name="HplMsp430UsartInterrupts" ref="0x41281ea8" scoped=""/></from>
          <to><interface-ref name="Interrupts" ref="0x4127a910" scoped=""/></to>
        </wire>
        <wire loc="87:/home/zly/tinyos-main/tos/chips/msp430/usart/HplMsp430Usart1C.nc">
          <from><interface-ref name="AsyncStdControl" ref="0x41280198" scoped=""/></from>
          <to><interface-ref name="AsyncStdControl" ref="0x4127fad8" scoped=""/></to>
        </wire>
        <wire loc="88:/home/zly/tinyos-main/tos/chips/msp430/usart/HplMsp430Usart1C.nc">
          <from><interface-ref name="HplMsp430Usart" ref="0x41280640" scoped=""/></from>
          <to><interface-ref name="Usart" ref="0x4127c010" scoped=""/></to>
        </wire>
        <wire loc="91:/home/zly/tinyos-main/tos/chips/msp430/usart/HplMsp430Usart1C.nc">
          <from><interface-ref name="SIMO" ref="0x4127ae30" scoped=""/></from>
          <to><interface-ref name="SIMO1" ref="0x409e2a00" scoped=""/></to>
        </wire>
        <wire loc="92:/home/zly/tinyos-main/tos/chips/msp430/usart/HplMsp430Usart1C.nc">
          <from><interface-ref name="SOMI" ref="0x41278010" scoped=""/></from>
          <to><interface-ref name="SOMI1" ref="0x409e1bc0" scoped=""/></to>
        </wire>
        <wire loc="93:/home/zly/tinyos-main/tos/chips/msp430/usart/HplMsp430Usart1C.nc">
          <from><interface-ref name="UCLK" ref="0x41277168" scoped=""/></from>
          <to><interface-ref name="UCLK1" ref="0x409e0d80" scoped=""/></to>
        </wire>
        <wire loc="94:/home/zly/tinyos-main/tos/chips/msp430/usart/HplMsp430Usart1C.nc">
          <from><interface-ref name="URXD" ref="0x41276280" scoped=""/></from>
          <to><interface-ref name="URXD1" ref="0x409dd170" scoped=""/></to>
        </wire>
        <wire loc="95:/home/zly/tinyos-main/tos/chips/msp430/usart/HplMsp430Usart1C.nc">
          <from><interface-ref name="UTXD" ref="0x412753d8" scoped=""/></from>
          <to><interface-ref name="UTXD1" ref="0x409de010" scoped=""/></to>
        </wire>
      </wiring>
    </component><component loc="38:/home/zly/tinyos-main/tos/chips/msp430/usart/Msp430UsartShare1P.nc" nicename="tos.chips.msp430.usart.Msp430UsartShare1P" qname="Msp430UsartShare1P">
      <documentation loc="32:/home/zly/tinyos-main/tos/chips/msp430/usart/Msp430UsartShare1P.nc">
        <short>
 </short>
        <long>
 @author Vlado Handziski &lt;handzisk@tkn.tu-berlin.de&gt;
 @author Jonathan Hui &lt;jhui@archedrock.com&gt;
 @version $Revision: 1.6 $ $Date: 2008-05-21 22:11:57 $
</long>
      </documentation>
      <configuration/>
      <wiring>
        <wire loc="56:/home/zly/tinyos-main/tos/chips/msp430/usart/Msp430UsartShare1P.nc">
          <from><interface-ref name="ResourceRequested" ref="0x412ec420" scoped=""/></from>
          <to><interface-ref name="ResourceRequested" ref="0x412e7e98" scoped=""/></to>
        </wire>
        <wire loc="51:/home/zly/tinyos-main/tos/chips/msp430/usart/Msp430UsartShare1P.nc">
          <from><interface-ref name="Interrupts" ref="0x412ed258" scoped=""/></from>
          <to><interface-ref name="Interrupts" ref="0x412ebd70" scoped=""/></to>
        </wire>
        <wire loc="55:/home/zly/tinyos-main/tos/chips/msp430/usart/Msp430UsartShare1P.nc">
          <from><interface-ref name="Resource" ref="0x412ed9a8" scoped=""/></from>
          <to><interface-ref name="Resource" ref="0x412e7758" scoped=""/></to>
        </wire>
        <wire loc="58:/home/zly/tinyos-main/tos/chips/msp430/usart/Msp430UsartShare1P.nc">
          <from><interface-ref name="ArbiterInfo" ref="0x412ec8a8" scoped=""/></from>
          <to><interface-ref name="ArbiterInfo" ref="0x412e6978" scoped=""/></to>
        </wire>
        <wire loc="52:/home/zly/tinyos-main/tos/chips/msp430/usart/Msp430UsartShare1P.nc">
          <from><interface-ref name="RawInterrupts" ref="0x412e9670" scoped=""/></from>
          <to><interface-ref name="HplMsp430UsartInterrupts" ref="0x41281ea8" scoped=""/></to>
        </wire>
        <wire loc="57:/home/zly/tinyos-main/tos/chips/msp430/usart/Msp430UsartShare1P.nc">
          <from><interface-ref name="ResourceConfigure" ref="0x412e6e28" scoped=""/></from>
          <to><interface-ref name="ResourceConfigure" ref="0x412eb100" scoped=""/></to>
        </wire>
        <wire loc="59:/home/zly/tinyos-main/tos/chips/msp430/usart/Msp430UsartShare1P.nc">
          <from><interface-ref name="ArbiterInfo" ref="0x412e9de0" scoped=""/></from>
          <to><interface-ref name="ArbiterInfo" ref="0x412e6978" scoped=""/></to>
        </wire>
        <wire loc="62:/home/zly/tinyos-main/tos/chips/msp430/usart/Msp430UsartShare1P.nc">
          <from><interface-ref name="ResourceDefaultOwner" ref="0x412e3828" scoped=""/></from>
          <to><interface-ref name="ResourceDefaultOwner" ref="0x412e62e0" scoped=""/></to>
        </wire>
        <wire loc="65:/home/zly/tinyos-main/tos/chips/msp430/usart/Msp430UsartShare1P.nc">
          <from><interface-ref name="AsyncStdControl" ref="0x412e3118" scoped=""/></from>
          <to><interface-ref name="AsyncStdControl" ref="0x41280198" scoped=""/></to>
        </wire>
      </wiring>
    </component></referenced></component>