<?xml version="1.0" ?><component loc="46:/home/zly/tinyos-main/tos/chips/cc2420/CC2420ActiveMessageP.nc" nicename="tos.chips.cc2420.CC2420ActiveMessageP" qname="CC2420ActiveMessageP" safe="">
      <documentation loc="33:/home/zly/tinyos-main/tos/chips/cc2420/CC2420ActiveMessageP.nc">
        <short>
 Active message implementation on top of the CC2420 radio.</short>
        <long>
 Active message implementation on top of the CC2420 radio. This
 implementation uses the 16-bit addressing mode of 802.15.4: the
 only additional byte it adds is the AM id byte, as the first byte
 of the data payload.

 @author Philip Levis
 @version $Revision: 1.22 $ $Date: 2010-06-29 22:07:44 $
</long>
      </documentation>
      <module/>
    <specification><interface loc="59:/home/zly/tinyos-main/tos/chips/cc2420/CC2420ActiveMessageP.nc" name="SubReceive" provided="0" ref="0x41060220">
      <component-ref nicename="tos.chips.cc2420.CC2420ActiveMessageP" qname="CC2420ActiveMessageP"/>
      <type-interface alignment="I:2" size="I:2"><interface-ref name="SubReceive" ref="0x41060220" scoped=""/></type-interface>
      <instance>
        <interfacedef-ref nicename="tos.interfaces.Receive" qname="Receive"/>
      </instance>
      <interface-functions>
        <function-ref name="receive" ref="0x410603f8" scoped=""/>
      </interface-functions>
    </interface><interface loc="58:/home/zly/tinyos-main/tos/chips/cc2420/CC2420ActiveMessageP.nc" name="SubSend" provided="0" ref="0x41062a88">
      <component-ref nicename="tos.chips.cc2420.CC2420ActiveMessageP" qname="CC2420ActiveMessageP"/>
      <type-interface alignment="I:2" size="I:2"><interface-ref name="SubSend" ref="0x41062a88" scoped=""/></type-interface>
      <instance>
        <interfacedef-ref nicename="tos.interfaces.Send" qname="Send"/>
      </instance>
      <interface-functions>
        <function-ref name="send" ref="0x41062c60" scoped=""/>
        <function-ref name="getPayload" ref="0x41062d40" scoped=""/>
        <function-ref name="maxPayloadLength" ref="0x41062e20" scoped=""/>
        <function-ref name="cancel" ref="0x41062f00" scoped=""/>
        <function-ref name="sendDone" ref="0x41060010" scoped=""/>
      </interface-functions>
    </interface><interface loc="62:/home/zly/tinyos-main/tos/chips/cc2420/CC2420ActiveMessageP.nc" name="CC2420Config" provided="0" ref="0x4105f390">
      <component-ref nicename="tos.chips.cc2420.CC2420ActiveMessageP" qname="CC2420ActiveMessageP"/>
      <type-interface alignment="I:2" size="I:2"><interface-ref name="CC2420Config" ref="0x4105f390" scoped=""/></type-interface>
      <instance>
        <interfacedef-ref nicename="tos.chips.cc2420.interfaces.CC2420Config" qname="CC2420Config"/>
      </instance>
      <interface-functions>
        <function-ref name="setAutoAck" ref="0x4105f568" scoped=""/>
        <function-ref name="isAddressRecognitionEnabled" ref="0x4105f648" scoped=""/>
        <function-ref name="setAddressRecognition" ref="0x4105f728" scoped=""/>
        <function-ref name="syncDone" ref="0x4105f808" scoped=""/>
        <function-ref name="isHwAddressRecognitionDefault" ref="0x4105f8e8" scoped=""/>
        <function-ref name="setShortAddr" ref="0x4105f9c8" scoped=""/>
        <function-ref name="setChannel" ref="0x4105faa8" scoped=""/>
        <function-ref name="isAutoAckEnabled" ref="0x4105fb88" scoped=""/>
        <function-ref name="setPanAddr" ref="0x4105fc68" scoped=""/>
        <function-ref name="isHwAutoAckDefault" ref="0x4105fd48" scoped=""/>
        <function-ref name="getExtAddr" ref="0x4105fe28" scoped=""/>
        <function-ref name="getShortAddr" ref="0x4105ff08" scoped=""/>
        <function-ref name="sync" ref="0x4105e010" scoped=""/>
        <function-ref name="getChannel" ref="0x4105e170" scoped=""/>
        <function-ref name="getPanAddr" ref="0x4105e250" scoped=""/>
      </interface-functions>
    </interface><interface loc="54:/home/zly/tinyos-main/tos/chips/cc2420/CC2420ActiveMessageP.nc" name="RadioBackoff" provided="1" ref="0x41062238">
      <component-ref nicename="tos.chips.cc2420.CC2420ActiveMessageP" qname="CC2420ActiveMessageP"/>
      <type-interface alignment="I:2" size="I:2"><interface-ref name="RadioBackoff" ref="0x41062238" scoped=""/></type-interface>
      <instance>
        <interfacedef-ref nicename="tos.chips.cc2420.interfaces.RadioBackoff" qname="RadioBackoff"/>
      </instance>
      <interface-parameters>
        <type-int alignment="I:1" cname="unsigned char" size="I:1" unsigned="">
          <typename><typedef-ref name="am_id_t" ref="0x4074eae0"/></typename>
        </type-int>
      </interface-parameters>
      <interface-functions>
        <function-ref name="requestCca" ref="0x41062410" scoped=""/>
        <function-ref name="requestInitialBackoff" ref="0x410624f0" scoped=""/>
        <function-ref name="setCongestionBackoff" ref="0x410625d0" scoped=""/>
        <function-ref name="setInitialBackoff" ref="0x410626b0" scoped=""/>
        <function-ref name="setCca" ref="0x41062790" scoped=""/>
        <function-ref name="requestCongestionBackoff" ref="0x41062870" scoped=""/>
      </interface-functions>
    </interface><interface loc="53:/home/zly/tinyos-main/tos/chips/cc2420/CC2420ActiveMessageP.nc" name="SendNotifier" provided="1" ref="0x41063b88">
      <component-ref nicename="tos.chips.cc2420.CC2420ActiveMessageP" qname="CC2420ActiveMessageP"/>
      <type-interface alignment="I:2" size="I:2"><interface-ref name="SendNotifier" ref="0x41063b88" scoped=""/></type-interface>
      <instance>
        <interfacedef-ref nicename="tos.interfaces.SendNotifier" qname="SendNotifier"/>
      </instance>
      <interface-parameters>
        <type-int alignment="I:1" cname="unsigned char" size="I:1" unsigned="">
          <typename><typedef-ref name="am_id_t" ref="0x4074eae0"/></typename>
        </type-int>
      </interface-parameters>
      <interface-functions>
        <function-ref name="aboutToSend" ref="0x41063d60" scoped=""/>
      </interface-functions>
    </interface><interface loc="64:/home/zly/tinyos-main/tos/chips/cc2420/CC2420ActiveMessageP.nc" name="SubBackoff" provided="0" ref="0x4105eba0">
      <component-ref nicename="tos.chips.cc2420.CC2420ActiveMessageP" qname="CC2420ActiveMessageP"/>
      <type-interface alignment="I:2" size="I:2"><interface-ref name="SubBackoff" ref="0x4105eba0" scoped=""/></type-interface>
      <instance>
        <interfacedef-ref nicename="tos.chips.cc2420.interfaces.RadioBackoff" qname="RadioBackoff"/>
      </instance>
      <interface-functions>
        <function-ref name="requestCca" ref="0x4105ed78" scoped=""/>
        <function-ref name="requestInitialBackoff" ref="0x4105ee58" scoped=""/>
        <function-ref name="setCongestionBackoff" ref="0x4105d010" scoped=""/>
        <function-ref name="setInitialBackoff" ref="0x4105d0f0" scoped=""/>
        <function-ref name="setCca" ref="0x4105d1d0" scoped=""/>
        <function-ref name="requestCongestionBackoff" ref="0x4105d2b0" scoped=""/>
      </interface-functions>
    </interface><interface loc="52:/home/zly/tinyos-main/tos/chips/cc2420/CC2420ActiveMessageP.nc" name="Packet" provided="1" ref="0x41063190">
      <component-ref nicename="tos.chips.cc2420.CC2420ActiveMessageP" qname="CC2420ActiveMessageP"/>
      <type-interface alignment="I:2" size="I:2"><interface-ref name="Packet" ref="0x41063190" scoped=""/></type-interface>
      <instance>
        <interfacedef-ref nicename="tos.interfaces.Packet" qname="Packet"/>
      </instance>
      <interface-functions>
        <function-ref name="clear" ref="0x41063368" scoped=""/>
        <function-ref name="payloadLength" ref="0x41063448" scoped=""/>
        <function-ref name="getPayload" ref="0x41063528" scoped=""/>
        <function-ref name="maxPayloadLength" ref="0x41063608" scoped=""/>
        <function-ref name="setPayloadLength" ref="0x410636e8" scoped=""/>
      </interface-functions>
    </interface><interface loc="48:/home/zly/tinyos-main/tos/chips/cc2420/CC2420ActiveMessageP.nc" name="AMSend" provided="1" ref="0x41065100">
      <component-ref nicename="tos.chips.cc2420.CC2420ActiveMessageP" qname="CC2420ActiveMessageP"/>
      <type-interface alignment="I:2" size="I:2"><interface-ref name="AMSend" ref="0x41065100" scoped=""/></type-interface>
      <instance>
        <interfacedef-ref nicename="tos.interfaces.AMSend" qname="AMSend"/>
      </instance>
      <interface-parameters>
        <type-int alignment="I:1" cname="unsigned char" size="I:1" unsigned="">
          <typename><typedef-ref name="am_id_t" ref="0x4074eae0"/></typename>
        </type-int>
      </interface-parameters>
      <interface-functions>
        <function-ref name="send" ref="0x410652d8" scoped=""/>
        <function-ref name="getPayload" ref="0x410653b8" scoped=""/>
        <function-ref name="maxPayloadLength" ref="0x41065498" scoped=""/>
        <function-ref name="cancel" ref="0x41065578" scoped=""/>
        <function-ref name="sendDone" ref="0x41065658" scoped=""/>
      </interface-functions>
    </interface><interface loc="50:/home/zly/tinyos-main/tos/chips/cc2420/CC2420ActiveMessageP.nc" name="Snoop" provided="1" ref="0x41064178">
      <component-ref nicename="tos.chips.cc2420.CC2420ActiveMessageP" qname="CC2420ActiveMessageP"/>
      <type-interface alignment="I:2" size="I:2"><interface-ref name="Snoop" ref="0x41064178" scoped=""/></type-interface>
      <instance>
        <interfacedef-ref nicename="tos.interfaces.Receive" qname="Receive"/>
      </instance>
      <interface-parameters>
        <type-int alignment="I:1" cname="unsigned char" size="I:1" unsigned="">
          <typename><typedef-ref name="am_id_t" ref="0x4074eae0"/></typename>
        </type-int>
      </interface-parameters>
      <interface-functions>
        <function-ref name="receive" ref="0x41064350" scoped=""/>
      </interface-functions>
    </interface><interface loc="60:/home/zly/tinyos-main/tos/chips/cc2420/CC2420ActiveMessageP.nc" name="CC2420Packet" provided="0" ref="0x410605b8">
      <component-ref nicename="tos.chips.cc2420.CC2420ActiveMessageP" qname="CC2420ActiveMessageP"/>
      <type-interface alignment="I:2" size="I:2"><interface-ref name="CC2420Packet" ref="0x410605b8" scoped=""/></type-interface>
      <instance>
        <interfacedef-ref nicename="tos.chips.cc2420.interfaces.CC2420Packet" qname="CC2420Packet"/>
      </instance>
      <interface-functions>
        <function-ref name="setPower" ref="0x41060790" scoped=""/>
        <function-ref name="setNetwork" ref="0x41060870" scoped=""/>
        <function-ref name="getRssi" ref="0x41060950" scoped=""/>
        <function-ref name="getNetwork" ref="0x41060a30" scoped=""/>
        <function-ref name="getPower" ref="0x41060b10" scoped=""/>
        <function-ref name="getLqi" ref="0x41060bf0" scoped=""/>
      </interface-functions>
    </interface><interface loc="63:/home/zly/tinyos-main/tos/chips/cc2420/CC2420ActiveMessageP.nc" name="ActiveMessageAddress" provided="0" ref="0x4105e460">
      <component-ref nicename="tos.chips.cc2420.CC2420ActiveMessageP" qname="CC2420ActiveMessageP"/>
      <type-interface alignment="I:2" size="I:2"><interface-ref name="ActiveMessageAddress" ref="0x4105e460" scoped=""/></type-interface>
      <instance>
        <interfacedef-ref nicename="tos.interfaces.ActiveMessageAddress" qname="ActiveMessageAddress"/>
      </instance>
      <interface-functions>
        <function-ref name="amAddress" ref="0x4105e6b8" scoped=""/>
        <function-ref name="changed" ref="0x4105e798" scoped=""/>
        <function-ref name="amGroup" ref="0x4105e878" scoped=""/>
        <function-ref name="setAddress" ref="0x4105e958" scoped=""/>
      </interface-functions>
    </interface><interface loc="61:/home/zly/tinyos-main/tos/chips/cc2420/CC2420ActiveMessageP.nc" name="CC2420PacketBody" provided="0" ref="0x41060dd8">
      <component-ref nicename="tos.chips.cc2420.CC2420ActiveMessageP" qname="CC2420ActiveMessageP"/>
      <type-interface alignment="I:2" size="I:2"><interface-ref name="CC2420PacketBody" ref="0x41060dd8" scoped=""/></type-interface>
      <instance>
        <interfacedef-ref nicename="tos.chips.cc2420.interfaces.CC2420PacketBody" qname="CC2420PacketBody"/>
      </instance>
      <interface-functions>
        <function-ref name="getPayload" ref="0x4105f010" scoped=""/>
        <function-ref name="getHeader" ref="0x4105f0f0" scoped=""/>
        <function-ref name="getMetadata" ref="0x4105f1d0" scoped=""/>
      </interface-functions>
    </interface><interface loc="49:/home/zly/tinyos-main/tos/chips/cc2420/CC2420ActiveMessageP.nc" name="Receive" provided="1" ref="0x41065ac0">
      <component-ref nicename="tos.chips.cc2420.CC2420ActiveMessageP" qname="CC2420ActiveMessageP"/>
      <type-interface alignment="I:2" size="I:2"><interface-ref name="Receive" ref="0x41065ac0" scoped=""/></type-interface>
      <instance>
        <interfacedef-ref nicename="tos.interfaces.Receive" qname="Receive"/>
      </instance>
      <interface-parameters>
        <type-int alignment="I:1" cname="unsigned char" size="I:1" unsigned="">
          <typename><typedef-ref name="am_id_t" ref="0x4074eae0"/></typename>
        </type-int>
      </interface-parameters>
      <interface-functions>
        <function-ref name="receive" ref="0x41065c98" scoped=""/>
      </interface-functions>
    </interface><interface loc="67:/home/zly/tinyos-main/tos/chips/cc2420/CC2420ActiveMessageP.nc" name="Leds" provided="0" ref="0x4105dbb8">
      <component-ref nicename="tos.chips.cc2420.CC2420ActiveMessageP" qname="CC2420ActiveMessageP"/>
      <type-interface alignment="I:2" size="I:2"><interface-ref name="Leds" ref="0x4105dbb8" scoped=""/></type-interface>
      <instance>
        <interfacedef-ref nicename="tos.interfaces.Leds" qname="Leds"/>
      </instance>
      <interface-functions>
        <function-ref name="led0Off" ref="0x4105dd90" scoped=""/>
        <function-ref name="led0Toggle" ref="0x4105de70" scoped=""/>
        <function-ref name="led1On" ref="0x41096010" scoped=""/>
        <function-ref name="led1Toggle" ref="0x410960f0" scoped=""/>
        <function-ref name="led2Toggle" ref="0x410961d0" scoped=""/>
        <function-ref name="get" ref="0x410962b0" scoped=""/>
        <function-ref name="led1Off" ref="0x41096390" scoped=""/>
        <function-ref name="led2Off" ref="0x41096710" scoped=""/>
        <function-ref name="set" ref="0x41096470" scoped=""/>
        <function-ref name="led0On" ref="0x41096550" scoped=""/>
        <function-ref name="led2On" ref="0x41096630" scoped=""/>
      </interface-functions>
    </interface><interface loc="51:/home/zly/tinyos-main/tos/chips/cc2420/CC2420ActiveMessageP.nc" name="AMPacket" provided="1" ref="0x410644e8">
      <component-ref nicename="tos.chips.cc2420.CC2420ActiveMessageP" qname="CC2420ActiveMessageP"/>
      <type-interface alignment="I:2" size="I:2"><interface-ref name="AMPacket" ref="0x410644e8" scoped=""/></type-interface>
      <instance>
        <interfacedef-ref nicename="tos.interfaces.AMPacket" qname="AMPacket"/>
      </instance>
      <interface-functions>
        <function-ref name="group" ref="0x410646c0" scoped=""/>
        <function-ref name="source" ref="0x410647a0" scoped=""/>
        <function-ref name="address" ref="0x41064880" scoped=""/>
        <function-ref name="destination" ref="0x41064960" scoped=""/>
        <function-ref name="setSource" ref="0x41064a40" scoped=""/>
        <function-ref name="setDestination" ref="0x41064b20" scoped=""/>
        <function-ref name="type" ref="0x41064c00" scoped=""/>
        <function-ref name="setType" ref="0x41064ce0" scoped=""/>
        <function-ref name="isForMe" ref="0x41064dc0" scoped=""/>
        <function-ref name="setGroup" ref="0x41064ea0" scoped=""/>
        <function-ref name="localGroup" ref="0x41063010" scoped=""/>
      </interface-functions>
    </interface><interface loc="66:/home/zly/tinyos-main/tos/chips/cc2420/CC2420ActiveMessageP.nc" name="RadioResource" provided="0" ref="0x4105d4f0">
      <component-ref nicename="tos.chips.cc2420.CC2420ActiveMessageP" qname="CC2420ActiveMessageP"/>
      <type-interface alignment="I:2" size="I:2"><interface-ref name="RadioResource" ref="0x4105d4f0" scoped=""/></type-interface>
      <instance>
        <interfacedef-ref nicename="tos.interfaces.Resource" qname="Resource"/>
      </instance>
      <interface-functions>
        <function-ref name="release" ref="0x4105d6c8" scoped=""/>
        <function-ref name="immediateRequest" ref="0x4105d7a8" scoped=""/>
        <function-ref name="request" ref="0x4105d888" scoped=""/>
        <function-ref name="granted" ref="0x4105d968" scoped=""/>
        <function-ref name="isOwner" ref="0x4105da48" scoped=""/>
      </interface-functions>
    </interface></specification><referenced/></component>