<?xml version="1.0" ?><component loc="40:/home/zly/tinyos-main/tos/platforms/telosa/chips/cc2420/HplCC2420PinsC.nc" nicename="tos.platforms.telosa.chips.cc2420.HplCC2420PinsC" qname="HplCC2420PinsC">
      <documentation loc="32:/home/zly/tinyos-main/tos/platforms/telosa/chips/cc2420/HplCC2420PinsC.nc">
        <short>
 HPL implementation of general-purpose I/O for the ChipCon CC2420
 radio connected to a TI MSP430 processor.</short>
        <long>
 HPL implementation of general-purpose I/O for the ChipCon CC2420
 radio connected to a TI MSP430 processor.

 @author Jonathan Hui &lt;jhui@archrock.com&gt;
 @version $Revision: 1.4 $ $Date: 2006-12-12 18:23:44 $
</long>
      </documentation>
      <configuration/>
      <wiring>
        <wire loc="73:/home/zly/tinyos-main/tos/platforms/telosa/chips/cc2420/HplCC2420PinsC.nc">
          <from><interface-ref name="FIFO" ref="0x4098e300" scoped=""/></from>
          <to><interface-ref name="GeneralIO" ref="0x40ace1a8" scoped=""/></to>
        </wire>
        <wire loc="74:/home/zly/tinyos-main/tos/platforms/telosa/chips/cc2420/HplCC2420PinsC.nc">
          <from><interface-ref name="FIFOP" ref="0x4098ed10" scoped=""/></from>
          <to><interface-ref name="GeneralIO" ref="0x40acc988" scoped=""/></to>
        </wire>
        <wire loc="75:/home/zly/tinyos-main/tos/platforms/telosa/chips/cc2420/HplCC2420PinsC.nc">
          <from><interface-ref name="RSTN" ref="0x4098d760" scoped=""/></from>
          <to><interface-ref name="GeneralIO" ref="0x40ac81a8" scoped=""/></to>
        </wire>
        <wire loc="72:/home/zly/tinyos-main/tos/platforms/telosa/chips/cc2420/HplCC2420PinsC.nc">
          <from><interface-ref name="CSN" ref="0x4098f830" scoped=""/></from>
          <to><interface-ref name="GeneralIO" ref="0x40ad1978" scoped=""/></to>
        </wire>
        <wire loc="77:/home/zly/tinyos-main/tos/platforms/telosa/chips/cc2420/HplCC2420PinsC.nc">
          <from><interface-ref name="VREN" ref="0x409acc18" scoped=""/></from>
          <to><interface-ref name="GeneralIO" ref="0x40ae71a8" scoped=""/></to>
        </wire>
        <wire loc="71:/home/zly/tinyos-main/tos/platforms/telosa/chips/cc2420/HplCC2420PinsC.nc">
          <from><interface-ref name="CCA" ref="0x40977da8" scoped=""/></from>
          <to><interface-ref name="GeneralIO" ref="0x40ab31f0" scoped=""/></to>
        </wire>
        <wire loc="76:/home/zly/tinyos-main/tos/platforms/telosa/chips/cc2420/HplCC2420PinsC.nc">
          <from><interface-ref name="SFD" ref="0x409ac210" scoped=""/></from>
          <to><interface-ref name="GeneralIO" ref="0x40ac6978" scoped=""/></to>
        </wire>
        <wire loc="63:/home/zly/tinyos-main/tos/platforms/telosa/chips/cc2420/HplCC2420PinsC.nc">
          <from><interface-ref name="HplGeneralIO" ref="0x40ab3b68" scoped=""/></from>
          <to><interface-ref name="Port14" ref="0x4099fbc8" scoped=""/></to>
        </wire>
        <wire loc="64:/home/zly/tinyos-main/tos/platforms/telosa/chips/cc2420/HplCC2420PinsC.nc">
          <from><interface-ref name="HplGeneralIO" ref="0x40ad0350" scoped=""/></from>
          <to><interface-ref name="Port42" ref="0x409c53e8" scoped=""/></to>
        </wire>
        <wire loc="65:/home/zly/tinyos-main/tos/platforms/telosa/chips/cc2420/HplCC2420PinsC.nc">
          <from><interface-ref name="HplGeneralIO" ref="0x40aceb20" scoped=""/></from>
          <to><interface-ref name="Port13" ref="0x409a0a08" scoped=""/></to>
        </wire>
        <wire loc="66:/home/zly/tinyos-main/tos/platforms/telosa/chips/cc2420/HplCC2420PinsC.nc">
          <from><interface-ref name="HplGeneralIO" ref="0x40acb350" scoped=""/></from>
          <to><interface-ref name="Port10" ref="0x409a1558" scoped=""/></to>
        </wire>
        <wire loc="67:/home/zly/tinyos-main/tos/platforms/telosa/chips/cc2420/HplCC2420PinsC.nc">
          <from><interface-ref name="HplGeneralIO" ref="0x40ac8b20" scoped=""/></from>
          <to><interface-ref name="Port46" ref="0x409c1ae8" scoped=""/></to>
        </wire>
        <wire loc="68:/home/zly/tinyos-main/tos/platforms/telosa/chips/cc2420/HplCC2420PinsC.nc">
          <from><interface-ref name="HplGeneralIO" ref="0x40ac5350" scoped=""/></from>
          <to><interface-ref name="Port41" ref="0x409c6288" scoped=""/></to>
        </wire>
        <wire loc="69:/home/zly/tinyos-main/tos/platforms/telosa/chips/cc2420/HplCC2420PinsC.nc">
          <from><interface-ref name="HplGeneralIO" ref="0x40ae7b20" scoped=""/></from>
          <to><interface-ref name="Port45" ref="0x409c2928" scoped=""/></to>
        </wire>
      </wiring>
    <specification><interface loc="44:/home/zly/tinyos-main/tos/platforms/telosa/chips/cc2420/HplCC2420PinsC.nc" name="FIFO" provided="1" ref="0x4098e300">
      <component-ref nicename="tos.platforms.telosa.chips.cc2420.HplCC2420PinsC" qname="HplCC2420PinsC"/>
      <type-interface alignment="I:2" size="I:2"><interface-ref name="FIFO" ref="0x4098e300" scoped=""/></type-interface>
      <instance>
        <interfacedef-ref nicename="tos.interfaces.GeneralIO" qname="GeneralIO"/>
      </instance>
      <interface-functions>
        <function-ref name="makeInput" ref="0x4098e4d8" scoped=""/>
        <function-ref name="isInput" ref="0x4098e5b8" scoped=""/>
        <function-ref name="toggle" ref="0x4098e698" scoped=""/>
        <function-ref name="isOutput" ref="0x4098e778" scoped=""/>
        <function-ref name="get" ref="0x4098e858" scoped=""/>
        <function-ref name="makeOutput" ref="0x4098e938" scoped=""/>
        <function-ref name="set" ref="0x4098ea18" scoped=""/>
        <function-ref name="clr" ref="0x4098eaf8" scoped=""/>
      </interface-functions>
    </interface><interface loc="45:/home/zly/tinyos-main/tos/platforms/telosa/chips/cc2420/HplCC2420PinsC.nc" name="FIFOP" provided="1" ref="0x4098ed10">
      <component-ref nicename="tos.platforms.telosa.chips.cc2420.HplCC2420PinsC" qname="HplCC2420PinsC"/>
      <type-interface alignment="I:2" size="I:2"><interface-ref name="FIFOP" ref="0x4098ed10" scoped=""/></type-interface>
      <instance>
        <interfacedef-ref nicename="tos.interfaces.GeneralIO" qname="GeneralIO"/>
      </instance>
      <interface-functions>
        <function-ref name="makeInput" ref="0x4098eee8" scoped=""/>
        <function-ref name="isInput" ref="0x4098d010" scoped=""/>
        <function-ref name="toggle" ref="0x4098d0f0" scoped=""/>
        <function-ref name="isOutput" ref="0x4098d1d0" scoped=""/>
        <function-ref name="get" ref="0x4098d2b0" scoped=""/>
        <function-ref name="makeOutput" ref="0x4098d390" scoped=""/>
        <function-ref name="set" ref="0x4098d470" scoped=""/>
        <function-ref name="clr" ref="0x4098d550" scoped=""/>
      </interface-functions>
    </interface><interface loc="46:/home/zly/tinyos-main/tos/platforms/telosa/chips/cc2420/HplCC2420PinsC.nc" name="RSTN" provided="1" ref="0x4098d760">
      <component-ref nicename="tos.platforms.telosa.chips.cc2420.HplCC2420PinsC" qname="HplCC2420PinsC"/>
      <type-interface alignment="I:2" size="I:2"><interface-ref name="RSTN" ref="0x4098d760" scoped=""/></type-interface>
      <instance>
        <interfacedef-ref nicename="tos.interfaces.GeneralIO" qname="GeneralIO"/>
      </instance>
      <interface-functions>
        <function-ref name="makeInput" ref="0x4098d938" scoped=""/>
        <function-ref name="isInput" ref="0x4098da18" scoped=""/>
        <function-ref name="toggle" ref="0x4098daf8" scoped=""/>
        <function-ref name="isOutput" ref="0x4098dbd8" scoped=""/>
        <function-ref name="get" ref="0x4098dcb8" scoped=""/>
        <function-ref name="makeOutput" ref="0x4098dd98" scoped=""/>
        <function-ref name="set" ref="0x4098de78" scoped=""/>
        <function-ref name="clr" ref="0x409ac010" scoped=""/>
      </interface-functions>
    </interface><interface loc="43:/home/zly/tinyos-main/tos/platforms/telosa/chips/cc2420/HplCC2420PinsC.nc" name="CSN" provided="1" ref="0x4098f830">
      <component-ref nicename="tos.platforms.telosa.chips.cc2420.HplCC2420PinsC" qname="HplCC2420PinsC"/>
      <type-interface alignment="I:2" size="I:2"><interface-ref name="CSN" ref="0x4098f830" scoped=""/></type-interface>
      <instance>
        <interfacedef-ref nicename="tos.interfaces.GeneralIO" qname="GeneralIO"/>
      </instance>
      <interface-functions>
        <function-ref name="makeInput" ref="0x4098fa08" scoped=""/>
        <function-ref name="isInput" ref="0x4098fae8" scoped=""/>
        <function-ref name="toggle" ref="0x4098fbc8" scoped=""/>
        <function-ref name="isOutput" ref="0x4098fca8" scoped=""/>
        <function-ref name="get" ref="0x4098fd88" scoped=""/>
        <function-ref name="makeOutput" ref="0x4098fe68" scoped=""/>
        <function-ref name="set" ref="0x4098e010" scoped=""/>
        <function-ref name="clr" ref="0x4098e0f0" scoped=""/>
      </interface-functions>
    </interface><interface loc="48:/home/zly/tinyos-main/tos/platforms/telosa/chips/cc2420/HplCC2420PinsC.nc" name="VREN" provided="1" ref="0x409acc18">
      <component-ref nicename="tos.platforms.telosa.chips.cc2420.HplCC2420PinsC" qname="HplCC2420PinsC"/>
      <type-interface alignment="I:2" size="I:2"><interface-ref name="VREN" ref="0x409acc18" scoped=""/></type-interface>
      <instance>
        <interfacedef-ref nicename="tos.interfaces.GeneralIO" qname="GeneralIO"/>
      </instance>
      <interface-functions>
        <function-ref name="makeInput" ref="0x409acdf0" scoped=""/>
        <function-ref name="isInput" ref="0x409aced0" scoped=""/>
        <function-ref name="toggle" ref="0x409ab010" scoped=""/>
        <function-ref name="isOutput" ref="0x409ab0f0" scoped=""/>
        <function-ref name="get" ref="0x409ab1d0" scoped=""/>
        <function-ref name="makeOutput" ref="0x409ab2b0" scoped=""/>
        <function-ref name="set" ref="0x409ab390" scoped=""/>
        <function-ref name="clr" ref="0x409ab470" scoped=""/>
      </interface-functions>
    </interface><interface loc="42:/home/zly/tinyos-main/tos/platforms/telosa/chips/cc2420/HplCC2420PinsC.nc" name="CCA" provided="1" ref="0x40977da8">
      <component-ref nicename="tos.platforms.telosa.chips.cc2420.HplCC2420PinsC" qname="HplCC2420PinsC"/>
      <type-interface alignment="I:2" size="I:2"><interface-ref name="CCA" ref="0x40977da8" scoped=""/></type-interface>
      <instance>
        <interfacedef-ref nicename="tos.interfaces.GeneralIO" qname="GeneralIO"/>
      </instance>
      <interface-functions>
        <function-ref name="makeInput" ref="0x4098f010" scoped=""/>
        <function-ref name="isInput" ref="0x4098f0f0" scoped=""/>
        <function-ref name="toggle" ref="0x4098f1d0" scoped=""/>
        <function-ref name="isOutput" ref="0x4098f2b0" scoped=""/>
        <function-ref name="get" ref="0x4098f390" scoped=""/>
        <function-ref name="makeOutput" ref="0x4098f470" scoped=""/>
        <function-ref name="set" ref="0x4098f550" scoped=""/>
        <function-ref name="clr" ref="0x4098f630" scoped=""/>
      </interface-functions>
    </interface><interface loc="47:/home/zly/tinyos-main/tos/platforms/telosa/chips/cc2420/HplCC2420PinsC.nc" name="SFD" provided="1" ref="0x409ac210">
      <component-ref nicename="tos.platforms.telosa.chips.cc2420.HplCC2420PinsC" qname="HplCC2420PinsC"/>
      <type-interface alignment="I:2" size="I:2"><interface-ref name="SFD" ref="0x409ac210" scoped=""/></type-interface>
      <instance>
        <interfacedef-ref nicename="tos.interfaces.GeneralIO" qname="GeneralIO"/>
      </instance>
      <interface-functions>
        <function-ref name="makeInput" ref="0x409ac3e8" scoped=""/>
        <function-ref name="isInput" ref="0x409ac4c8" scoped=""/>
        <function-ref name="toggle" ref="0x409ac5a8" scoped=""/>
        <function-ref name="isOutput" ref="0x409ac688" scoped=""/>
        <function-ref name="get" ref="0x409ac768" scoped=""/>
        <function-ref name="makeOutput" ref="0x409ac848" scoped=""/>
        <function-ref name="set" ref="0x409ac928" scoped=""/>
        <function-ref name="clr" ref="0x409aca08" scoped=""/>
      </interface-functions>
    </interface></specification><referenced><interface loc="83:/home/zly/tinyos-main/tos/chips/msp430/pins/HplMsp430GeneralIOC.nc" name="Port41" provided="1" ref="0x409c6288">
      <component-ref nicename="tos.chips.msp430.pins.HplMsp430GeneralIOC" qname="HplMsp430GeneralIOC"/>
      <type-interface alignment="I:2" size="I:2"><interface-ref name="Port41" ref="0x409c6288" scoped=""/></type-interface>
      <instance>
        <interfacedef-ref nicename="tos.chips.msp430.pins.HplMsp430GeneralIO" qname="HplMsp430GeneralIO"/>
      </instance>
      <interface-functions>
        <function-ref name="makeInput" ref="0x409c6460" scoped=""/>
        <function-ref name="isInput" ref="0x409c6540" scoped=""/>
        <function-ref name="setResistor" ref="0x409c6620" scoped=""/>
        <function-ref name="toggle" ref="0x409c6700" scoped=""/>
        <function-ref name="isOutput" ref="0x409c67e0" scoped=""/>
        <function-ref name="getResistor" ref="0x409c68c0" scoped=""/>
        <function-ref name="makeOutput" ref="0x409c69a0" scoped=""/>
        <function-ref name="get" ref="0x409c6a80" scoped=""/>
        <function-ref name="selectIOFunc" ref="0x409c6b60" scoped=""/>
        <function-ref name="getRaw" ref="0x409c6c40" scoped=""/>
        <function-ref name="set" ref="0x409c6d20" scoped=""/>
        <function-ref name="selectModuleFunc" ref="0x409c6e00" scoped=""/>
        <function-ref name="isIOFunc" ref="0x409c6ee0" scoped=""/>
        <function-ref name="isModuleFunc" ref="0x409c5090" scoped=""/>
        <function-ref name="clr" ref="0x409c5170" scoped=""/>
      </interface-functions>
    </interface><interface loc="44:/home/zly/tinyos-main/tos/chips/msp430/pins/Msp430GpioC.nc" name="HplGeneralIO" provided="0" ref="0x40aceb20">
      <component-ref nicename="tos.chips.msp430.pins.Msp430GpioC" qname="HplCC2420PinsC.FIFOM"/>
      <type-interface alignment="I:2" size="I:2"><interface-ref name="HplGeneralIO" ref="0x40aceb20" scoped=""/></type-interface>
      <instance>
        <interfacedef-ref nicename="tos.chips.msp430.pins.HplMsp430GeneralIO" qname="HplMsp430GeneralIO"/>
      </instance>
      <interface-functions>
        <function-ref name="makeInput" ref="0x40acecf8" scoped=""/>
        <function-ref name="isInput" ref="0x40acedd8" scoped=""/>
        <function-ref name="setResistor" ref="0x40aceeb8" scoped=""/>
        <function-ref name="toggle" ref="0x40acd010" scoped=""/>
        <function-ref name="isOutput" ref="0x40acd0f0" scoped=""/>
        <function-ref name="getResistor" ref="0x40acd1d0" scoped=""/>
        <function-ref name="makeOutput" ref="0x40acd2b0" scoped=""/>
        <function-ref name="get" ref="0x40acd390" scoped=""/>
        <function-ref name="selectIOFunc" ref="0x40acd470" scoped=""/>
        <function-ref name="getRaw" ref="0x40acd550" scoped=""/>
        <function-ref name="set" ref="0x40acd630" scoped=""/>
        <function-ref name="selectModuleFunc" ref="0x40acd710" scoped=""/>
        <function-ref name="isIOFunc" ref="0x40acd7f0" scoped=""/>
        <function-ref name="isModuleFunc" ref="0x40acd950" scoped=""/>
        <function-ref name="clr" ref="0x40acda30" scoped=""/>
      </interface-functions>
    </interface><interface loc="87:/home/zly/tinyos-main/tos/chips/msp430/pins/HplMsp430GeneralIOC.nc" name="Port45" provided="1" ref="0x409c2928">
      <component-ref nicename="tos.chips.msp430.pins.HplMsp430GeneralIOC" qname="HplMsp430GeneralIOC"/>
      <type-interface alignment="I:2" size="I:2"><interface-ref name="Port45" ref="0x409c2928" scoped=""/></type-interface>
      <instance>
        <interfacedef-ref nicename="tos.chips.msp430.pins.HplMsp430GeneralIO" qname="HplMsp430GeneralIO"/>
      </instance>
      <interface-functions>
        <function-ref name="makeInput" ref="0x409c2b00" scoped=""/>
        <function-ref name="isInput" ref="0x409c2be0" scoped=""/>
        <function-ref name="setResistor" ref="0x409c2cc0" scoped=""/>
        <function-ref name="toggle" ref="0x409c2da0" scoped=""/>
        <function-ref name="isOutput" ref="0x409c2e80" scoped=""/>
        <function-ref name="getResistor" ref="0x409c1010" scoped=""/>
        <function-ref name="makeOutput" ref="0x409c10f0" scoped=""/>
        <function-ref name="get" ref="0x409c11d0" scoped=""/>
        <function-ref name="selectIOFunc" ref="0x409c12b0" scoped=""/>
        <function-ref name="getRaw" ref="0x409c1390" scoped=""/>
        <function-ref name="set" ref="0x409c1470" scoped=""/>
        <function-ref name="selectModuleFunc" ref="0x409c1550" scoped=""/>
        <function-ref name="isIOFunc" ref="0x409c1630" scoped=""/>
        <function-ref name="isModuleFunc" ref="0x409c1790" scoped=""/>
        <function-ref name="clr" ref="0x409c1870" scoped=""/>
      </interface-functions>
    </interface><interface loc="52:/home/zly/tinyos-main/tos/chips/msp430/pins/HplMsp430GeneralIOC.nc" name="Port13" provided="1" ref="0x409a0a08">
      <component-ref nicename="tos.chips.msp430.pins.HplMsp430GeneralIOC" qname="HplMsp430GeneralIOC"/>
      <type-interface alignment="I:2" size="I:2"><interface-ref name="Port13" ref="0x409a0a08" scoped=""/></type-interface>
      <instance>
        <interfacedef-ref nicename="tos.chips.msp430.pins.HplMsp430GeneralIO" qname="HplMsp430GeneralIO"/>
      </instance>
      <interface-functions>
        <function-ref name="makeInput" ref="0x409a0be0" scoped=""/>
        <function-ref name="isInput" ref="0x409a0cc0" scoped=""/>
        <function-ref name="setResistor" ref="0x409a0da0" scoped=""/>
        <function-ref name="toggle" ref="0x409a0e80" scoped=""/>
        <function-ref name="isOutput" ref="0x4099f010" scoped=""/>
        <function-ref name="getResistor" ref="0x4099f0f0" scoped=""/>
        <function-ref name="makeOutput" ref="0x4099f1d0" scoped=""/>
        <function-ref name="get" ref="0x4099f2b0" scoped=""/>
        <function-ref name="selectIOFunc" ref="0x4099f390" scoped=""/>
        <function-ref name="getRaw" ref="0x4099f470" scoped=""/>
        <function-ref name="set" ref="0x4099f550" scoped=""/>
        <function-ref name="selectModuleFunc" ref="0x4099f630" scoped=""/>
        <function-ref name="isIOFunc" ref="0x4099f710" scoped=""/>
        <function-ref name="isModuleFunc" ref="0x4099f870" scoped=""/>
        <function-ref name="clr" ref="0x4099f950" scoped=""/>
      </interface-functions>
    </interface><interface loc="84:/home/zly/tinyos-main/tos/chips/msp430/pins/HplMsp430GeneralIOC.nc" name="Port42" provided="1" ref="0x409c53e8">
      <component-ref nicename="tos.chips.msp430.pins.HplMsp430GeneralIOC" qname="HplMsp430GeneralIOC"/>
      <type-interface alignment="I:2" size="I:2"><interface-ref name="Port42" ref="0x409c53e8" scoped=""/></type-interface>
      <instance>
        <interfacedef-ref nicename="tos.chips.msp430.pins.HplMsp430GeneralIO" qname="HplMsp430GeneralIO"/>
      </instance>
      <interface-functions>
        <function-ref name="makeInput" ref="0x409c55c0" scoped=""/>
        <function-ref name="isInput" ref="0x409c56a0" scoped=""/>
        <function-ref name="setResistor" ref="0x409c5780" scoped=""/>
        <function-ref name="toggle" ref="0x409c5860" scoped=""/>
        <function-ref name="isOutput" ref="0x409c5940" scoped=""/>
        <function-ref name="getResistor" ref="0x409c5a20" scoped=""/>
        <function-ref name="makeOutput" ref="0x409c5b00" scoped=""/>
        <function-ref name="get" ref="0x409c5be0" scoped=""/>
        <function-ref name="selectIOFunc" ref="0x409c5cc0" scoped=""/>
        <function-ref name="getRaw" ref="0x409c5da0" scoped=""/>
        <function-ref name="set" ref="0x409c5e80" scoped=""/>
        <function-ref name="selectModuleFunc" ref="0x409c4010" scoped=""/>
        <function-ref name="isIOFunc" ref="0x409c40f0" scoped=""/>
        <function-ref name="isModuleFunc" ref="0x409c4250" scoped=""/>
        <function-ref name="clr" ref="0x409c4330" scoped=""/>
      </interface-functions>
    </interface><interface loc="44:/home/zly/tinyos-main/tos/chips/msp430/pins/Msp430GpioC.nc" name="HplGeneralIO" provided="0" ref="0x40ae7b20">
      <component-ref nicename="tos.chips.msp430.pins.Msp430GpioC" qname="HplCC2420PinsC.VRENM"/>
      <type-interface alignment="I:2" size="I:2"><interface-ref name="HplGeneralIO" ref="0x40ae7b20" scoped=""/></type-interface>
      <instance>
        <interfacedef-ref nicename="tos.chips.msp430.pins.HplMsp430GeneralIO" qname="HplMsp430GeneralIO"/>
      </instance>
      <interface-functions>
        <function-ref name="makeInput" ref="0x40ae7cf8" scoped=""/>
        <function-ref name="isInput" ref="0x40ae7dd8" scoped=""/>
        <function-ref name="setResistor" ref="0x40ae7eb8" scoped=""/>
        <function-ref name="toggle" ref="0x40ae6010" scoped=""/>
        <function-ref name="isOutput" ref="0x40ae60f0" scoped=""/>
        <function-ref name="getResistor" ref="0x40ae61d0" scoped=""/>
        <function-ref name="makeOutput" ref="0x40ae62b0" scoped=""/>
        <function-ref name="get" ref="0x40ae6390" scoped=""/>
        <function-ref name="selectIOFunc" ref="0x40ae6470" scoped=""/>
        <function-ref name="getRaw" ref="0x40ae6550" scoped=""/>
        <function-ref name="set" ref="0x40ae6630" scoped=""/>
        <function-ref name="selectModuleFunc" ref="0x40ae6710" scoped=""/>
        <function-ref name="isIOFunc" ref="0x40ae67f0" scoped=""/>
        <function-ref name="isModuleFunc" ref="0x40ae6950" scoped=""/>
        <function-ref name="clr" ref="0x40ae6a30" scoped=""/>
      </interface-functions>
    </interface><interface loc="43:/home/zly/tinyos-main/tos/chips/msp430/pins/Msp430GpioC.nc" name="GeneralIO" provided="1" ref="0x40acc988">
      <component-ref nicename="tos.chips.msp430.pins.Msp430GpioC" qname="HplCC2420PinsC.FIFOPM"/>
      <type-interface alignment="I:2" size="I:2"><interface-ref name="GeneralIO" ref="0x40acc988" scoped=""/></type-interface>
      <instance>
        <interfacedef-ref nicename="tos.interfaces.GeneralIO" qname="GeneralIO"/>
      </instance>
      <interface-functions>
        <function-ref name="makeInput" ref="0x40accb60" scoped=""/>
        <function-ref name="isInput" ref="0x40accc40" scoped=""/>
        <function-ref name="toggle" ref="0x40accd20" scoped=""/>
        <function-ref name="isOutput" ref="0x40acce00" scoped=""/>
        <function-ref name="get" ref="0x40accee0" scoped=""/>
        <function-ref name="makeOutput" ref="0x40acb010" scoped=""/>
        <function-ref name="set" ref="0x40acb0f0" scoped=""/>
        <function-ref name="clr" ref="0x40acb1d0" scoped=""/>
      </interface-functions>
    </interface><interface loc="44:/home/zly/tinyos-main/tos/chips/msp430/pins/Msp430GpioC.nc" name="HplGeneralIO" provided="0" ref="0x40ac5350">
      <component-ref nicename="tos.chips.msp430.pins.Msp430GpioC" qname="HplCC2420PinsC.SFDM"/>
      <type-interface alignment="I:2" size="I:2"><interface-ref name="HplGeneralIO" ref="0x40ac5350" scoped=""/></type-interface>
      <instance>
        <interfacedef-ref nicename="tos.chips.msp430.pins.HplMsp430GeneralIO" qname="HplMsp430GeneralIO"/>
      </instance>
      <interface-functions>
        <function-ref name="makeInput" ref="0x40ac5528" scoped=""/>
        <function-ref name="isInput" ref="0x40ac5608" scoped=""/>
        <function-ref name="setResistor" ref="0x40ac56e8" scoped=""/>
        <function-ref name="toggle" ref="0x40ac57c8" scoped=""/>
        <function-ref name="isOutput" ref="0x40ac58a8" scoped=""/>
        <function-ref name="getResistor" ref="0x40ac5988" scoped=""/>
        <function-ref name="makeOutput" ref="0x40ac5a68" scoped=""/>
        <function-ref name="get" ref="0x40ac5b48" scoped=""/>
        <function-ref name="selectIOFunc" ref="0x40ac5c28" scoped=""/>
        <function-ref name="getRaw" ref="0x40ac5d08" scoped=""/>
        <function-ref name="set" ref="0x40ac5de8" scoped=""/>
        <function-ref name="selectModuleFunc" ref="0x40ac5ec8" scoped=""/>
        <function-ref name="isIOFunc" ref="0x40ae8010" scoped=""/>
        <function-ref name="isModuleFunc" ref="0x40ae8170" scoped=""/>
        <function-ref name="clr" ref="0x40ae8250" scoped=""/>
      </interface-functions>
    </interface><interface loc="44:/home/zly/tinyos-main/tos/chips/msp430/pins/Msp430GpioC.nc" name="HplGeneralIO" provided="0" ref="0x40acb350">
      <component-ref nicename="tos.chips.msp430.pins.Msp430GpioC" qname="HplCC2420PinsC.FIFOPM"/>
      <type-interface alignment="I:2" size="I:2"><interface-ref name="HplGeneralIO" ref="0x40acb350" scoped=""/></type-interface>
      <instance>
        <interfacedef-ref nicename="tos.chips.msp430.pins.HplMsp430GeneralIO" qname="HplMsp430GeneralIO"/>
      </instance>
      <interface-functions>
        <function-ref name="makeInput" ref="0x40acb528" scoped=""/>
        <function-ref name="isInput" ref="0x40acb608" scoped=""/>
        <function-ref name="setResistor" ref="0x40acb6e8" scoped=""/>
        <function-ref name="toggle" ref="0x40acb7c8" scoped=""/>
        <function-ref name="isOutput" ref="0x40acb8a8" scoped=""/>
        <function-ref name="getResistor" ref="0x40acb988" scoped=""/>
        <function-ref name="makeOutput" ref="0x40acba68" scoped=""/>
        <function-ref name="get" ref="0x40acbb48" scoped=""/>
        <function-ref name="selectIOFunc" ref="0x40acbc28" scoped=""/>
        <function-ref name="getRaw" ref="0x40acbd08" scoped=""/>
        <function-ref name="set" ref="0x40acbde8" scoped=""/>
        <function-ref name="selectModuleFunc" ref="0x40acbec8" scoped=""/>
        <function-ref name="isIOFunc" ref="0x40ac9010" scoped=""/>
        <function-ref name="isModuleFunc" ref="0x40ac9170" scoped=""/>
        <function-ref name="clr" ref="0x40ac9250" scoped=""/>
      </interface-functions>
    </interface><interface loc="43:/home/zly/tinyos-main/tos/chips/msp430/pins/Msp430GpioC.nc" name="GeneralIO" provided="1" ref="0x40ab31f0">
      <component-ref nicename="tos.chips.msp430.pins.Msp430GpioC" qname="HplCC2420PinsC.CCAM"/>
      <type-interface alignment="I:2" size="I:2"><interface-ref name="GeneralIO" ref="0x40ab31f0" scoped=""/></type-interface>
      <instance>
        <interfacedef-ref nicename="tos.interfaces.GeneralIO" qname="GeneralIO"/>
      </instance>
      <interface-functions>
        <function-ref name="makeInput" ref="0x40ab33c8" scoped=""/>
        <function-ref name="isInput" ref="0x40ab34a8" scoped=""/>
        <function-ref name="toggle" ref="0x40ab3588" scoped=""/>
        <function-ref name="isOutput" ref="0x40ab3668" scoped=""/>
        <function-ref name="get" ref="0x40ab3748" scoped=""/>
        <function-ref name="makeOutput" ref="0x40ab3828" scoped=""/>
        <function-ref name="set" ref="0x40ab3908" scoped=""/>
        <function-ref name="clr" ref="0x40ab39e8" scoped=""/>
      </interface-functions>
    </interface><interface loc="44:/home/zly/tinyos-main/tos/chips/msp430/pins/Msp430GpioC.nc" name="HplGeneralIO" provided="0" ref="0x40ac8b20">
      <component-ref nicename="tos.chips.msp430.pins.Msp430GpioC" qname="HplCC2420PinsC.RSTNM"/>
      <type-interface alignment="I:2" size="I:2"><interface-ref name="HplGeneralIO" ref="0x40ac8b20" scoped=""/></type-interface>
      <instance>
        <interfacedef-ref nicename="tos.chips.msp430.pins.HplMsp430GeneralIO" qname="HplMsp430GeneralIO"/>
      </instance>
      <interface-functions>
        <function-ref name="makeInput" ref="0x40ac8cf8" scoped=""/>
        <function-ref name="isInput" ref="0x40ac8dd8" scoped=""/>
        <function-ref name="setResistor" ref="0x40ac8eb8" scoped=""/>
        <function-ref name="toggle" ref="0x40ac7010" scoped=""/>
        <function-ref name="isOutput" ref="0x40ac70f0" scoped=""/>
        <function-ref name="getResistor" ref="0x40ac71d0" scoped=""/>
        <function-ref name="makeOutput" ref="0x40ac72b0" scoped=""/>
        <function-ref name="get" ref="0x40ac7390" scoped=""/>
        <function-ref name="selectIOFunc" ref="0x40ac7470" scoped=""/>
        <function-ref name="getRaw" ref="0x40ac7550" scoped=""/>
        <function-ref name="set" ref="0x40ac7630" scoped=""/>
        <function-ref name="selectModuleFunc" ref="0x40ac7710" scoped=""/>
        <function-ref name="isIOFunc" ref="0x40ac77f0" scoped=""/>
        <function-ref name="isModuleFunc" ref="0x40ac7950" scoped=""/>
        <function-ref name="clr" ref="0x40ac7a30" scoped=""/>
      </interface-functions>
    </interface><interface loc="43:/home/zly/tinyos-main/tos/chips/msp430/pins/Msp430GpioC.nc" name="GeneralIO" provided="1" ref="0x40ac6978">
      <component-ref nicename="tos.chips.msp430.pins.Msp430GpioC" qname="HplCC2420PinsC.SFDM"/>
      <type-interface alignment="I:2" size="I:2"><interface-ref name="GeneralIO" ref="0x40ac6978" scoped=""/></type-interface>
      <instance>
        <interfacedef-ref nicename="tos.interfaces.GeneralIO" qname="GeneralIO"/>
      </instance>
      <interface-functions>
        <function-ref name="makeInput" ref="0x40ac6b50" scoped=""/>
        <function-ref name="isInput" ref="0x40ac6c30" scoped=""/>
        <function-ref name="toggle" ref="0x40ac6d10" scoped=""/>
        <function-ref name="isOutput" ref="0x40ac6df0" scoped=""/>
        <function-ref name="get" ref="0x40ac6ed0" scoped=""/>
        <function-ref name="makeOutput" ref="0x40ac5010" scoped=""/>
        <function-ref name="set" ref="0x40ac50f0" scoped=""/>
        <function-ref name="clr" ref="0x40ac51d0" scoped=""/>
      </interface-functions>
    </interface><interface loc="43:/home/zly/tinyos-main/tos/chips/msp430/pins/Msp430GpioC.nc" name="GeneralIO" provided="1" ref="0x40ad1978">
      <component-ref nicename="tos.chips.msp430.pins.Msp430GpioC" qname="HplCC2420PinsC.CSNM"/>
      <type-interface alignment="I:2" size="I:2"><interface-ref name="GeneralIO" ref="0x40ad1978" scoped=""/></type-interface>
      <instance>
        <interfacedef-ref nicename="tos.interfaces.GeneralIO" qname="GeneralIO"/>
      </instance>
      <interface-functions>
        <function-ref name="makeInput" ref="0x40ad1b50" scoped=""/>
        <function-ref name="isInput" ref="0x40ad1c30" scoped=""/>
        <function-ref name="toggle" ref="0x40ad1d10" scoped=""/>
        <function-ref name="isOutput" ref="0x40ad1df0" scoped=""/>
        <function-ref name="get" ref="0x40ad1ed0" scoped=""/>
        <function-ref name="makeOutput" ref="0x40ad0010" scoped=""/>
        <function-ref name="set" ref="0x40ad00f0" scoped=""/>
        <function-ref name="clr" ref="0x40ad01d0" scoped=""/>
      </interface-functions>
    </interface><interface loc="43:/home/zly/tinyos-main/tos/chips/msp430/pins/Msp430GpioC.nc" name="GeneralIO" provided="1" ref="0x40ae71a8">
      <component-ref nicename="tos.chips.msp430.pins.Msp430GpioC" qname="HplCC2420PinsC.VRENM"/>
      <type-interface alignment="I:2" size="I:2"><interface-ref name="GeneralIO" ref="0x40ae71a8" scoped=""/></type-interface>
      <instance>
        <interfacedef-ref nicename="tos.interfaces.GeneralIO" qname="GeneralIO"/>
      </instance>
      <interface-functions>
        <function-ref name="makeInput" ref="0x40ae7380" scoped=""/>
        <function-ref name="isInput" ref="0x40ae7460" scoped=""/>
        <function-ref name="toggle" ref="0x40ae7540" scoped=""/>
        <function-ref name="isOutput" ref="0x40ae7620" scoped=""/>
        <function-ref name="get" ref="0x40ae7700" scoped=""/>
        <function-ref name="makeOutput" ref="0x40ae77e0" scoped=""/>
        <function-ref name="set" ref="0x40ae78c0" scoped=""/>
        <function-ref name="clr" ref="0x40ae79a0" scoped=""/>
      </interface-functions>
    </interface><interface loc="43:/home/zly/tinyos-main/tos/chips/msp430/pins/Msp430GpioC.nc" name="GeneralIO" provided="1" ref="0x40ac81a8">
      <component-ref nicename="tos.chips.msp430.pins.Msp430GpioC" qname="HplCC2420PinsC.RSTNM"/>
      <type-interface alignment="I:2" size="I:2"><interface-ref name="GeneralIO" ref="0x40ac81a8" scoped=""/></type-interface>
      <instance>
        <interfacedef-ref nicename="tos.interfaces.GeneralIO" qname="GeneralIO"/>
      </instance>
      <interface-functions>
        <function-ref name="makeInput" ref="0x40ac8380" scoped=""/>
        <function-ref name="isInput" ref="0x40ac8460" scoped=""/>
        <function-ref name="toggle" ref="0x40ac8540" scoped=""/>
        <function-ref name="isOutput" ref="0x40ac8620" scoped=""/>
        <function-ref name="get" ref="0x40ac8700" scoped=""/>
        <function-ref name="makeOutput" ref="0x40ac87e0" scoped=""/>
        <function-ref name="set" ref="0x40ac88c0" scoped=""/>
        <function-ref name="clr" ref="0x40ac89a0" scoped=""/>
      </interface-functions>
    </interface><interface loc="49:/home/zly/tinyos-main/tos/chips/msp430/pins/HplMsp430GeneralIOC.nc" name="Port10" provided="1" ref="0x409a1558">
      <component-ref nicename="tos.chips.msp430.pins.HplMsp430GeneralIOC" qname="HplMsp430GeneralIOC"/>
      <type-interface alignment="I:2" size="I:2"><interface-ref name="Port10" ref="0x409a1558" scoped=""/></type-interface>
      <instance>
        <interfacedef-ref nicename="tos.chips.msp430.pins.HplMsp430GeneralIO" qname="HplMsp430GeneralIO"/>
      </instance>
      <interface-functions>
        <function-ref name="makeInput" ref="0x409a1730" scoped=""/>
        <function-ref name="isInput" ref="0x409a1810" scoped=""/>
        <function-ref name="setResistor" ref="0x409a18f0" scoped=""/>
        <function-ref name="toggle" ref="0x409a19d0" scoped=""/>
        <function-ref name="isOutput" ref="0x409a1ab0" scoped=""/>
        <function-ref name="getResistor" ref="0x409a1b90" scoped=""/>
        <function-ref name="makeOutput" ref="0x409a1c70" scoped=""/>
        <function-ref name="get" ref="0x409a1d50" scoped=""/>
        <function-ref name="selectIOFunc" ref="0x409a1e30" scoped=""/>
        <function-ref name="getRaw" ref="0x409a1f10" scoped=""/>
        <function-ref name="set" ref="0x409a8010" scoped=""/>
        <function-ref name="selectModuleFunc" ref="0x409a80f0" scoped=""/>
        <function-ref name="isIOFunc" ref="0x409a81d0" scoped=""/>
        <function-ref name="isModuleFunc" ref="0x409a8330" scoped=""/>
        <function-ref name="clr" ref="0x409a8410" scoped=""/>
      </interface-functions>
    </interface><interface loc="88:/home/zly/tinyos-main/tos/chips/msp430/pins/HplMsp430GeneralIOC.nc" name="Port46" provided="1" ref="0x409c1ae8">
      <component-ref nicename="tos.chips.msp430.pins.HplMsp430GeneralIOC" qname="HplMsp430GeneralIOC"/>
      <type-interface alignment="I:2" size="I:2"><interface-ref name="Port46" ref="0x409c1ae8" scoped=""/></type-interface>
      <instance>
        <interfacedef-ref nicename="tos.chips.msp430.pins.HplMsp430GeneralIO" qname="HplMsp430GeneralIO"/>
      </instance>
      <interface-functions>
        <function-ref name="makeInput" ref="0x409c1cc0" scoped=""/>
        <function-ref name="isInput" ref="0x409c1da0" scoped=""/>
        <function-ref name="setResistor" ref="0x409c1e80" scoped=""/>
        <function-ref name="toggle" ref="0x409c0010" scoped=""/>
        <function-ref name="isOutput" ref="0x409c00f0" scoped=""/>
        <function-ref name="getResistor" ref="0x409c01d0" scoped=""/>
        <function-ref name="makeOutput" ref="0x409c02b0" scoped=""/>
        <function-ref name="get" ref="0x409c0390" scoped=""/>
        <function-ref name="selectIOFunc" ref="0x409c0470" scoped=""/>
        <function-ref name="getRaw" ref="0x409c0550" scoped=""/>
        <function-ref name="set" ref="0x409c0630" scoped=""/>
        <function-ref name="selectModuleFunc" ref="0x409c0710" scoped=""/>
        <function-ref name="isIOFunc" ref="0x409c07f0" scoped=""/>
        <function-ref name="isModuleFunc" ref="0x409c0950" scoped=""/>
        <function-ref name="clr" ref="0x409c0a30" scoped=""/>
      </interface-functions>
    </interface><interface loc="53:/home/zly/tinyos-main/tos/chips/msp430/pins/HplMsp430GeneralIOC.nc" name="Port14" provided="1" ref="0x4099fbc8">
      <component-ref nicename="tos.chips.msp430.pins.HplMsp430GeneralIOC" qname="HplMsp430GeneralIOC"/>
      <type-interface alignment="I:2" size="I:2"><interface-ref name="Port14" ref="0x4099fbc8" scoped=""/></type-interface>
      <instance>
        <interfacedef-ref nicename="tos.chips.msp430.pins.HplMsp430GeneralIO" qname="HplMsp430GeneralIO"/>
      </instance>
      <interface-functions>
        <function-ref name="makeInput" ref="0x4099fda0" scoped=""/>
        <function-ref name="isInput" ref="0x4099fe80" scoped=""/>
        <function-ref name="setResistor" ref="0x4099e010" scoped=""/>
        <function-ref name="toggle" ref="0x4099e0f0" scoped=""/>
        <function-ref name="isOutput" ref="0x4099e1d0" scoped=""/>
        <function-ref name="getResistor" ref="0x4099e2b0" scoped=""/>
        <function-ref name="makeOutput" ref="0x4099e390" scoped=""/>
        <function-ref name="get" ref="0x4099e470" scoped=""/>
        <function-ref name="selectIOFunc" ref="0x4099e550" scoped=""/>
        <function-ref name="getRaw" ref="0x4099e630" scoped=""/>
        <function-ref name="set" ref="0x4099e710" scoped=""/>
        <function-ref name="selectModuleFunc" ref="0x4099e7f0" scoped=""/>
        <function-ref name="isIOFunc" ref="0x4099e8d0" scoped=""/>
        <function-ref name="isModuleFunc" ref="0x4099ea30" scoped=""/>
        <function-ref name="clr" ref="0x4099eb10" scoped=""/>
      </interface-functions>
    </interface><interface loc="44:/home/zly/tinyos-main/tos/chips/msp430/pins/Msp430GpioC.nc" name="HplGeneralIO" provided="0" ref="0x40ad0350">
      <component-ref nicename="tos.chips.msp430.pins.Msp430GpioC" qname="HplCC2420PinsC.CSNM"/>
      <type-interface alignment="I:2" size="I:2"><interface-ref name="HplGeneralIO" ref="0x40ad0350" scoped=""/></type-interface>
      <instance>
        <interfacedef-ref nicename="tos.chips.msp430.pins.HplMsp430GeneralIO" qname="HplMsp430GeneralIO"/>
      </instance>
      <interface-functions>
        <function-ref name="makeInput" ref="0x40ad0528" scoped=""/>
        <function-ref name="isInput" ref="0x40ad0608" scoped=""/>
        <function-ref name="setResistor" ref="0x40ad06e8" scoped=""/>
        <function-ref name="toggle" ref="0x40ad07c8" scoped=""/>
        <function-ref name="isOutput" ref="0x40ad08a8" scoped=""/>
        <function-ref name="getResistor" ref="0x40ad0988" scoped=""/>
        <function-ref name="makeOutput" ref="0x40ad0a68" scoped=""/>
        <function-ref name="get" ref="0x40ad0b48" scoped=""/>
        <function-ref name="selectIOFunc" ref="0x40ad0c28" scoped=""/>
        <function-ref name="getRaw" ref="0x40ad0d08" scoped=""/>
        <function-ref name="set" ref="0x40ad0de8" scoped=""/>
        <function-ref name="selectModuleFunc" ref="0x40ad0ec8" scoped=""/>
        <function-ref name="isIOFunc" ref="0x40acf010" scoped=""/>
        <function-ref name="isModuleFunc" ref="0x40acf170" scoped=""/>
        <function-ref name="clr" ref="0x40acf250" scoped=""/>
      </interface-functions>
    </interface><interface loc="44:/home/zly/tinyos-main/tos/chips/msp430/pins/Msp430GpioC.nc" name="HplGeneralIO" provided="0" ref="0x40ab3b68">
      <component-ref nicename="tos.chips.msp430.pins.Msp430GpioC" qname="HplCC2420PinsC.CCAM"/>
      <type-interface alignment="I:2" size="I:2"><interface-ref name="HplGeneralIO" ref="0x40ab3b68" scoped=""/></type-interface>
      <instance>
        <interfacedef-ref nicename="tos.chips.msp430.pins.HplMsp430GeneralIO" qname="HplMsp430GeneralIO"/>
      </instance>
      <interface-functions>
        <function-ref name="makeInput" ref="0x40ab3d40" scoped=""/>
        <function-ref name="isInput" ref="0x40ab3e20" scoped=""/>
        <function-ref name="setResistor" ref="0x40ab3f00" scoped=""/>
        <function-ref name="toggle" ref="0x40ab2010" scoped=""/>
        <function-ref name="isOutput" ref="0x40ab20f0" scoped=""/>
        <function-ref name="getResistor" ref="0x40ab21d0" scoped=""/>
        <function-ref name="makeOutput" ref="0x40ab22b0" scoped=""/>
        <function-ref name="get" ref="0x40ab2390" scoped=""/>
        <function-ref name="selectIOFunc" ref="0x40ab2470" scoped=""/>
        <function-ref name="getRaw" ref="0x40ab2550" scoped=""/>
        <function-ref name="set" ref="0x40ab2630" scoped=""/>
        <function-ref name="selectModuleFunc" ref="0x40ab2710" scoped=""/>
        <function-ref name="isIOFunc" ref="0x40ab27f0" scoped=""/>
        <function-ref name="isModuleFunc" ref="0x40ab2950" scoped=""/>
        <function-ref name="clr" ref="0x40ab2a30" scoped=""/>
      </interface-functions>
    </interface><interface loc="43:/home/zly/tinyos-main/tos/chips/msp430/pins/Msp430GpioC.nc" name="GeneralIO" provided="1" ref="0x40ace1a8">
      <component-ref nicename="tos.chips.msp430.pins.Msp430GpioC" qname="HplCC2420PinsC.FIFOM"/>
      <type-interface alignment="I:2" size="I:2"><interface-ref name="GeneralIO" ref="0x40ace1a8" scoped=""/></type-interface>
      <instance>
        <interfacedef-ref nicename="tos.interfaces.GeneralIO" qname="GeneralIO"/>
      </instance>
      <interface-functions>
        <function-ref name="makeInput" ref="0x40ace380" scoped=""/>
        <function-ref name="isInput" ref="0x40ace460" scoped=""/>
        <function-ref name="toggle" ref="0x40ace540" scoped=""/>
        <function-ref name="isOutput" ref="0x40ace620" scoped=""/>
        <function-ref name="get" ref="0x40ace700" scoped=""/>
        <function-ref name="makeOutput" ref="0x40ace7e0" scoped=""/>
        <function-ref name="set" ref="0x40ace8c0" scoped=""/>
        <function-ref name="clr" ref="0x40ace9a0" scoped=""/>
      </interface-functions>
    </interface><component loc="42(HplCC2420PinsC.VRENM):/home/zly/tinyos-main/tos/chips/msp430/pins/Msp430GpioC.nc" nicename="tos.chips.msp430.pins.Msp430GpioC" qname="HplCC2420PinsC.VRENM">
      <documentation loc="33:/home/zly/tinyos-main/tos/chips/msp430/pins/Msp430GpioC.nc">
        <short>
 Implementation of the general-purpose I/O abstraction
 for the TI MSP430 microcontroller.</short>
        <long>
 Implementation of the general-purpose I/O abstraction
 for the TI MSP430 microcontroller.

 @author Joe Polastre
 @see  Please refer to TEP 117 for more information about this component and its
          intended use.
</long>
      </documentation>
      <instance number="6">
        <component-ref nicename="tos.chips.msp430.pins.Msp430GpioC" qname="Msp430GpioC"/>
      </instance>
      <module/>
    </component><component loc="42(HplCC2420PinsC.CSNM):/home/zly/tinyos-main/tos/chips/msp430/pins/Msp430GpioC.nc" nicename="tos.chips.msp430.pins.Msp430GpioC" qname="HplCC2420PinsC.CSNM">
      <documentation loc="33:/home/zly/tinyos-main/tos/chips/msp430/pins/Msp430GpioC.nc">
        <short>
 Implementation of the general-purpose I/O abstraction
 for the TI MSP430 microcontroller.</short>
        <long>
 Implementation of the general-purpose I/O abstraction
 for the TI MSP430 microcontroller.

 @author Joe Polastre
 @see  Please refer to TEP 117 for more information about this component and its
          intended use.
</long>
      </documentation>
      <instance number="1">
        <component-ref nicename="tos.chips.msp430.pins.Msp430GpioC" qname="Msp430GpioC"/>
      </instance>
      <module/>
    </component><component loc="42(HplCC2420PinsC.FIFOPM):/home/zly/tinyos-main/tos/chips/msp430/pins/Msp430GpioC.nc" nicename="tos.chips.msp430.pins.Msp430GpioC" qname="HplCC2420PinsC.FIFOPM">
      <documentation loc="33:/home/zly/tinyos-main/tos/chips/msp430/pins/Msp430GpioC.nc">
        <short>
 Implementation of the general-purpose I/O abstraction
 for the TI MSP430 microcontroller.</short>
        <long>
 Implementation of the general-purpose I/O abstraction
 for the TI MSP430 microcontroller.

 @author Joe Polastre
 @see  Please refer to TEP 117 for more information about this component and its
          intended use.
</long>
      </documentation>
      <instance number="3">
        <component-ref nicename="tos.chips.msp430.pins.Msp430GpioC" qname="Msp430GpioC"/>
      </instance>
      <module/>
    </component><component loc="42(HplCC2420PinsC.CCAM):/home/zly/tinyos-main/tos/chips/msp430/pins/Msp430GpioC.nc" nicename="tos.chips.msp430.pins.Msp430GpioC" qname="HplCC2420PinsC.CCAM">
      <documentation loc="33:/home/zly/tinyos-main/tos/chips/msp430/pins/Msp430GpioC.nc">
        <short>
 Implementation of the general-purpose I/O abstraction
 for the TI MSP430 microcontroller.</short>
        <long>
 Implementation of the general-purpose I/O abstraction
 for the TI MSP430 microcontroller.

 @author Joe Polastre
 @see  Please refer to TEP 117 for more information about this component and its
          intended use.
</long>
      </documentation>
      <instance number="0">
        <component-ref nicename="tos.chips.msp430.pins.Msp430GpioC" qname="Msp430GpioC"/>
      </instance>
      <module/>
    </component><component loc="42(HplCC2420PinsC.FIFOM):/home/zly/tinyos-main/tos/chips/msp430/pins/Msp430GpioC.nc" nicename="tos.chips.msp430.pins.Msp430GpioC" qname="HplCC2420PinsC.FIFOM">
      <documentation loc="33:/home/zly/tinyos-main/tos/chips/msp430/pins/Msp430GpioC.nc">
        <short>
 Implementation of the general-purpose I/O abstraction
 for the TI MSP430 microcontroller.</short>
        <long>
 Implementation of the general-purpose I/O abstraction
 for the TI MSP430 microcontroller.

 @author Joe Polastre
 @see  Please refer to TEP 117 for more information about this component and its
          intended use.
</long>
      </documentation>
      <instance number="2">
        <component-ref nicename="tos.chips.msp430.pins.Msp430GpioC" qname="Msp430GpioC"/>
      </instance>
      <module/>
    </component><component loc="42(HplCC2420PinsC.SFDM):/home/zly/tinyos-main/tos/chips/msp430/pins/Msp430GpioC.nc" nicename="tos.chips.msp430.pins.Msp430GpioC" qname="HplCC2420PinsC.SFDM">
      <documentation loc="33:/home/zly/tinyos-main/tos/chips/msp430/pins/Msp430GpioC.nc">
        <short>
 Implementation of the general-purpose I/O abstraction
 for the TI MSP430 microcontroller.</short>
        <long>
 Implementation of the general-purpose I/O abstraction
 for the TI MSP430 microcontroller.

 @author Joe Polastre
 @see  Please refer to TEP 117 for more information about this component and its
          intended use.
</long>
      </documentation>
      <instance number="5">
        <component-ref nicename="tos.chips.msp430.pins.Msp430GpioC" qname="Msp430GpioC"/>
      </instance>
      <module/>
    </component><component loc="45:/home/zly/tinyos-main/tos/chips/msp430/pins/HplMsp430GeneralIOC.nc" nicename="tos.chips.msp430.pins.HplMsp430GeneralIOC" qname="HplMsp430GeneralIOC">
      <documentation loc="35:/home/zly/tinyos-main/tos/chips/msp430/pins/HplMsp430GeneralIOC.nc">
        <short>
 HPL for the TI MSP430 family of microprocessors.</short>
        <long>
 HPL for the TI MSP430 family of microprocessors. This provides an
 abstraction for general-purpose I/O.

 @author Joe Polastre
 @author Xavier Orduna &lt;xorduna@dexmatech.com&gt;
 @author Peter A. Bigot &lt;pab@peoplepowerco.com&gt;
 @author Eric B. Decker &lt;cire831@gmail.com&gt;
</long>
      </documentation>
      <configuration/>
      <wiring>
        <wire loc="442:/home/zly/tinyos-main/tos/chips/msp430/pins/HplMsp430GeneralIOC.nc">
          <from><interface-ref name="Port14" ref="0x4099fbc8" scoped=""/></from>
          <to><interface-ref name="IO" ref="0x40a10010" scoped=""/></to>
        </wire>
        <wire loc="455:/home/zly/tinyos-main/tos/chips/msp430/pins/HplMsp430GeneralIOC.nc">
          <from><interface-ref name="Port26" ref="0x409b3d88" scoped=""/></from>
          <to><interface-ref name="IO" ref="0x40a3bd68" scoped=""/></to>
        </wire>
        <wire loc="531:/home/zly/tinyos-main/tos/chips/msp430/pins/HplMsp430GeneralIOC.nc">
          <from><interface-ref name="SDA" ref="0x409eaf28" scoped=""/></from>
          <to><interface-ref name="IO" ref="0x40a335c8" scoped=""/></to>
        </wire>
        <wire loc="551:/home/zly/tinyos-main/tos/chips/msp430/pins/HplMsp430GeneralIOC.nc">
          <from><interface-ref name="ADC6" ref="0x409f6c98" scoped=""/></from>
          <to><interface-ref name="IO" ref="0x40a94d68" scoped=""/></to>
        </wire>
        <wire loc="532:/home/zly/tinyos-main/tos/chips/msp430/pins/HplMsp430GeneralIOC.nc">
          <from><interface-ref name="SOMI0" ref="0x409e8068" scoped=""/></from>
          <to><interface-ref name="IO" ref="0x40a31d68" scoped=""/></to>
        </wire>
        <wire loc="460:/home/zly/tinyos-main/tos/chips/msp430/pins/HplMsp430GeneralIOC.nc">
          <from><interface-ref name="Port30" ref="0x409b0178" scoped=""/></from>
          <to><interface-ref name="IO" ref="0x40a36d68" scoped=""/></to>
        </wire>
        <wire loc="473:/home/zly/tinyos-main/tos/chips/msp430/pins/HplMsp430GeneralIOC.nc">
          <from><interface-ref name="Port42" ref="0x409c53e8" scoped=""/></from>
          <to><interface-ref name="IO" ref="0x40a60d68" scoped=""/></to>
        </wire>
        <wire loc="486:/home/zly/tinyos-main/tos/chips/msp430/pins/HplMsp430GeneralIOC.nc">
          <from><interface-ref name="Port54" ref="0x409da4c8" scoped=""/></from>
          <to><interface-ref name="IO" ref="0x40a69d68" scoped=""/></to>
        </wire>
        <wire loc="497:/home/zly/tinyos-main/tos/chips/msp430/pins/HplMsp430GeneralIOC.nc">
          <from><interface-ref name="Port64" ref="0x409d1368" scoped=""/></from>
          <to><interface-ref name="IO" ref="0x40a76d68" scoped=""/></to>
        </wire>
        <wire loc="535:/home/zly/tinyos-main/tos/chips/msp430/pins/HplMsp430GeneralIOC.nc">
          <from><interface-ref name="UTXD0" ref="0x409e54c0" scoped=""/></from>
          <to><interface-ref name="IO" ref="0x40a4ed68" scoped=""/></to>
        </wire>
        <wire loc="545:/home/zly/tinyos-main/tos/chips/msp430/pins/HplMsp430GeneralIOC.nc">
          <from><interface-ref name="ADC0" ref="0x409fc280" scoped=""/></from>
          <to><interface-ref name="IO" ref="0x40a80d68" scoped=""/></to>
        </wire>
        <wire loc="557:/home/zly/tinyos-main/tos/chips/msp430/pins/HplMsp430GeneralIOC.nc">
          <from><interface-ref name="SVSIN" ref="0x409f1288" scoped=""/></from>
          <to><interface-ref name="IO" ref="0x40a915c8" scoped=""/></to>
        </wire>
        <wire loc="445:/home/zly/tinyos-main/tos/chips/msp430/pins/HplMsp430GeneralIOC.nc">
          <from><interface-ref name="Port17" ref="0x409bb178" scoped=""/></from>
          <to><interface-ref name="IO" ref="0x40a2b5c8" scoped=""/></to>
        </wire>
        <wire loc="536:/home/zly/tinyos-main/tos/chips/msp430/pins/HplMsp430GeneralIOC.nc">
          <from><interface-ref name="URXD0" ref="0x409e4680" scoped=""/></from>
          <to><interface-ref name="IO" ref="0x40a4b5c8" scoped=""/></to>
        </wire>
        <wire loc="450:/home/zly/tinyos-main/tos/chips/msp430/pins/HplMsp430GeneralIOC.nc">
          <from><interface-ref name="Port21" ref="0x409b84c8" scoped=""/></from>
          <to><interface-ref name="IO" ref="0x40a265c8" scoped=""/></to>
        </wire>
        <wire loc="463:/home/zly/tinyos-main/tos/chips/msp430/pins/HplMsp430GeneralIOC.nc">
          <from><interface-ref name="Port33" ref="0x409ad688" scoped=""/></from>
          <to><interface-ref name="IO" ref="0x40a505c8" scoped=""/></to>
        </wire>
        <wire loc="476:/home/zly/tinyos-main/tos/chips/msp430/pins/HplMsp430GeneralIOC.nc">
          <from><interface-ref name="Port45" ref="0x409c2928" scoped=""/></from>
          <to><interface-ref name="IO" ref="0x40a585c8" scoped=""/></to>
        </wire>
        <wire loc="489:/home/zly/tinyos-main/tos/chips/msp430/pins/HplMsp430GeneralIOC.nc">
          <from><interface-ref name="Port57" ref="0x409d7a08" scoped=""/></from>
          <to><interface-ref name="IO" ref="0x40a825c8" scoped=""/></to>
        </wire>
        <wire loc="500:/home/zly/tinyos-main/tos/chips/msp430/pins/HplMsp430GeneralIOC.nc">
          <from><interface-ref name="Port67" ref="0x409ce848" scoped=""/></from>
          <to><interface-ref name="IO" ref="0x40a915c8" scoped=""/></to>
        </wire>
        <wire loc="440:/home/zly/tinyos-main/tos/chips/msp430/pins/HplMsp430GeneralIOC.nc">
          <from><interface-ref name="Port12" ref="0x409a7848" scoped=""/></from>
          <to><interface-ref name="IO" ref="0x40a15140" scoped=""/></to>
        </wire>
        <wire loc="453:/home/zly/tinyos-main/tos/chips/msp430/pins/HplMsp430GeneralIOC.nc">
          <from><interface-ref name="Port24" ref="0x409b5a08" scoped=""/></from>
          <to><interface-ref name="IO" ref="0x40a1fde8" scoped=""/></to>
        </wire>
        <wire loc="466:/home/zly/tinyos-main/tos/chips/msp430/pins/HplMsp430GeneralIOC.nc">
          <from><interface-ref name="Port36" ref="0x409cabc8" scoped=""/></from>
          <to><interface-ref name="IO" ref="0x40a49d68" scoped=""/></to>
        </wire>
        <wire loc="530:/home/zly/tinyos-main/tos/chips/msp430/pins/HplMsp430GeneralIOC.nc">
          <from><interface-ref name="SIMO0" ref="0x409ebd80" scoped=""/></from>
          <to><interface-ref name="IO" ref="0x40a335c8" scoped=""/></to>
        </wire>
        <wire loc="548:/home/zly/tinyos-main/tos/chips/msp430/pins/HplMsp430GeneralIOC.nc">
          <from><interface-ref name="ADC3" ref="0x409f9758" scoped=""/></from>
          <to><interface-ref name="IO" ref="0x40a785c8" scoped=""/></to>
        </wire>
        <wire loc="555:/home/zly/tinyos-main/tos/chips/msp430/pins/HplMsp430GeneralIOC.nc">
          <from><interface-ref name="DAC1" ref="0x409f2168" scoped=""/></from>
          <to><interface-ref name="IO" ref="0x40a915c8" scoped=""/></to>
        </wire>
        <wire loc="541:/home/zly/tinyos-main/tos/chips/msp430/pins/HplMsp430GeneralIOC.nc">
          <from><interface-ref name="UCLK1" ref="0x409e0d80" scoped=""/></from>
          <to><interface-ref name="IO" ref="0x40a6b5c8" scoped=""/></to>
        </wire>
        <wire loc="471:/home/zly/tinyos-main/tos/chips/msp430/pins/HplMsp430GeneralIOC.nc">
          <from><interface-ref name="Port40" ref="0x409c7010" scoped=""/></from>
          <to><interface-ref name="IO" ref="0x40a44e68" scoped=""/></to>
        </wire>
        <wire loc="484:/home/zly/tinyos-main/tos/chips/msp430/pins/HplMsp430GeneralIOC.nc">
          <from><interface-ref name="Port52" ref="0x409dc178" scoped=""/></from>
          <to><interface-ref name="IO" ref="0x40a6ed68" scoped=""/></to>
        </wire>
        <wire loc="495:/home/zly/tinyos-main/tos/chips/msp430/pins/HplMsp430GeneralIOC.nc">
          <from><interface-ref name="Port62" ref="0x409d3010" scoped=""/></from>
          <to><interface-ref name="IO" ref="0x40a7bd68" scoped=""/></to>
        </wire>
        <wire loc="549:/home/zly/tinyos-main/tos/chips/msp430/pins/HplMsp430GeneralIOC.nc">
          <from><interface-ref name="ADC4" ref="0x409f8918" scoped=""/></from>
          <to><interface-ref name="IO" ref="0x40a76d68" scoped=""/></to>
        </wire>
        <wire loc="538:/home/zly/tinyos-main/tos/chips/msp430/pins/HplMsp430GeneralIOC.nc">
          <from><interface-ref name="STE1" ref="0x409e3838" scoped=""/></from>
          <to><interface-ref name="IO" ref="0x40a73d68" scoped=""/></to>
        </wire>
        <wire loc="443:/home/zly/tinyos-main/tos/chips/msp430/pins/HplMsp430GeneralIOC.nc">
          <from><interface-ref name="Port15" ref="0x4099ed88" scoped=""/></from>
          <to><interface-ref name="IO" ref="0x40a0e730" scoped=""/></to>
        </wire>
        <wire loc="456:/home/zly/tinyos-main/tos/chips/msp430/pins/HplMsp430GeneralIOC.nc">
          <from><interface-ref name="Port27" ref="0x409b1010" scoped=""/></from>
          <to><interface-ref name="IO" ref="0x40a385c8" scoped=""/></to>
        </wire>
        <wire loc="493:/home/zly/tinyos-main/tos/chips/msp430/pins/HplMsp430GeneralIOC.nc">
          <from><interface-ref name="Port60" ref="0x409d6bc8" scoped=""/></from>
          <to><interface-ref name="IO" ref="0x40a80d68" scoped=""/></to>
        </wire>
        <wire loc="461:/home/zly/tinyos-main/tos/chips/msp430/pins/HplMsp430GeneralIOC.nc">
          <from><interface-ref name="Port31" ref="0x409af368" scoped=""/></from>
          <to><interface-ref name="IO" ref="0x40a335c8" scoped=""/></to>
        </wire>
        <wire loc="474:/home/zly/tinyos-main/tos/chips/msp430/pins/HplMsp430GeneralIOC.nc">
          <from><interface-ref name="Port43" ref="0x409c45a8" scoped=""/></from>
          <to><interface-ref name="IO" ref="0x40a5d5c8" scoped=""/></to>
        </wire>
        <wire loc="487:/home/zly/tinyos-main/tos/chips/msp430/pins/HplMsp430GeneralIOC.nc">
          <from><interface-ref name="Port55" ref="0x409d9688" scoped=""/></from>
          <to><interface-ref name="IO" ref="0x40a665c8" scoped=""/></to>
        </wire>
        <wire loc="498:/home/zly/tinyos-main/tos/chips/msp430/pins/HplMsp430GeneralIOC.nc">
          <from><interface-ref name="Port65" ref="0x409d04c8" scoped=""/></from>
          <to><interface-ref name="IO" ref="0x40a965c8" scoped=""/></to>
        </wire>
        <wire loc="540:/home/zly/tinyos-main/tos/chips/msp430/pins/HplMsp430GeneralIOC.nc">
          <from><interface-ref name="SOMI1" ref="0x409e1bc0" scoped=""/></from>
          <to><interface-ref name="IO" ref="0x40a6ed68" scoped=""/></to>
        </wire>
        <wire loc="438:/home/zly/tinyos-main/tos/chips/msp430/pins/HplMsp430GeneralIOC.nc">
          <from><interface-ref name="Port10" ref="0x409a1558" scoped=""/></from>
          <to><interface-ref name="IO" ref="0x409ed220" scoped=""/></to>
        </wire>
        <wire loc="451:/home/zly/tinyos-main/tos/chips/msp430/pins/HplMsp430GeneralIOC.nc">
          <from><interface-ref name="Port22" ref="0x409b7688" scoped=""/></from>
          <to><interface-ref name="IO" ref="0x40a24d68" scoped=""/></to>
        </wire>
        <wire loc="464:/home/zly/tinyos-main/tos/chips/msp430/pins/HplMsp430GeneralIOC.nc">
          <from><interface-ref name="Port34" ref="0x409cc848" scoped=""/></from>
          <to><interface-ref name="IO" ref="0x40a4ed68" scoped=""/></to>
        </wire>
        <wire loc="477:/home/zly/tinyos-main/tos/chips/msp430/pins/HplMsp430GeneralIOC.nc">
          <from><interface-ref name="Port46" ref="0x409c1ae8" scoped=""/></from>
          <to><interface-ref name="IO" ref="0x40a56d68" scoped=""/></to>
        </wire>
        <wire loc="542:/home/zly/tinyos-main/tos/chips/msp430/pins/HplMsp430GeneralIOC.nc">
          <from><interface-ref name="UTXD1" ref="0x409de010" scoped=""/></from>
          <to><interface-ref name="IO" ref="0x40a49d68" scoped=""/></to>
        </wire>
        <wire loc="546:/home/zly/tinyos-main/tos/chips/msp430/pins/HplMsp430GeneralIOC.nc">
          <from><interface-ref name="ADC1" ref="0x409fb3d8" scoped=""/></from>
          <to><interface-ref name="IO" ref="0x40a7d5c8" scoped=""/></to>
        </wire>
        <wire loc="552:/home/zly/tinyos-main/tos/chips/msp430/pins/HplMsp430GeneralIOC.nc">
          <from><interface-ref name="ADC7" ref="0x409f5e58" scoped=""/></from>
          <to><interface-ref name="IO" ref="0x40a915c8" scoped=""/></to>
        </wire>
        <wire loc="482:/home/zly/tinyos-main/tos/chips/msp430/pins/HplMsp430GeneralIOC.nc">
          <from><interface-ref name="Port50" ref="0x409bfe68" scoped=""/></from>
          <to><interface-ref name="IO" ref="0x40a73d68" scoped=""/></to>
        </wire>
        <wire loc="543:/home/zly/tinyos-main/tos/chips/msp430/pins/HplMsp430GeneralIOC.nc">
          <from><interface-ref name="URXD1" ref="0x409dd170" scoped=""/></from>
          <to><interface-ref name="IO" ref="0x40a465c8" scoped=""/></to>
        </wire>
        <wire loc="441:/home/zly/tinyos-main/tos/chips/msp430/pins/HplMsp430GeneralIOC.nc">
          <from><interface-ref name="Port13" ref="0x409a0a08" scoped=""/></from>
          <to><interface-ref name="IO" ref="0x40a138a0" scoped=""/></to>
        </wire>
        <wire loc="454:/home/zly/tinyos-main/tos/chips/msp430/pins/HplMsp430GeneralIOC.nc">
          <from><interface-ref name="Port25" ref="0x409b4bc8" scoped=""/></from>
          <to><interface-ref name="IO" ref="0x40a3d5c8" scoped=""/></to>
        </wire>
        <wire loc="467:/home/zly/tinyos-main/tos/chips/msp430/pins/HplMsp430GeneralIOC.nc">
          <from><interface-ref name="Port37" ref="0x409c9d88" scoped=""/></from>
          <to><interface-ref name="IO" ref="0x40a465c8" scoped=""/></to>
        </wire>
        <wire loc="539:/home/zly/tinyos-main/tos/chips/msp430/pins/HplMsp430GeneralIOC.nc">
          <from><interface-ref name="SIMO1" ref="0x409e2a00" scoped=""/></from>
          <to><interface-ref name="IO" ref="0x40a705c8" scoped=""/></to>
        </wire>
        <wire loc="550:/home/zly/tinyos-main/tos/chips/msp430/pins/HplMsp430GeneralIOC.nc">
          <from><interface-ref name="ADC5" ref="0x409f7ad8" scoped=""/></from>
          <to><interface-ref name="IO" ref="0x40a965c8" scoped=""/></to>
        </wire>
        <wire loc="472:/home/zly/tinyos-main/tos/chips/msp430/pins/HplMsp430GeneralIOC.nc">
          <from><interface-ref name="Port41" ref="0x409c6288" scoped=""/></from>
          <to><interface-ref name="IO" ref="0x40a415c8" scoped=""/></to>
        </wire>
        <wire loc="485:/home/zly/tinyos-main/tos/chips/msp430/pins/HplMsp430GeneralIOC.nc">
          <from><interface-ref name="Port53" ref="0x409db368" scoped=""/></from>
          <to><interface-ref name="IO" ref="0x40a6b5c8" scoped=""/></to>
        </wire>
        <wire loc="496:/home/zly/tinyos-main/tos/chips/msp430/pins/HplMsp430GeneralIOC.nc">
          <from><interface-ref name="Port63" ref="0x409d2178" scoped=""/></from>
          <to><interface-ref name="IO" ref="0x40a785c8" scoped=""/></to>
        </wire>
        <wire loc="444:/home/zly/tinyos-main/tos/chips/msp430/pins/HplMsp430GeneralIOC.nc">
          <from><interface-ref name="Port16" ref="0x409bc010" scoped=""/></from>
          <to><interface-ref name="IO" ref="0x40a2edf8" scoped=""/></to>
        </wire>
        <wire loc="494:/home/zly/tinyos-main/tos/chips/msp430/pins/HplMsp430GeneralIOC.nc">
          <from><interface-ref name="Port61" ref="0x409d5d88" scoped=""/></from>
          <to><interface-ref name="IO" ref="0x40a7d5c8" scoped=""/></to>
        </wire>
        <wire loc="449:/home/zly/tinyos-main/tos/chips/msp430/pins/HplMsp430GeneralIOC.nc">
          <from><interface-ref name="Port20" ref="0x409ba368" scoped=""/></from>
          <to><interface-ref name="IO" ref="0x40a29d68" scoped=""/></to>
        </wire>
        <wire loc="462:/home/zly/tinyos-main/tos/chips/msp430/pins/HplMsp430GeneralIOC.nc">
          <from><interface-ref name="Port32" ref="0x409ae4c8" scoped=""/></from>
          <to><interface-ref name="IO" ref="0x40a31d68" scoped=""/></to>
        </wire>
        <wire loc="475:/home/zly/tinyos-main/tos/chips/msp430/pins/HplMsp430GeneralIOC.nc">
          <from><interface-ref name="Port44" ref="0x409c3768" scoped=""/></from>
          <to><interface-ref name="IO" ref="0x40a5bd68" scoped=""/></to>
        </wire>
        <wire loc="488:/home/zly/tinyos-main/tos/chips/msp430/pins/HplMsp430GeneralIOC.nc">
          <from><interface-ref name="Port56" ref="0x409d8848" scoped=""/></from>
          <to><interface-ref name="IO" ref="0x40a64d68" scoped=""/></to>
        </wire>
        <wire loc="499:/home/zly/tinyos-main/tos/chips/msp430/pins/HplMsp430GeneralIOC.nc">
          <from><interface-ref name="Port66" ref="0x409cf688" scoped=""/></from>
          <to><interface-ref name="IO" ref="0x40a94d68" scoped=""/></to>
        </wire>
        <wire loc="439:/home/zly/tinyos-main/tos/chips/msp430/pins/HplMsp430GeneralIOC.nc">
          <from><interface-ref name="Port11" ref="0x409a8688" scoped=""/></from>
          <to><interface-ref name="IO" ref="0x40a18918" scoped=""/></to>
        </wire>
        <wire loc="452:/home/zly/tinyos-main/tos/chips/msp430/pins/HplMsp430GeneralIOC.nc">
          <from><interface-ref name="Port23" ref="0x409b6848" scoped=""/></from>
          <to><interface-ref name="IO" ref="0x40a215c8" scoped=""/></to>
        </wire>
        <wire loc="465:/home/zly/tinyos-main/tos/chips/msp430/pins/HplMsp430GeneralIOC.nc">
          <from><interface-ref name="Port35" ref="0x409cba08" scoped=""/></from>
          <to><interface-ref name="IO" ref="0x40a4b5c8" scoped=""/></to>
        </wire>
        <wire loc="478:/home/zly/tinyos-main/tos/chips/msp430/pins/HplMsp430GeneralIOC.nc">
          <from><interface-ref name="Port47" ref="0x409c0ca8" scoped=""/></from>
          <to><interface-ref name="IO" ref="0x40a535c8" scoped=""/></to>
        </wire>
        <wire loc="534:/home/zly/tinyos-main/tos/chips/msp430/pins/HplMsp430GeneralIOC.nc">
          <from><interface-ref name="SCL" ref="0x409e6348" scoped=""/></from>
          <to><interface-ref name="IO" ref="0x40a505c8" scoped=""/></to>
        </wire>
        <wire loc="547:/home/zly/tinyos-main/tos/chips/msp430/pins/HplMsp430GeneralIOC.nc">
          <from><interface-ref name="ADC2" ref="0x409fa598" scoped=""/></from>
          <to><interface-ref name="IO" ref="0x40a7bd68" scoped=""/></to>
        </wire>
        <wire loc="533:/home/zly/tinyos-main/tos/chips/msp430/pins/HplMsp430GeneralIOC.nc">
          <from><interface-ref name="UCLK0" ref="0x409e71a0" scoped=""/></from>
          <to><interface-ref name="IO" ref="0x40a505c8" scoped=""/></to>
        </wire>
        <wire loc="483:/home/zly/tinyos-main/tos/chips/msp430/pins/HplMsp430GeneralIOC.nc">
          <from><interface-ref name="Port51" ref="0x409bd010" scoped=""/></from>
          <to><interface-ref name="IO" ref="0x40a705c8" scoped=""/></to>
        </wire>
        <wire loc="554:/home/zly/tinyos-main/tos/chips/msp430/pins/HplMsp430GeneralIOC.nc">
          <from><interface-ref name="DAC0" ref="0x409f3010" scoped=""/></from>
          <to><interface-ref name="IO" ref="0x40a94d68" scoped=""/></to>
        </wire>
        <wire loc="558:/home/zly/tinyos-main/tos/chips/msp430/pins/HplMsp430GeneralIOC.nc">
          <from><interface-ref name="SVSOUT" ref="0x409f03e8" scoped=""/></from>
          <to><interface-ref name="IO" ref="0x40a825c8" scoped=""/></to>
        </wire>
        <wire loc="529:/home/zly/tinyos-main/tos/chips/msp430/pins/HplMsp430GeneralIOC.nc">
          <from><interface-ref name="STE0" ref="0x409eca28" scoped=""/></from>
          <to><interface-ref name="IO" ref="0x40a36d68" scoped=""/></to>
        </wire>
      </wiring>
    </component><component loc="42(HplCC2420PinsC.RSTNM):/home/zly/tinyos-main/tos/chips/msp430/pins/Msp430GpioC.nc" nicename="tos.chips.msp430.pins.Msp430GpioC" qname="HplCC2420PinsC.RSTNM">
      <documentation loc="33:/home/zly/tinyos-main/tos/chips/msp430/pins/Msp430GpioC.nc">
        <short>
 Implementation of the general-purpose I/O abstraction
 for the TI MSP430 microcontroller.</short>
        <long>
 Implementation of the general-purpose I/O abstraction
 for the TI MSP430 microcontroller.

 @author Joe Polastre
 @see  Please refer to TEP 117 for more information about this component and its
          intended use.
</long>
      </documentation>
      <instance number="4">
        <component-ref nicename="tos.chips.msp430.pins.Msp430GpioC" qname="Msp430GpioC"/>
      </instance>
      <module/>
    </component></referenced></component>