<?xml version="1.0" ?><component abstract="" loc="43:/home/zly/tinyos-main/tos/system/AMQueueEntryP.nc" nicename="tos.system.AMQueueEntryP" qname="AMQueueEntryP" safe="">
      <documentation loc="33:/home/zly/tinyos-main/tos/system/AMQueueEntryP.nc">
        <short>
 Internal AM component that fills in needed packet fields for the 
 AMSend -&gt; Send transformation.</short>
        <long>
 Internal AM component that fills in needed packet fields for the 
 AMSend -&gt; Send transformation.

 @author Philip Levis
 @date   Jan 16 2006
</long>
      </documentation>
      <parameters>
        <constant loc="43:/home/zly/tinyos-main/tos/system/AMQueueEntryP.nc" name="amId" ref="0x410b83a8">
          <component-ref nicename="tos.system.AMQueueEntryP" qname="AMQueueEntryP"/>
          <type-int alignment="I:1" cname="unsigned char" size="I:1" unsigned="">
            <typename><typedef-ref name="am_id_t" ref="0x4074eae0"/></typename>
          </type-int>
        </constant>
      </parameters>
      <module/>
    <specification><interface loc="44:/home/zly/tinyos-main/tos/system/AMQueueEntryP.nc" name="AMSend" provided="1" ref="0x410b8838">
      <component-ref nicename="tos.system.AMQueueEntryP" qname="AMQueueEntryP"/>
      <type-interface alignment="I:2" size="I:2"><interface-ref name="AMSend" ref="0x410b8838" scoped=""/></type-interface>
      <instance>
        <interfacedef-ref nicename="tos.interfaces.AMSend" qname="AMSend"/>
      </instance>
      <interface-functions>
        <function-ref name="send" ref="0x410b8a10" scoped=""/>
        <function-ref name="getPayload" ref="0x410b8af0" scoped=""/>
        <function-ref name="maxPayloadLength" ref="0x410b8bd0" scoped=""/>
        <function-ref name="cancel" ref="0x410b8cb0" scoped=""/>
        <function-ref name="sendDone" ref="0x410b8d90" scoped=""/>
      </interface-functions>
    </interface><interface loc="46:/home/zly/tinyos-main/tos/system/AMQueueEntryP.nc" name="Send" provided="0" ref="0x410b5010">
      <component-ref nicename="tos.system.AMQueueEntryP" qname="AMQueueEntryP"/>
      <type-interface alignment="I:2" size="I:2"><interface-ref name="Send" ref="0x410b5010" scoped=""/></type-interface>
      <instance>
        <interfacedef-ref nicename="tos.interfaces.Send" qname="Send"/>
      </instance>
      <interface-functions>
        <function-ref name="send" ref="0x410b51e8" scoped=""/>
        <function-ref name="getPayload" ref="0x410b52c8" scoped=""/>
        <function-ref name="maxPayloadLength" ref="0x410b53a8" scoped=""/>
        <function-ref name="cancel" ref="0x410b5488" scoped=""/>
        <function-ref name="sendDone" ref="0x410b5568" scoped=""/>
      </interface-functions>
    </interface><interface loc="47:/home/zly/tinyos-main/tos/system/AMQueueEntryP.nc" name="AMPacket" provided="0" ref="0x410b5700">
      <component-ref nicename="tos.system.AMQueueEntryP" qname="AMQueueEntryP"/>
      <type-interface alignment="I:2" size="I:2"><interface-ref name="AMPacket" ref="0x410b5700" scoped=""/></type-interface>
      <instance>
        <interfacedef-ref nicename="tos.interfaces.AMPacket" qname="AMPacket"/>
      </instance>
      <interface-functions>
        <function-ref name="group" ref="0x410b58d8" scoped=""/>
        <function-ref name="source" ref="0x410b59b8" scoped=""/>
        <function-ref name="address" ref="0x410b5a98" scoped=""/>
        <function-ref name="destination" ref="0x410b5b78" scoped=""/>
        <function-ref name="setSource" ref="0x410b5c58" scoped=""/>
        <function-ref name="setDestination" ref="0x410b5d38" scoped=""/>
        <function-ref name="type" ref="0x410b5e18" scoped=""/>
        <function-ref name="setType" ref="0x410b5ef8" scoped=""/>
        <function-ref name="isForMe" ref="0x410f0010" scoped=""/>
        <function-ref name="setGroup" ref="0x410f00f0" scoped=""/>
        <function-ref name="localGroup" ref="0x410f01d0" scoped=""/>
      </interface-functions>
    </interface></specification><referenced/></component>