<?xml version="1.0" ?><component loc="37:/home/zly/tinyos-main/tos/chips/msp430/timer/Msp430ClockC.nc" nicename="tos.chips.msp430.timer.Msp430ClockC" qname="Msp430ClockC">
      <documentation loc="33:/home/zly/tinyos-main/tos/chips/msp430/timer/Msp430ClockC.nc">
        <short>
 </short>
        <long>
 @author Cory Sharp &lt;cssharp@eecs.berkeley.edu&gt;
</long>
      </documentation>
      <configuration/>
      <wiring>
        <wire loc="47:/home/zly/tinyos-main/tos/chips/msp430/timer/Msp430ClockC.nc">
          <from><interface-ref name="Msp430ClockInit" ref="0x4063b330" scoped=""/></from>
          <to><interface-ref name="Msp430ClockInit" ref="0x406444c8" scoped=""/></to>
        </wire>
        <wire loc="46:/home/zly/tinyos-main/tos/chips/msp430/timer/Msp430ClockC.nc">
          <from><interface-ref name="Init" ref="0x4061fc48" scoped=""/></from>
          <to><interface-ref name="Init" ref="0x406440f8" scoped=""/></to>
        </wire>
        <wire loc="48:/home/zly/tinyos-main/tos/chips/msp430/timer/Msp430ClockC.nc">
          <from><interface-ref name="McuPowerOverride" ref="0x4060d218" scoped=""/></from>
          <to><interface-ref name="McuPowerOverride" ref="0x40644ec8" scoped=""/></to>
        </wire>
      </wiring>
    <specification><interface loc="40:/home/zly/tinyos-main/tos/chips/msp430/timer/Msp430ClockC.nc" name="Msp430ClockInit" provided="1" ref="0x4063b330">
      <component-ref nicename="tos.chips.msp430.timer.Msp430ClockC" qname="Msp430ClockC"/>
      <type-interface alignment="I:2" size="I:2"><interface-ref name="Msp430ClockInit" ref="0x4063b330" scoped=""/></type-interface>
      <instance>
        <interfacedef-ref nicename="tos.chips.msp430.timer.Msp430ClockInit" qname="Msp430ClockInit"/>
      </instance>
      <interface-functions>
        <function-ref name="defaultInitClocks" ref="0x4063bb28" scoped=""/>
        <function-ref name="initTimerB" ref="0x4063b5e8" scoped=""/>
        <function-ref name="defaultInitTimerA" ref="0x4063b6c8" scoped=""/>
        <function-ref name="initTimerA" ref="0x4063b7a8" scoped=""/>
        <function-ref name="defaultInitTimerB" ref="0x4063b508" scoped=""/>
        <function-ref name="defaultSetupDcoCalibrate" ref="0x4063b888" scoped=""/>
        <function-ref name="setupDcoCalibrate" ref="0x4063b968" scoped=""/>
        <function-ref name="initClocks" ref="0x4063ba48" scoped=""/>
      </interface-functions>
    </interface><interface loc="39:/home/zly/tinyos-main/tos/chips/msp430/timer/Msp430ClockC.nc" name="Init" provided="1" ref="0x4061fc48">
      <component-ref nicename="tos.chips.msp430.timer.Msp430ClockC" qname="Msp430ClockC"/>
      <type-interface alignment="I:2" size="I:2"><interface-ref name="Init" ref="0x4061fc48" scoped=""/></type-interface>
      <instance>
        <interfacedef-ref nicename="tos.interfaces.Init" qname="Init"/>
      </instance>
      <interface-functions>
        <function-ref name="init" ref="0x4061fe20" scoped=""/>
      </interface-functions>
    </interface></specification><referenced><interface loc="55:/home/zly/tinyos-main/tos/chips/msp430/McuSleepC.nc" name="McuPowerOverride" provided="0" ref="0x4060d218">
      <component-ref nicename="tos.chips.msp430.McuSleepC" qname="McuSleepC"/>
      <type-interface alignment="I:2" size="I:2"><interface-ref name="McuPowerOverride" ref="0x4060d218" scoped=""/></type-interface>
      <instance>
        <interfacedef-ref nicename="tos.interfaces.McuPowerOverride" qname="McuPowerOverride"/>
      </instance>
      <interface-functions>
        <function-ref name="lowestState" ref="0x4060d3f0" scoped=""/>
      </interface-functions>
    </interface><interface loc="47:/home/zly/tinyos-main/tos/chips/msp430/timer/Msp430ClockP.nc" name="McuPowerOverride" provided="1" ref="0x40644ec8">
      <component-ref nicename="tos.chips.msp430.timer.Msp430ClockP" qname="Msp430ClockP"/>
      <type-interface alignment="I:2" size="I:2"><interface-ref name="McuPowerOverride" ref="0x40644ec8" scoped=""/></type-interface>
      <instance>
        <interfacedef-ref nicename="tos.interfaces.McuPowerOverride" qname="McuPowerOverride"/>
      </instance>
      <interface-functions>
        <function-ref name="lowestState" ref="0x406430c0" scoped=""/>
      </interface-functions>
    </interface><interface loc="46:/home/zly/tinyos-main/tos/chips/msp430/timer/Msp430ClockP.nc" name="Msp430ClockInit" provided="1" ref="0x406444c8">
      <component-ref nicename="tos.chips.msp430.timer.Msp430ClockP" qname="Msp430ClockP"/>
      <type-interface alignment="I:2" size="I:2"><interface-ref name="Msp430ClockInit" ref="0x406444c8" scoped=""/></type-interface>
      <instance>
        <interfacedef-ref nicename="tos.chips.msp430.timer.Msp430ClockInit" qname="Msp430ClockInit"/>
      </instance>
      <interface-functions>
        <function-ref name="defaultInitClocks" ref="0x40644cc0" scoped=""/>
        <function-ref name="initTimerB" ref="0x40644780" scoped=""/>
        <function-ref name="defaultInitTimerA" ref="0x40644860" scoped=""/>
        <function-ref name="initTimerA" ref="0x40644940" scoped=""/>
        <function-ref name="defaultInitTimerB" ref="0x406446a0" scoped=""/>
        <function-ref name="defaultSetupDcoCalibrate" ref="0x40644a20" scoped=""/>
        <function-ref name="setupDcoCalibrate" ref="0x40644b00" scoped=""/>
        <function-ref name="initClocks" ref="0x40644be0" scoped=""/>
      </interface-functions>
    </interface><interface loc="45:/home/zly/tinyos-main/tos/chips/msp430/timer/Msp430ClockP.nc" name="Init" provided="1" ref="0x406440f8">
      <component-ref nicename="tos.chips.msp430.timer.Msp430ClockP" qname="Msp430ClockP"/>
      <type-interface alignment="I:2" size="I:2"><interface-ref name="Init" ref="0x406440f8" scoped=""/></type-interface>
      <instance>
        <interfacedef-ref nicename="tos.interfaces.Init" qname="Init"/>
      </instance>
      <interface-functions>
        <function-ref name="init" ref="0x406442d0" scoped=""/>
      </interface-functions>
    </interface><component loc="43:/home/zly/tinyos-main/tos/chips/msp430/timer/Msp430ClockP.nc" nicename="tos.chips.msp430.timer.Msp430ClockP" qname="Msp430ClockP" safe="">
      <module/>
    </component><component loc="49:/home/zly/tinyos-main/tos/chips/msp430/McuSleepC.nc" nicename="tos.chips.msp430.McuSleepC" qname="McuSleepC" safe="">
      <documentation loc="33:/home/zly/tinyos-main/tos/chips/msp430/McuSleepC.nc">
        <short>
 Implementation of TEP 112 (Microcontroller Power Management) for
 the MSP430.</short>
        <long>
 Implementation of TEP 112 (Microcontroller Power Management) for
 the MSP430. Code for low power calculation copied from older
 msp430hardware.h by Vlado Handziski, Joe Polastre, and Cory Sharp.


 @author Philip Levis
 @author Vlado Handziski
 @author Joe Polastre
 @author Cory Sharp
 @date   October 26, 2005
 @see  Please refer to TEP 112 for more information about this component and its
          intended use.

</long>
      </documentation>
      <module/>
    </component></referenced></component>