<?xml version="1.0" ?><component abstract="" loc="38:/home/zly/tinyos-main/tos/chips/msp430/timer/GpioCaptureC.nc" nicename="tos.chips.msp430.timer.GpioCaptureC" qname="GpioCaptureC" safe="">
      <documentation loc="33:/home/zly/tinyos-main/tos/chips/msp430/timer/GpioCaptureC.nc">
        <short>
 </short>
        <long>
 @author Jonathan Hui
 @author Joe Polastre
</long>
      </documentation>
      <parameters>
      </parameters>
      <module/>
    <specification><interface loc="42:/home/zly/tinyos-main/tos/chips/msp430/timer/GpioCaptureC.nc" name="Msp430Capture" provided="0" ref="0x40af9b00">
      <component-ref nicename="tos.chips.msp430.timer.GpioCaptureC" qname="GpioCaptureC"/>
      <type-interface alignment="I:2" size="I:2"><interface-ref name="Msp430Capture" ref="0x40af9b00" scoped=""/></type-interface>
      <instance>
        <interfacedef-ref nicename="tos.chips.msp430.timer.Msp430Capture" qname="Msp430Capture"/>
      </instance>
      <interface-functions>
        <function-ref name="getEvent" ref="0x40af9cd8" scoped=""/>
        <function-ref name="setSynchronous" ref="0x40af9db8" scoped=""/>
        <function-ref name="captured" ref="0x40af9e98" scoped=""/>
        <function-ref name="clearOverflow" ref="0x40af8010" scoped=""/>
        <function-ref name="isOverflowPending" ref="0x40af80f0" scoped=""/>
        <function-ref name="setEdge" ref="0x40af81d0" scoped=""/>
      </interface-functions>
    </interface><interface loc="40:/home/zly/tinyos-main/tos/chips/msp430/timer/GpioCaptureC.nc" name="Capture" provided="1" ref="0x40ad9998">
      <component-ref nicename="tos.chips.msp430.timer.GpioCaptureC" qname="GpioCaptureC"/>
      <type-interface alignment="I:2" size="I:2"><interface-ref name="Capture" ref="0x40ad9998" scoped=""/></type-interface>
      <instance>
        <interfacedef-ref nicename="tos.interfaces.GpioCapture" qname="GpioCapture"/>
      </instance>
      <interface-functions>
        <function-ref name="captureFallingEdge" ref="0x40ad9b70" scoped=""/>
        <function-ref name="disable" ref="0x40ad9c50" scoped=""/>
        <function-ref name="captured" ref="0x40ad9d30" scoped=""/>
        <function-ref name="captureRisingEdge" ref="0x40ad9e10" scoped=""/>
      </interface-functions>
    </interface><interface loc="41:/home/zly/tinyos-main/tos/chips/msp430/timer/GpioCaptureC.nc" name="Msp430TimerControl" provided="0" ref="0x40af9040">
      <component-ref nicename="tos.chips.msp430.timer.GpioCaptureC" qname="GpioCaptureC"/>
      <type-interface alignment="I:2" size="I:2"><interface-ref name="Msp430TimerControl" ref="0x40af9040" scoped=""/></type-interface>
      <instance>
        <interfacedef-ref nicename="tos.chips.msp430.timer.Msp430TimerControl" qname="Msp430TimerControl"/>
      </instance>
      <interface-functions>
        <function-ref name="setControlAsCapture" ref="0x40af9218" scoped=""/>
        <function-ref name="getControl" ref="0x40af92f8" scoped=""/>
        <function-ref name="enableEvents" ref="0x40af93d8" scoped=""/>
        <function-ref name="areEventsEnabled" ref="0x40af94b8" scoped=""/>
        <function-ref name="setControlAsCompare" ref="0x40af9598" scoped=""/>
        <function-ref name="disableEvents" ref="0x40af9678" scoped=""/>
        <function-ref name="isInterruptPending" ref="0x40af9758" scoped=""/>
        <function-ref name="clearPendingInterrupt" ref="0x40af9838" scoped=""/>
        <function-ref name="setControl" ref="0x40af9918" scoped=""/>
      </interface-functions>
    </interface><interface loc="43:/home/zly/tinyos-main/tos/chips/msp430/timer/GpioCaptureC.nc" name="GeneralIO" provided="0" ref="0x40af8468">
      <component-ref nicename="tos.chips.msp430.timer.GpioCaptureC" qname="GpioCaptureC"/>
      <type-interface alignment="I:2" size="I:2"><interface-ref name="GeneralIO" ref="0x40af8468" scoped=""/></type-interface>
      <instance>
        <interfacedef-ref nicename="tos.chips.msp430.pins.HplMsp430GeneralIO" qname="HplMsp430GeneralIO"/>
      </instance>
      <interface-functions>
        <function-ref name="makeInput" ref="0x40af8640" scoped=""/>
        <function-ref name="isInput" ref="0x40af8720" scoped=""/>
        <function-ref name="setResistor" ref="0x40af8800" scoped=""/>
        <function-ref name="toggle" ref="0x40af88e0" scoped=""/>
        <function-ref name="isOutput" ref="0x40af89c0" scoped=""/>
        <function-ref name="getResistor" ref="0x40af8aa0" scoped=""/>
        <function-ref name="makeOutput" ref="0x40af8b80" scoped=""/>
        <function-ref name="get" ref="0x40af8c60" scoped=""/>
        <function-ref name="selectIOFunc" ref="0x40af8d40" scoped=""/>
        <function-ref name="getRaw" ref="0x40af8e20" scoped=""/>
        <function-ref name="set" ref="0x40af8f00" scoped=""/>
        <function-ref name="selectModuleFunc" ref="0x40af6010" scoped=""/>
        <function-ref name="isIOFunc" ref="0x40af60f0" scoped=""/>
        <function-ref name="isModuleFunc" ref="0x40af6250" scoped=""/>
        <function-ref name="clr" ref="0x40af6330" scoped=""/>
      </interface-functions>
    </interface></specification><referenced/></component>