<?xml version="1.0" ?><component loc="54:/home/zly/tinyos-main/tos/system/SchedulerBasicP.nc" nicename="tos.system.SchedulerBasicP" qname="SchedulerBasicP" safe="">
      <module/>
    <specification><interface loc="56:/home/zly/tinyos-main/tos/system/SchedulerBasicP.nc" name="TaskBasic" provided="1" ref="0x405ebc30">
      <component-ref nicename="tos.system.SchedulerBasicP" qname="SchedulerBasicP"/>
      <type-interface alignment="I:2" size="I:2"><interface-ref name="TaskBasic" ref="0x405ebc30" scoped=""/></type-interface>
      <instance>
        <interfacedef-ref nicename="tos.interfaces.TaskBasic" qname="TaskBasic"/>
      </instance>
      <interface-parameters>
        <type-int alignment="I:1" cname="unsigned char" size="I:1" unsigned="">
          <typename><typedef-ref name="uint8_t" ref="0x40212dc8"/></typename>
        </type-int>
      </interface-parameters>
      <interface-functions>
        <function-ref name="postTask" ref="0x405ebe08" scoped=""/>
        <function-ref name="runTask" ref="0x405ebee8" scoped=""/>
      </interface-functions>
    </interface><interface loc="57:/home/zly/tinyos-main/tos/system/SchedulerBasicP.nc" name="McuSleep" provided="0" ref="0x405fa8b0">
      <component-ref nicename="tos.system.SchedulerBasicP" qname="SchedulerBasicP"/>
      <type-interface alignment="I:2" size="I:2"><interface-ref name="McuSleep" ref="0x405fa8b0" scoped=""/></type-interface>
      <instance>
        <interfacedef-ref nicename="tos.interfaces.McuSleep" qname="McuSleep"/>
      </instance>
      <interface-functions>
        <function-ref name="sleep" ref="0x405faa88" scoped=""/>
      </interface-functions>
    </interface><interface loc="55:/home/zly/tinyos-main/tos/system/SchedulerBasicP.nc" name="Scheduler" provided="1" ref="0x405eb3f8">
      <component-ref nicename="tos.system.SchedulerBasicP" qname="SchedulerBasicP"/>
      <type-interface alignment="I:2" size="I:2"><interface-ref name="Scheduler" ref="0x405eb3f8" scoped=""/></type-interface>
      <instance>
        <interfacedef-ref nicename="tos.interfaces.Scheduler" qname="Scheduler"/>
      </instance>
      <interface-functions>
        <function-ref name="init" ref="0x405eb5d0" scoped=""/>
        <function-ref name="taskLoop" ref="0x405eb6b0" scoped=""/>
        <function-ref name="runNextTask" ref="0x405eb790" scoped=""/>
      </interface-functions>
    </interface></specification><referenced/></component>