<?xml version="1.0" ?><component loc="41:/home/zly/tinyos-main/tos/chips/msp430/timer/Msp430Counter32khzC.nc" nicename="tos.chips.msp430.timer.Msp430Counter32khzC" qname="Msp430Counter32khzC">
      <documentation loc="33:/home/zly/tinyos-main/tos/chips/msp430/timer/Msp430Counter32khzC.nc">
        <short>
 Msp430Counter32khC provides the standard 32khz counter for the MSP430.</short>
        <long>
 Msp430Counter32khC provides the standard 32khz counter for the MSP430.

 @author Cory Sharp &lt;cssharp@eecs.berkeley.edu&gt;
 @see  Please refer to TEP 102 for more information about this component and its
          intended use.
</long>
      </documentation>
      <configuration/>
      <wiring>
        <wire loc="50:/home/zly/tinyos-main/tos/chips/msp430/timer/Msp430Counter32khzC.nc">
          <from><interface-ref name="Msp430Counter32khz" ref="0x407d4a20" scoped=""/></from>
          <to><interface-ref name="Counter" ref="0x407cc3f8" scoped=""/></to>
        </wire>
        <wire loc="51:/home/zly/tinyos-main/tos/chips/msp430/timer/Msp430Counter32khzC.nc">
          <from><interface-ref name="Msp430Timer" ref="0x407cb4f0" scoped=""/></from>
          <to><interface-ref name="TimerB" ref="0x40662e60" scoped=""/></to>
        </wire>
      </wiring>
    <specification><interface loc="43:/home/zly/tinyos-main/tos/chips/msp430/timer/Msp430Counter32khzC.nc" name="Msp430Counter32khz" provided="1" ref="0x407d4a20">
      <component-ref nicename="tos.chips.msp430.timer.Msp430Counter32khzC" qname="Msp430Counter32khzC"/>
      <type-interface alignment="I:2" size="I:2"><interface-ref name="Msp430Counter32khz" ref="0x407d4a20" scoped=""/></type-interface>
      <instance>
        <interfacedef-ref nicename="tos.lib.timer.Counter" qname="Counter"/>
        <arguments>
          <type-tag alignment="I:2" size="I:2"><struct-ref ref="0x40614ca8"/>
            <typename><typedef-ref name="T32khz" ref="0x40614e70"/></typename>
          </type-tag>
          <type-int alignment="I:2" cname="unsigned int" size="I:2" unsigned="">
            <typename><typedef-ref name="uint16_t" ref="0x40213010"/></typename>
          </type-int>
        </arguments>
      </instance>
      <interface-functions>
        <function-ref name="get" ref="0x407cf200" scoped=""/>
        <function-ref name="clearOverflow" ref="0x407cf6f0" scoped=""/>
        <function-ref name="isOverflowPending" ref="0x407cf478" scoped=""/>
        <function-ref name="overflow" ref="0x407cf968" scoped=""/>
      </interface-functions>
    </interface></specification><referenced><interface loc="45:/home/zly/tinyos-main/tos/chips/msp430/timer/Msp430CounterC.nc" name="Msp430Timer" provided="0" ref="0x407cb4f0">
      <component-ref nicename="tos.chips.msp430.timer.Msp430CounterC" qname="Msp430Counter32khzC.Counter"/>
      <type-interface alignment="I:2" size="I:2"><interface-ref name="Msp430Timer" ref="0x407cb4f0" scoped=""/></type-interface>
      <instance>
        <interfacedef-ref nicename="tos.chips.msp430.timer.Msp430Timer" qname="Msp430Timer"/>
      </instance>
      <interface-functions>
        <function-ref name="clear" ref="0x407cb6c8" scoped=""/>
        <function-ref name="setClockSource" ref="0x407cb7a8" scoped=""/>
        <function-ref name="enableEvents" ref="0x407cb888" scoped=""/>
        <function-ref name="get" ref="0x407cb968" scoped=""/>
        <function-ref name="disableEvents" ref="0x407cba48" scoped=""/>
        <function-ref name="clearOverflow" ref="0x407cbb28" scoped=""/>
        <function-ref name="getMode" ref="0x407cbc08" scoped=""/>
        <function-ref name="isOverflowPending" ref="0x407cbce8" scoped=""/>
        <function-ref name="overflow" ref="0x407cbdc8" scoped=""/>
        <function-ref name="setMode" ref="0x407cbea8" scoped=""/>
        <function-ref name="setInputDivider" ref="0x407dc010" scoped=""/>
      </interface-functions>
    </interface><interface loc="44:/home/zly/tinyos-main/tos/chips/msp430/timer/Msp430CounterC.nc" name="Counter" provided="1" ref="0x407cc3f8">
      <component-ref nicename="tos.chips.msp430.timer.Msp430CounterC" qname="Msp430Counter32khzC.Counter"/>
      <type-interface alignment="I:2" size="I:2"><interface-ref name="Counter" ref="0x407cc3f8" scoped=""/></type-interface>
      <instance>
        <interfacedef-ref nicename="tos.lib.timer.Counter" qname="Counter"/>
        <arguments>
          <type-tag alignment="I:2" size="I:2"><struct-ref ref="0x40614ca8"/>
            <typename><typedef-ref name="T32khz" ref="0x40614e70"/></typename>
          </type-tag>
          <type-int alignment="I:2" cname="unsigned int" size="I:2" unsigned="">
            <typename><typedef-ref name="uint16_t" ref="0x40213010"/></typename>
          </type-int>
        </arguments>
      </instance>
      <interface-functions>
        <function-ref name="get" ref="0x407ccb48" scoped=""/>
        <function-ref name="clearOverflow" ref="0x407cb048" scoped=""/>
        <function-ref name="isOverflowPending" ref="0x407ccdc0" scoped=""/>
        <function-ref name="overflow" ref="0x407cb2c0" scoped=""/>
      </interface-functions>
    </interface><interface loc="50:/home/zly/tinyos-main/tos/chips/msp430/timer/Msp430TimerC.nc" name="TimerB" provided="1" ref="0x40662e60">
      <component-ref nicename="tos.chips.msp430.timer.Msp430TimerC" qname="Msp430TimerC"/>
      <type-interface alignment="I:2" size="I:2"><interface-ref name="TimerB" ref="0x40662e60" scoped=""/></type-interface>
      <instance>
        <interfacedef-ref nicename="tos.chips.msp430.timer.Msp430Timer" qname="Msp430Timer"/>
      </instance>
      <interface-functions>
        <function-ref name="clear" ref="0x40671050" scoped=""/>
        <function-ref name="setClockSource" ref="0x40671130" scoped=""/>
        <function-ref name="enableEvents" ref="0x40671210" scoped=""/>
        <function-ref name="get" ref="0x406712f0" scoped=""/>
        <function-ref name="disableEvents" ref="0x406713d0" scoped=""/>
        <function-ref name="clearOverflow" ref="0x406714b0" scoped=""/>
        <function-ref name="getMode" ref="0x40671590" scoped=""/>
        <function-ref name="isOverflowPending" ref="0x40671670" scoped=""/>
        <function-ref name="overflow" ref="0x40671750" scoped=""/>
        <function-ref name="setMode" ref="0x40671830" scoped=""/>
        <function-ref name="setInputDivider" ref="0x40671910" scoped=""/>
      </interface-functions>
    </interface><component loc="42(Msp430Counter32khzC.Counter):/home/zly/tinyos-main/tos/chips/msp430/timer/Msp430CounterC.nc" nicename="tos.chips.msp430.timer.Msp430CounterC" qname="Msp430Counter32khzC.Counter">
      <documentation loc="33:/home/zly/tinyos-main/tos/chips/msp430/timer/Msp430CounterC.nc">
        <short>
 Msp430Counter is a generic component that wraps the MSP430 HPL timers into a
 TinyOS Counter.</short>
        <long>
 Msp430Counter is a generic component that wraps the MSP430 HPL timers into a
 TinyOS Counter.

 @author Cory Sharp &lt;cssharp@eecs.berkeley.edu&gt;
 @see  Please refer to TEP 102 for more information about this component and its
          intended use.
</long>
      </documentation>
      <instance number="0">
        <component-ref nicename="tos.chips.msp430.timer.Msp430CounterC" qname="Msp430CounterC"/>
        <arguments>
          <type-tag alignment="I:2" size="I:2"><struct-ref ref="0x40614ca8"/>
            <typename><typedef-ref name="T32khz" ref="0x40614e70"/></typename>
          </type-tag>
        </arguments>
      </instance>
      <module/>
    </component><component loc="37:/home/zly/tinyos-main/tos/chips/msp430/timer/Msp430TimerC.nc" nicename="tos.chips.msp430.timer.Msp430TimerC" qname="Msp430TimerC">
      <documentation loc="33:/home/zly/tinyos-main/tos/chips/msp430/timer/Msp430TimerC.nc">
        <short>
 </short>
        <long>
 @author Cory Sharp &lt;cssharp@eecs.berkeley.edu&gt;
</long>
      </documentation>
      <configuration/>
      <wiring>
        <wire loc="113:/home/zly/tinyos-main/tos/chips/msp430/timer/Msp430TimerC.nc">
          <from><interface-ref name="ControlA2" ref="0x40668010" scoped=""/></from>
          <to><interface-ref name="Control" ref="0x406ce588" scoped=""/></to>
        </wire>
        <wire loc="126:/home/zly/tinyos-main/tos/chips/msp430/timer/Msp430TimerC.nc">
          <from><interface-ref name="ControlB0" ref="0x40671ba8" scoped=""/></from>
          <to><interface-ref name="Control" ref="0x406ca430" scoped=""/></to>
        </wire>
        <wire loc="108:/home/zly/tinyos-main/tos/chips/msp430/timer/Msp430TimerC.nc">
          <from><interface-ref name="CaptureA1" ref="0x4066dd28" scoped=""/></from>
          <to><interface-ref name="Capture" ref="0x406d1868" scoped=""/></to>
        </wire>
        <wire loc="149:/home/zly/tinyos-main/tos/chips/msp430/timer/Msp430TimerC.nc">
          <from><interface-ref name="CaptureB3" ref="0x40674168" scoped=""/></from>
          <to><interface-ref name="Capture" ref="0x406e4190" scoped=""/></to>
        </wire>
        <wire loc="107:/home/zly/tinyos-main/tos/chips/msp430/timer/Msp430TimerC.nc">
          <from><interface-ref name="CompareA1" ref="0x40660ee8" scoped=""/></from>
          <to><interface-ref name="Compare" ref="0x406d1190" scoped=""/></to>
        </wire>
        <wire loc="148:/home/zly/tinyos-main/tos/chips/msp430/timer/Msp430TimerC.nc">
          <from><interface-ref name="CompareB3" ref="0x406785f8" scoped=""/></from>
          <to><interface-ref name="Compare" ref="0x406e5a68" scoped=""/></to>
        </wire>
        <wire loc="170:/home/zly/tinyos-main/tos/chips/msp430/timer/Msp430TimerC.nc">
          <from><interface-ref name="CaptureB6" ref="0x40673bf8" scoped=""/></from>
          <to><interface-ref name="Capture" ref="0x406eccc8" scoped=""/></to>
        </wire>
        <wire loc="154:/home/zly/tinyos-main/tos/chips/msp430/timer/Msp430TimerC.nc">
          <from><interface-ref name="ControlB4" ref="0x4066ab80" scoped=""/></from>
          <to><interface-ref name="Control" ref="0x406e1e68" scoped=""/></to>
        </wire>
        <wire loc="99:/home/zly/tinyos-main/tos/chips/msp430/timer/Msp430TimerC.nc">
          <from><interface-ref name="ControlA0" ref="0x40664850" scoped=""/></from>
          <to><interface-ref name="Control" ref="0x4069a770" scoped=""/></to>
        </wire>
        <wire loc="135:/home/zly/tinyos-main/tos/chips/msp430/timer/Msp430TimerC.nc">
          <from><interface-ref name="CaptureB1" ref="0x40675010" scoped=""/></from>
          <to><interface-ref name="Capture" ref="0x406d8430" scoped=""/></to>
        </wire>
        <wire loc="134:/home/zly/tinyos-main/tos/chips/msp430/timer/Msp430TimerC.nc">
          <from><interface-ref name="CompareB1" ref="0x406795f8" scoped=""/></from>
          <to><interface-ref name="Compare" ref="0x406d9c78" scoped=""/></to>
        </wire>
        <wire loc="133:/home/zly/tinyos-main/tos/chips/msp430/timer/Msp430TimerC.nc">
          <from><interface-ref name="ControlB1" ref="0x4066c7e8" scoped=""/></from>
          <to><interface-ref name="Control" ref="0x406d9220" scoped=""/></to>
        </wire>
        <wire loc="115:/home/zly/tinyos-main/tos/chips/msp430/timer/Msp430TimerC.nc">
          <from><interface-ref name="CaptureA2" ref="0x406625f8" scoped=""/></from>
          <to><interface-ref name="Capture" ref="0x406cd6e8" scoped=""/></to>
        </wire>
        <wire loc="156:/home/zly/tinyos-main/tos/chips/msp430/timer/Msp430TimerC.nc">
          <from><interface-ref name="CaptureB4" ref="0x40674a08" scoped=""/></from>
          <to><interface-ref name="Capture" ref="0x406df010" scoped=""/></to>
        </wire>
        <wire loc="140:/home/zly/tinyos-main/tos/chips/msp430/timer/Msp430TimerC.nc">
          <from><interface-ref name="ControlB2" ref="0x4066b468" scoped=""/></from>
          <to><interface-ref name="Control" ref="0x406d5120" scoped=""/></to>
        </wire>
        <wire loc="114:/home/zly/tinyos-main/tos/chips/msp430/timer/Msp430TimerC.nc">
          <from><interface-ref name="CompareA2" ref="0x406636c8" scoped=""/></from>
          <to><interface-ref name="Compare" ref="0x406cd010" scoped=""/></to>
        </wire>
        <wire loc="93:/home/zly/tinyos-main/tos/chips/msp430/timer/Msp430TimerC.nc">
          <from><interface-ref name="TimerA" ref="0x40657c40" scoped=""/></from>
          <to><interface-ref name="Timer" ref="0x40683b48" scoped=""/></to>
        </wire>
        <wire loc="155:/home/zly/tinyos-main/tos/chips/msp430/timer/Msp430TimerC.nc">
          <from><interface-ref name="CompareB4" ref="0x40678db8" scoped=""/></from>
          <to><interface-ref name="Compare" ref="0x406e08d0" scoped=""/></to>
        </wire>
        <wire loc="106:/home/zly/tinyos-main/tos/chips/msp430/timer/Msp430TimerC.nc">
          <from><interface-ref name="ControlA1" ref="0x4065b468" scoped=""/></from>
          <to><interface-ref name="Control" ref="0x406d26d0" scoped=""/></to>
        </wire>
        <wire loc="161:/home/zly/tinyos-main/tos/chips/msp430/timer/Msp430TimerC.nc">
          <from><interface-ref name="ControlB5" ref="0x40669708" scoped=""/></from>
          <to><interface-ref name="Control" ref="0x406f1ca8" scoped=""/></to>
        </wire>
        <wire loc="101:/home/zly/tinyos-main/tos/chips/msp430/timer/Msp430TimerC.nc">
          <from><interface-ref name="CaptureA0" ref="0x4066d488" scoped=""/></from>
          <to><interface-ref name="Capture" ref="0x40699948" scoped=""/></to>
        </wire>
        <wire loc="142:/home/zly/tinyos-main/tos/chips/msp430/timer/Msp430TimerC.nc">
          <from><interface-ref name="CaptureB2" ref="0x406758b0" scoped=""/></from>
          <to><interface-ref name="Capture" ref="0x406d4270" scoped=""/></to>
        </wire>
        <wire loc="100:/home/zly/tinyos-main/tos/chips/msp430/timer/Msp430TimerC.nc">
          <from><interface-ref name="CompareA0" ref="0x40660728" scoped=""/></from>
          <to><interface-ref name="Compare" ref="0x40699270" scoped=""/></to>
        </wire>
        <wire loc="141:/home/zly/tinyos-main/tos/chips/msp430/timer/Msp430TimerC.nc">
          <from><interface-ref name="CompareB2" ref="0x40679db8" scoped=""/></from>
          <to><interface-ref name="Compare" ref="0x406d5b78" scoped=""/></to>
        </wire>
        <wire loc="163:/home/zly/tinyos-main/tos/chips/msp430/timer/Msp430TimerC.nc">
          <from><interface-ref name="CaptureB5" ref="0x40673358" scoped=""/></from>
          <to><interface-ref name="Capture" ref="0x406f0e88" scoped=""/></to>
        </wire>
        <wire loc="147:/home/zly/tinyos-main/tos/chips/msp430/timer/Msp430TimerC.nc">
          <from><interface-ref name="ControlB3" ref="0x4066a010" scoped=""/></from>
          <to><interface-ref name="Control" ref="0x406e5010" scoped=""/></to>
        </wire>
        <wire loc="120:/home/zly/tinyos-main/tos/chips/msp430/timer/Msp430TimerC.nc">
          <from><interface-ref name="TimerB" ref="0x40662e60" scoped=""/></from>
          <to><interface-ref name="Timer" ref="0x4069d528" scoped=""/></to>
        </wire>
        <wire loc="162:/home/zly/tinyos-main/tos/chips/msp430/timer/Msp430TimerC.nc">
          <from><interface-ref name="CompareB5" ref="0x406775f8" scoped=""/></from>
          <to><interface-ref name="Compare" ref="0x406f07b0" scoped=""/></to>
        </wire>
        <wire loc="128:/home/zly/tinyos-main/tos/chips/msp430/timer/Msp430TimerC.nc">
          <from><interface-ref name="CaptureB0" ref="0x406766a8" scoped=""/></from>
          <to><interface-ref name="Capture" ref="0x406dc570" scoped=""/></to>
        </wire>
        <wire loc="169:/home/zly/tinyos-main/tos/chips/msp430/timer/Msp430TimerC.nc">
          <from><interface-ref name="CompareB6" ref="0x40677db8" scoped=""/></from>
          <to><interface-ref name="Compare" ref="0x406ec5f0" scoped=""/></to>
        </wire>
        <wire loc="127:/home/zly/tinyos-main/tos/chips/msp430/timer/Msp430TimerC.nc">
          <from><interface-ref name="CompareB0" ref="0x4067ade8" scoped=""/></from>
          <to><interface-ref name="Compare" ref="0x406cae88" scoped=""/></to>
        </wire>
        <wire loc="168:/home/zly/tinyos-main/tos/chips/msp430/timer/Msp430TimerC.nc">
          <from><interface-ref name="ControlB6" ref="0x4067a2a8" scoped=""/></from>
          <to><interface-ref name="Control" ref="0x406edaf0" scoped=""/></to>
        </wire>
        <wire loc="94:/home/zly/tinyos-main/tos/chips/msp430/timer/Msp430TimerC.nc">
          <from><interface-ref name="Overflow" ref="0x40682bb0" scoped=""/></from>
          <to><interface-ref name="Event" ref="0x40682848" scoped=""/>
          <arguments>
            <value cst="I:5">
              <type-int alignment="I:2" cname="int" size="I:2"/>
            </value>
          </arguments>
          </to>
        </wire>
        <wire loc="95:/home/zly/tinyos-main/tos/chips/msp430/timer/Msp430TimerC.nc">
          <from><interface-ref name="VectorTimerX0" ref="0x40682f08" scoped=""/></from>
          <to><interface-ref name="VectorTimerA0" ref="0x406e9700" scoped=""/></to>
        </wire>
        <wire loc="96:/home/zly/tinyos-main/tos/chips/msp430/timer/Msp430TimerC.nc">
          <from><interface-ref name="VectorTimerX1" ref="0x4069f270" scoped=""/></from>
          <to><interface-ref name="VectorTimerA1" ref="0x406e9b88" scoped=""/></to>
        </wire>
        <wire loc="102:/home/zly/tinyos-main/tos/chips/msp430/timer/Msp430TimerC.nc">
          <from><interface-ref name="Timer" ref="0x406c0190" scoped=""/></from>
          <to><interface-ref name="Timer" ref="0x40683b48" scoped=""/></to>
        </wire>
        <wire loc="103:/home/zly/tinyos-main/tos/chips/msp430/timer/Msp430TimerC.nc">
          <from><interface-ref name="Event" ref="0x406c0da8" scoped=""/></from>
          <to><interface-ref name="Event" ref="0x40682848" scoped=""/>
          <arguments>
            <value cst="I:0">
              <type-int alignment="I:2" cname="int" size="I:2"/>
            </value>
          </arguments>
          </to>
        </wire>
        <wire loc="109:/home/zly/tinyos-main/tos/chips/msp430/timer/Msp430TimerC.nc">
          <from><interface-ref name="Timer" ref="0x406d0050" scoped=""/></from>
          <to><interface-ref name="Timer" ref="0x40683b48" scoped=""/></to>
        </wire>
        <wire loc="110:/home/zly/tinyos-main/tos/chips/msp430/timer/Msp430TimerC.nc">
          <from><interface-ref name="Event" ref="0x406d0c68" scoped=""/></from>
          <to><interface-ref name="Event" ref="0x40682848" scoped=""/>
          <arguments>
            <value cst="I:1">
              <type-int alignment="I:2" cname="int" size="I:2"/>
            </value>
          </arguments>
          </to>
        </wire>
        <wire loc="116:/home/zly/tinyos-main/tos/chips/msp430/timer/Msp430TimerC.nc">
          <from><interface-ref name="Timer" ref="0x406cdea0" scoped=""/></from>
          <to><interface-ref name="Timer" ref="0x40683b48" scoped=""/></to>
        </wire>
        <wire loc="117:/home/zly/tinyos-main/tos/chips/msp430/timer/Msp430TimerC.nc">
          <from><interface-ref name="Event" ref="0x406ccb00" scoped=""/></from>
          <to><interface-ref name="Event" ref="0x40682848" scoped=""/>
          <arguments>
            <value cst="I:2">
              <type-int alignment="I:2" cname="int" size="I:2"/>
            </value>
          </arguments>
          </to>
        </wire>
        <wire loc="121:/home/zly/tinyos-main/tos/chips/msp430/timer/Msp430TimerC.nc">
          <from><interface-ref name="Overflow" ref="0x4069c590" scoped=""/></from>
          <to><interface-ref name="Event" ref="0x4069c228" scoped=""/>
          <arguments>
            <value cst="I:7">
              <type-int alignment="I:2" cname="int" size="I:2"/>
            </value>
          </arguments>
          </to>
        </wire>
        <wire loc="122:/home/zly/tinyos-main/tos/chips/msp430/timer/Msp430TimerC.nc">
          <from><interface-ref name="VectorTimerX0" ref="0x4069c8e8" scoped=""/></from>
          <to><interface-ref name="VectorTimerB0" ref="0x406f9030" scoped=""/></to>
        </wire>
        <wire loc="123:/home/zly/tinyos-main/tos/chips/msp430/timer/Msp430TimerC.nc">
          <from><interface-ref name="VectorTimerX1" ref="0x4069cc40" scoped=""/></from>
          <to><interface-ref name="VectorTimerB1" ref="0x406f94b8" scoped=""/></to>
        </wire>
        <wire loc="129:/home/zly/tinyos-main/tos/chips/msp430/timer/Msp430TimerC.nc">
          <from><interface-ref name="Timer" ref="0x406dcd28" scoped=""/></from>
          <to><interface-ref name="Timer" ref="0x4069d528" scoped=""/></to>
        </wire>
        <wire loc="130:/home/zly/tinyos-main/tos/chips/msp430/timer/Msp430TimerC.nc">
          <from><interface-ref name="Event" ref="0x406db970" scoped=""/></from>
          <to><interface-ref name="Event" ref="0x4069c228" scoped=""/>
          <arguments>
            <value cst="I:0">
              <type-int alignment="I:2" cname="int" size="I:2"/>
            </value>
          </arguments>
          </to>
        </wire>
        <wire loc="136:/home/zly/tinyos-main/tos/chips/msp430/timer/Msp430TimerC.nc">
          <from><interface-ref name="Timer" ref="0x406d8be8" scoped=""/></from>
          <to><interface-ref name="Timer" ref="0x4069d528" scoped=""/></to>
        </wire>
        <wire loc="137:/home/zly/tinyos-main/tos/chips/msp430/timer/Msp430TimerC.nc">
          <from><interface-ref name="Event" ref="0x406d7890" scoped=""/></from>
          <to><interface-ref name="Event" ref="0x4069c228" scoped=""/>
          <arguments>
            <value cst="I:1">
              <type-int alignment="I:2" cname="int" size="I:2"/>
            </value>
          </arguments>
          </to>
        </wire>
        <wire loc="143:/home/zly/tinyos-main/tos/chips/msp430/timer/Msp430TimerC.nc">
          <from><interface-ref name="Timer" ref="0x406d4a28" scoped=""/></from>
          <to><interface-ref name="Timer" ref="0x4069d528" scoped=""/></to>
        </wire>
        <wire loc="144:/home/zly/tinyos-main/tos/chips/msp430/timer/Msp430TimerC.nc">
          <from><interface-ref name="Event" ref="0x406e76d0" scoped=""/></from>
          <to><interface-ref name="Event" ref="0x4069c228" scoped=""/>
          <arguments>
            <value cst="I:2">
              <type-int alignment="I:2" cname="int" size="I:2"/>
            </value>
          </arguments>
          </to>
        </wire>
        <wire loc="150:/home/zly/tinyos-main/tos/chips/msp430/timer/Msp430TimerC.nc">
          <from><interface-ref name="Timer" ref="0x406e4948" scoped=""/></from>
          <to><interface-ref name="Timer" ref="0x4069d528" scoped=""/></to>
        </wire>
        <wire loc="151:/home/zly/tinyos-main/tos/chips/msp430/timer/Msp430TimerC.nc">
          <from><interface-ref name="Event" ref="0x406e25f0" scoped=""/></from>
          <to><interface-ref name="Event" ref="0x4069c228" scoped=""/>
          <arguments>
            <value cst="I:3">
              <type-int alignment="I:2" cname="int" size="I:2"/>
            </value>
          </arguments>
          </to>
        </wire>
        <wire loc="157:/home/zly/tinyos-main/tos/chips/msp430/timer/Msp430TimerC.nc">
          <from><interface-ref name="Timer" ref="0x406df7c8" scoped=""/></from>
          <to><interface-ref name="Timer" ref="0x4069d528" scoped=""/></to>
        </wire>
        <wire loc="158:/home/zly/tinyos-main/tos/chips/msp430/timer/Msp430TimerC.nc">
          <from><interface-ref name="Event" ref="0x406de430" scoped=""/></from>
          <to><interface-ref name="Event" ref="0x4069c228" scoped=""/>
          <arguments>
            <value cst="I:4">
              <type-int alignment="I:2" cname="int" size="I:2"/>
            </value>
          </arguments>
          </to>
        </wire>
        <wire loc="164:/home/zly/tinyos-main/tos/chips/msp430/timer/Msp430TimerC.nc">
          <from><interface-ref name="Timer" ref="0x406ef650" scoped=""/></from>
          <to><interface-ref name="Timer" ref="0x4069d528" scoped=""/></to>
        </wire>
        <wire loc="165:/home/zly/tinyos-main/tos/chips/msp430/timer/Msp430TimerC.nc">
          <from><interface-ref name="Event" ref="0x406ee278" scoped=""/></from>
          <to><interface-ref name="Event" ref="0x4069c228" scoped=""/>
          <arguments>
            <value cst="I:5">
              <type-int alignment="I:2" cname="int" size="I:2"/>
            </value>
          </arguments>
          </to>
        </wire>
        <wire loc="171:/home/zly/tinyos-main/tos/chips/msp430/timer/Msp430TimerC.nc">
          <from><interface-ref name="Timer" ref="0x406eb510" scoped=""/></from>
          <to><interface-ref name="Timer" ref="0x4069d528" scoped=""/></to>
        </wire>
        <wire loc="172:/home/zly/tinyos-main/tos/chips/msp430/timer/Msp430TimerC.nc">
          <from><interface-ref name="Event" ref="0x406ea190" scoped=""/></from>
          <to><interface-ref name="Event" ref="0x4069c228" scoped=""/>
          <arguments>
            <value cst="I:6">
              <type-int alignment="I:2" cname="int" size="I:2"/>
            </value>
          </arguments>
          </to>
        </wire>
      </wiring>
    </component></referenced></component>