<?xml version="1.0" ?><component loc="56:/home/zly/tinyos-main/tos/system/MainC.nc" nicename="tos.system.MainC" qname="MainC">
      <documentation loc="45:/home/zly/tinyos-main/tos/system/MainC.nc">
        <short>
 MainC is the system interface the TinyOS boot sequence.</short>
        <long>
 MainC is the system interface the TinyOS boot sequence. It wires the
 boot sequence implementation to the scheduler and hardware resources.

 @author Philip Levis
 @date   August 6 2005
 @see    TEP 107: Boot Sequence
</long>
      </documentation>
      <configuration/>
      <wiring>
        <wire loc="72:/home/zly/tinyos-main/tos/system/MainC.nc">
          <from><interface-ref name="Boot" ref="0x406101c8" scoped=""/></from>
          <to><interface-ref name="Boot" ref="0x40611840" scoped=""/></to>
        </wire>
        <wire loc="67:/home/zly/tinyos-main/tos/system/MainC.nc">
          <from><interface-ref name="Scheduler" ref="0x40611bd8" scoped=""/></from>
          <to><interface-ref name="Scheduler" ref="0x403875f0" scoped=""/></to>
        </wire>
        <wire loc="68:/home/zly/tinyos-main/tos/system/MainC.nc">
          <from><interface-ref name="PlatformInit" ref="0x4062f240" scoped=""/></from>
          <to><interface-ref name="Init" ref="0x406126f8" scoped=""/></to>
        </wire>
        <wire loc="71:/home/zly/tinyos-main/tos/system/MainC.nc">
          <from><interface-ref name="SoftwareInit" ref="0x4062f648" scoped=""/></from>
          <to><interface-ref name="SoftwareInit" ref="0x40610df0" scoped=""/></to>
        </wire>
      </wiring>
    <specification><interface loc="58:/home/zly/tinyos-main/tos/system/MainC.nc" name="SoftwareInit" provided="0" ref="0x40610df0">
      <component-ref nicename="tos.system.MainC" qname="MainC"/>
      <type-interface alignment="I:2" size="I:2"><interface-ref name="SoftwareInit" ref="0x40610df0" scoped=""/></type-interface>
      <instance>
        <interfacedef-ref nicename="tos.interfaces.Init" qname="Init"/>
      </instance>
      <interface-functions>
        <function-ref name="init" ref="0x40612010" scoped=""/>
      </interface-functions>
    </interface><interface loc="57:/home/zly/tinyos-main/tos/system/MainC.nc" name="Boot" provided="1" ref="0x406101c8">
      <component-ref nicename="tos.system.MainC" qname="MainC"/>
      <type-interface alignment="I:2" size="I:2"><interface-ref name="Boot" ref="0x406101c8" scoped=""/></type-interface>
      <instance>
        <interfacedef-ref nicename="tos.interfaces.Boot" qname="Boot"/>
      </instance>
      <interface-functions>
        <function-ref name="booted" ref="0x406103a0" scoped=""/>
      </interface-functions>
    </interface></specification><referenced><interface loc="58:/home/zly/tinyos-main/tos/system/RealMainP.nc" name="Scheduler" provided="0" ref="0x40611bd8">
      <component-ref nicename="tos.system.RealMainP" qname="RealMainP"/>
      <type-interface alignment="I:2" size="I:2"><interface-ref name="Scheduler" ref="0x40611bd8" scoped=""/></type-interface>
      <instance>
        <interfacedef-ref nicename="tos.interfaces.Scheduler" qname="Scheduler"/>
      </instance>
      <interface-functions>
        <function-ref name="init" ref="0x40611db0" scoped=""/>
        <function-ref name="taskLoop" ref="0x40611e90" scoped=""/>
        <function-ref name="runNextTask" ref="0x4062f010" scoped=""/>
      </interface-functions>
    </interface><interface loc="59:/home/zly/tinyos-main/tos/system/RealMainP.nc" name="PlatformInit" provided="0" ref="0x4062f240">
      <component-ref nicename="tos.system.RealMainP" qname="RealMainP"/>
      <type-interface alignment="I:2" size="I:2"><interface-ref name="PlatformInit" ref="0x4062f240" scoped=""/></type-interface>
      <instance>
        <interfacedef-ref nicename="tos.interfaces.Init" qname="Init"/>
      </instance>
      <interface-functions>
        <function-ref name="init" ref="0x4062f418" scoped=""/>
      </interface-functions>
    </interface><interface loc="42:/home/zly/tinyos-main/tos/platforms/telosa/PlatformC.nc" name="Init" provided="1" ref="0x406126f8">
      <component-ref nicename="tos.platforms.telosa.PlatformC" qname="PlatformC"/>
      <type-interface alignment="I:2" size="I:2"><interface-ref name="Init" ref="0x406126f8" scoped=""/></type-interface>
      <instance>
        <interfacedef-ref nicename="tos.interfaces.Init" qname="Init"/>
      </instance>
      <interface-functions>
        <function-ref name="init" ref="0x406128d0" scoped=""/>
      </interface-functions>
    </interface><interface loc="57:/home/zly/tinyos-main/tos/system/RealMainP.nc" name="Boot" provided="1" ref="0x40611840">
      <component-ref nicename="tos.system.RealMainP" qname="RealMainP"/>
      <type-interface alignment="I:2" size="I:2"><interface-ref name="Boot" ref="0x40611840" scoped=""/></type-interface>
      <instance>
        <interfacedef-ref nicename="tos.interfaces.Boot" qname="Boot"/>
      </instance>
      <interface-functions>
        <function-ref name="booted" ref="0x40611a18" scoped=""/>
      </interface-functions>
    </interface><interface loc="47:/home/zly/tinyos-main/tos/system/TinySchedulerC.nc" name="Scheduler" provided="1" ref="0x403875f0">
      <component-ref nicename="tos.system.TinySchedulerC" qname="TinySchedulerC"/>
      <type-interface alignment="I:2" size="I:2"><interface-ref name="Scheduler" ref="0x403875f0" scoped=""/></type-interface>
      <instance>
        <interfacedef-ref nicename="tos.interfaces.Scheduler" qname="Scheduler"/>
      </instance>
      <interface-functions>
        <function-ref name="init" ref="0x403877c8" scoped=""/>
        <function-ref name="taskLoop" ref="0x403878a8" scoped=""/>
        <function-ref name="runNextTask" ref="0x40387988" scoped=""/>
      </interface-functions>
    </interface><interface loc="60:/home/zly/tinyos-main/tos/system/RealMainP.nc" name="SoftwareInit" provided="0" ref="0x4062f648">
      <component-ref nicename="tos.system.RealMainP" qname="RealMainP"/>
      <type-interface alignment="I:2" size="I:2"><interface-ref name="SoftwareInit" ref="0x4062f648" scoped=""/></type-interface>
      <instance>
        <interfacedef-ref nicename="tos.interfaces.Init" qname="Init"/>
      </instance>
      <interface-functions>
        <function-ref name="init" ref="0x4062f820" scoped=""/>
      </interface-functions>
    </interface><component loc="56:/home/zly/tinyos-main/tos/system/RealMainP.nc" nicename="tos.system.RealMainP" qname="RealMainP" safe="">
      <documentation loc="49:/home/zly/tinyos-main/tos/system/RealMainP.nc">
        <short>
 RealMain implements the TinyOS boot sequence, as documented in TEP 107.</short>
        <long>
 RealMain implements the TinyOS boot sequence, as documented in TEP 107.

 @author Philip Levis
 @date   January 17 2005
</long>
      </documentation>
      <module/>
    </component><component loc="40:/home/zly/tinyos-main/tos/platforms/telosa/PlatformC.nc" nicename="tos.platforms.telosa.PlatformC" qname="PlatformC">
      <documentation loc="34:/home/zly/tinyos-main/tos/platforms/telosa/PlatformC.nc">
        <short>
 </short>
        <long>
 @author Joe Polastre and Cory Sharp
 @version $Revision: 1.6 $ $Date: 2010-06-29 22:07:55 $
</long>
      </documentation>
      <configuration/>
      <wiring>
        <wire loc="48:/home/zly/tinyos-main/tos/platforms/telosa/PlatformC.nc">
          <from><interface-ref name="Init" ref="0x406126f8" scoped=""/></from>
          <to><interface-ref name="Init" ref="0x4061e0e8" scoped=""/></to>
        </wire>
        <wire loc="49:/home/zly/tinyos-main/tos/platforms/telosa/PlatformC.nc">
          <from><interface-ref name="MoteClockInit" ref="0x4061e4f8" scoped=""/></from>
          <to><interface-ref name="MoteClockInit" ref="0x4061f3e8" scoped=""/></to>
        </wire>
        <wire loc="50:/home/zly/tinyos-main/tos/platforms/telosa/PlatformC.nc">
          <from><interface-ref name="MoteInit" ref="0x4061e8d8" scoped=""/></from>
          <to><interface-ref name="Init" ref="0x406206d0" scoped=""/></to>
        </wire>
      </wiring>
    </component><component loc="46:/home/zly/tinyos-main/tos/system/TinySchedulerC.nc" nicename="tos.system.TinySchedulerC" qname="TinySchedulerC">
      <documentation loc="34:/home/zly/tinyos-main/tos/system/TinySchedulerC.nc">
        <short>
 The TinyOS scheduler.</short>
        <long>
 The TinyOS scheduler. It provides two interfaces: Scheduler,
 for TinyOS to initialize and run tasks, and TaskBasic, the simplext
 class of TinyOS tasks (reserved always at-most-once posting,
 FIFO, parameter-free). For details and information on how to
 replace the scheduler, refer to TEP 106.

 @author  Phil Levis
 @date    August 7 2005
 @see     TEP 106: Tasks and Schedulers
</long>
      </documentation>
      <configuration/>
      <wiring>
        <wire loc="54:/home/zly/tinyos-main/tos/system/TinySchedulerC.nc">
          <from><interface-ref name="TaskBasic" ref="0x40393d58" scoped=""/></from>
          <to><interface-ref name="TaskBasic" ref="0x405ebc30" scoped=""/></to>
        </wire>
        <wire loc="53:/home/zly/tinyos-main/tos/system/TinySchedulerC.nc">
          <from><interface-ref name="Scheduler" ref="0x403875f0" scoped=""/></from>
          <to><interface-ref name="Scheduler" ref="0x405eb3f8" scoped=""/></to>
        </wire>
        <wire loc="55:/home/zly/tinyos-main/tos/system/TinySchedulerC.nc">
          <from><interface-ref name="McuSleep" ref="0x405fa8b0" scoped=""/></from>
          <to><interface-ref name="McuSleep" ref="0x40392498" scoped=""/></to>
        </wire>
      </wiring>
    </component></referenced></component>