<?xml version="1.0" ?><interfacedef loc="37:/home/zly/tinyos-main/tos/chips/cc2420/interfaces/CC2420PacketBody.nc" nicename="tos.chips.cc2420.interfaces.CC2420PacketBody" qname="CC2420PacketBody">
      <documentation loc="32:/home/zly/tinyos-main/tos/chips/cc2420/interfaces/CC2420PacketBody.nc">
        <short>
 Internal interface for the CC2420 to get portions of a packet.</short>
        <long>
 Internal interface for the CC2420 to get portions of a packet.
 @author David Moss
</long>
      </documentation>
      <function command="" loc="49:/home/zly/tinyos-main/tos/chips/cc2420/interfaces/CC2420PacketBody.nc" name="getPayload" provided="0" ref="0x408d7658">
        <documentation loc="45:/home/zly/tinyos-main/tos/chips/cc2420/interfaces/CC2420PacketBody.nc">
          <short>
 </short>
          <long>
 @return pointer to the payload region of the message, after any headers
    works with extended addressing mode
</long>
        </documentation>
        <interfacedef-ref nicename="tos.chips.cc2420.interfaces.CC2420PacketBody" qname="CC2420PacketBody"/>
        <type-function alignment="I:1" size="I:1">
          <type-pointer alignment="I:2" size="I:2">
            <type-int alignment="I:1" cname="unsigned char" size="I:1" unsigned="">
              <typename><typedef-ref name="uint8_t" ref="0x40212dc8"/></typename>
            </type-int>
          </type-pointer>
          <function-parameters>
            <type-pointer alignment="I:2" size="I:2">
              <type-tag alignment="I:1" size="I:52"><nx_struct-ref name="message_t" ref="0x4075a750"/>
                <typename><typedef-ref name="message_t" ref="0x40758518"/></typename>
              </type-tag>
            </type-pointer>
          </function-parameters>
        </type-function>
        <parameters>
          <variable loc="49:/home/zly/tinyos-main/tos/chips/cc2420/interfaces/CC2420PacketBody.nc" name="msg" ref="0x408d74e0">
            <type-pointer alignment="I:2" size="I:2">
              <type-tag alignment="I:1" size="I:52"><nx_struct-ref name="message_t" ref="0x4075a750"/>
                <typename><typedef-ref name="message_t" ref="0x40758518"/></typename>
              </type-tag>
            </type-pointer>
          </variable>
        </parameters>
      </function>
      <function command="" loc="42:/home/zly/tinyos-main/tos/chips/cc2420/interfaces/CC2420PacketBody.nc" name="getHeader" provided="0" ref="0x408d7018">
        <documentation loc="39:/home/zly/tinyos-main/tos/chips/cc2420/interfaces/CC2420PacketBody.nc">
          <short>
 </short>
          <long>
 @return pointer to the cc2420_header_t of the given message
</long>
        </documentation>
        <interfacedef-ref nicename="tos.chips.cc2420.interfaces.CC2420PacketBody" qname="CC2420PacketBody"/>
        <type-function alignment="I:1" size="I:1">
          <type-pointer alignment="I:2" size="I:2">
            <type-tag alignment="I:1" size="I:12"><nx_struct-ref name="cc2420_header_t" ref="0x40730690"/>
              <typename><typedef-ref name="cc2420_header_t" ref="0x4072f688"/></typename>
            </type-tag>
          </type-pointer>
          <function-parameters>
            <type-pointer alignment="I:2" size="I:2">
              <type-tag alignment="I:1" size="I:52"><nx_struct-ref name="message_t" ref="0x4075a750"/>
                <typename><typedef-ref name="message_t" ref="0x40758518"/></typename>
              </type-tag>
            </type-pointer>
          </function-parameters>
        </type-function>
        <parameters>
          <variable loc="42:/home/zly/tinyos-main/tos/chips/cc2420/interfaces/CC2420PacketBody.nc" name="msg" ref="0x408c5e68">
            <type-pointer alignment="I:2" size="I:2">
              <type-tag alignment="I:1" size="I:52"><nx_struct-ref name="message_t" ref="0x4075a750"/>
                <typename><typedef-ref name="message_t" ref="0x40758518"/></typename>
              </type-tag>
            </type-pointer>
          </variable>
        </parameters>
      </function>
      <function command="" loc="53:/home/zly/tinyos-main/tos/chips/cc2420/interfaces/CC2420PacketBody.nc" name="getMetadata" provided="0" ref="0x408d61a8">
        <documentation loc="50:/home/zly/tinyos-main/tos/chips/cc2420/interfaces/CC2420PacketBody.nc">
          <short>
 </short>
          <long>
 @return pointer to the cc2420_metadata_t of the given message
</long>
        </documentation>
        <interfacedef-ref nicename="tos.chips.cc2420.interfaces.CC2420PacketBody" qname="CC2420PacketBody"/>
        <type-function alignment="I:1" size="I:1">
          <type-pointer alignment="I:2" size="I:2">
            <type-tag alignment="I:1" size="I:12"><nx_struct-ref name="cc2420_metadata_t" ref="0x4072fd48"/>
              <typename><typedef-ref name="cc2420_metadata_t" ref="0x4072ec90"/></typename>
            </type-tag>
          </type-pointer>
          <function-parameters>
            <type-pointer alignment="I:2" size="I:2">
              <type-tag alignment="I:1" size="I:52"><nx_struct-ref name="message_t" ref="0x4075a750"/>
                <typename><typedef-ref name="message_t" ref="0x40758518"/></typename>
              </type-tag>
            </type-pointer>
          </function-parameters>
        </type-function>
        <parameters>
          <variable loc="53:/home/zly/tinyos-main/tos/chips/cc2420/interfaces/CC2420PacketBody.nc" name="msg" ref="0x408d6010">
            <type-pointer alignment="I:2" size="I:2">
              <type-tag alignment="I:1" size="I:52"><nx_struct-ref name="message_t" ref="0x4075a750"/>
                <typename><typedef-ref name="message_t" ref="0x40758518"/></typename>
              </type-tag>
            </type-pointer>
          </variable>
        </parameters>
      </function>
    </interfacedef>