<?xml version="1.0" ?><interfacedef loc="39:/home/zly/tinyos-main/tos/chips/msp430/timer/Msp430Capture.nc" nicename="tos.chips.msp430.timer.Msp430Capture" qname="Msp430Capture">
      <documentation loc="33:/home/zly/tinyos-main/tos/chips/msp430/timer/Msp430Capture.nc">
        <short>
 </short>
        <long>
 @author Joe Polastre
</long>
      </documentation>
      <function command="" loc="44:/home/zly/tinyos-main/tos/chips/msp430/timer/Msp430Capture.nc" name="getEvent" provided="0" ref="0x40670418">
        <documentation loc="41:/home/zly/tinyos-main/tos/chips/msp430/timer/Msp430Capture.nc">
          <short>
 Reads the value of the last capture event in TxCCRx
</short>
        </documentation>
        <interfacedef-ref nicename="tos.chips.msp430.timer.Msp430Capture" qname="Msp430Capture"/>
        <type-function alignment="I:1" size="I:1">
          <type-int alignment="I:2" cname="unsigned int" size="I:2" unsigned="">
            <typename><typedef-ref name="uint16_t" ref="0x40213010"/></typename>
          </type-int>
          <function-parameters>
          </function-parameters>
        </type-function>
        <parameters>
        </parameters>
      </function>
      <function command="" loc="79:/home/zly/tinyos-main/tos/chips/msp430/timer/Msp430Capture.nc" name="setSynchronous" provided="0" ref="0x4066eab0">
        <documentation loc="70:/home/zly/tinyos-main/tos/chips/msp430/timer/Msp430Capture.nc">
          <short>
 Set whether the capture should occur synchronously or asynchronously.</short>
          <long>
 Set whether the capture should occur synchronously or asynchronously.
 TinyOS default is synchronous captures.
 WARNING: if the capture signal is asynchronous to the timer clock,
          it could case a race condition (see Timer documentation
          in MSP430F1xx user guide)
 @param synchronous TRUE to synchronize the timer capture with the
        next timer clock instead of occurring asynchronously.
</long>
        </documentation>
        <interfacedef-ref nicename="tos.chips.msp430.timer.Msp430Capture" qname="Msp430Capture"/>
        <type-function alignment="I:1" size="I:1">
          <type-void alignment="I:1" size="I:1"/>
          <function-parameters>
            <type-int alignment="I:1" cname="unsigned char" size="I:1" unsigned="">
              <typename><typedef-ref name="bool" ref="0x40384e80"/></typename>
            </type-int>
          </function-parameters>
        </type-function>
        <parameters>
          <variable loc="79:/home/zly/tinyos-main/tos/chips/msp430/timer/Msp430Capture.nc" name="synchronous" ref="0x4066e958">
            <type-int alignment="I:1" cname="unsigned char" size="I:1" unsigned="">
              <typename><typedef-ref name="bool" ref="0x40384e80"/></typename>
            </type-int>
          </variable>
        </parameters>
      </function>
      <function event="" loc="86:/home/zly/tinyos-main/tos/chips/msp430/timer/Msp430Capture.nc" name="captured" provided="0" ref="0x4066d210">
        <documentation loc="81:/home/zly/tinyos-main/tos/chips/msp430/timer/Msp430Capture.nc">
          <short>
 Signalled when an event is captured.</short>
          <long>
 Signalled when an event is captured.

 @param time The time of the capture event
</long>
        </documentation>
        <interfacedef-ref nicename="tos.chips.msp430.timer.Msp430Capture" qname="Msp430Capture"/>
        <type-function alignment="I:1" size="I:1">
          <type-void alignment="I:1" size="I:1"/>
          <function-parameters>
            <type-int alignment="I:2" cname="unsigned int" size="I:2" unsigned="">
              <typename><typedef-ref name="uint16_t" ref="0x40213010"/></typename>
            </type-int>
          </function-parameters>
        </type-function>
        <parameters>
          <variable loc="86:/home/zly/tinyos-main/tos/chips/msp430/timer/Msp430Capture.nc" name="time" ref="0x4066d0b8">
            <type-int alignment="I:2" cname="unsigned int" size="I:2" unsigned="">
              <typename><typedef-ref name="uint16_t" ref="0x40213010"/></typename>
            </type-int>
          </variable>
        </parameters>
      </function>
      <function command="" loc="68:/home/zly/tinyos-main/tos/chips/msp430/timer/Msp430Capture.nc" name="clearOverflow" provided="0" ref="0x4066e4b0">
        <documentation loc="65:/home/zly/tinyos-main/tos/chips/msp430/timer/Msp430Capture.nc">
          <short>
 Clear the capture overflow flag for when multiple captures occur
</short>
        </documentation>
        <interfacedef-ref nicename="tos.chips.msp430.timer.Msp430Capture" qname="Msp430Capture"/>
        <type-function alignment="I:1" size="I:1">
          <type-void alignment="I:1" size="I:1"/>
          <function-parameters>
          </function-parameters>
        </type-function>
        <parameters>
        </parameters>
      </function>
      <function command="" loc="63:/home/zly/tinyos-main/tos/chips/msp430/timer/Msp430Capture.nc" name="isOverflowPending" provided="0" ref="0x4066e010">
        <documentation loc="58:/home/zly/tinyos-main/tos/chips/msp430/timer/Msp430Capture.nc">
          <short>
 Determine if a capture overflow is pending.</short>
          <long>
 Determine if a capture overflow is pending.

 @return TRUE if the capture register has overflowed
</long>
        </documentation>
        <interfacedef-ref nicename="tos.chips.msp430.timer.Msp430Capture" qname="Msp430Capture"/>
        <type-function alignment="I:1" size="I:1">
          <type-int alignment="I:1" cname="unsigned char" size="I:1" unsigned="">
            <typename><typedef-ref name="bool" ref="0x40384e80"/></typename>
          </type-int>
          <function-parameters>
          </function-parameters>
        </type-function>
        <parameters>
        </parameters>
      </function>
      <function command="" loc="56:/home/zly/tinyos-main/tos/chips/msp430/timer/Msp430Capture.nc" name="setEdge" provided="0" ref="0x40670980">
        <documentation loc="46:/home/zly/tinyos-main/tos/chips/msp430/timer/Msp430Capture.nc">
          <short>
 Set the edge that the capture should occur

 </short>
          <long>
 Set the edge that the capture should occur

 @param cm Capture Mode for edge capture.
 enums exist for:
   MSP430TIMER_CM_NONE is no capture.
   MSP430TIMER_CM_RISING is rising edge capture.
   MSP430TIMER_CM_FALLING is a falling edge capture.
   MSP430TIMER_CM_BOTH captures on both rising and falling edges.
</long>
        </documentation>
        <interfacedef-ref nicename="tos.chips.msp430.timer.Msp430Capture" qname="Msp430Capture"/>
        <type-function alignment="I:1" size="I:1">
          <type-void alignment="I:1" size="I:1"/>
          <function-parameters>
            <type-int alignment="I:1" cname="unsigned char" size="I:1" unsigned="">
              <typename><typedef-ref name="uint8_t" ref="0x40212dc8"/></typename>
            </type-int>
          </function-parameters>
        </type-function>
        <parameters>
          <variable loc="56:/home/zly/tinyos-main/tos/chips/msp430/timer/Msp430Capture.nc" name="cm" ref="0x40670828">
            <type-int alignment="I:1" cname="unsigned char" size="I:1" unsigned="">
              <typename><typedef-ref name="uint8_t" ref="0x40212dc8"/></typename>
            </type-int>
          </variable>
        </parameters>
      </function>
    </interfacedef>