<?xml version="1.0" ?><interfacedef loc="54:/home/zly/tinyos-main/tos/interfaces/SpiPacket.nc" nicename="tos.interfaces.SpiPacket" qname="SpiPacket">
      <documentation loc="35:/home/zly/tinyos-main/tos/interfaces/SpiPacket.nc">
        <short>
 SPI Packet/buffer interface for sending data over an SPI bus.</short>
        <long>
 SPI Packet/buffer interface for sending data over an SPI bus.  This
 interface provides a split-phase send command which can be used for
 sending, receiving or both. It is a &quot;send&quot; command because reading
 from the SPI requires writing bytes. The send call allows NULL
 parameters for receive or send only operations. This interface is
 for buffer based transfers where the microcontroller is the master
 (clocking) device.

 Often, an SPI bus must first be acquired using a Resource interface
 before sending commands with SPIPacket. In the case of multiple
 devices attached to a single SPI bus, chip select pins are often also
 used.

 @author Philip Levis
 @author Jonathan Hui
 @author Joe Polastre
 Revision:  $Revision: 1.8 $
</long>
      </documentation>
      <function command="" loc="70:/home/zly/tinyos-main/tos/interfaces/SpiPacket.nc" name="send" provided="0" ref="0x40ba88a8">
        <documentation loc="56:/home/zly/tinyos-main/tos/interfaces/SpiPacket.nc">
          <short>
 Send a message over the SPI bus.</short>
          <long>
 Send a message over the SPI bus.

 @param 'uint8_t* COUNT_NOK(len) txBuf' A pointer to the buffer to send over the bus. If this
              parameter is NULL, then the SPI will send zeroes.
 @param 'uint8_t* COUNT_NOK(len) rxBuf' A pointer to the buffer where received data should
              be stored. If this parameter is NULL, then the SPI will
              discard incoming bytes.
 @param len   Length of the message.  Note that non-NULL rxBuf and txBuf
              parameters must be AT LEAST as large as len, or the SPI
              will overflow a buffer.

 @return SUCCESS if the request was accepted for transfer
</long>
        </documentation>
        <interfacedef-ref nicename="tos.interfaces.SpiPacket" qname="SpiPacket"/>
        <type-function alignment="I:1" size="I:1">
          <type-int alignment="I:1" cname="unsigned char" size="I:1" unsigned="">
            <typename><typedef-ref name="error_t" ref="0x4038cda0"/></typename>
          </type-int>
          <function-parameters>
            <type-pointer alignment="I:2" size="I:2">
              <type-int alignment="I:1" cname="unsigned char" size="I:1" unsigned="">
                <typename><typedef-ref name="uint8_t" ref="0x40212dc8"/></typename>
              </type-int>
            </type-pointer>
            <type-pointer alignment="I:2" size="I:2">
              <type-int alignment="I:1" cname="unsigned char" size="I:1" unsigned="">
                <typename><typedef-ref name="uint8_t" ref="0x40212dc8"/></typename>
              </type-int>
            </type-pointer>
            <type-int alignment="I:2" cname="unsigned int" size="I:2" unsigned="">
              <typename><typedef-ref name="uint16_t" ref="0x40213010"/></typename>
            </type-int>
          </function-parameters>
        </type-function>
        <parameters>
          <variable loc="70:/home/zly/tinyos-main/tos/interfaces/SpiPacket.nc" name="txBuf" ref="0x40ba8338">
            <type-pointer alignment="I:2" size="I:2">
              <type-int alignment="I:1" cname="unsigned char" size="I:1" unsigned="">
                <typename><typedef-ref name="uint8_t" ref="0x40212dc8"/></typename>
              </type-int>
            </type-pointer>
          </variable>
          <variable loc="70:/home/zly/tinyos-main/tos/interfaces/SpiPacket.nc" name="rxBuf" ref="0x40ba8550">
            <type-pointer alignment="I:2" size="I:2">
              <type-int alignment="I:1" cname="unsigned char" size="I:1" unsigned="">
                <typename><typedef-ref name="uint8_t" ref="0x40212dc8"/></typename>
              </type-int>
            </type-pointer>
          </variable>
          <variable loc="70:/home/zly/tinyos-main/tos/interfaces/SpiPacket.nc" name="len" ref="0x40ba8740">
            <type-int alignment="I:2" cname="unsigned int" size="I:2" unsigned="">
              <typename><typedef-ref name="uint16_t" ref="0x40213010"/></typename>
            </type-int>
          </variable>
        </parameters>
      </function>
      <function event="" loc="82:/home/zly/tinyos-main/tos/interfaces/SpiPacket.nc" name="sendDone" provided="0" ref="0x40bceee8">
        <documentation loc="72:/home/zly/tinyos-main/tos/interfaces/SpiPacket.nc">
          <short>
 Notification that the send command has completed.</short>
          <long>
 Notification that the send command has completed.

 @param 'uint8_t* COUNT_NOK(len) txBuf' The buffer used for transmission
 @param 'uint8_t* COUNT_NOK(len) rxBuf' The buffer used for reception
 @param len    The request length of the transfer, but not necessarily
               the number of bytes that were actually transferred
 @param error  SUCCESS if the operation completed successfully, FAIL
               otherwise
</long>
        </documentation>
        <interfacedef-ref nicename="tos.interfaces.SpiPacket" qname="SpiPacket"/>
        <type-function alignment="I:1" size="I:1">
          <type-void alignment="I:1" size="I:1"/>
          <function-parameters>
            <type-pointer alignment="I:2" size="I:2">
              <type-int alignment="I:1" cname="unsigned char" size="I:1" unsigned="">
                <typename><typedef-ref name="uint8_t" ref="0x40212dc8"/></typename>
              </type-int>
            </type-pointer>
            <type-pointer alignment="I:2" size="I:2">
              <type-int alignment="I:1" cname="unsigned char" size="I:1" unsigned="">
                <typename><typedef-ref name="uint8_t" ref="0x40212dc8"/></typename>
              </type-int>
            </type-pointer>
            <type-int alignment="I:2" cname="unsigned int" size="I:2" unsigned="">
              <typename><typedef-ref name="uint16_t" ref="0x40213010"/></typename>
            </type-int>
            <type-int alignment="I:1" cname="unsigned char" size="I:1" unsigned="">
              <typename><typedef-ref name="error_t" ref="0x4038cda0"/></typename>
            </type-int>
          </function-parameters>
        </type-function>
        <parameters>
          <variable loc="82:/home/zly/tinyos-main/tos/interfaces/SpiPacket.nc" name="txBuf" ref="0x40bce768">
            <type-pointer alignment="I:2" size="I:2">
              <type-int alignment="I:1" cname="unsigned char" size="I:1" unsigned="">
                <typename><typedef-ref name="uint8_t" ref="0x40212dc8"/></typename>
              </type-int>
            </type-pointer>
          </variable>
          <variable loc="82:/home/zly/tinyos-main/tos/interfaces/SpiPacket.nc" name="rxBuf" ref="0x40bce980">
            <type-pointer alignment="I:2" size="I:2">
              <type-int alignment="I:1" cname="unsigned char" size="I:1" unsigned="">
                <typename><typedef-ref name="uint8_t" ref="0x40212dc8"/></typename>
              </type-int>
            </type-pointer>
          </variable>
          <variable loc="82:/home/zly/tinyos-main/tos/interfaces/SpiPacket.nc" name="len" ref="0x40bceb70">
            <type-int alignment="I:2" cname="unsigned int" size="I:2" unsigned="">
              <typename><typedef-ref name="uint16_t" ref="0x40213010"/></typename>
            </type-int>
          </variable>
          <variable loc="83:/home/zly/tinyos-main/tos/interfaces/SpiPacket.nc" name="error" ref="0x40bced78">
            <type-int alignment="I:1" cname="unsigned char" size="I:1" unsigned="">
              <typename><typedef-ref name="error_t" ref="0x4038cda0"/></typename>
            </type-int>
          </variable>
        </parameters>
      </function>
    </interfacedef>