<?xml version="1.0" ?><interfacedef loc="38:/home/zly/tinyos-main/tos/interfaces/GeneralIO.nc" nicename="tos.interfaces.GeneralIO" qname="GeneralIO">
      <documentation loc="34:/home/zly/tinyos-main/tos/interfaces/GeneralIO.nc">
        <short>
 </short>
        <long>
 @author Joe Polastre
</long>
      </documentation>
      <function command="" loc="44:/home/zly/tinyos-main/tos/interfaces/GeneralIO.nc" name="makeInput" provided="0" ref="0x4091c1a8">
        <interfacedef-ref nicename="tos.interfaces.GeneralIO" qname="GeneralIO"/>
        <type-function alignment="I:1" size="I:1">
          <type-void alignment="I:1" size="I:1"/>
          <function-parameters>
          </function-parameters>
        </type-function>
        <parameters>
        </parameters>
      </function>
      <function command="" loc="45:/home/zly/tinyos-main/tos/interfaces/GeneralIO.nc" name="isInput" provided="0" ref="0x4091c590">
        <interfacedef-ref nicename="tos.interfaces.GeneralIO" qname="GeneralIO"/>
        <type-function alignment="I:1" size="I:1">
          <type-int alignment="I:1" cname="unsigned char" size="I:1" unsigned="">
            <typename><typedef-ref name="bool" ref="0x40384e80"/></typename>
          </type-int>
          <function-parameters>
          </function-parameters>
        </type-function>
        <parameters>
        </parameters>
      </function>
      <function command="" loc="42:/home/zly/tinyos-main/tos/interfaces/GeneralIO.nc" name="toggle" provided="0" ref="0x4091ea08">
        <interfacedef-ref nicename="tos.interfaces.GeneralIO" qname="GeneralIO"/>
        <type-function alignment="I:1" size="I:1">
          <type-void alignment="I:1" size="I:1"/>
          <function-parameters>
          </function-parameters>
        </type-function>
        <parameters>
        </parameters>
      </function>
      <function command="" loc="47:/home/zly/tinyos-main/tos/interfaces/GeneralIO.nc" name="isOutput" provided="0" ref="0x4091cd60">
        <interfacedef-ref nicename="tos.interfaces.GeneralIO" qname="GeneralIO"/>
        <type-function alignment="I:1" size="I:1">
          <type-int alignment="I:1" cname="unsigned char" size="I:1" unsigned="">
            <typename><typedef-ref name="bool" ref="0x40384e80"/></typename>
          </type-int>
          <function-parameters>
          </function-parameters>
        </type-function>
        <parameters>
        </parameters>
      </function>
      <function command="" loc="43:/home/zly/tinyos-main/tos/interfaces/GeneralIO.nc" name="get" provided="0" ref="0x4091edc8">
        <interfacedef-ref nicename="tos.interfaces.GeneralIO" qname="GeneralIO"/>
        <type-function alignment="I:1" size="I:1">
          <type-int alignment="I:1" cname="unsigned char" size="I:1" unsigned="">
            <typename><typedef-ref name="bool" ref="0x40384e80"/></typename>
          </type-int>
          <function-parameters>
          </function-parameters>
        </type-function>
        <parameters>
        </parameters>
      </function>
      <function command="" loc="46:/home/zly/tinyos-main/tos/interfaces/GeneralIO.nc" name="makeOutput" provided="0" ref="0x4091c968">
        <interfacedef-ref nicename="tos.interfaces.GeneralIO" qname="GeneralIO"/>
        <type-function alignment="I:1" size="I:1">
          <type-void alignment="I:1" size="I:1"/>
          <function-parameters>
          </function-parameters>
        </type-function>
        <parameters>
        </parameters>
      </function>
      <function command="" loc="40:/home/zly/tinyos-main/tos/interfaces/GeneralIO.nc" name="set" provided="0" ref="0x4091e2c8">
        <interfacedef-ref nicename="tos.interfaces.GeneralIO" qname="GeneralIO"/>
        <type-function alignment="I:1" size="I:1">
          <type-void alignment="I:1" size="I:1"/>
          <function-parameters>
          </function-parameters>
        </type-function>
        <parameters>
        </parameters>
      </function>
      <function command="" loc="41:/home/zly/tinyos-main/tos/interfaces/GeneralIO.nc" name="clr" provided="0" ref="0x4091e658">
        <interfacedef-ref nicename="tos.interfaces.GeneralIO" qname="GeneralIO"/>
        <type-function alignment="I:1" size="I:1">
          <type-void alignment="I:1" size="I:1"/>
          <function-parameters>
          </function-parameters>
        </type-function>
        <parameters>
        </parameters>
      </function>
    </interfacedef>