<?xml version="1.0" ?><interfacedef loc="43:/home/zly/tinyos-main/tos/chips/msp430/pins/HplMsp430GeneralIO.nc" nicename="tos.chips.msp430.pins.HplMsp430GeneralIO" qname="HplMsp430GeneralIO">
      <documentation loc="34:/home/zly/tinyos-main/tos/types/TinyError.h">
        <short>
 </short>
        <long>
 @author Phil Levis
 @author David Gay
 Revision:  $Revision: 1.12 $

 Defines global error codes for error_t in TinyOS.
</long>
      </documentation>
      <function command="" loc="78:/home/zly/tinyos-main/tos/chips/msp430/pins/HplMsp430GeneralIO.nc" name="makeInput" provided="0" ref="0x409a5900">
        <documentation loc="75:/home/zly/tinyos-main/tos/chips/msp430/pins/HplMsp430GeneralIO.nc">
          <short>
 Set pin direction to input.</short>
          <long>
 Set pin direction to input.
</long>
        </documentation>
        <interfacedef-ref nicename="tos.chips.msp430.pins.HplMsp430GeneralIO" qname="HplMsp430GeneralIO"/>
        <type-function alignment="I:1" size="I:1">
          <type-void alignment="I:1" size="I:1"/>
          <function-parameters>
          </function-parameters>
        </type-function>
        <parameters>
        </parameters>
      </function>
      <function command="" loc="80:/home/zly/tinyos-main/tos/chips/msp430/pins/HplMsp430GeneralIO.nc" name="isInput" provided="0" ref="0x409a5d28">
        <interfacedef-ref nicename="tos.chips.msp430.pins.HplMsp430GeneralIO" qname="HplMsp430GeneralIO"/>
        <type-function alignment="I:1" size="I:1">
          <type-int alignment="I:1" cname="unsigned char" size="I:1" unsigned="">
            <typename><typedef-ref name="bool" ref="0x40384e80"/></typename>
          </type-int>
          <function-parameters>
          </function-parameters>
        </type-function>
        <parameters>
        </parameters>
      </function>
      <function command="" loc="110:/home/zly/tinyos-main/tos/chips/msp430/pins/HplMsp430GeneralIO.nc" name="setResistor" provided="0" ref="0x409a2d10">
        <documentation loc="103:/home/zly/tinyos-main/tos/chips/msp430/pins/HplMsp430GeneralIO.nc">
          <short>
 Set pin pullup / pull down resistor mode.</short>
          <long>
 Set pin pullup / pull down resistor mode.
 @param mode One of the MSP430_PORT_RESISTOR_* values
 @return EINVAL if invalid mode or pin does not support resistor configuration;
 FAIL if pin is not an input;
 SUCCESS if pin supports resistor configuration, is an input, and mode is valid
</long>
        </documentation>
        <interfacedef-ref nicename="tos.chips.msp430.pins.HplMsp430GeneralIO" qname="HplMsp430GeneralIO"/>
        <type-function alignment="I:1" size="I:1">
          <type-int alignment="I:1" cname="unsigned char" size="I:1" unsigned="">
            <typename><typedef-ref name="error_t" ref="0x4038cda0"/></typename>
          </type-int>
          <function-parameters>
            <type-int alignment="I:1" cname="unsigned char" size="I:1" unsigned="">
              <typename><typedef-ref name="uint8_t" ref="0x40212dc8"/></typename>
            </type-int>
          </function-parameters>
        </type-function>
        <parameters>
          <variable loc="110:/home/zly/tinyos-main/tos/chips/msp430/pins/HplMsp430GeneralIO.nc" name="mode" ref="0x409a2bb8">
            <type-int alignment="I:1" cname="unsigned char" size="I:1" unsigned="">
              <typename><typedef-ref name="uint8_t" ref="0x40212dc8"/></typename>
            </type-int>
          </variable>
        </parameters>
      </function>
      <function command="" loc="58:/home/zly/tinyos-main/tos/chips/msp430/pins/HplMsp430GeneralIO.nc" name="toggle" provided="0" ref="0x409a6be0">
        <documentation loc="55:/home/zly/tinyos-main/tos/chips/msp430/pins/HplMsp430GeneralIO.nc">
          <short>
 Toggle pin status.</short>
        </documentation>
        <interfacedef-ref nicename="tos.chips.msp430.pins.HplMsp430GeneralIO" qname="HplMsp430GeneralIO"/>
        <type-function alignment="I:1" size="I:1">
          <type-void alignment="I:1" size="I:1"/>
          <function-parameters>
          </function-parameters>
        </type-function>
        <parameters>
        </parameters>
      </function>
      <function command="" loc="87:/home/zly/tinyos-main/tos/chips/msp430/pins/HplMsp430GeneralIO.nc" name="isOutput" provided="0" ref="0x409a3570">
        <interfacedef-ref nicename="tos.chips.msp430.pins.HplMsp430GeneralIO" qname="HplMsp430GeneralIO"/>
        <type-function alignment="I:1" size="I:1">
          <type-int alignment="I:1" cname="unsigned char" size="I:1" unsigned="">
            <typename><typedef-ref name="bool" ref="0x40384e80"/></typename>
          </type-int>
          <function-parameters>
          </function-parameters>
        </type-function>
        <parameters>
        </parameters>
      </function>
      <function command="" loc="117:/home/zly/tinyos-main/tos/chips/msp430/pins/HplMsp430GeneralIO.nc" name="getResistor" provided="0" ref="0x409a12e8">
        <documentation loc="112:/home/zly/tinyos-main/tos/chips/msp430/pins/HplMsp430GeneralIO.nc">
          <short>
 Get the pin pullup / pulldown resistor mode.</short>
          <long>
 Get the pin pullup / pulldown resistor mode.

 @return one of the MSP430_PORT_RESISTOR_* values
</long>
        </documentation>
        <interfacedef-ref nicename="tos.chips.msp430.pins.HplMsp430GeneralIO" qname="HplMsp430GeneralIO"/>
        <type-function alignment="I:1" size="I:1">
          <type-int alignment="I:1" cname="unsigned char" size="I:1" unsigned="">
            <typename><typedef-ref name="uint8_t" ref="0x40212dc8"/></typename>
          </type-int>
          <function-parameters>
          </function-parameters>
        </type-function>
        <parameters>
        </parameters>
      </function>
      <function command="" loc="85:/home/zly/tinyos-main/tos/chips/msp430/pins/HplMsp430GeneralIO.nc" name="makeOutput" provided="0" ref="0x409a3138">
        <documentation loc="82:/home/zly/tinyos-main/tos/chips/msp430/pins/HplMsp430GeneralIO.nc">
          <short>
 Set pin direction to output.</short>
          <long>
 Set pin direction to output.
</long>
        </documentation>
        <interfacedef-ref nicename="tos.chips.msp430.pins.HplMsp430GeneralIO" qname="HplMsp430GeneralIO"/>
        <type-function alignment="I:1" size="I:1">
          <type-void alignment="I:1" size="I:1"/>
          <function-parameters>
          </function-parameters>
        </type-function>
        <parameters>
        </parameters>
      </function>
      <function command="" loc="73:/home/zly/tinyos-main/tos/chips/msp430/pins/HplMsp430GeneralIO.nc" name="get" provided="0" ref="0x409a54c0">
        <documentation loc="68:/home/zly/tinyos-main/tos/chips/msp430/pins/HplMsp430GeneralIO.nc">
          <short>
 Read pin value.</short>
          <long>
 Read pin value.

 @return TRUE if pin is high, FALSE otherwise.
</long>
        </documentation>
        <interfacedef-ref nicename="tos.chips.msp430.pins.HplMsp430GeneralIO" qname="HplMsp430GeneralIO"/>
        <type-function alignment="I:1" size="I:1">
          <type-int alignment="I:1" cname="unsigned char" size="I:1" unsigned="">
            <typename><typedef-ref name="bool" ref="0x40384e80"/></typename>
          </type-int>
          <function-parameters>
          </function-parameters>
        </type-function>
        <parameters>
        </parameters>
      </function>
      <function command="" loc="99:/home/zly/tinyos-main/tos/chips/msp430/pins/HplMsp430GeneralIO.nc" name="selectIOFunc" provided="0" ref="0x409a2290">
        <documentation loc="96:/home/zly/tinyos-main/tos/chips/msp430/pins/HplMsp430GeneralIO.nc">
          <short>
 Set pin for I/O functionality.</short>
          <long>
 Set pin for I/O functionality.
</long>
        </documentation>
        <interfacedef-ref nicename="tos.chips.msp430.pins.HplMsp430GeneralIO" qname="HplMsp430GeneralIO"/>
        <type-function alignment="I:1" size="I:1">
          <type-void alignment="I:1" size="I:1"/>
          <function-parameters>
          </function-parameters>
        </type-function>
        <parameters>
        </parameters>
      </function>
      <function command="" loc="66:/home/zly/tinyos-main/tos/chips/msp430/pins/HplMsp430GeneralIO.nc" name="getRaw" provided="0" ref="0x409a5018">
        <documentation loc="60:/home/zly/tinyos-main/tos/chips/msp430/pins/HplMsp430GeneralIO.nc">
          <short>
 Get the port status that contains the pin.</short>
          <long>
 Get the port status that contains the pin.

 @return Status of the port that contains the given pin. The x'th
 pin on the port will be represented in the x'th bit.
</long>
        </documentation>
        <interfacedef-ref nicename="tos.chips.msp430.pins.HplMsp430GeneralIO" qname="HplMsp430GeneralIO"/>
        <type-function alignment="I:1" size="I:1">
          <type-int alignment="I:1" cname="unsigned char" size="I:1" unsigned="">
            <typename><typedef-ref name="uint8_t" ref="0x40212dc8"/></typename>
          </type-int>
          <function-parameters>
          </function-parameters>
        </type-function>
        <parameters>
        </parameters>
      </function>
      <function command="" loc="48:/home/zly/tinyos-main/tos/chips/msp430/pins/HplMsp430GeneralIO.nc" name="set" provided="0" ref="0x409a6420">
        <documentation loc="45:/home/zly/tinyos-main/tos/chips/msp430/pins/HplMsp430GeneralIO.nc">
          <short>
 Set pin to high.</short>
          <long>
 Set pin to high.
</long>
        </documentation>
        <interfacedef-ref nicename="tos.chips.msp430.pins.HplMsp430GeneralIO" qname="HplMsp430GeneralIO"/>
        <type-function alignment="I:1" size="I:1">
          <type-void alignment="I:1" size="I:1"/>
          <function-parameters>
          </function-parameters>
        </type-function>
        <parameters>
        </parameters>
      </function>
      <function command="" loc="92:/home/zly/tinyos-main/tos/chips/msp430/pins/HplMsp430GeneralIO.nc" name="selectModuleFunc" provided="0" ref="0x409a3998">
        <documentation loc="89:/home/zly/tinyos-main/tos/chips/msp430/pins/HplMsp430GeneralIO.nc">
          <short>
 Set pin for module specific functionality.</short>
          <long>
 Set pin for module specific functionality.
</long>
        </documentation>
        <interfacedef-ref nicename="tos.chips.msp430.pins.HplMsp430GeneralIO" qname="HplMsp430GeneralIO"/>
        <type-function alignment="I:1" size="I:1">
          <type-void alignment="I:1" size="I:1"/>
          <function-parameters>
          </function-parameters>
        </type-function>
        <parameters>
        </parameters>
      </function>
      <function command="" loc="101:/home/zly/tinyos-main/tos/chips/msp430/pins/HplMsp430GeneralIO.nc" name="isIOFunc" provided="0" ref="0x409a26d8">
        <interfacedef-ref nicename="tos.chips.msp430.pins.HplMsp430GeneralIO" qname="HplMsp430GeneralIO"/>
        <type-function alignment="I:1" size="I:1">
          <type-int alignment="I:1" cname="unsigned char" size="I:1" unsigned="">
            <typename><typedef-ref name="bool" ref="0x40384e80"/></typename>
          </type-int>
          <function-parameters>
          </function-parameters>
        </type-function>
        <parameters>
        </parameters>
      </function>
      <function command="" loc="94:/home/zly/tinyos-main/tos/chips/msp430/pins/HplMsp430GeneralIO.nc" name="isModuleFunc" provided="0" ref="0x409a3e18">
        <interfacedef-ref nicename="tos.chips.msp430.pins.HplMsp430GeneralIO" qname="HplMsp430GeneralIO"/>
        <type-function alignment="I:1" size="I:1">
          <type-int alignment="I:1" cname="unsigned char" size="I:1" unsigned="">
            <typename><typedef-ref name="bool" ref="0x40384e80"/></typename>
          </type-int>
          <function-parameters>
          </function-parameters>
        </type-function>
        <parameters>
        </parameters>
      </function>
      <function command="" loc="53:/home/zly/tinyos-main/tos/chips/msp430/pins/HplMsp430GeneralIO.nc" name="clr" provided="0" ref="0x409a67f0">
        <documentation loc="50:/home/zly/tinyos-main/tos/chips/msp430/pins/HplMsp430GeneralIO.nc">
          <short>
 Set pin to low.</short>
          <long>
 Set pin to low.
</long>
        </documentation>
        <interfacedef-ref nicename="tos.chips.msp430.pins.HplMsp430GeneralIO" qname="HplMsp430GeneralIO"/>
        <type-function alignment="I:1" size="I:1">
          <type-void alignment="I:1" size="I:1"/>
          <function-parameters>
          </function-parameters>
        </type-function>
        <parameters>
        </parameters>
      </function>
    </interfacedef>