<?xml version="1.0" ?><interfacedef loc="40:/home/zly/tinyos-main/tos/chips/msp430/timer/Msp430TimerControl.nc" nicename="tos.chips.msp430.timer.Msp430TimerControl" qname="Msp430TimerControl">
      <documentation loc="33:/home/zly/tinyos-main/tos/chips/msp430/timer/Msp430TimerControl.nc">
        <short>
 </short>
        <long>
 @author Cory Sharp &lt;cssharp@eecs.berkeley.edu&gt;
 @author Joe Polastre
</long>
      </documentation>
      <function command="" loc="55:/home/zly/tinyos-main/tos/chips/msp430/timer/Msp430TimerControl.nc" name="setControlAsCapture" provided="0" ref="0x406668d8">
        <documentation loc="49:/home/zly/tinyos-main/tos/chips/msp430/timer/Msp430TimerControl.nc">
          <short> 
 Sets the timer in capture mode.</short>
          <long> 
 Sets the timer in capture mode.
 @param cm configures the capture to occur on none, rising, falling or rising_and_falling edges
 Msp430Timer.h has convenience definitions:
 MSP430TIMER_CM_NONE, MSP430TIMER_CM_RISING, MSP430TIMER_CM_FALLING, MSP430TIMER_CM_BOTH
</long>
        </documentation>
        <interfacedef-ref nicename="tos.chips.msp430.timer.Msp430TimerControl" qname="Msp430TimerControl"/>
        <type-function alignment="I:1" size="I:1">
          <type-void alignment="I:1" size="I:1"/>
          <function-parameters>
            <type-int alignment="I:1" cname="unsigned char" size="I:1" unsigned="">
              <typename><typedef-ref name="uint8_t" ref="0x40212dc8"/></typename>
            </type-int>
          </function-parameters>
        </type-function>
        <parameters>
          <variable loc="55:/home/zly/tinyos-main/tos/chips/msp430/timer/Msp430TimerControl.nc" name="cm" ref="0x40666780">
            <type-int alignment="I:1" cname="unsigned char" size="I:1" unsigned="">
              <typename><typedef-ref name="uint8_t" ref="0x40212dc8"/></typename>
            </type-int>
          </variable>
        </parameters>
      </function>
      <function command="" loc="42:/home/zly/tinyos-main/tos/chips/msp430/timer/Msp430TimerControl.nc" name="getControl" provided="0" ref="0x40667018">
        <interfacedef-ref nicename="tos.chips.msp430.timer.Msp430TimerControl" qname="Msp430TimerControl"/>
        <type-function alignment="I:1" size="I:1">
          <type-tag alignment="I:1" size="I:2"><struct-ref ref="0x40637a38"/>
            <typename><typedef-ref name="msp430_compare_control_t" ref="0x406361e8"/></typename>
          </type-tag>
          <function-parameters>
          </function-parameters>
        </type-function>
        <parameters>
        </parameters>
      </function>
      <function command="" loc="57:/home/zly/tinyos-main/tos/chips/msp430/timer/Msp430TimerControl.nc" name="enableEvents" provided="0" ref="0x40666e00">
        <interfacedef-ref nicename="tos.chips.msp430.timer.Msp430TimerControl" qname="Msp430TimerControl"/>
        <type-function alignment="I:1" size="I:1">
          <type-void alignment="I:1" size="I:1"/>
          <function-parameters>
          </function-parameters>
        </type-function>
        <parameters>
        </parameters>
      </function>
      <function command="" loc="59:/home/zly/tinyos-main/tos/chips/msp430/timer/Msp430TimerControl.nc" name="areEventsEnabled" provided="0" ref="0x40664658">
        <interfacedef-ref nicename="tos.chips.msp430.timer.Msp430TimerControl" qname="Msp430TimerControl"/>
        <type-function alignment="I:1" size="I:1">
          <type-int alignment="I:1" cname="unsigned char" size="I:1" unsigned="">
            <typename><typedef-ref name="bool" ref="0x40384e80"/></typename>
          </type-int>
          <function-parameters>
          </function-parameters>
        </type-function>
        <parameters>
        </parameters>
      </function>
      <function command="" loc="47:/home/zly/tinyos-main/tos/chips/msp430/timer/Msp430TimerControl.nc" name="setControlAsCompare" provided="0" ref="0x40666330">
        <interfacedef-ref nicename="tos.chips.msp430.timer.Msp430TimerControl" qname="Msp430TimerControl"/>
        <type-function alignment="I:1" size="I:1">
          <type-void alignment="I:1" size="I:1"/>
          <function-parameters>
          </function-parameters>
        </type-function>
        <parameters>
        </parameters>
      </function>
      <function command="" loc="58:/home/zly/tinyos-main/tos/chips/msp430/timer/Msp430TimerControl.nc" name="disableEvents" provided="0" ref="0x40664210">
        <interfacedef-ref nicename="tos.chips.msp430.timer.Msp430TimerControl" qname="Msp430TimerControl"/>
        <type-function alignment="I:1" size="I:1">
          <type-void alignment="I:1" size="I:1"/>
          <function-parameters>
          </function-parameters>
        </type-function>
        <parameters>
        </parameters>
      </function>
      <function command="" loc="43:/home/zly/tinyos-main/tos/chips/msp430/timer/Msp430TimerControl.nc" name="isInterruptPending" provided="0" ref="0x40667470">
        <interfacedef-ref nicename="tos.chips.msp430.timer.Msp430TimerControl" qname="Msp430TimerControl"/>
        <type-function alignment="I:1" size="I:1">
          <type-int alignment="I:1" cname="unsigned char" size="I:1" unsigned="">
            <typename><typedef-ref name="bool" ref="0x40384e80"/></typename>
          </type-int>
          <function-parameters>
          </function-parameters>
        </type-function>
        <parameters>
        </parameters>
      </function>
      <function command="" loc="44:/home/zly/tinyos-main/tos/chips/msp430/timer/Msp430TimerControl.nc" name="clearPendingInterrupt" provided="0" ref="0x406678b8">
        <interfacedef-ref nicename="tos.chips.msp430.timer.Msp430TimerControl" qname="Msp430TimerControl"/>
        <type-function alignment="I:1" size="I:1">
          <type-void alignment="I:1" size="I:1"/>
          <function-parameters>
          </function-parameters>
        </type-function>
        <parameters>
        </parameters>
      </function>
      <function command="" loc="46:/home/zly/tinyos-main/tos/chips/msp430/timer/Msp430TimerControl.nc" name="setControl" provided="0" ref="0x40667ed8">
        <interfacedef-ref nicename="tos.chips.msp430.timer.Msp430TimerControl" qname="Msp430TimerControl"/>
        <type-function alignment="I:1" size="I:1">
          <type-void alignment="I:1" size="I:1"/>
          <function-parameters>
            <type-tag alignment="I:1" size="I:2"><struct-ref ref="0x40637a38"/>
              <typename><typedef-ref name="msp430_compare_control_t" ref="0x406361e8"/></typename>
            </type-tag>
          </function-parameters>
        </type-function>
        <parameters>
          <variable loc="46:/home/zly/tinyos-main/tos/chips/msp430/timer/Msp430TimerControl.nc" name="control" ref="0x40667d80">
            <type-tag alignment="I:1" size="I:2"><struct-ref ref="0x40637a38"/>
              <typename><typedef-ref name="msp430_compare_control_t" ref="0x406361e8"/></typename>
            </type-tag>
          </variable>
        </parameters>
      </function>
    </interfacedef>