<?xml version="1.0" ?><interfacedef loc="4:/home/zly/tinyos-main/tos/chips/msp430/usart/HplMsp430I2C.nc" nicename="tos.chips.msp430.usart.HplMsp430I2C" qname="HplMsp430I2C">
      <documentation loc="31:/home/zly/tinyos-main/tos/chips/msp430/usart/msp430usart.h">
        <short>
 </short>
        <long>
 @author Vlado Handziski &lt;handzisk@tkn.tu-berlin.de&gt;
 @author Philipp Huppertz &lt;huppertz@tkn.tu-berlin.de&gt;
</long>
      </documentation>
      <function command="" loc="80:/home/zly/tinyos-main/tos/chips/msp430/usart/HplMsp430I2C.nc" name="disableOwnAddress" provided="0" ref="0x40ca60c8">
        <interfacedef-ref nicename="tos.chips.msp430.usart.HplMsp430I2C" qname="HplMsp430I2C"/>
        <type-function alignment="I:1" size="I:1">
          <type-void alignment="I:1" size="I:1"/>
          <function-parameters>
          </function-parameters>
        </type-function>
        <parameters>
        </parameters>
      </function>
      <function command="" loc="31:/home/zly/tinyos-main/tos/chips/msp430/usart/HplMsp430I2C.nc" name="getStartByte" provided="0" ref="0x40cb0158">
        <interfacedef-ref nicename="tos.chips.msp430.usart.HplMsp430I2C" qname="HplMsp430I2C"/>
        <type-function alignment="I:1" size="I:1">
          <type-int alignment="I:1" cname="unsigned char" size="I:1" unsigned="">
            <typename><typedef-ref name="bool" ref="0x40384e80"/></typename>
          </type-int>
          <function-parameters>
          </function-parameters>
        </type-function>
        <parameters>
        </parameters>
      </function>
      <function command="" loc="62:/home/zly/tinyos-main/tos/chips/msp430/usart/HplMsp430I2C.nc" name="setSlaveAddress" provided="0" ref="0x40ca9288">
        <interfacedef-ref nicename="tos.chips.msp430.usart.HplMsp430I2C" qname="HplMsp430I2C"/>
        <type-function alignment="I:1" size="I:1">
          <type-void alignment="I:1" size="I:1"/>
          <function-parameters>
            <type-int alignment="I:2" cname="unsigned int" size="I:2" unsigned="">
              <typename><typedef-ref name="uint16_t" ref="0x40213010"/></typename>
            </type-int>
          </function-parameters>
        </type-function>
        <parameters>
          <variable loc="62:/home/zly/tinyos-main/tos/chips/msp430/usart/HplMsp430I2C.nc" name="addr" ref="0x40ca9130">
            <type-int alignment="I:2" cname="unsigned int" size="I:2" unsigned="">
              <typename><typedef-ref name="uint16_t" ref="0x40213010"/></typename>
            </type-int>
          </variable>
        </parameters>
      </function>
      <function command="" loc="11:/home/zly/tinyos-main/tos/chips/msp430/usart/HplMsp430I2C.nc" name="setMasterMode" provided="0" ref="0x40c89768">
        <interfacedef-ref nicename="tos.chips.msp430.usart.HplMsp430I2C" qname="HplMsp430I2C"/>
        <type-function alignment="I:1" size="I:1">
          <type-void alignment="I:1" size="I:1"/>
          <function-parameters>
          </function-parameters>
        </type-function>
        <parameters>
        </parameters>
      </function>
      <function command="" loc="71:/home/zly/tinyos-main/tos/chips/msp430/usart/HplMsp430I2C.nc" name="disableTransmitReady" provided="0" ref="0x40ca8790">
        <interfacedef-ref nicename="tos.chips.msp430.usart.HplMsp430I2C" qname="HplMsp430I2C"/>
        <type-function alignment="I:1" size="I:1">
          <type-void alignment="I:1" size="I:1"/>
          <function-parameters>
          </function-parameters>
        </type-function>
        <parameters>
        </parameters>
      </function>
      <function command="" loc="49:/home/zly/tinyos-main/tos/chips/msp430/usart/HplMsp430I2C.nc" name="getClockPrescaler" provided="0" ref="0x40cade88">
        <interfacedef-ref nicename="tos.chips.msp430.usart.HplMsp430I2C" qname="HplMsp430I2C"/>
        <type-function alignment="I:1" size="I:1">
          <type-int alignment="I:1" cname="unsigned char" size="I:1" unsigned="">
            <typename><typedef-ref name="uint8_t" ref="0x40212dc8"/></typename>
          </type-int>
          <function-parameters>
          </function-parameters>
        </type-function>
        <parameters>
        </parameters>
      </function>
      <function command="" loc="28:/home/zly/tinyos-main/tos/chips/msp430/usart/HplMsp430I2C.nc" name="setTransmitMode" provided="0" ref="0x40cb1918">
        <interfacedef-ref nicename="tos.chips.msp430.usart.HplMsp430I2C" qname="HplMsp430I2C"/>
        <type-function alignment="I:1" size="I:1">
          <type-void alignment="I:1" size="I:1"/>
          <function-parameters>
          </function-parameters>
        </type-function>
        <parameters>
        </parameters>
      </function>
      <function command="" loc="34:/home/zly/tinyos-main/tos/chips/msp430/usart/HplMsp430I2C.nc" name="getStopBit" provided="0" ref="0x40cb0950">
        <interfacedef-ref nicename="tos.chips.msp430.usart.HplMsp430I2C" qname="HplMsp430I2C"/>
        <type-function alignment="I:1" size="I:1">
          <type-int alignment="I:1" cname="unsigned char" size="I:1" unsigned="">
            <typename><typedef-ref name="bool" ref="0x40384e80"/></typename>
          </type-int>
          <function-parameters>
          </function-parameters>
        </type-function>
        <parameters>
        </parameters>
      </function>
      <function command="" loc="25:/home/zly/tinyos-main/tos/chips/msp430/usart/HplMsp430I2C.nc" name="setClockSource" provided="0" ref="0x40cb1010">
        <interfacedef-ref nicename="tos.chips.msp430.usart.HplMsp430I2C" qname="HplMsp430I2C"/>
        <type-function alignment="I:1" size="I:1">
          <type-void alignment="I:1" size="I:1"/>
          <function-parameters>
            <type-int alignment="I:1" cname="unsigned char" size="I:1" unsigned="">
              <typename><typedef-ref name="uint8_t" ref="0x40212dc8"/></typename>
            </type-int>
          </function-parameters>
        </type-function>
        <parameters>
          <variable loc="25:/home/zly/tinyos-main/tos/chips/msp430/usart/HplMsp430I2C.nc" name="src" ref="0x40cb2e88">
            <type-int alignment="I:1" cname="unsigned char" size="I:1" unsigned="">
              <typename><typedef-ref name="uint8_t" ref="0x40212dc8"/></typename>
            </type-int>
          </variable>
        </parameters>
      </function>
      <function command="" loc="21:/home/zly/tinyos-main/tos/chips/msp430/usart/HplMsp430I2C.nc" name="getRepeatMode" provided="0" ref="0x40cb20c8">
        <interfacedef-ref nicename="tos.chips.msp430.usart.HplMsp430I2C" qname="HplMsp430I2C"/>
        <type-function alignment="I:1" size="I:1">
          <type-int alignment="I:1" cname="unsigned char" size="I:1" unsigned="">
            <typename><typedef-ref name="bool" ref="0x40384e80"/></typename>
          </type-int>
          <function-parameters>
          </function-parameters>
        </type-function>
        <parameters>
        </parameters>
      </function>
      <function command="" loc="41:/home/zly/tinyos-main/tos/chips/msp430/usart/HplMsp430I2C.nc" name="getData" provided="0" ref="0x40caf948">
        <interfacedef-ref nicename="tos.chips.msp430.usart.HplMsp430I2C" qname="HplMsp430I2C"/>
        <type-function alignment="I:1" size="I:1">
          <type-int alignment="I:1" cname="unsigned char" size="I:1" unsigned="">
            <typename><typedef-ref name="uint8_t" ref="0x40212dc8"/></typename>
          </type-int>
          <function-parameters>
          </function-parameters>
        </type-function>
        <parameters>
        </parameters>
      </function>
      <function command="" loc="66:/home/zly/tinyos-main/tos/chips/msp430/usart/HplMsp430I2C.nc" name="enableStartDetect" provided="0" ref="0x40ca9ae0">
        <interfacedef-ref nicename="tos.chips.msp430.usart.HplMsp430I2C" qname="HplMsp430I2C"/>
        <type-function alignment="I:1" size="I:1">
          <type-void alignment="I:1" size="I:1"/>
          <function-parameters>
          </function-parameters>
        </type-function>
        <parameters>
        </parameters>
      </function>
      <function command="" loc="78:/home/zly/tinyos-main/tos/chips/msp430/usart/HplMsp430I2C.nc" name="enableAccessReady" provided="0" ref="0x40ca7c80">
        <interfacedef-ref nicename="tos.chips.msp430.usart.HplMsp430I2C" qname="HplMsp430I2C"/>
        <type-function alignment="I:1" size="I:1">
          <type-void alignment="I:1" size="I:1"/>
          <function-parameters>
          </function-parameters>
        </type-function>
        <parameters>
        </parameters>
      </function>
      <function command="" loc="61:/home/zly/tinyos-main/tos/chips/msp430/usart/HplMsp430I2C.nc" name="getSlaveAddress" provided="0" ref="0x40cabcb0">
        <interfacedef-ref nicename="tos.chips.msp430.usart.HplMsp430I2C" qname="HplMsp430I2C"/>
        <type-function alignment="I:1" size="I:1">
          <type-int alignment="I:2" cname="unsigned int" size="I:2" unsigned="">
            <typename><typedef-ref name="uint16_t" ref="0x40213010"/></typename>
          </type-int>
          <function-parameters>
          </function-parameters>
        </type-function>
        <parameters>
        </parameters>
      </function>
      <function command="" loc="91:/home/zly/tinyos-main/tos/chips/msp430/usart/HplMsp430I2C.nc" name="isGeneralCallPending" provided="0" ref="0x40ca3090">
        <interfacedef-ref nicename="tos.chips.msp430.usart.HplMsp430I2C" qname="HplMsp430I2C"/>
        <type-function alignment="I:1" size="I:1">
          <type-int alignment="I:1" cname="unsigned char" size="I:1" unsigned="">
            <typename><typedef-ref name="bool" ref="0x40384e80"/></typename>
          </type-int>
          <function-parameters>
          </function-parameters>
        </type-function>
        <parameters>
        </parameters>
      </function>
      <function command="" loc="100:/home/zly/tinyos-main/tos/chips/msp430/usart/HplMsp430I2C.nc" name="getIV" provided="0" ref="0x40ca0010">
        <interfacedef-ref nicename="tos.chips.msp430.usart.HplMsp430I2C" qname="HplMsp430I2C"/>
        <type-function alignment="I:1" size="I:1">
          <type-int alignment="I:1" cname="unsigned char" size="I:1" unsigned="">
            <typename><typedef-ref name="uint8_t" ref="0x40212dc8"/></typename>
          </type-int>
          <function-parameters>
          </function-parameters>
        </type-function>
        <parameters>
        </parameters>
      </function>
      <function command="" loc="14:/home/zly/tinyos-main/tos/chips/msp430/usart/HplMsp430I2C.nc" name="enableI2C" provided="0" ref="0x40c89f28">
        <interfacedef-ref nicename="tos.chips.msp430.usart.HplMsp430I2C" qname="HplMsp430I2C"/>
        <type-function alignment="I:1" size="I:1">
          <type-void alignment="I:1" size="I:1"/>
          <function-parameters>
          </function-parameters>
        </type-function>
        <parameters>
        </parameters>
      </function>
      <function command="" loc="38:/home/zly/tinyos-main/tos/chips/msp430/usart/HplMsp430I2C.nc" name="setStartBit" provided="0" ref="0x40caf538">
        <interfacedef-ref nicename="tos.chips.msp430.usart.HplMsp430I2C" qname="HplMsp430I2C"/>
        <type-function alignment="I:1" size="I:1">
          <type-void alignment="I:1" size="I:1"/>
          <function-parameters>
          </function-parameters>
        </type-function>
        <parameters>
        </parameters>
      </function>
      <function command="" loc="45:/home/zly/tinyos-main/tos/chips/msp430/usart/HplMsp430I2C.nc" name="getTransferByteCount" provided="0" ref="0x40cad348">
        <interfacedef-ref nicename="tos.chips.msp430.usart.HplMsp430I2C" qname="HplMsp430I2C"/>
        <type-function alignment="I:1" size="I:1">
          <type-int alignment="I:1" cname="unsigned char" size="I:1" unsigned="">
            <typename><typedef-ref name="uint8_t" ref="0x40212dc8"/></typename>
          </type-int>
          <function-parameters>
          </function-parameters>
        </type-function>
        <parameters>
        </parameters>
      </function>
      <function command="" loc="27:/home/zly/tinyos-main/tos/chips/msp430/usart/HplMsp430I2C.nc" name="getTransmitReceiveMode" provided="0" ref="0x40cb1510">
        <interfacedef-ref nicename="tos.chips.msp430.usart.HplMsp430I2C" qname="HplMsp430I2C"/>
        <type-function alignment="I:1" size="I:1">
          <type-int alignment="I:1" cname="unsigned char" size="I:1" unsigned="">
            <typename><typedef-ref name="bool" ref="0x40384e80"/></typename>
          </type-int>
          <function-parameters>
          </function-parameters>
        </type-function>
        <parameters>
        </parameters>
      </function>
      <function command="" loc="7:/home/zly/tinyos-main/tos/chips/msp430/usart/HplMsp430I2C.nc" name="clearModeI2C" provided="0" ref="0x40c8cc18">
        <interfacedef-ref nicename="tos.chips.msp430.usart.HplMsp430I2C" qname="HplMsp430I2C"/>
        <type-function alignment="I:1" size="I:1">
          <type-void alignment="I:1" size="I:1"/>
          <function-parameters>
          </function-parameters>
        </type-function>
        <parameters>
        </parameters>
      </function>
      <function command="" loc="58:/home/zly/tinyos-main/tos/chips/msp430/usart/HplMsp430I2C.nc" name="setOwnAddress" provided="0" ref="0x40cab840">
        <interfacedef-ref nicename="tos.chips.msp430.usart.HplMsp430I2C" qname="HplMsp430I2C"/>
        <type-function alignment="I:1" size="I:1">
          <type-void alignment="I:1" size="I:1"/>
          <function-parameters>
            <type-int alignment="I:2" cname="unsigned int" size="I:2" unsigned="">
              <typename><typedef-ref name="uint16_t" ref="0x40213010"/></typename>
            </type-int>
          </function-parameters>
        </type-function>
        <parameters>
          <variable loc="58:/home/zly/tinyos-main/tos/chips/msp430/usart/HplMsp430I2C.nc" name="addr" ref="0x40cab6e8">
            <type-int alignment="I:2" cname="unsigned int" size="I:2" unsigned="">
              <typename><typedef-ref name="uint16_t" ref="0x40213010"/></typename>
            </type-int>
          </variable>
        </parameters>
      </function>
      <function command="" loc="6:/home/zly/tinyos-main/tos/chips/msp430/usart/HplMsp430I2C.nc" name="isI2C" provided="0" ref="0x40c8c828">
        <interfacedef-ref nicename="tos.chips.msp430.usart.HplMsp430I2C" qname="HplMsp430I2C"/>
        <type-function alignment="I:1" size="I:1">
          <type-int alignment="I:1" cname="unsigned char" size="I:1" unsigned="">
            <typename><typedef-ref name="bool" ref="0x40384e80"/></typename>
          </type-int>
          <function-parameters>
          </function-parameters>
        </type-function>
        <parameters>
        </parameters>
      </function>
      <function command="" loc="69:/home/zly/tinyos-main/tos/chips/msp430/usart/HplMsp430I2C.nc" name="enableGeneralCall" provided="0" ref="0x40ca8350">
        <interfacedef-ref nicename="tos.chips.msp430.usart.HplMsp430I2C" qname="HplMsp430I2C"/>
        <type-function alignment="I:1" size="I:1">
          <type-void alignment="I:1" size="I:1"/>
          <function-parameters>
          </function-parameters>
        </type-function>
        <parameters>
        </parameters>
      </function>
      <function command="" loc="81:/home/zly/tinyos-main/tos/chips/msp430/usart/HplMsp430I2C.nc" name="enableOwnAddress" provided="0" ref="0x40ca64e0">
        <interfacedef-ref nicename="tos.chips.msp430.usart.HplMsp430I2C" qname="HplMsp430I2C"/>
        <type-function alignment="I:1" size="I:1">
          <type-void alignment="I:1" size="I:1"/>
          <function-parameters>
          </function-parameters>
        </type-function>
        <parameters>
        </parameters>
      </function>
      <function command="" loc="94:/home/zly/tinyos-main/tos/chips/msp430/usart/HplMsp430I2C.nc" name="isAccessReadyPending" provided="0" ref="0x40ca3df8">
        <interfacedef-ref nicename="tos.chips.msp430.usart.HplMsp430I2C" qname="HplMsp430I2C"/>
        <type-function alignment="I:1" size="I:1">
          <type-int alignment="I:1" cname="unsigned char" size="I:1" unsigned="">
            <typename><typedef-ref name="bool" ref="0x40384e80"/></typename>
          </type-int>
          <function-parameters>
          </function-parameters>
        </type-function>
        <parameters>
        </parameters>
      </function>
      <function command="" loc="97:/home/zly/tinyos-main/tos/chips/msp430/usart/HplMsp430I2C.nc" name="isArbitrationLostPending" provided="0" ref="0x40ca2b98">
        <interfacedef-ref nicename="tos.chips.msp430.usart.HplMsp430I2C" qname="HplMsp430I2C"/>
        <type-function alignment="I:1" size="I:1">
          <type-int alignment="I:1" cname="unsigned char" size="I:1" unsigned="">
            <typename><typedef-ref name="bool" ref="0x40384e80"/></typename>
          </type-int>
          <function-parameters>
          </function-parameters>
        </type-function>
        <parameters>
        </parameters>
      </function>
      <function command="" loc="74:/home/zly/tinyos-main/tos/chips/msp430/usart/HplMsp430I2C.nc" name="disableReceiveReady" provided="0" ref="0x40ca7010">
        <interfacedef-ref nicename="tos.chips.msp430.usart.HplMsp430I2C" qname="HplMsp430I2C"/>
        <type-function alignment="I:1" size="I:1">
          <type-void alignment="I:1" size="I:1"/>
          <function-parameters>
          </function-parameters>
        </type-function>
        <parameters>
        </parameters>
      </function>
      <function command="" loc="83:/home/zly/tinyos-main/tos/chips/msp430/usart/HplMsp430I2C.nc" name="disableNoAck" provided="0" ref="0x40ca68d0">
        <interfacedef-ref nicename="tos.chips.msp430.usart.HplMsp430I2C" qname="HplMsp430I2C"/>
        <type-function alignment="I:1" size="I:1">
          <type-void alignment="I:1" size="I:1"/>
          <function-parameters>
          </function-parameters>
        </type-function>
        <parameters>
        </parameters>
      </function>
      <function command="" loc="65:/home/zly/tinyos-main/tos/chips/msp430/usart/HplMsp430I2C.nc" name="disableStartDetect" provided="0" ref="0x40ca96c0">
        <interfacedef-ref nicename="tos.chips.msp430.usart.HplMsp430I2C" qname="HplMsp430I2C"/>
        <type-function alignment="I:1" size="I:1">
          <type-void alignment="I:1" size="I:1"/>
          <function-parameters>
          </function-parameters>
        </type-function>
        <parameters>
        </parameters>
      </function>
      <function command="" loc="87:/home/zly/tinyos-main/tos/chips/msp430/usart/HplMsp430I2C.nc" name="enableArbitrationLost" provided="0" ref="0x40ca4780">
        <interfacedef-ref nicename="tos.chips.msp430.usart.HplMsp430I2C" qname="HplMsp430I2C"/>
        <type-function alignment="I:1" size="I:1">
          <type-void alignment="I:1" size="I:1"/>
          <function-parameters>
          </function-parameters>
        </type-function>
        <parameters>
        </parameters>
      </function>
      <function command="" loc="15:/home/zly/tinyos-main/tos/chips/msp430/usart/HplMsp430I2C.nc" name="disableI2C" provided="0" ref="0x40cb4310">
        <interfacedef-ref nicename="tos.chips.msp430.usart.HplMsp430I2C" qname="HplMsp430I2C"/>
        <type-function alignment="I:1" size="I:1">
          <type-void alignment="I:1" size="I:1"/>
          <function-parameters>
          </function-parameters>
        </type-function>
        <parameters>
        </parameters>
      </function>
      <function command="" loc="53:/home/zly/tinyos-main/tos/chips/msp430/usart/HplMsp430I2C.nc" name="getShiftClock" provided="0" ref="0x40cac8b0">
        <interfacedef-ref nicename="tos.chips.msp430.usart.HplMsp430I2C" qname="HplMsp430I2C"/>
        <type-function alignment="I:1" size="I:1">
          <type-int alignment="I:2" cname="unsigned int" size="I:2" unsigned="">
            <typename><typedef-ref name="uint16_t" ref="0x40213010"/></typename>
          </type-int>
          <function-parameters>
          </function-parameters>
        </type-function>
        <parameters>
        </parameters>
      </function>
      <function command="" loc="86:/home/zly/tinyos-main/tos/chips/msp430/usart/HplMsp430I2C.nc" name="disableArbitrationLost" provided="0" ref="0x40ca4138">
        <interfacedef-ref nicename="tos.chips.msp430.usart.HplMsp430I2C" qname="HplMsp430I2C"/>
        <type-function alignment="I:1" size="I:1">
          <type-void alignment="I:1" size="I:1"/>
          <function-parameters>
          </function-parameters>
        </type-function>
        <parameters>
        </parameters>
      </function>
      <function command="" loc="77:/home/zly/tinyos-main/tos/chips/msp430/usart/HplMsp430I2C.nc" name="disableAccessReady" provided="0" ref="0x40ca7860">
        <interfacedef-ref nicename="tos.chips.msp430.usart.HplMsp430I2C" qname="HplMsp430I2C"/>
        <type-function alignment="I:1" size="I:1">
          <type-void alignment="I:1" size="I:1"/>
          <function-parameters>
          </function-parameters>
        </type-function>
        <parameters>
        </parameters>
      </function>
      <function command="" loc="46:/home/zly/tinyos-main/tos/chips/msp430/usart/HplMsp430I2C.nc" name="setTransferByteCount" provided="0" ref="0x40cada10">
        <interfacedef-ref nicename="tos.chips.msp430.usart.HplMsp430I2C" qname="HplMsp430I2C"/>
        <type-function alignment="I:1" size="I:1">
          <type-void alignment="I:1" size="I:1"/>
          <function-parameters>
            <type-int alignment="I:1" cname="unsigned char" size="I:1" unsigned="">
              <typename><typedef-ref name="uint8_t" ref="0x40212dc8"/></typename>
            </type-int>
          </function-parameters>
        </type-function>
        <parameters>
          <variable loc="46:/home/zly/tinyos-main/tos/chips/msp430/usart/HplMsp430I2C.nc" name="count" ref="0x40cad8b8">
            <type-int alignment="I:1" cname="unsigned char" size="I:1" unsigned="">
              <typename><typedef-ref name="uint8_t" ref="0x40212dc8"/></typename>
            </type-int>
          </variable>
        </parameters>
      </function>
      <function command="" loc="95:/home/zly/tinyos-main/tos/chips/msp430/usart/HplMsp430I2C.nc" name="isOwnAddressPending" provided="0" ref="0x40ca22d0">
        <interfacedef-ref nicename="tos.chips.msp430.usart.HplMsp430I2C" qname="HplMsp430I2C"/>
        <type-function alignment="I:1" size="I:1">
          <type-int alignment="I:1" cname="unsigned char" size="I:1" unsigned="">
            <typename><typedef-ref name="bool" ref="0x40384e80"/></typename>
          </type-int>
          <function-parameters>
          </function-parameters>
        </type-function>
        <parameters>
        </parameters>
      </function>
      <function command="" loc="57:/home/zly/tinyos-main/tos/chips/msp430/usart/HplMsp430I2C.nc" name="getOwnAddress" provided="0" ref="0x40cab2b8">
        <interfacedef-ref nicename="tos.chips.msp430.usart.HplMsp430I2C" qname="HplMsp430I2C"/>
        <type-function alignment="I:1" size="I:1">
          <type-int alignment="I:2" cname="unsigned int" size="I:2" unsigned="">
            <typename><typedef-ref name="uint16_t" ref="0x40213010"/></typename>
          </type-int>
          <function-parameters>
          </function-parameters>
        </type-function>
        <parameters>
        </parameters>
      </function>
      <function command="" loc="72:/home/zly/tinyos-main/tos/chips/msp430/usart/HplMsp430I2C.nc" name="enableTransmitReady" provided="0" ref="0x40ca8bc0">
        <interfacedef-ref nicename="tos.chips.msp430.usart.HplMsp430I2C" qname="HplMsp430I2C"/>
        <type-function alignment="I:1" size="I:1">
          <type-void alignment="I:1" size="I:1"/>
          <function-parameters>
          </function-parameters>
        </type-function>
        <parameters>
        </parameters>
      </function>
      <function command="" loc="8:/home/zly/tinyos-main/tos/chips/msp430/usart/HplMsp430I2C.nc" name="setModeI2C" provided="0" ref="0x40c89360">
        <interfacedef-ref nicename="tos.chips.msp430.usart.HplMsp430I2C" qname="HplMsp430I2C"/>
        <type-function alignment="I:1" size="I:1">
          <type-void alignment="I:1" size="I:1"/>
          <function-parameters>
            <type-pointer alignment="I:2" size="I:2">
              <type-tag alignment="I:2" size="I:8"><union-ref ref="0x40c25af8"/>
                <typename><typedef-ref name="msp430_i2c_union_config_t" ref="0x40c25d20"/></typename>
              </type-tag>
            </type-pointer>
          </function-parameters>
        </type-function>
        <parameters>
          <variable loc="8:/home/zly/tinyos-main/tos/chips/msp430/usart/HplMsp430I2C.nc" name="config" ref="0x40c89208">
            <type-pointer alignment="I:2" size="I:2">
              <type-tag alignment="I:2" size="I:8"><union-ref ref="0x40c25af8"/>
                <typename><typedef-ref name="msp430_i2c_union_config_t" ref="0x40c25d20"/></typename>
              </type-tag>
            </type-pointer>
          </variable>
        </parameters>
      </function>
      <function command="" loc="37:/home/zly/tinyos-main/tos/chips/msp430/usart/HplMsp430I2C.nc" name="getStartBit" provided="0" ref="0x40caf158">
        <interfacedef-ref nicename="tos.chips.msp430.usart.HplMsp430I2C" qname="HplMsp430I2C"/>
        <type-function alignment="I:1" size="I:1">
          <type-int alignment="I:1" cname="unsigned char" size="I:1" unsigned="">
            <typename><typedef-ref name="bool" ref="0x40384e80"/></typename>
          </type-int>
          <function-parameters>
          </function-parameters>
        </type-function>
        <parameters>
        </parameters>
      </function>
      <function command="" loc="19:/home/zly/tinyos-main/tos/chips/msp430/usart/HplMsp430I2C.nc" name="setWordMode" provided="0" ref="0x40cb4c78">
        <interfacedef-ref nicename="tos.chips.msp430.usart.HplMsp430I2C" qname="HplMsp430I2C"/>
        <type-function alignment="I:1" size="I:1">
          <type-void alignment="I:1" size="I:1"/>
          <function-parameters>
            <type-int alignment="I:1" cname="unsigned char" size="I:1" unsigned="">
              <typename><typedef-ref name="bool" ref="0x40384e80"/></typename>
            </type-int>
          </function-parameters>
        </type-function>
        <parameters>
          <variable loc="19:/home/zly/tinyos-main/tos/chips/msp430/usart/HplMsp430I2C.nc" name="mode" ref="0x40cb4b20">
            <type-int alignment="I:1" cname="unsigned char" size="I:1" unsigned="">
              <typename><typedef-ref name="bool" ref="0x40384e80"/></typename>
            </type-int>
          </variable>
        </parameters>
      </function>
      <function command="" loc="42:/home/zly/tinyos-main/tos/chips/msp430/usart/HplMsp430I2C.nc" name="setData" provided="0" ref="0x40cafe80">
        <interfacedef-ref nicename="tos.chips.msp430.usart.HplMsp430I2C" qname="HplMsp430I2C"/>
        <type-function alignment="I:1" size="I:1">
          <type-void alignment="I:1" size="I:1"/>
          <function-parameters>
            <type-int alignment="I:1" cname="unsigned char" size="I:1" unsigned="">
              <typename><typedef-ref name="uint8_t" ref="0x40212dc8"/></typename>
            </type-int>
          </function-parameters>
        </type-function>
        <parameters>
          <variable loc="42:/home/zly/tinyos-main/tos/chips/msp430/usart/HplMsp430I2C.nc" name="data" ref="0x40cafd28">
            <type-int alignment="I:1" cname="unsigned char" size="I:1" unsigned="">
              <typename><typedef-ref name="uint8_t" ref="0x40212dc8"/></typename>
            </type-int>
          </variable>
        </parameters>
      </function>
      <function command="" loc="90:/home/zly/tinyos-main/tos/chips/msp430/usart/HplMsp430I2C.nc" name="isStartDetectPending" provided="0" ref="0x40ca4c00">
        <interfacedef-ref nicename="tos.chips.msp430.usart.HplMsp430I2C" qname="HplMsp430I2C"/>
        <type-function alignment="I:1" size="I:1">
          <type-int alignment="I:1" cname="unsigned char" size="I:1" unsigned="">
            <typename><typedef-ref name="bool" ref="0x40384e80"/></typename>
          </type-int>
          <function-parameters>
          </function-parameters>
        </type-function>
        <parameters>
        </parameters>
      </function>
      <function command="" loc="24:/home/zly/tinyos-main/tos/chips/msp430/usart/HplMsp430I2C.nc" name="getClockSource" provided="0" ref="0x40cb2a70">
        <interfacedef-ref nicename="tos.chips.msp430.usart.HplMsp430I2C" qname="HplMsp430I2C"/>
        <type-function alignment="I:1" size="I:1">
          <type-int alignment="I:1" cname="unsigned char" size="I:1" unsigned="">
            <typename><typedef-ref name="uint8_t" ref="0x40212dc8"/></typename>
          </type-int>
          <function-parameters>
          </function-parameters>
        </type-function>
        <parameters>
        </parameters>
      </function>
      <function command="" loc="18:/home/zly/tinyos-main/tos/chips/msp430/usart/HplMsp430I2C.nc" name="getWordMode" provided="0" ref="0x40cb4730">
        <interfacedef-ref nicename="tos.chips.msp430.usart.HplMsp430I2C" qname="HplMsp430I2C"/>
        <type-function alignment="I:1" size="I:1">
          <type-int alignment="I:1" cname="unsigned char" size="I:1" unsigned="">
            <typename><typedef-ref name="bool" ref="0x40384e80"/></typename>
          </type-int>
          <function-parameters>
          </function-parameters>
        </type-function>
        <parameters>
        </parameters>
      </function>
      <function command="" loc="54:/home/zly/tinyos-main/tos/chips/msp430/usart/HplMsp430I2C.nc" name="setShiftClock" provided="0" ref="0x40cace40">
        <interfacedef-ref nicename="tos.chips.msp430.usart.HplMsp430I2C" qname="HplMsp430I2C"/>
        <type-function alignment="I:1" size="I:1">
          <type-void alignment="I:1" size="I:1"/>
          <function-parameters>
            <type-int alignment="I:2" cname="unsigned int" size="I:2" unsigned="">
              <typename><typedef-ref name="uint16_t" ref="0x40213010"/></typename>
            </type-int>
          </function-parameters>
        </type-function>
        <parameters>
          <variable loc="54:/home/zly/tinyos-main/tos/chips/msp430/usart/HplMsp430I2C.nc" name="shift" ref="0x40cacce8">
            <type-int alignment="I:2" cname="unsigned int" size="I:2" unsigned="">
              <typename><typedef-ref name="uint16_t" ref="0x40213010"/></typename>
            </type-int>
          </variable>
        </parameters>
      </function>
      <function command="" loc="12:/home/zly/tinyos-main/tos/chips/msp430/usart/HplMsp430I2C.nc" name="setSlaveMode" provided="0" ref="0x40c89b58">
        <interfacedef-ref nicename="tos.chips.msp430.usart.HplMsp430I2C" qname="HplMsp430I2C"/>
        <type-function alignment="I:1" size="I:1">
          <type-void alignment="I:1" size="I:1"/>
          <function-parameters>
          </function-parameters>
        </type-function>
        <parameters>
        </parameters>
      </function>
      <function command="" loc="84:/home/zly/tinyos-main/tos/chips/msp430/usart/HplMsp430I2C.nc" name="enableNoAck" provided="0" ref="0x40ca6cb0">
        <interfacedef-ref nicename="tos.chips.msp430.usart.HplMsp430I2C" qname="HplMsp430I2C"/>
        <type-function alignment="I:1" size="I:1">
          <type-void alignment="I:1" size="I:1"/>
          <function-parameters>
          </function-parameters>
        </type-function>
        <parameters>
        </parameters>
      </function>
      <function command="" loc="75:/home/zly/tinyos-main/tos/chips/msp430/usart/HplMsp430I2C.nc" name="enableReceiveReady" provided="0" ref="0x40ca7438">
        <interfacedef-ref nicename="tos.chips.msp430.usart.HplMsp430I2C" qname="HplMsp430I2C"/>
        <type-function alignment="I:1" size="I:1">
          <type-void alignment="I:1" size="I:1"/>
          <function-parameters>
          </function-parameters>
        </type-function>
        <parameters>
        </parameters>
      </function>
      <function command="" loc="68:/home/zly/tinyos-main/tos/chips/msp430/usart/HplMsp430I2C.nc" name="disableGeneralCall" provided="0" ref="0x40ca9f08">
        <interfacedef-ref nicename="tos.chips.msp430.usart.HplMsp430I2C" qname="HplMsp430I2C"/>
        <type-function alignment="I:1" size="I:1">
          <type-void alignment="I:1" size="I:1"/>
          <function-parameters>
          </function-parameters>
        </type-function>
        <parameters>
        </parameters>
      </function>
      <function command="" loc="50:/home/zly/tinyos-main/tos/chips/msp430/usart/HplMsp430I2C.nc" name="setClockPrescaler" provided="0" ref="0x40cac450">
        <interfacedef-ref nicename="tos.chips.msp430.usart.HplMsp430I2C" qname="HplMsp430I2C"/>
        <type-function alignment="I:1" size="I:1">
          <type-void alignment="I:1" size="I:1"/>
          <function-parameters>
            <type-int alignment="I:1" cname="unsigned char" size="I:1" unsigned="">
              <typename><typedef-ref name="uint8_t" ref="0x40212dc8"/></typename>
            </type-int>
          </function-parameters>
        </type-function>
        <parameters>
          <variable loc="50:/home/zly/tinyos-main/tos/chips/msp430/usart/HplMsp430I2C.nc" name="scaler" ref="0x40cac2f8">
            <type-int alignment="I:1" cname="unsigned char" size="I:1" unsigned="">
              <typename><typedef-ref name="uint8_t" ref="0x40212dc8"/></typename>
            </type-int>
          </variable>
        </parameters>
      </function>
      <function command="" loc="35:/home/zly/tinyos-main/tos/chips/msp430/usart/HplMsp430I2C.nc" name="setStopBit" provided="0" ref="0x40cb0d28">
        <interfacedef-ref nicename="tos.chips.msp430.usart.HplMsp430I2C" qname="HplMsp430I2C"/>
        <type-function alignment="I:1" size="I:1">
          <type-void alignment="I:1" size="I:1"/>
          <function-parameters>
          </function-parameters>
        </type-function>
        <parameters>
        </parameters>
      </function>
      <function command="" loc="29:/home/zly/tinyos-main/tos/chips/msp430/usart/HplMsp430I2C.nc" name="setReceiveMode" provided="0" ref="0x40cb1d18">
        <interfacedef-ref nicename="tos.chips.msp430.usart.HplMsp430I2C" qname="HplMsp430I2C"/>
        <type-function alignment="I:1" size="I:1">
          <type-void alignment="I:1" size="I:1"/>
          <function-parameters>
          </function-parameters>
        </type-function>
        <parameters>
        </parameters>
      </function>
      <function command="" loc="96:/home/zly/tinyos-main/tos/chips/msp430/usart/HplMsp430I2C.nc" name="isNoAckPending" provided="0" ref="0x40ca2700">
        <interfacedef-ref nicename="tos.chips.msp430.usart.HplMsp430I2C" qname="HplMsp430I2C"/>
        <type-function alignment="I:1" size="I:1">
          <type-int alignment="I:1" cname="unsigned char" size="I:1" unsigned="">
            <typename><typedef-ref name="bool" ref="0x40384e80"/></typename>
          </type-int>
          <function-parameters>
          </function-parameters>
        </type-function>
        <parameters>
        </parameters>
      </function>
      <function command="" loc="22:/home/zly/tinyos-main/tos/chips/msp430/usart/HplMsp430I2C.nc" name="setRepeatMode" provided="0" ref="0x40cb2628">
        <interfacedef-ref nicename="tos.chips.msp430.usart.HplMsp430I2C" qname="HplMsp430I2C"/>
        <type-function alignment="I:1" size="I:1">
          <type-void alignment="I:1" size="I:1"/>
          <function-parameters>
            <type-int alignment="I:1" cname="unsigned char" size="I:1" unsigned="">
              <typename><typedef-ref name="bool" ref="0x40384e80"/></typename>
            </type-int>
          </function-parameters>
        </type-function>
        <parameters>
          <variable loc="22:/home/zly/tinyos-main/tos/chips/msp430/usart/HplMsp430I2C.nc" name="mode" ref="0x40cb24d0">
            <type-int alignment="I:1" cname="unsigned char" size="I:1" unsigned="">
              <typename><typedef-ref name="bool" ref="0x40384e80"/></typename>
            </type-int>
          </variable>
        </parameters>
      </function>
      <function command="" loc="92:/home/zly/tinyos-main/tos/chips/msp430/usart/HplMsp430I2C.nc" name="isTransmitReadyPending" provided="0" ref="0x40ca3510">
        <interfacedef-ref nicename="tos.chips.msp430.usart.HplMsp430I2C" qname="HplMsp430I2C"/>
        <type-function alignment="I:1" size="I:1">
          <type-int alignment="I:1" cname="unsigned char" size="I:1" unsigned="">
            <typename><typedef-ref name="bool" ref="0x40384e80"/></typename>
          </type-int>
          <function-parameters>
          </function-parameters>
        </type-function>
        <parameters>
        </parameters>
      </function>
      <function command="" loc="32:/home/zly/tinyos-main/tos/chips/msp430/usart/HplMsp430I2C.nc" name="setStartByte" provided="0" ref="0x40cb0548">
        <interfacedef-ref nicename="tos.chips.msp430.usart.HplMsp430I2C" qname="HplMsp430I2C"/>
        <type-function alignment="I:1" size="I:1">
          <type-void alignment="I:1" size="I:1"/>
          <function-parameters>
          </function-parameters>
        </type-function>
        <parameters>
        </parameters>
      </function>
      <function command="" loc="93:/home/zly/tinyos-main/tos/chips/msp430/usart/HplMsp430I2C.nc" name="isReceiveReadyPending" provided="0" ref="0x40ca3988">
        <interfacedef-ref nicename="tos.chips.msp430.usart.HplMsp430I2C" qname="HplMsp430I2C"/>
        <type-function alignment="I:1" size="I:1">
          <type-int alignment="I:1" cname="unsigned char" size="I:1" unsigned="">
            <typename><typedef-ref name="bool" ref="0x40384e80"/></typename>
          </type-int>
          <function-parameters>
          </function-parameters>
        </type-function>
        <parameters>
        </parameters>
      </function>
    </interfacedef>