<?xml version="1.0" ?><interfacedef loc="43:/home/zly/tinyos-main/tos/chips/cc2420/interfaces/PacketTimeSyncOffset.nc" nicename="tos.chips.cc2420.interfaces.PacketTimeSyncOffset" qname="PacketTimeSyncOffset">
      <function command="" loc="58:/home/zly/tinyos-main/tos/chips/cc2420/interfaces/PacketTimeSyncOffset.nc" name="get" provided="0" ref="0x40eb8918">
        <documentation loc="52:/home/zly/tinyos-main/tos/chips/cc2420/interfaces/PacketTimeSyncOffset.nc">
          <short>
 </short>
          <long>
 @param 'message_t *ONE msg' message to examine.

 Returns the offset of where the timesync timestamp is sotred in a
 CC2420 packet
</long>
        </documentation>
        <interfacedef-ref nicename="tos.chips.cc2420.interfaces.PacketTimeSyncOffset" qname="PacketTimeSyncOffset"/>
        <type-function alignment="I:1" size="I:1">
          <type-int alignment="I:1" cname="unsigned char" size="I:1" unsigned="">
            <typename><typedef-ref name="uint8_t" ref="0x40212dc8"/></typename>
          </type-int>
          <function-parameters>
            <type-pointer alignment="I:2" size="I:2">
              <type-tag alignment="I:1" size="I:52"><nx_struct-ref name="message_t" ref="0x4075a750"/>
                <typename><typedef-ref name="message_t" ref="0x40758518"/></typename>
              </type-tag>
            </type-pointer>
          </function-parameters>
        </type-function>
        <parameters>
          <variable loc="58:/home/zly/tinyos-main/tos/chips/cc2420/interfaces/PacketTimeSyncOffset.nc" name="msg" ref="0x40eb87c0">
            <type-pointer alignment="I:2" size="I:2">
              <type-tag alignment="I:1" size="I:52"><nx_struct-ref name="message_t" ref="0x4075a750"/>
                <typename><typedef-ref name="message_t" ref="0x40758518"/></typename>
              </type-tag>
            </type-pointer>
          </variable>
        </parameters>
      </function>
      <function command="" loc="50:/home/zly/tinyos-main/tos/chips/cc2420/interfaces/PacketTimeSyncOffset.nc" name="isSet" provided="0" ref="0x40eb8010">
        <documentation loc="45:/home/zly/tinyos-main/tos/chips/cc2420/interfaces/PacketTimeSyncOffset.nc">
          <short>
 </short>
          <long>
 @param 'message_t *ONE msg' message to examine.

 Returns TRUE if the current message should be timestamped.
</long>
        </documentation>
        <interfacedef-ref nicename="tos.chips.cc2420.interfaces.PacketTimeSyncOffset" qname="PacketTimeSyncOffset"/>
        <type-function alignment="I:1" size="I:1">
          <type-int alignment="I:1" cname="unsigned char" size="I:1" unsigned="">
            <typename><typedef-ref name="bool" ref="0x40384e80"/></typename>
          </type-int>
          <function-parameters>
            <type-pointer alignment="I:2" size="I:2">
              <type-tag alignment="I:1" size="I:52"><nx_struct-ref name="message_t" ref="0x4075a750"/>
                <typename><typedef-ref name="message_t" ref="0x40758518"/></typename>
              </type-tag>
            </type-pointer>
          </function-parameters>
        </type-function>
        <parameters>
          <variable loc="50:/home/zly/tinyos-main/tos/chips/cc2420/interfaces/PacketTimeSyncOffset.nc" name="msg" ref="0x40ebce78">
            <type-pointer alignment="I:2" size="I:2">
              <type-tag alignment="I:1" size="I:52"><nx_struct-ref name="message_t" ref="0x4075a750"/>
                <typename><typedef-ref name="message_t" ref="0x40758518"/></typename>
              </type-tag>
            </type-pointer>
          </variable>
        </parameters>
      </function>
      <function command="" loc="72:/home/zly/tinyos-main/tos/chips/cc2420/interfaces/PacketTimeSyncOffset.nc" name="cancel" provided="0" ref="0x40eb7b08">
        <documentation loc="67:/home/zly/tinyos-main/tos/chips/cc2420/interfaces/PacketTimeSyncOffset.nc">
          <short>
 </short>
          <long>
 @param 'message_t *ONE msg' message to modify.

 Cancels any pending requests to timestamp the message in MAC.
</long>
        </documentation>
        <interfacedef-ref nicename="tos.chips.cc2420.interfaces.PacketTimeSyncOffset" qname="PacketTimeSyncOffset"/>
        <type-function alignment="I:1" size="I:1">
          <type-void alignment="I:1" size="I:1"/>
          <function-parameters>
            <type-pointer alignment="I:2" size="I:2">
              <type-tag alignment="I:1" size="I:52"><nx_struct-ref name="message_t" ref="0x4075a750"/>
                <typename><typedef-ref name="message_t" ref="0x40758518"/></typename>
              </type-tag>
            </type-pointer>
          </function-parameters>
        </type-function>
        <parameters>
          <variable loc="72:/home/zly/tinyos-main/tos/chips/cc2420/interfaces/PacketTimeSyncOffset.nc" name="msg" ref="0x40eb79b0">
            <type-pointer alignment="I:2" size="I:2">
              <type-tag alignment="I:1" size="I:52"><nx_struct-ref name="message_t" ref="0x4075a750"/>
                <typename><typedef-ref name="message_t" ref="0x40758518"/></typename>
              </type-tag>
            </type-pointer>
          </variable>
        </parameters>
      </function>
      <function command="" loc="65:/home/zly/tinyos-main/tos/chips/cc2420/interfaces/PacketTimeSyncOffset.nc" name="set" provided="0" ref="0x40eb7220">
        <documentation loc="60:/home/zly/tinyos-main/tos/chips/cc2420/interfaces/PacketTimeSyncOffset.nc">
          <short>
 </short>
          <long>
 @param 'message_t *ONE msg' message to modify.

  Sets the current message to be timestamped in the MAC layer.
</long>
        </documentation>
        <interfacedef-ref nicename="tos.chips.cc2420.interfaces.PacketTimeSyncOffset" qname="PacketTimeSyncOffset"/>
        <type-function alignment="I:1" size="I:1">
          <type-void alignment="I:1" size="I:1"/>
          <function-parameters>
            <type-pointer alignment="I:2" size="I:2">
              <type-tag alignment="I:1" size="I:52"><nx_struct-ref name="message_t" ref="0x4075a750"/>
                <typename><typedef-ref name="message_t" ref="0x40758518"/></typename>
              </type-tag>
            </type-pointer>
          </function-parameters>
        </type-function>
        <parameters>
          <variable loc="65:/home/zly/tinyos-main/tos/chips/cc2420/interfaces/PacketTimeSyncOffset.nc" name="msg" ref="0x40eb70c8">
            <type-pointer alignment="I:2" size="I:2">
              <type-tag alignment="I:1" size="I:52"><nx_struct-ref name="message_t" ref="0x4075a750"/>
                <typename><typedef-ref name="message_t" ref="0x40758518"/></typename>
              </type-tag>
            </type-pointer>
          </variable>
        </parameters>
      </function>
    </interfacedef>