<?xml version="1.0" ?><interfacedef loc="40:/home/zly/tinyos-main/tos/interfaces/ResourceDefaultOwner.nc" nicename="tos.interfaces.ResourceDefaultOwner" qname="ResourceDefaultOwner">
      <documentation loc="31:/home/zly/tinyos-main/tos/interfaces/ResourceDefaultOwner.nc">
        <short>
 Please refer to TEP 108 for more information about this interface and its
 intended use.&lt;br&gt;&lt;br&gt;

 </short>
        <long>
 Please refer to TEP 108 for more information about this interface and its
 intended use.&lt;br&gt;&lt;br&gt;

 @author Kevin Klues (klues@tkn.tu-berlin.edu)
 @version $ $
 @date $Date: 2007-02-04 20:06:42 $ 
</long>
      </documentation>
      <function command="" loc="56:/home/zly/tinyos-main/tos/interfaces/ResourceDefaultOwner.nc" name="release" provided="0" ref="0x40d428d0">
        <documentation loc="48:/home/zly/tinyos-main/tos/interfaces/ResourceDefaultOwner.nc">
          <short>
 Release control of the resource

 </short>
          <long>
 Release control of the resource

 @return SUCCESS The resource has been released and pending requests
                 can resume. &lt;br&gt;
             FAIL You tried to release but you are not the
                  owner of the resource
</long>
        </documentation>
        <interfacedef-ref nicename="tos.interfaces.ResourceDefaultOwner" qname="ResourceDefaultOwner"/>
        <type-function alignment="I:1" size="I:1">
          <type-int alignment="I:1" cname="unsigned char" size="I:1" unsigned="">
            <typename><typedef-ref name="error_t" ref="0x4038cda0"/></typename>
          </type-int>
          <function-parameters>
          </function-parameters>
        </type-function>
        <parameters>
        </parameters>
      </function>
      <function event="" loc="73:/home/zly/tinyos-main/tos/interfaces/ResourceDefaultOwner.nc" name="requested" provided="0" ref="0x40d412d0">
        <documentation loc="67:/home/zly/tinyos-main/tos/interfaces/ResourceDefaultOwner.nc">
          <short>
 This event is signalled whenever the user of this interface
 currently has control of the resource, and another user requests
 it through the Resource.request() command.</short>
          <long>
 This event is signalled whenever the user of this interface
 currently has control of the resource, and another user requests
 it through the Resource.request() command. You may want to
 consider releasing a resource based on this event
</long>
        </documentation>
        <interfacedef-ref nicename="tos.interfaces.ResourceDefaultOwner" qname="ResourceDefaultOwner"/>
        <type-function alignment="I:1" size="I:1">
          <type-void alignment="I:1" size="I:1"/>
          <function-parameters>
          </function-parameters>
        </type-function>
        <parameters>
        </parameters>
      </function>
      <function event="" loc="46:/home/zly/tinyos-main/tos/interfaces/ResourceDefaultOwner.nc" name="granted" provided="0" ref="0x40d423a0">
        <documentation loc="41:/home/zly/tinyos-main/tos/interfaces/ResourceDefaultOwner.nc">
          <short>
 Event sent to the resource controller giving it control whenever a resource
 goes idle.</short>
          <long>
 Event sent to the resource controller giving it control whenever a resource
 goes idle. That is to say, whenever no one currently owns the resource,
 and there are no more pending requests
</long>
        </documentation>
        <interfacedef-ref nicename="tos.interfaces.ResourceDefaultOwner" qname="ResourceDefaultOwner"/>
        <type-function alignment="I:1" size="I:1">
          <type-void alignment="I:1" size="I:1"/>
          <function-parameters>
          </function-parameters>
        </type-function>
        <parameters>
        </parameters>
      </function>
      <function command="" loc="65:/home/zly/tinyos-main/tos/interfaces/ResourceDefaultOwner.nc" name="isOwner" provided="0" ref="0x40d42de0">
        <documentation loc="58:/home/zly/tinyos-main/tos/interfaces/ResourceDefaultOwner.nc">
          <short>
  Check if the user of this interface is the current
  owner of the Resource
 
  </short>
          <long>
  Check if the user of this interface is the current
  owner of the Resource
 
  @return TRUE  It is the owner &lt;br&gt;
          FALSE It is not the owner
</long>
        </documentation>
        <interfacedef-ref nicename="tos.interfaces.ResourceDefaultOwner" qname="ResourceDefaultOwner"/>
        <type-function alignment="I:1" size="I:1">
          <type-int alignment="I:1" cname="unsigned char" size="I:1" unsigned="">
            <typename><typedef-ref name="bool" ref="0x40384e80"/></typename>
          </type-int>
          <function-parameters>
          </function-parameters>
        </type-function>
        <parameters>
        </parameters>
      </function>
      <function event="" loc="81:/home/zly/tinyos-main/tos/interfaces/ResourceDefaultOwner.nc" name="immediateRequested" provided="0" ref="0x40d418a8">
        <documentation loc="75:/home/zly/tinyos-main/tos/interfaces/ResourceDefaultOwner.nc">
          <short>
 This event is signalled whenever the user of this interface
 currently has control of the resource, and another user requests
 it through the Resource.immediateRequest() command.</short>
          <long>
 This event is signalled whenever the user of this interface
 currently has control of the resource, and another user requests
 it through the Resource.immediateRequest() command. You may
 want to consider releasing a resource based on this event
</long>
        </documentation>
        <interfacedef-ref nicename="tos.interfaces.ResourceDefaultOwner" qname="ResourceDefaultOwner"/>
        <type-function alignment="I:1" size="I:1">
          <type-void alignment="I:1" size="I:1"/>
          <function-parameters>
          </function-parameters>
        </type-function>
        <parameters>
        </parameters>
      </function>
    </interfacedef>