<?xml version="1.0" ?><interfacedef loc="37:/home/zly/tinyos-main/tos/chips/cc2420/interfaces/ReceiveIndicator.nc" nicename="tos.chips.cc2420.interfaces.ReceiveIndicator" qname="ReceiveIndicator">
      <documentation loc="32:/home/zly/tinyos-main/tos/chips/cc2420/interfaces/ReceiveIndicator.nc">
        <short>
 Interface to obtain energy, byte, and packet receive check readings
 </short>
        <long>
 Interface to obtain energy, byte, and packet receive check readings
 @author David Moss
</long>
      </documentation>
      <function command="" loc="43:/home/zly/tinyos-main/tos/chips/cc2420/interfaces/ReceiveIndicator.nc" name="isReceiving" provided="0" ref="0x40e96650">
        <documentation loc="39:/home/zly/tinyos-main/tos/chips/cc2420/interfaces/ReceiveIndicator.nc">
          <short>
 </short>
          <long>
 @return TRUE if the indicator is showing we are actively receiving at this
 level
</long>
        </documentation>
        <interfacedef-ref nicename="tos.chips.cc2420.interfaces.ReceiveIndicator" qname="ReceiveIndicator"/>
        <type-function alignment="I:1" size="I:1">
          <type-int alignment="I:1" cname="unsigned char" size="I:1" unsigned="">
            <typename><typedef-ref name="bool" ref="0x40384e80"/></typename>
          </type-int>
          <function-parameters>
          </function-parameters>
        </type-function>
        <parameters>
        </parameters>
      </function>
    </interfacedef>