<?xml version="1.0" ?><interfacedef loc="37:/home/zly/tinyos-main/tos/chips/msp430/usart/HplMsp430I2CInterrupts.nc" nicename="tos.chips.msp430.usart.HplMsp430I2CInterrupts" qname="HplMsp430I2CInterrupts">
      <documentation loc="32:/home/zly/tinyos-main/tos/chips/msp430/usart/HplMsp430I2CInterrupts.nc">
        <short>
 </short>
        <long>
 @author Jonathan Hui &lt;jhui@archrock.com&gt;
 @version $Revision: 1.4 $ $Date: 2006-12-12 18:23:11 $
</long>
      </documentation>
      <function event="" loc="39:/home/zly/tinyos-main/tos/chips/msp430/usart/HplMsp430I2CInterrupts.nc" name="fired" provided="0" ref="0x40c900c8">
        <interfacedef-ref nicename="tos.chips.msp430.usart.HplMsp430I2CInterrupts" qname="HplMsp430I2CInterrupts"/>
        <type-function alignment="I:1" size="I:1">
          <type-void alignment="I:1" size="I:1"/>
          <function-parameters>
          </function-parameters>
        </type-function>
        <parameters>
        </parameters>
      </function>
    </interfacedef>