<?xml version="1.0" ?><interfacedef loc="9:/home/zly/tinyos-main/tos/platforms/epic/chips/ds2411/ReadId48.nc" nicename="tos.platforms.epic.chips.ds2411.ReadId48" qname="ReadId48">
      <documentation loc="5:/home/zly/tinyos-main/tos/platforms/epic/chips/ds2411/ReadId48.nc">
        <short>
 </short>
        <long>
 @author: Andreas Koepke (koepke@tkn.tu-berlin.de)
</long>
      </documentation>
      <function command="" loc="12:/home/zly/tinyos-main/tos/platforms/epic/chips/ds2411/ReadId48.nc" name="read" provided="0" ref="0x40e4b698">
        <interfacedef-ref nicename="tos.platforms.epic.chips.ds2411.ReadId48" qname="ReadId48"/>
        <type-function alignment="I:1" size="I:1">
          <type-int alignment="I:1" cname="unsigned char" size="I:1" unsigned="">
            <typename><typedef-ref name="error_t" ref="0x4038cda0"/></typename>
          </type-int>
          <function-parameters>
            <type-pointer alignment="I:2" size="I:2">
              <type-int alignment="I:1" cname="unsigned char" size="I:1" unsigned="">
                <typename><typedef-ref name="uint8_t" ref="0x40212dc8"/></typename>
              </type-int>
            </type-pointer>
          </function-parameters>
        </type-function>
        <parameters>
          <variable loc="12:/home/zly/tinyos-main/tos/platforms/epic/chips/ds2411/ReadId48.nc" name="id" ref="0x40e4b540">
            <type-pointer alignment="I:2" size="I:2">
              <type-int alignment="I:1" cname="unsigned char" size="I:1" unsigned="">
                <typename><typedef-ref name="uint8_t" ref="0x40212dc8"/></typename>
              </type-int>
            </type-pointer>
          </variable>
        </parameters>
      </function>
    </interfacedef>