<?xml version="1.0" ?><interfacedef loc="38:/home/zly/tinyos-main/tos/interfaces/State.nc" nicename="tos.interfaces.State" qname="State">
      <documentation loc="33:/home/zly/tinyos-main/tos/interfaces/State.nc">
        <short>
 State machine interface
 </short>
        <long>
 State machine interface
 @author David Moss - dmm@rincon.com
</long>
      </documentation>
      <function command="" loc="71:/home/zly/tinyos-main/tos/interfaces/State.nc" name="getState" provided="0" ref="0x408d3960">
        <documentation loc="68:/home/zly/tinyos-main/tos/interfaces/State.nc">
          <short>
 Get the current state
</short>
        </documentation>
        <interfacedef-ref nicename="tos.interfaces.State" qname="State"/>
        <type-function alignment="I:1" size="I:1">
          <type-int alignment="I:1" cname="unsigned char" size="I:1" unsigned="">
            <typename><typedef-ref name="uint8_t" ref="0x40212dc8"/></typename>
          </type-int>
          <function-parameters>
          </function-parameters>
        </type-function>
        <parameters>
        </parameters>
      </function>
      <function command="" loc="56:/home/zly/tinyos-main/tos/interfaces/State.nc" name="toIdle" provided="0" ref="0x408d4b00">
        <documentation loc="53:/home/zly/tinyos-main/tos/interfaces/State.nc">
          <short>
 Set the current state back to S_IDLE
</short>
        </documentation>
        <interfacedef-ref nicename="tos.interfaces.State" qname="State"/>
        <type-function alignment="I:1" size="I:1">
          <type-void alignment="I:1" size="I:1"/>
          <function-parameters>
          </function-parameters>
        </type-function>
        <parameters>
        </parameters>
      </function>
      <function command="" loc="66:/home/zly/tinyos-main/tos/interfaces/State.nc" name="isState" provided="0" ref="0x408d34f8">
        <documentation loc="63:/home/zly/tinyos-main/tos/interfaces/State.nc">
          <short>
 </short>
          <long>
 @return TRUE if the state machine is in the given state
</long>
        </documentation>
        <interfacedef-ref nicename="tos.interfaces.State" qname="State"/>
        <type-function alignment="I:1" size="I:1">
          <type-int alignment="I:1" cname="unsigned char" size="I:1" unsigned="">
            <typename><typedef-ref name="bool" ref="0x40384e80"/></typename>
          </type-int>
          <function-parameters>
            <type-int alignment="I:1" cname="unsigned char" size="I:1" unsigned="">
              <typename><typedef-ref name="uint8_t" ref="0x40212dc8"/></typename>
            </type-int>
          </function-parameters>
        </type-function>
        <parameters>
          <variable loc="66:/home/zly/tinyos-main/tos/interfaces/State.nc" name="myState" ref="0x408d33a0">
            <type-int alignment="I:1" cname="unsigned char" size="I:1" unsigned="">
              <typename><typedef-ref name="uint8_t" ref="0x40212dc8"/></typename>
            </type-int>
          </variable>
        </parameters>
      </function>
      <function command="" loc="61:/home/zly/tinyos-main/tos/interfaces/State.nc" name="isIdle" provided="0" ref="0x408d4f18">
        <documentation loc="58:/home/zly/tinyos-main/tos/interfaces/State.nc">
          <short>
 </short>
          <long>
 @return TRUE if the state machine is in S_IDLE
</long>
        </documentation>
        <interfacedef-ref nicename="tos.interfaces.State" qname="State"/>
        <type-function alignment="I:1" size="I:1">
          <type-int alignment="I:1" cname="unsigned char" size="I:1" unsigned="">
            <typename><typedef-ref name="bool" ref="0x40384e80"/></typename>
          </type-int>
          <function-parameters>
          </function-parameters>
        </type-function>
        <parameters>
        </parameters>
      </function>
      <function command="" loc="45:/home/zly/tinyos-main/tos/interfaces/State.nc" name="requestState" provided="0" ref="0x408d4010">
        <documentation loc="40:/home/zly/tinyos-main/tos/interfaces/State.nc">
          <short>
 This will allow a state change so long as the current
 state is S_IDLE.</short>
          <long>
 This will allow a state change so long as the current
 state is S_IDLE.
 @return SUCCESS if the state is change, FAIL if it isn't
</long>
        </documentation>
        <interfacedef-ref nicename="tos.interfaces.State" qname="State"/>
        <type-function alignment="I:1" size="I:1">
          <type-int alignment="I:1" cname="unsigned char" size="I:1" unsigned="">
            <typename><typedef-ref name="error_t" ref="0x4038cda0"/></typename>
          </type-int>
          <function-parameters>
            <type-int alignment="I:1" cname="unsigned char" size="I:1" unsigned="">
              <typename><typedef-ref name="uint8_t" ref="0x40212dc8"/></typename>
            </type-int>
          </function-parameters>
        </type-function>
        <parameters>
          <variable loc="45:/home/zly/tinyos-main/tos/interfaces/State.nc" name="reqState" ref="0x408d6e68">
            <type-int alignment="I:1" cname="unsigned char" size="I:1" unsigned="">
              <typename><typedef-ref name="uint8_t" ref="0x40212dc8"/></typename>
            </type-int>
          </variable>
        </parameters>
      </function>
      <function command="" loc="51:/home/zly/tinyos-main/tos/interfaces/State.nc" name="forceState" provided="0" ref="0x408d4678">
        <documentation loc="47:/home/zly/tinyos-main/tos/interfaces/State.nc">
          <short>
 Force the state machine to go into a certain state,
 regardless of the current state it's in.</short>
          <long>
 Force the state machine to go into a certain state,
 regardless of the current state it's in.
</long>
        </documentation>
        <interfacedef-ref nicename="tos.interfaces.State" qname="State"/>
        <type-function alignment="I:1" size="I:1">
          <type-void alignment="I:1" size="I:1"/>
          <function-parameters>
            <type-int alignment="I:1" cname="unsigned char" size="I:1" unsigned="">
              <typename><typedef-ref name="uint8_t" ref="0x40212dc8"/></typename>
            </type-int>
          </function-parameters>
        </type-function>
        <parameters>
          <variable loc="51:/home/zly/tinyos-main/tos/interfaces/State.nc" name="reqState" ref="0x408d4520">
            <type-int alignment="I:1" cname="unsigned char" size="I:1" unsigned="">
              <typename><typedef-ref name="uint8_t" ref="0x40212dc8"/></typename>
            </type-int>
          </variable>
        </parameters>
      </function>
    </interfacedef>