<?xml version="1.0" ?><interfacedef loc="43:/home/zly/tinyos-main/tos/chips/msp430/timer/Msp430Timer.nc" nicename="tos.chips.msp430.timer.Msp430Timer" qname="Msp430Timer">
      <documentation loc="33:/home/zly/tinyos-main/tos/chips/msp430/timer/Msp430Timer.nc">
        <short>
 </short>
        <long>
 @author Cory Sharp &lt;cssharp@eecs.berkeley.edu&gt;
 @author Jan Hauer &lt;hauer@tkn.tu-berlin.de&gt;
</long>
      </documentation>
      <function command="" loc="52:/home/zly/tinyos-main/tos/chips/msp430/timer/Msp430Timer.nc" name="clear" provided="0" ref="0x40659640">
        <interfacedef-ref nicename="tos.chips.msp430.timer.Msp430Timer" qname="Msp430Timer"/>
        <type-function alignment="I:1" size="I:1">
          <type-void alignment="I:1" size="I:1"/>
          <function-parameters>
          </function-parameters>
        </type-function>
        <parameters>
        </parameters>
      </function>
      <function command="" loc="55:/home/zly/tinyos-main/tos/chips/msp430/timer/Msp430Timer.nc" name="setClockSource" provided="0" ref="0x40657470">
        <interfacedef-ref nicename="tos.chips.msp430.timer.Msp430Timer" qname="Msp430Timer"/>
        <type-function alignment="I:1" size="I:1">
          <type-void alignment="I:1" size="I:1"/>
          <function-parameters>
            <type-int alignment="I:2" cname="unsigned int" size="I:2" unsigned="">
              <typename><typedef-ref name="uint16_t" ref="0x40213010"/></typename>
            </type-int>
          </function-parameters>
        </type-function>
        <parameters>
          <variable loc="55:/home/zly/tinyos-main/tos/chips/msp430/timer/Msp430Timer.nc" name="clockSource" ref="0x40657318">
            <type-int alignment="I:2" cname="unsigned int" size="I:2" unsigned="">
              <typename><typedef-ref name="uint16_t" ref="0x40213010"/></typename>
            </type-int>
          </variable>
        </parameters>
      </function>
      <function command="" loc="53:/home/zly/tinyos-main/tos/chips/msp430/timer/Msp430Timer.nc" name="enableEvents" provided="0" ref="0x40659a30">
        <interfacedef-ref nicename="tos.chips.msp430.timer.Msp430Timer" qname="Msp430Timer"/>
        <type-function alignment="I:1" size="I:1">
          <type-void alignment="I:1" size="I:1"/>
          <function-parameters>
          </function-parameters>
        </type-function>
        <parameters>
        </parameters>
      </function>
      <function command="" loc="45:/home/zly/tinyos-main/tos/chips/msp430/timer/Msp430Timer.nc" name="get" provided="0" ref="0x4062dd98">
        <interfacedef-ref nicename="tos.chips.msp430.timer.Msp430Timer" qname="Msp430Timer"/>
        <type-function alignment="I:1" size="I:1">
          <type-int alignment="I:2" cname="unsigned int" size="I:2" unsigned="">
            <typename><typedef-ref name="uint16_t" ref="0x40213010"/></typename>
          </type-int>
          <function-parameters>
          </function-parameters>
        </type-function>
        <parameters>
        </parameters>
      </function>
      <function command="" loc="54:/home/zly/tinyos-main/tos/chips/msp430/timer/Msp430Timer.nc" name="disableEvents" provided="0" ref="0x40659e28">
        <interfacedef-ref nicename="tos.chips.msp430.timer.Msp430Timer" qname="Msp430Timer"/>
        <type-function alignment="I:1" size="I:1">
          <type-void alignment="I:1" size="I:1"/>
          <function-parameters>
          </function-parameters>
        </type-function>
        <parameters>
        </parameters>
      </function>
      <function command="" loc="47:/home/zly/tinyos-main/tos/chips/msp430/timer/Msp430Timer.nc" name="clearOverflow" provided="0" ref="0x4065a608">
        <interfacedef-ref nicename="tos.chips.msp430.timer.Msp430Timer" qname="Msp430Timer"/>
        <type-function alignment="I:1" size="I:1">
          <type-void alignment="I:1" size="I:1"/>
          <function-parameters>
          </function-parameters>
        </type-function>
        <parameters>
        </parameters>
      </function>
      <function command="" loc="51:/home/zly/tinyos-main/tos/chips/msp430/timer/Msp430Timer.nc" name="getMode" provided="0" ref="0x40659298">
        <interfacedef-ref nicename="tos.chips.msp430.timer.Msp430Timer" qname="Msp430Timer"/>
        <type-function alignment="I:1" size="I:1">
          <type-int alignment="I:2" cname="int" size="I:2"/>
          <function-parameters>
          </function-parameters>
        </type-function>
        <parameters>
        </parameters>
      </function>
      <function command="" loc="46:/home/zly/tinyos-main/tos/chips/msp430/timer/Msp430Timer.nc" name="isOverflowPending" provided="0" ref="0x4065a210">
        <interfacedef-ref nicename="tos.chips.msp430.timer.Msp430Timer" qname="Msp430Timer"/>
        <type-function alignment="I:1" size="I:1">
          <type-int alignment="I:1" cname="unsigned char" size="I:1" unsigned="">
            <typename><typedef-ref name="bool" ref="0x40384e80"/></typename>
          </type-int>
          <function-parameters>
          </function-parameters>
        </type-function>
        <parameters>
        </parameters>
      </function>
      <function event="" loc="48:/home/zly/tinyos-main/tos/chips/msp430/timer/Msp430Timer.nc" name="overflow" provided="0" ref="0x4065a9d0">
        <interfacedef-ref nicename="tos.chips.msp430.timer.Msp430Timer" qname="Msp430Timer"/>
        <type-function alignment="I:1" size="I:1">
          <type-void alignment="I:1" size="I:1"/>
          <function-parameters>
          </function-parameters>
        </type-function>
        <parameters>
        </parameters>
      </function>
      <function command="" loc="50:/home/zly/tinyos-main/tos/chips/msp430/timer/Msp430Timer.nc" name="setMode" provided="0" ref="0x4065aec0">
        <interfacedef-ref nicename="tos.chips.msp430.timer.Msp430Timer" qname="Msp430Timer"/>
        <type-function alignment="I:1" size="I:1">
          <type-void alignment="I:1" size="I:1"/>
          <function-parameters>
            <type-int alignment="I:2" cname="int" size="I:2"/>
          </function-parameters>
        </type-function>
        <parameters>
          <variable loc="50:/home/zly/tinyos-main/tos/chips/msp430/timer/Msp430Timer.nc" name="mode" ref="0x4065ad68">
            <type-int alignment="I:2" cname="int" size="I:2"/>
          </variable>
        </parameters>
      </function>
      <function command="" loc="56:/home/zly/tinyos-main/tos/chips/msp430/timer/Msp430Timer.nc" name="setInputDivider" provided="0" ref="0x40657a58">
        <interfacedef-ref nicename="tos.chips.msp430.timer.Msp430Timer" qname="Msp430Timer"/>
        <type-function alignment="I:1" size="I:1">
          <type-void alignment="I:1" size="I:1"/>
          <function-parameters>
            <type-int alignment="I:2" cname="unsigned int" size="I:2" unsigned="">
              <typename><typedef-ref name="uint16_t" ref="0x40213010"/></typename>
            </type-int>
          </function-parameters>
        </type-function>
        <parameters>
          <variable loc="56:/home/zly/tinyos-main/tos/chips/msp430/timer/Msp430Timer.nc" name="inputDivider" ref="0x40657900">
            <type-int alignment="I:2" cname="unsigned int" size="I:2" unsigned="">
              <typename><typedef-ref name="uint16_t" ref="0x40213010"/></typename>
            </type-int>
          </variable>
        </parameters>
      </function>
    </interfacedef>