<?xml version="1.0" ?><interfacedef loc="44:/home/zly/tinyos-main/tos/chips/cc2420/interfaces/CC2420Strobe.nc" nicename="tos.chips.cc2420.interfaces.CC2420Strobe" qname="CC2420Strobe">
      <documentation loc="33:/home/zly/tinyos-main/tos/chips/cc2420/interfaces/CC2420Strobe.nc">
        <short>
 Interface representing one of the CC2420 command strobe registers.</short>
        <long>
 Interface representing one of the CC2420 command strobe registers.
 Writing to one of these registers enacts a command on the CC2420,
 such as power-up, transmission, or clear a FIFO.

 @author Philip Levis
 @version $Revision: 1.3 $ $Date: 2010-06-29 22:07:44 $
</long>
      </documentation>
      <function command="" loc="53:/home/zly/tinyos-main/tos/chips/cc2420/interfaces/CC2420Strobe.nc" name="strobe" provided="0" ref="0x4092d818">
        <documentation loc="46:/home/zly/tinyos-main/tos/chips/cc2420/interfaces/CC2420Strobe.nc">
          <short>
 Send a command strobe to the register.</short>
          <long>
 Send a command strobe to the register. The return value is the
 CC2420 status register. Table 5 on page 27 of the CC2420
 datasheet (v1.2) describes the contents of this register.
 
 @return Status byte from the CC2420.
</long>
        </documentation>
        <interfacedef-ref nicename="tos.chips.cc2420.interfaces.CC2420Strobe" qname="CC2420Strobe"/>
        <type-function alignment="I:1" size="I:1">
          <type-int alignment="I:1" cname="unsigned char" size="I:1" unsigned="">
            <typename><typedef-ref name="cc2420_status_t" ref="0x407203a0"/></typename>
          </type-int>
          <function-parameters>
          </function-parameters>
        </type-function>
        <parameters>
        </parameters>
      </function>
    </interfacedef>