<?xml version="1.0" ?><interfacedef loc="40:/home/zly/tinyos-main/tos/interfaces/Random.nc" nicename="tos.interfaces.Random" qname="Random">
      <documentation loc="34:/home/zly/tinyos-main/tos/interfaces/Random.nc">
        <short> 
 Interface for generating 16-bit and 32-bit random numbers.</short>
        <long> 
 Interface for generating 16-bit and 32-bit random numbers.

 @author Barbara Hohlt 
 @date   March 1 2005 
</long>
      </documentation>
      <function command="" loc="52:/home/zly/tinyos-main/tos/interfaces/Random.nc" name="rand16" provided="0" ref="0x408c4850">
        <documentation loc="48:/home/zly/tinyos-main/tos/interfaces/Random.nc">
          <short> 
 Produces a 32-bit pseudorandom number.</short>
          <long> 
 Produces a 32-bit pseudorandom number. 
 @return Returns low 16 bits of the pseudorandom number.
</long>
        </documentation>
        <interfacedef-ref nicename="tos.interfaces.Random" qname="Random"/>
        <type-function alignment="I:1" size="I:1">
          <type-int alignment="I:2" cname="unsigned int" size="I:2" unsigned="">
            <typename><typedef-ref name="uint16_t" ref="0x40213010"/></typename>
          </type-int>
          <function-parameters>
          </function-parameters>
        </type-function>
        <parameters>
        </parameters>
      </function>
      <function command="" loc="46:/home/zly/tinyos-main/tos/interfaces/Random.nc" name="rand32" provided="0" ref="0x408c43a8">
        <documentation loc="42:/home/zly/tinyos-main/tos/interfaces/Random.nc">
          <short> 
 Produces a 32-bit pseudorandom number.</short>
          <long> 
 Produces a 32-bit pseudorandom number. 
 @return Returns the 32-bit pseudorandom number.
</long>
        </documentation>
        <interfacedef-ref nicename="tos.interfaces.Random" qname="Random"/>
        <type-function alignment="I:1" size="I:1">
          <type-int alignment="I:2" cname="unsigned long" size="I:4" unsigned="">
            <typename><typedef-ref name="uint32_t" ref="0x40213250"/></typename>
          </type-int>
          <function-parameters>
          </function-parameters>
        </type-function>
        <parameters>
        </parameters>
      </function>
    </interfacedef>