<?xml version="1.0" ?><interfacedef loc="61:/home/zly/tinyos-main/tos/interfaces/AMPacket.nc" nicename="tos.interfaces.AMPacket" qname="AMPacket">
      <documentation loc="42:/home/zly/tinyos-main/tos/interfaces/AMPacket.nc">
        <short>
 The Active Message accessors, which provide the AM local address and
 functionality for querying packets.</short>
        <long>
 The Active Message accessors, which provide the AM local address and
 functionality for querying packets. Active Messages are a single-hop
 communication protocol. Therefore, fields such as source and destination
 represent the single-hop source and destination. Multihop sources and
 destinations are defined by the corresponding multihop protocol (if any).
 Also see the Packet interface.

 @author Philip Levis 
 @date   January 18 2005
 @see    Packet
 @see    AMSend
 @see    TEP 116: Packet Protocols
</long>
      </documentation>
      <function command="" loc="177:/home/zly/tinyos-main/tos/interfaces/AMPacket.nc" name="group" provided="0" ref="0x40874088">
        <documentation loc="164:/home/zly/tinyos-main/tos/interfaces/AMPacket.nc">
          <short>
 Get the AM group of the AM packet.</short>
          <long>
 Get the AM group of the AM packet. The AM group is a logical
 identifier that distinguishes sets of nodes which may share
 a physical communication medium but wish to not communicate.
 The AM group logically separates the sets of nodes. When
 a node sends a packet, it fills in its AM group, and typically
 nodes only receive packets whose AM group field matches their
 own.

 @param 'message_t* ONE amsg' the packet
 @return the AM group of this packet
</long>
        </documentation>
        <interfacedef-ref nicename="tos.interfaces.AMPacket" qname="AMPacket"/>
        <type-function alignment="I:1" size="I:1">
          <type-int alignment="I:1" cname="unsigned char" size="I:1" unsigned="">
            <typename><typedef-ref name="am_group_t" ref="0x4074ed38"/></typename>
          </type-int>
          <function-parameters>
            <type-pointer alignment="I:2" size="I:2">
              <type-tag alignment="I:1" size="I:52"><nx_struct-ref name="message_t" ref="0x4075a750"/>
                <typename><typedef-ref name="message_t" ref="0x40758518"/></typename>
              </type-tag>
            </type-pointer>
          </function-parameters>
        </type-function>
        <parameters>
          <variable loc="177:/home/zly/tinyos-main/tos/interfaces/AMPacket.nc" name="amsg" ref="0x40876f08">
            <type-pointer alignment="I:2" size="I:2">
              <type-tag alignment="I:1" size="I:52"><nx_struct-ref name="message_t" ref="0x4075a750"/>
                <typename><typedef-ref name="message_t" ref="0x40758518"/></typename>
              </type-tag>
            </type-pointer>
          </variable>
        </parameters>
      </function>
      <function command="" loc="88:/home/zly/tinyos-main/tos/interfaces/AMPacket.nc" name="source" provided="0" ref="0x408607e8">
        <documentation loc="80:/home/zly/tinyos-main/tos/interfaces/AMPacket.nc">
          <short>
 Return the AM address of the source of the AM packet.</short>
          <long>
 Return the AM address of the source of the AM packet.
 If &lt;tt&gt;amsg&lt;/tt&gt; is not an AM packet, the results of this command
 are undefined.
 @param 'message_t* ONE amsg'  the packet
 @return      the source address of the packet.
</long>
        </documentation>
        <interfacedef-ref nicename="tos.interfaces.AMPacket" qname="AMPacket"/>
        <type-function alignment="I:1" size="I:1">
          <type-int alignment="I:2" cname="unsigned int" size="I:2" unsigned="">
            <typename><typedef-ref name="am_addr_t" ref="0x4074d010"/></typename>
          </type-int>
          <function-parameters>
            <type-pointer alignment="I:2" size="I:2">
              <type-tag alignment="I:1" size="I:52"><nx_struct-ref name="message_t" ref="0x4075a750"/>
                <typename><typedef-ref name="message_t" ref="0x40758518"/></typename>
              </type-tag>
            </type-pointer>
          </function-parameters>
        </type-function>
        <parameters>
          <variable loc="88:/home/zly/tinyos-main/tos/interfaces/AMPacket.nc" name="amsg" ref="0x40860690">
            <type-pointer alignment="I:2" size="I:2">
              <type-tag alignment="I:1" size="I:52"><nx_struct-ref name="message_t" ref="0x4075a750"/>
                <typename><typedef-ref name="message_t" ref="0x40758518"/></typename>
              </type-tag>
            </type-pointer>
          </variable>
        </parameters>
      </function>
      <function command="" loc="68:/home/zly/tinyos-main/tos/interfaces/AMPacket.nc" name="address" provided="0" ref="0x40864730">
        <documentation loc="63:/home/zly/tinyos-main/tos/interfaces/AMPacket.nc">
          <short>
 Return the node's active message address associated with this AM stack.</short>
          <long>
 Return the node's active message address associated with this AM stack.
 @return The address
</long>
        </documentation>
        <interfacedef-ref nicename="tos.interfaces.AMPacket" qname="AMPacket"/>
        <type-function alignment="I:1" size="I:1">
          <type-int alignment="I:2" cname="unsigned int" size="I:2" unsigned="">
            <typename><typedef-ref name="am_addr_t" ref="0x4074d010"/></typename>
          </type-int>
          <function-parameters>
          </function-parameters>
        </type-function>
        <parameters>
        </parameters>
      </function>
      <function command="" loc="78:/home/zly/tinyos-main/tos/interfaces/AMPacket.nc" name="destination" provided="0" ref="0x40864dc8">
        <documentation loc="70:/home/zly/tinyos-main/tos/interfaces/AMPacket.nc">
          <short>
 Return the AM address of the destination of the AM packet.</short>
          <long>
 Return the AM address of the destination of the AM packet.
 If &lt;tt&gt;amsg&lt;/tt&gt; is not an AM packet, the results of this command
 are undefined.
 @param 'message_t* ONE amsg'    the packet
 @return        the destination address of the packet.
</long>
        </documentation>
        <interfacedef-ref nicename="tos.interfaces.AMPacket" qname="AMPacket"/>
        <type-function alignment="I:1" size="I:1">
          <type-int alignment="I:2" cname="unsigned int" size="I:2" unsigned="">
            <typename><typedef-ref name="am_addr_t" ref="0x4074d010"/></typename>
          </type-int>
          <function-parameters>
            <type-pointer alignment="I:2" size="I:2">
              <type-tag alignment="I:1" size="I:52"><nx_struct-ref name="message_t" ref="0x4075a750"/>
                <typename><typedef-ref name="message_t" ref="0x40758518"/></typename>
              </type-tag>
            </type-pointer>
          </function-parameters>
        </type-function>
        <parameters>
          <variable loc="78:/home/zly/tinyos-main/tos/interfaces/AMPacket.nc" name="amsg" ref="0x40864c70">
            <type-pointer alignment="I:2" size="I:2">
              <type-tag alignment="I:1" size="I:52"><nx_struct-ref name="message_t" ref="0x4075a750"/>
                <typename><typedef-ref name="message_t" ref="0x40758518"/></typename>
              </type-tag>
            </type-pointer>
          </variable>
        </parameters>
      </function>
      <function command="" loc="121:/home/zly/tinyos-main/tos/interfaces/AMPacket.nc" name="setSource" provided="0" ref="0x40878170">
        <documentation loc="105:/home/zly/tinyos-main/tos/interfaces/AMPacket.nc">
          <short>
 Set the AM address of the source field of the AM packet.</short>
          <long>
 Set the AM address of the source field of the AM packet.  As
 the AM address is set as part of sending with the AMSend
 interface, this command is not used for sending packets.  Rather,
 it is used when a component, such as a queue, needs to buffer a
 request to send. The component can save the source address
 and then recover it when actually sending. As an AM layer generally
 sets the source address to be the local address, this interface
 is not commonly used except when a system is bypassing the AM
 layer (e.g., a protocol bridge). If &lt;tt&gt;amsg&lt;/tt&gt; is
 not an AM packet, the results of this command are undefined.

 @param  'message_t* ONE amsg'   the packet
 @param  addr   the address
</long>
        </documentation>
        <interfacedef-ref nicename="tos.interfaces.AMPacket" qname="AMPacket"/>
        <type-function alignment="I:1" size="I:1">
          <type-void alignment="I:1" size="I:1"/>
          <function-parameters>
            <type-pointer alignment="I:2" size="I:2">
              <type-tag alignment="I:1" size="I:52"><nx_struct-ref name="message_t" ref="0x4075a750"/>
                <typename><typedef-ref name="message_t" ref="0x40758518"/></typename>
              </type-tag>
            </type-pointer>
            <type-int alignment="I:2" cname="unsigned int" size="I:2" unsigned="">
              <typename><typedef-ref name="am_addr_t" ref="0x4074d010"/></typename>
            </type-int>
          </function-parameters>
        </type-function>
        <parameters>
          <variable loc="121:/home/zly/tinyos-main/tos/interfaces/AMPacket.nc" name="amsg" ref="0x40861d70">
            <type-pointer alignment="I:2" size="I:2">
              <type-tag alignment="I:1" size="I:52"><nx_struct-ref name="message_t" ref="0x4075a750"/>
                <typename><typedef-ref name="message_t" ref="0x40758518"/></typename>
              </type-tag>
            </type-pointer>
          </variable>
          <variable loc="121:/home/zly/tinyos-main/tos/interfaces/AMPacket.nc" name="addr" ref="0x40878010">
            <type-int alignment="I:2" cname="unsigned int" size="I:2" unsigned="">
              <typename><typedef-ref name="am_addr_t" ref="0x4074d010"/></typename>
            </type-int>
          </variable>
        </parameters>
      </function>
      <function command="" loc="103:/home/zly/tinyos-main/tos/interfaces/AMPacket.nc" name="setDestination" provided="0" ref="0x408613f0">
        <documentation loc="90:/home/zly/tinyos-main/tos/interfaces/AMPacket.nc">
          <short>
 Set the AM address of the destination field of the AM packet.</short>
          <long>
 Set the AM address of the destination field of the AM packet.  As
 the AM address is set as part of sending with the AMSend
 interface, this command is not used for sending packets.  Rather,
 it is used when a component, such as a queue, needs to buffer a
 request to send. The component can save the destination address
 and then recover it when actually sending. If &lt;tt&gt;amsg&lt;/tt&gt; is
 not an AM packet, the results of this command are undefined.

 @param  'message_t* ONE amsg'   the packet
 @param  addr   the address
</long>
        </documentation>
        <interfacedef-ref nicename="tos.interfaces.AMPacket" qname="AMPacket"/>
        <type-function alignment="I:1" size="I:1">
          <type-void alignment="I:1" size="I:1"/>
          <function-parameters>
            <type-pointer alignment="I:2" size="I:2">
              <type-tag alignment="I:1" size="I:52"><nx_struct-ref name="message_t" ref="0x4075a750"/>
                <typename><typedef-ref name="message_t" ref="0x40758518"/></typename>
              </type-tag>
            </type-pointer>
            <type-int alignment="I:2" cname="unsigned int" size="I:2" unsigned="">
              <typename><typedef-ref name="am_addr_t" ref="0x4074d010"/></typename>
            </type-int>
          </function-parameters>
        </type-function>
        <parameters>
          <variable loc="103:/home/zly/tinyos-main/tos/interfaces/AMPacket.nc" name="amsg" ref="0x40861088">
            <type-pointer alignment="I:2" size="I:2">
              <type-tag alignment="I:1" size="I:52"><nx_struct-ref name="message_t" ref="0x4075a750"/>
                <typename><typedef-ref name="message_t" ref="0x40758518"/></typename>
              </type-tag>
            </type-pointer>
          </variable>
          <variable loc="103:/home/zly/tinyos-main/tos/interfaces/AMPacket.nc" name="addr" ref="0x40861290">
            <type-int alignment="I:2" cname="unsigned int" size="I:2" unsigned="">
              <typename><typedef-ref name="am_addr_t" ref="0x4074d010"/></typename>
            </type-int>
          </variable>
        </parameters>
      </function>
      <function command="" loc="147:/home/zly/tinyos-main/tos/interfaces/AMPacket.nc" name="type" provided="0" ref="0x40877a28">
        <documentation loc="138:/home/zly/tinyos-main/tos/interfaces/AMPacket.nc">
          <short>
 Return the AM type of the AM packet.</short>
          <long>
 Return the AM type of the AM packet.
 If &lt;tt&gt;amsg&lt;/tt&gt; is not an AM packet, the results of this command
 are undefined.

 @param  'message_t* ONE amsg'   the packet
 @return        the AM type
</long>
        </documentation>
        <interfacedef-ref nicename="tos.interfaces.AMPacket" qname="AMPacket"/>
        <type-function alignment="I:1" size="I:1">
          <type-int alignment="I:1" cname="unsigned char" size="I:1" unsigned="">
            <typename><typedef-ref name="am_id_t" ref="0x4074eae0"/></typename>
          </type-int>
          <function-parameters>
            <type-pointer alignment="I:2" size="I:2">
              <type-tag alignment="I:1" size="I:52"><nx_struct-ref name="message_t" ref="0x4075a750"/>
                <typename><typedef-ref name="message_t" ref="0x40758518"/></typename>
              </type-tag>
            </type-pointer>
          </function-parameters>
        </type-function>
        <parameters>
          <variable loc="147:/home/zly/tinyos-main/tos/interfaces/AMPacket.nc" name="amsg" ref="0x408778d0">
            <type-pointer alignment="I:2" size="I:2">
              <type-tag alignment="I:1" size="I:52"><nx_struct-ref name="message_t" ref="0x4075a750"/>
                <typename><typedef-ref name="message_t" ref="0x40758518"/></typename>
              </type-tag>
            </type-pointer>
          </variable>
        </parameters>
      </function>
      <function command="" loc="162:/home/zly/tinyos-main/tos/interfaces/AMPacket.nc" name="setType" provided="0" ref="0x40876580">
        <documentation loc="149:/home/zly/tinyos-main/tos/interfaces/AMPacket.nc">
          <short>
 Set the AM type of the AM packet.</short>
          <long>
 Set the AM type of the AM packet.  As the AM type is set as part
 of sending with the AMSend interface, this command is not used
 for sending packets. Instead, it is used when a component, such
 as a queue, needs to buffer a request to send. The component can
 save the AM type in the packet then recover it when actually
 sending. If &lt;tt&gt;amsg&lt;/tt&gt; is not an AM packet, the results of
 this command are undefined.
 
 @param  'message_t* ONE amsg'    the packet
 @param  t       the AM type
</long>
        </documentation>
        <interfacedef-ref nicename="tos.interfaces.AMPacket" qname="AMPacket"/>
        <type-function alignment="I:1" size="I:1">
          <type-void alignment="I:1" size="I:1"/>
          <function-parameters>
            <type-pointer alignment="I:2" size="I:2">
              <type-tag alignment="I:1" size="I:52"><nx_struct-ref name="message_t" ref="0x4075a750"/>
                <typename><typedef-ref name="message_t" ref="0x40758518"/></typename>
              </type-tag>
            </type-pointer>
            <type-int alignment="I:1" cname="unsigned char" size="I:1" unsigned="">
              <typename><typedef-ref name="am_id_t" ref="0x4074eae0"/></typename>
            </type-int>
          </function-parameters>
        </type-function>
        <parameters>
          <variable loc="162:/home/zly/tinyos-main/tos/interfaces/AMPacket.nc" name="amsg" ref="0x40876250">
            <type-pointer alignment="I:2" size="I:2">
              <type-tag alignment="I:1" size="I:52"><nx_struct-ref name="message_t" ref="0x4075a750"/>
                <typename><typedef-ref name="message_t" ref="0x40758518"/></typename>
              </type-tag>
            </type-pointer>
          </variable>
          <variable loc="162:/home/zly/tinyos-main/tos/interfaces/AMPacket.nc" name="t" ref="0x40876420">
            <type-int alignment="I:1" cname="unsigned char" size="I:1" unsigned="">
              <typename><typedef-ref name="am_id_t" ref="0x4074eae0"/></typename>
            </type-int>
          </variable>
        </parameters>
      </function>
      <function command="" loc="136:/home/zly/tinyos-main/tos/interfaces/AMPacket.nc" name="isForMe" provided="0" ref="0x40878d10">
        <documentation loc="123:/home/zly/tinyos-main/tos/interfaces/AMPacket.nc">
          <short>
 Return whether &lt;tt&gt;amsg&lt;/tt&gt; is destined for this mote.</short>
          <long>
 Return whether &lt;tt&gt;amsg&lt;/tt&gt; is destined for this mote. This is
 partially a shortcut for testing whether the return value of
 &lt;tt&gt;destination&lt;/tt&gt; and &lt;tt&gt;address&lt;/tt&gt; are the same. It
 may, however, include additional logic. For example, there
 may be an AM broadcast address: &lt;tt&gt;destination&lt;/tt&gt; will return
 the broadcast address, but &lt;tt&gt;address&lt;/tt&gt; will still be
 the mote's local address. If &lt;tt&gt;amsg&lt;/tt&gt; is not an AM packet,
 the results of this command are undefined.

 @param  'message_t* ONE amsg'   the packet
 @return        whether the packet is addressed to this AM stack
</long>
        </documentation>
        <interfacedef-ref nicename="tos.interfaces.AMPacket" qname="AMPacket"/>
        <type-function alignment="I:1" size="I:1">
          <type-int alignment="I:1" cname="unsigned char" size="I:1" unsigned="">
            <typename><typedef-ref name="bool" ref="0x40384e80"/></typename>
          </type-int>
          <function-parameters>
            <type-pointer alignment="I:2" size="I:2">
              <type-tag alignment="I:1" size="I:52"><nx_struct-ref name="message_t" ref="0x4075a750"/>
                <typename><typedef-ref name="message_t" ref="0x40758518"/></typename>
              </type-tag>
            </type-pointer>
          </function-parameters>
        </type-function>
        <parameters>
          <variable loc="136:/home/zly/tinyos-main/tos/interfaces/AMPacket.nc" name="amsg" ref="0x40878bb8">
            <type-pointer alignment="I:2" size="I:2">
              <type-tag alignment="I:1" size="I:52"><nx_struct-ref name="message_t" ref="0x4075a750"/>
                <typename><typedef-ref name="message_t" ref="0x40758518"/></typename>
              </type-tag>
            </type-pointer>
          </variable>
        </parameters>
      </function>
      <function command="" loc="187:/home/zly/tinyos-main/tos/interfaces/AMPacket.nc" name="setGroup" provided="0" ref="0x40874d08">
        <documentation loc="179:/home/zly/tinyos-main/tos/interfaces/AMPacket.nc">
          <short>
 Set the AM group field of a packet.</short>
          <long>
 Set the AM group field of a packet. Note that most data link
 stacks will set this field automatically on a send request, which
 may overwrite changes made with this command.

 @param 'message_t* ONE amsg' the packet
 @param group the packet's new AM group value
</long>
        </documentation>
        <interfacedef-ref nicename="tos.interfaces.AMPacket" qname="AMPacket"/>
        <type-function alignment="I:1" size="I:1">
          <type-void alignment="I:1" size="I:1"/>
          <function-parameters>
            <type-pointer alignment="I:2" size="I:2">
              <type-tag alignment="I:1" size="I:52"><nx_struct-ref name="message_t" ref="0x4075a750"/>
                <typename><typedef-ref name="message_t" ref="0x40758518"/></typename>
              </type-tag>
            </type-pointer>
            <type-int alignment="I:1" cname="unsigned char" size="I:1" unsigned="">
              <typename><typedef-ref name="am_group_t" ref="0x4074ed38"/></typename>
            </type-int>
          </function-parameters>
        </type-function>
        <parameters>
          <variable loc="187:/home/zly/tinyos-main/tos/interfaces/AMPacket.nc" name="amsg" ref="0x408749a8">
            <type-pointer alignment="I:2" size="I:2">
              <type-tag alignment="I:1" size="I:52"><nx_struct-ref name="message_t" ref="0x4075a750"/>
                <typename><typedef-ref name="message_t" ref="0x40758518"/></typename>
              </type-tag>
            </type-pointer>
          </variable>
          <variable loc="187:/home/zly/tinyos-main/tos/interfaces/AMPacket.nc" name="grp" ref="0x40874ba8">
            <type-int alignment="I:1" cname="unsigned char" size="I:1" unsigned="">
              <typename><typedef-ref name="am_group_t" ref="0x4074ed38"/></typename>
            </type-int>
          </variable>
        </parameters>
      </function>
      <function command="" loc="195:/home/zly/tinyos-main/tos/interfaces/AMPacket.nc" name="localGroup" provided="0" ref="0x408725a0">
        <documentation loc="189:/home/zly/tinyos-main/tos/interfaces/AMPacket.nc">
          <short>
 Provides the current AM group of this communication interface.</short>
          <long>
 Provides the current AM group of this communication interface.

 @return The AM group.
</long>
        </documentation>
        <interfacedef-ref nicename="tos.interfaces.AMPacket" qname="AMPacket"/>
        <type-function alignment="I:1" size="I:1">
          <type-int alignment="I:1" cname="unsigned char" size="I:1" unsigned="">
            <typename><typedef-ref name="am_group_t" ref="0x4074ed38"/></typename>
          </type-int>
          <function-parameters>
          </function-parameters>
        </type-function>
        <parameters>
        </parameters>
      </function>
    </interfacedef>