<?xml version="1.0" ?><interfacedef loc="38:/home/zly/tinyos-main/tos/chips/msp430/timer/Msp430ClockInit.nc" nicename="tos.chips.msp430.timer.Msp430ClockInit" qname="Msp430ClockInit">
      <documentation loc="33:/home/zly/tinyos-main/tos/chips/msp430/timer/Msp430ClockInit.nc">
        <short>
 </short>
        <long>
 @author Cory Sharp &lt;cssharp@eecs.berkeley.edu&gt;
 @author Vlado Handziski &lt;handzisk@tkn.tu-berlin.de&gt;
</long>
      </documentation>
      <function command="" loc="48:/home/zly/tinyos-main/tos/chips/msp430/timer/Msp430ClockInit.nc" name="defaultInitTimerB" provided="0" ref="0x4063b1c8">
        <interfacedef-ref nicename="tos.chips.msp430.timer.Msp430ClockInit" qname="Msp430ClockInit"/>
        <type-function alignment="I:1" size="I:1">
          <type-void alignment="I:1" size="I:1"/>
          <function-parameters>
          </function-parameters>
        </type-function>
        <parameters>
        </parameters>
      </function>
      <function event="" loc="43:/home/zly/tinyos-main/tos/chips/msp430/timer/Msp430ClockInit.nc" name="initTimerB" provided="0" ref="0x4062b158">
        <interfacedef-ref nicename="tos.chips.msp430.timer.Msp430ClockInit" qname="Msp430ClockInit"/>
        <type-function alignment="I:1" size="I:1">
          <type-void alignment="I:1" size="I:1"/>
          <function-parameters>
          </function-parameters>
        </type-function>
        <parameters>
        </parameters>
      </function>
      <function command="" loc="47:/home/zly/tinyos-main/tos/chips/msp430/timer/Msp430ClockInit.nc" name="defaultInitTimerA" provided="0" ref="0x4062bda0">
        <interfacedef-ref nicename="tos.chips.msp430.timer.Msp430ClockInit" qname="Msp430ClockInit"/>
        <type-function alignment="I:1" size="I:1">
          <type-void alignment="I:1" size="I:1"/>
          <function-parameters>
          </function-parameters>
        </type-function>
        <parameters>
        </parameters>
      </function>
      <function event="" loc="42:/home/zly/tinyos-main/tos/chips/msp430/timer/Msp430ClockInit.nc" name="initTimerA" provided="0" ref="0x4062ed80">
        <interfacedef-ref nicename="tos.chips.msp430.timer.Msp430ClockInit" qname="Msp430ClockInit"/>
        <type-function alignment="I:1" size="I:1">
          <type-void alignment="I:1" size="I:1"/>
          <function-parameters>
          </function-parameters>
        </type-function>
        <parameters>
        </parameters>
      </function>
      <function command="" loc="45:/home/zly/tinyos-main/tos/chips/msp430/timer/Msp430ClockInit.nc" name="defaultSetupDcoCalibrate" provided="0" ref="0x4062b5a0">
        <interfacedef-ref nicename="tos.chips.msp430.timer.Msp430ClockInit" qname="Msp430ClockInit"/>
        <type-function alignment="I:1" size="I:1">
          <type-void alignment="I:1" size="I:1"/>
          <function-parameters>
          </function-parameters>
        </type-function>
        <parameters>
        </parameters>
      </function>
      <function event="" loc="40:/home/zly/tinyos-main/tos/chips/msp430/timer/Msp430ClockInit.nc" name="setupDcoCalibrate" provided="0" ref="0x4062e610">
        <interfacedef-ref nicename="tos.chips.msp430.timer.Msp430ClockInit" qname="Msp430ClockInit"/>
        <type-function alignment="I:1" size="I:1">
          <type-void alignment="I:1" size="I:1"/>
          <function-parameters>
          </function-parameters>
        </type-function>
        <parameters>
        </parameters>
      </function>
      <function event="" loc="41:/home/zly/tinyos-main/tos/chips/msp430/timer/Msp430ClockInit.nc" name="initClocks" provided="0" ref="0x4062e9c8">
        <interfacedef-ref nicename="tos.chips.msp430.timer.Msp430ClockInit" qname="Msp430ClockInit"/>
        <type-function alignment="I:1" size="I:1">
          <type-void alignment="I:1" size="I:1"/>
          <function-parameters>
          </function-parameters>
        </type-function>
        <parameters>
        </parameters>
      </function>
      <function command="" loc="46:/home/zly/tinyos-main/tos/chips/msp430/timer/Msp430ClockInit.nc" name="defaultInitClocks" provided="0" ref="0x4062b9a0">
        <interfacedef-ref nicename="tos.chips.msp430.timer.Msp430ClockInit" qname="Msp430ClockInit"/>
        <type-function alignment="I:1" size="I:1">
          <type-void alignment="I:1" size="I:1"/>
          <function-parameters>
          </function-parameters>
        </type-function>
        <parameters>
        </parameters>
      </function>
    </interfacedef>