<?xml version="1.0" ?><interfacedef loc="9:/home/zly/tinyos-main/tos/platforms/epic/chips/ds2411/OneWireStream.nc" nicename="tos.platforms.epic.chips.ds2411.OneWireStream" qname="OneWireStream">
      <documentation loc="5:/home/zly/tinyos-main/tos/platforms/epic/chips/ds2411/OneWireStream.nc">
        <short>
 </short>
        <long>
 @author: Andreas Koepke (koepke@tkn.tu-berlin.de)
</long>
      </documentation>
      <function command="" loc="10:/home/zly/tinyos-main/tos/platforms/epic/chips/ds2411/OneWireStream.nc" name="read" provided="0" ref="0x40e43f00">
        <interfacedef-ref nicename="tos.platforms.epic.chips.ds2411.OneWireStream" qname="OneWireStream"/>
        <type-function alignment="I:1" size="I:1">
          <type-int alignment="I:1" cname="unsigned char" size="I:1" unsigned="">
            <typename><typedef-ref name="error_t" ref="0x4038cda0"/></typename>
          </type-int>
          <function-parameters>
            <type-int alignment="I:1" cname="unsigned char" size="I:1" unsigned="">
              <typename><typedef-ref name="uint8_t" ref="0x40212dc8"/></typename>
            </type-int>
            <type-pointer alignment="I:2" size="I:2">
              <type-int alignment="I:1" cname="unsigned char" size="I:1" unsigned="">
                <typename><typedef-ref name="uint8_t" ref="0x40212dc8"/></typename>
              </type-int>
            </type-pointer>
            <type-int alignment="I:1" cname="unsigned char" size="I:1" unsigned="">
              <typename><typedef-ref name="uint8_t" ref="0x40212dc8"/></typename>
            </type-int>
          </function-parameters>
        </type-function>
        <parameters>
          <variable loc="10:/home/zly/tinyos-main/tos/platforms/epic/chips/ds2411/OneWireStream.nc" name="cmd" ref="0x40e439b8">
            <type-int alignment="I:1" cname="unsigned char" size="I:1" unsigned="">
              <typename><typedef-ref name="uint8_t" ref="0x40212dc8"/></typename>
            </type-int>
          </variable>
          <variable loc="10:/home/zly/tinyos-main/tos/platforms/epic/chips/ds2411/OneWireStream.nc" name="buf" ref="0x40e43bb8">
            <type-pointer alignment="I:2" size="I:2">
              <type-int alignment="I:1" cname="unsigned char" size="I:1" unsigned="">
                <typename><typedef-ref name="uint8_t" ref="0x40212dc8"/></typename>
              </type-int>
            </type-pointer>
          </variable>
          <variable loc="10:/home/zly/tinyos-main/tos/platforms/epic/chips/ds2411/OneWireStream.nc" name="len" ref="0x40e43d98">
            <type-int alignment="I:1" cname="unsigned char" size="I:1" unsigned="">
              <typename><typedef-ref name="uint8_t" ref="0x40212dc8"/></typename>
            </type-int>
          </variable>
        </parameters>
      </function>
      <function command="" loc="11:/home/zly/tinyos-main/tos/platforms/epic/chips/ds2411/OneWireStream.nc" name="write" provided="0" ref="0x40e72698">
        <interfacedef-ref nicename="tos.platforms.epic.chips.ds2411.OneWireStream" qname="OneWireStream"/>
        <type-function alignment="I:1" size="I:1">
          <type-int alignment="I:1" cname="unsigned char" size="I:1" unsigned="">
            <typename><typedef-ref name="error_t" ref="0x4038cda0"/></typename>
          </type-int>
          <function-parameters>
            <type-pointer alignment="I:2" size="I:2">
              <type-qualified const="">
                  <typename><typedef-ref name="uint8_t" ref="0x40212dc8"/></typename>
                <type-int alignment="I:1" cname="unsigned char" size="I:1" unsigned=""/>
              </type-qualified>
            </type-pointer>
            <type-int alignment="I:1" cname="unsigned char" size="I:1" unsigned="">
              <typename><typedef-ref name="uint8_t" ref="0x40212dc8"/></typename>
            </type-int>
          </function-parameters>
        </type-function>
        <parameters>
          <variable loc="11:/home/zly/tinyos-main/tos/platforms/epic/chips/ds2411/OneWireStream.nc" name="buf" ref="0x40e72358">
            <type-pointer alignment="I:2" size="I:2">
              <type-qualified const="">
                  <typename><typedef-ref name="uint8_t" ref="0x40212dc8"/></typename>
                <type-int alignment="I:1" cname="unsigned char" size="I:1" unsigned=""/>
              </type-qualified>
            </type-pointer>
          </variable>
          <variable loc="11:/home/zly/tinyos-main/tos/platforms/epic/chips/ds2411/OneWireStream.nc" name="len" ref="0x40e72538">
            <type-int alignment="I:1" cname="unsigned char" size="I:1" unsigned="">
              <typename><typedef-ref name="uint8_t" ref="0x40212dc8"/></typename>
            </type-int>
          </variable>
        </parameters>
      </function>
    </interfacedef>