<?xml version="1.0" ?><interfacedef loc="54:/home/zly/tinyos-main/tos/chips/cc2420/interfaces/RadioBackoff.nc" nicename="tos.chips.cc2420.interfaces.RadioBackoff" qname="RadioBackoff">
      <documentation loc="32:/home/zly/tinyos-main/tos/chips/cc2420/interfaces/RadioBackoff.nc">
        <short>
 Interface to request and specify backoff periods for messages
 
 We use a call back method for setting the backoff as opposed to 
 events that return backoff values.</short>
        <long>
 Interface to request and specify backoff periods for messages
 
 We use a call back method for setting the backoff as opposed to 
 events that return backoff values.  
 
 This is because of fan-out issues with multiple components wanting to
 affect backoffs for whatever they're interested in:
 If you signal out an *event* to request an initial backoff and
 several components happen to be listening, then those components
 would be required to return a backoff value.  We don't want that
 behavior.
 With this strategy, components can listen for the requests and then
 decide if they want to affect the behavior.  If the component wants to
 affect the behavior, it calls back using the setXYZBackoff(..) command.
 If several components call back, then the last component to get its 
 word in has the final say. 

 @author David Moss
</long>
      </documentation>
      <function event="" loc="95:/home/zly/tinyos-main/tos/chips/cc2420/interfaces/RadioBackoff.nc" name="requestCca" provided="0" ref="0x4089db98">
        <documentation loc="90:/home/zly/tinyos-main/tos/chips/cc2420/interfaces/RadioBackoff.nc">
          <short>
 Request for input on whether or not to use CCA on the outbound packet.</short>
          <long>
 Request for input on whether or not to use CCA on the outbound packet.
 Replies should come in the form of setCca(..)
 @param msg pointer to the message being sent
</long>
        </documentation>
        <interfacedef-ref nicename="tos.chips.cc2420.interfaces.RadioBackoff" qname="RadioBackoff"/>
        <type-function alignment="I:1" size="I:1">
          <type-void alignment="I:1" size="I:1"/>
          <function-parameters>
            <type-pointer alignment="I:2" size="I:2">
              <type-tag alignment="I:1" size="I:52"><nx_struct-ref name="message_t" ref="0x4075a750"/>
                <typename><typedef-ref name="message_t" ref="0x40758518"/></typename>
              </type-tag>
            </type-pointer>
          </function-parameters>
        </type-function>
        <parameters>
          <variable loc="95:/home/zly/tinyos-main/tos/chips/cc2420/interfaces/RadioBackoff.nc" name="msg" ref="0x4089da40">
            <type-pointer alignment="I:2" size="I:2">
              <type-tag alignment="I:1" size="I:52"><nx_struct-ref name="message_t" ref="0x4075a750"/>
                <typename><typedef-ref name="message_t" ref="0x40758518"/></typename>
              </type-tag>
            </type-pointer>
          </variable>
        </parameters>
      </function>
      <function event="" loc="81:/home/zly/tinyos-main/tos/chips/cc2420/interfaces/RadioBackoff.nc" name="requestInitialBackoff" provided="0" ref="0x4089fa88">
        <documentation loc="76:/home/zly/tinyos-main/tos/chips/cc2420/interfaces/RadioBackoff.nc">
          <short>  
 Request for input on the initial backoff
 Reply using setInitialBackoff(..)
 </short>
          <long>  
 Request for input on the initial backoff
 Reply using setInitialBackoff(..)
 @param msg pointer to the message being sent
</long>
        </documentation>
        <interfacedef-ref nicename="tos.chips.cc2420.interfaces.RadioBackoff" qname="RadioBackoff"/>
        <type-function alignment="I:1" size="I:1">
          <type-void alignment="I:1" size="I:1"/>
          <function-parameters>
            <type-pointer alignment="I:2" size="I:2">
              <type-tag alignment="I:1" size="I:52"><nx_struct-ref name="message_t" ref="0x4075a750"/>
                <typename><typedef-ref name="message_t" ref="0x40758518"/></typename>
              </type-tag>
            </type-pointer>
          </function-parameters>
        </type-function>
        <parameters>
          <variable loc="81:/home/zly/tinyos-main/tos/chips/cc2420/interfaces/RadioBackoff.nc" name="msg" ref="0x4089f930">
            <type-pointer alignment="I:2" size="I:2">
              <type-tag alignment="I:1" size="I:52"><nx_struct-ref name="message_t" ref="0x4075a750"/>
                <typename><typedef-ref name="message_t" ref="0x40758518"/></typename>
              </type-tag>
            </type-pointer>
          </variable>
        </parameters>
      </function>
      <function command="" loc="66:/home/zly/tinyos-main/tos/chips/cc2420/interfaces/RadioBackoff.nc" name="setCongestionBackoff" provided="0" ref="0x408a0bf0">
        <documentation loc="62:/home/zly/tinyos-main/tos/chips/cc2420/interfaces/RadioBackoff.nc">
          <short>
 Must be called within a requestCongestionBackoff event
 </short>
          <long>
 Must be called within a requestCongestionBackoff event
 @param backoffTime the amount of time in some unspecified units to backoff
</long>
        </documentation>
        <interfacedef-ref nicename="tos.chips.cc2420.interfaces.RadioBackoff" qname="RadioBackoff"/>
        <type-function alignment="I:1" size="I:1">
          <type-void alignment="I:1" size="I:1"/>
          <function-parameters>
            <type-int alignment="I:2" cname="unsigned int" size="I:2" unsigned="">
              <typename><typedef-ref name="uint16_t" ref="0x40213010"/></typename>
            </type-int>
          </function-parameters>
        </type-function>
        <parameters>
          <variable loc="66:/home/zly/tinyos-main/tos/chips/cc2420/interfaces/RadioBackoff.nc" name="backoffTime" ref="0x408a0a98">
            <type-int alignment="I:2" cname="unsigned int" size="I:2" unsigned="">
              <typename><typedef-ref name="uint16_t" ref="0x40213010"/></typename>
            </type-int>
          </variable>
        </parameters>
      </function>
      <function command="" loc="60:/home/zly/tinyos-main/tos/chips/cc2420/interfaces/RadioBackoff.nc" name="setInitialBackoff" provided="0" ref="0x408a0510">
        <documentation loc="56:/home/zly/tinyos-main/tos/chips/cc2420/interfaces/RadioBackoff.nc">
          <short>
 Must be called within a requestInitialBackoff event
 </short>
          <long>
 Must be called within a requestInitialBackoff event
 @param backoffTime the amount of time in some unspecified units to backoff
</long>
        </documentation>
        <interfacedef-ref nicename="tos.chips.cc2420.interfaces.RadioBackoff" qname="RadioBackoff"/>
        <type-function alignment="I:1" size="I:1">
          <type-void alignment="I:1" size="I:1"/>
          <function-parameters>
            <type-int alignment="I:2" cname="unsigned int" size="I:2" unsigned="">
              <typename><typedef-ref name="uint16_t" ref="0x40213010"/></typename>
            </type-int>
          </function-parameters>
        </type-function>
        <parameters>
          <variable loc="60:/home/zly/tinyos-main/tos/chips/cc2420/interfaces/RadioBackoff.nc" name="backoffTime" ref="0x408a03b8">
            <type-int alignment="I:2" cname="unsigned int" size="I:2" unsigned="">
              <typename><typedef-ref name="uint16_t" ref="0x40213010"/></typename>
            </type-int>
          </variable>
        </parameters>
      </function>
      <function command="" loc="73:/home/zly/tinyos-main/tos/chips/cc2420/interfaces/RadioBackoff.nc" name="setCca" provided="0" ref="0x4089f218">
        <documentation loc="68:/home/zly/tinyos-main/tos/chips/cc2420/interfaces/RadioBackoff.nc">
          <short>
 Enable CCA for the outbound packet.</short>
          <long>
 Enable CCA for the outbound packet.  Must be called within a requestCca
 event
 @param ccaOn TRUE to enable CCA, which is the default.
</long>
        </documentation>
        <interfacedef-ref nicename="tos.chips.cc2420.interfaces.RadioBackoff" qname="RadioBackoff"/>
        <type-function alignment="I:1" size="I:1">
          <type-void alignment="I:1" size="I:1"/>
          <function-parameters>
            <type-int alignment="I:1" cname="unsigned char" size="I:1" unsigned="">
              <typename><typedef-ref name="bool" ref="0x40384e80"/></typename>
            </type-int>
          </function-parameters>
        </type-function>
        <parameters>
          <variable loc="73:/home/zly/tinyos-main/tos/chips/cc2420/interfaces/RadioBackoff.nc" name="ccaOn" ref="0x4089f0c0">
            <type-int alignment="I:1" cname="unsigned char" size="I:1" unsigned="">
              <typename><typedef-ref name="bool" ref="0x40384e80"/></typename>
            </type-int>
          </variable>
        </parameters>
      </function>
      <function event="" loc="88:/home/zly/tinyos-main/tos/chips/cc2420/interfaces/RadioBackoff.nc" name="requestCongestionBackoff" provided="0" ref="0x4089d370">
        <documentation loc="83:/home/zly/tinyos-main/tos/chips/cc2420/interfaces/RadioBackoff.nc">
          <short>
 Request for input on the congestion backoff
 Reply using setCongestionBackoff(..)
 </short>
          <long>
 Request for input on the congestion backoff
 Reply using setCongestionBackoff(..)
 @param msg pointer to the message being sent
</long>
        </documentation>
        <interfacedef-ref nicename="tos.chips.cc2420.interfaces.RadioBackoff" qname="RadioBackoff"/>
        <type-function alignment="I:1" size="I:1">
          <type-void alignment="I:1" size="I:1"/>
          <function-parameters>
            <type-pointer alignment="I:2" size="I:2">
              <type-tag alignment="I:1" size="I:52"><nx_struct-ref name="message_t" ref="0x4075a750"/>
                <typename><typedef-ref name="message_t" ref="0x40758518"/></typename>
              </type-tag>
            </type-pointer>
          </function-parameters>
        </type-function>
        <parameters>
          <variable loc="88:/home/zly/tinyos-main/tos/chips/cc2420/interfaces/RadioBackoff.nc" name="msg" ref="0x4089d218">
            <type-pointer alignment="I:2" size="I:2">
              <type-tag alignment="I:1" size="I:52"><nx_struct-ref name="message_t" ref="0x4075a750"/>
                <typename><typedef-ref name="message_t" ref="0x40758518"/></typename>
              </type-tag>
            </type-pointer>
          </variable>
        </parameters>
      </function>
    </interfacedef>