<?xml version="1.0" ?><interfacedef loc="37:/home/zly/tinyos-main/tos/chips/msp430/timer/Msp430TimerEvent.nc" nicename="tos.chips.msp430.timer.Msp430TimerEvent" qname="Msp430TimerEvent">
      <documentation loc="33:/home/zly/tinyos-main/tos/chips/msp430/timer/Msp430TimerEvent.nc">
        <short>
 </short>
        <long>
 @author Cory Sharp &lt;cssharp@eecs.berkeley.edu&gt;
</long>
      </documentation>
      <function event="" loc="39:/home/zly/tinyos-main/tos/chips/msp430/timer/Msp430TimerEvent.nc" name="fired" provided="0" ref="0x4067b138">
        <interfacedef-ref nicename="tos.chips.msp430.timer.Msp430TimerEvent" qname="Msp430TimerEvent"/>
        <type-function alignment="I:1" size="I:1">
          <type-void alignment="I:1" size="I:1"/>
          <function-parameters>
          </function-parameters>
        </type-function>
        <parameters>
        </parameters>
      </function>
    </interfacedef>