<?xml version="1.0" ?><interfacedef loc="55:/home/zly/tinyos-main/tos/interfaces/TaskBasic.nc" nicename="tos.interfaces.TaskBasic" qname="TaskBasic">
      <function command="" loc="67:/home/zly/tinyos-main/tos/interfaces/TaskBasic.nc" name="postTask" provided="0" ref="0x403932d0">
        <documentation loc="57:/home/zly/tinyos-main/tos/interfaces/TaskBasic.nc">
          <short>
 Post this task to the TinyOS scheduler.</short>
          <long>
 Post this task to the TinyOS scheduler. At some later time,
 depending on the scheduling policy, the scheduler will signal the
 &lt;tt&gt;run()&lt;/tt&gt; event. 

 @return SUCCESS if task was successfuly
 posted; the semantics of a non-SUCCESS return value depend on the
 implementation of this interface (the class of task).
</long>
        </documentation>
        <interfacedef-ref nicename="tos.interfaces.TaskBasic" qname="TaskBasic"/>
        <type-function alignment="I:1" size="I:1">
          <type-int alignment="I:1" cname="unsigned char" size="I:1" unsigned="">
            <typename><typedef-ref name="error_t" ref="0x4038cda0"/></typename>
          </type-int>
          <function-parameters>
          </function-parameters>
        </type-function>
        <parameters>
        </parameters>
      </function>
      <function event="" loc="75:/home/zly/tinyos-main/tos/interfaces/TaskBasic.nc" name="runTask" provided="0" ref="0x403937e8">
        <documentation loc="69:/home/zly/tinyos-main/tos/interfaces/TaskBasic.nc">
          <short>
 Event from the scheduler to run this task.</short>
          <long>
 Event from the scheduler to run this task. Following the TinyOS
 concurrency model, the codes invoked from &lt;tt&gt;run()&lt;/tt&gt; signals
 execute atomically with respect to one another, but can be
 preempted by async commands/events.
</long>
        </documentation>
        <interfacedef-ref nicename="tos.interfaces.TaskBasic" qname="TaskBasic"/>
        <type-function alignment="I:1" size="I:1">
          <type-void alignment="I:1" size="I:1"/>
          <function-parameters>
          </function-parameters>
        </type-function>
        <parameters>
        </parameters>
      </function>
    </interfacedef>