<?xml version="1.0" ?><interfacedef loc="46:/home/zly/tinyos-main/tos/chips/cc2420/interfaces/CC2420Config.nc" nicename="tos.chips.cc2420.interfaces.CC2420Config" qname="CC2420Config">
      <documentation loc="32:/home/zly/tinyos-main/tos/chips/cc2420/interfaces/CC2420Config.nc">
        <short>
 An HAL abstraction of the ChipCon CC2420 radio.</short>
        <long>
 An HAL abstraction of the ChipCon CC2420 radio. This abstraction
 deals specifically with radio configurations. All get() and set()
 commands are single-phase. After setting some values, a call to
 sync() is required for the changes to propagate to the cc2420
 hardware chip. This interface allows setting multiple parameters
 before calling sync().

 @author Jonathan Hui &lt;jhui@archrock.com&gt;
 @version $Revision: 1.3 $ $Date: 2008/06/16 15:33:32 $
</long>
      </documentation>
      <function command="" loc="106:/home/zly/tinyos-main/tos/chips/cc2420/interfaces/CC2420Config.nc" name="setAutoAck" provided="0" ref="0x4090f248">
        <documentation loc="100:/home/zly/tinyos-main/tos/chips/cc2420/interfaces/CC2420Config.nc">
          <short>
 Sync must be called for acknowledgement changes to take effect
 </short>
          <long>
 Sync must be called for acknowledgement changes to take effect
 @param enableAutoAck TRUE to enable auto acknowledgements
 @param hwAutoAck TRUE to default to hardware auto acks, FALSE to
     default to software auto acknowledgements
</long>
        </documentation>
        <interfacedef-ref nicename="tos.chips.cc2420.interfaces.CC2420Config" qname="CC2420Config"/>
        <type-function alignment="I:1" size="I:1">
          <type-void alignment="I:1" size="I:1"/>
          <function-parameters>
            <type-int alignment="I:1" cname="unsigned char" size="I:1" unsigned="">
              <typename><typedef-ref name="bool" ref="0x40384e80"/></typename>
            </type-int>
            <type-int alignment="I:1" cname="unsigned char" size="I:1" unsigned="">
              <typename><typedef-ref name="bool" ref="0x40384e80"/></typename>
            </type-int>
          </function-parameters>
        </type-function>
        <parameters>
          <variable loc="106:/home/zly/tinyos-main/tos/chips/cc2420/interfaces/CC2420Config.nc" name="enableAutoAck" ref="0x40911ea0">
            <type-int alignment="I:1" cname="unsigned char" size="I:1" unsigned="">
              <typename><typedef-ref name="bool" ref="0x40384e80"/></typename>
            </type-int>
          </variable>
          <variable loc="106:/home/zly/tinyos-main/tos/chips/cc2420/interfaces/CC2420Config.nc" name="hwAutoAck" ref="0x4090f0e8">
            <type-int alignment="I:1" cname="unsigned char" size="I:1" unsigned="">
              <typename><typedef-ref name="bool" ref="0x40384e80"/></typename>
            </type-int>
          </variable>
        </parameters>
      </function>
      <function command="" loc="93:/home/zly/tinyos-main/tos/chips/cc2420/interfaces/CC2420Config.nc" name="isAddressRecognitionEnabled" provided="0" ref="0x40911508">
        <documentation loc="90:/home/zly/tinyos-main/tos/chips/cc2420/interfaces/CC2420Config.nc">
          <short>
 </short>
          <long>
 @return TRUE if address recognition is enabled
</long>
        </documentation>
        <interfacedef-ref nicename="tos.chips.cc2420.interfaces.CC2420Config" qname="CC2420Config"/>
        <type-function alignment="I:1" size="I:1">
          <type-int alignment="I:1" cname="unsigned char" size="I:1" unsigned="">
            <typename><typedef-ref name="bool" ref="0x40384e80"/></typename>
          </type-int>
          <function-parameters>
          </function-parameters>
        </type-function>
        <parameters>
        </parameters>
      </function>
      <function command="" loc="87:/home/zly/tinyos-main/tos/chips/cc2420/interfaces/CC2420Config.nc" name="setAddressRecognition" provided="0" ref="0x40912ef8">
        <documentation loc="81:/home/zly/tinyos-main/tos/chips/cc2420/interfaces/CC2420Config.nc">
          <short>
 </short>
          <long>
 @param enableAddressRecognition TRUE to turn address recognition on
 @param useHwAddressRecognition TRUE to perform address recognition first
     in hardware. This doesn't affect software address recognition. The
     driver must sync with the chip after changing this value.
</long>
        </documentation>
        <interfacedef-ref nicename="tos.chips.cc2420.interfaces.CC2420Config" qname="CC2420Config"/>
        <type-function alignment="I:1" size="I:1">
          <type-void alignment="I:1" size="I:1"/>
          <function-parameters>
            <type-int alignment="I:1" cname="unsigned char" size="I:1" unsigned="">
              <typename><typedef-ref name="bool" ref="0x40384e80"/></typename>
            </type-int>
            <type-int alignment="I:1" cname="unsigned char" size="I:1" unsigned="">
              <typename><typedef-ref name="bool" ref="0x40384e80"/></typename>
            </type-int>
          </function-parameters>
        </type-function>
        <parameters>
          <variable loc="87:/home/zly/tinyos-main/tos/chips/cc2420/interfaces/CC2420Config.nc" name="enableAddressRecognition" ref="0x40912b08">
            <type-int alignment="I:1" cname="unsigned char" size="I:1" unsigned="">
              <typename><typedef-ref name="bool" ref="0x40384e80"/></typename>
            </type-int>
          </variable>
          <variable loc="87:/home/zly/tinyos-main/tos/chips/cc2420/interfaces/CC2420Config.nc" name="useHwAddressRecognition" ref="0x40912d98">
            <type-int alignment="I:1" cname="unsigned char" size="I:1" unsigned="">
              <typename><typedef-ref name="bool" ref="0x40384e80"/></typename>
            </type-int>
          </variable>
        </parameters>
      </function>
      <function event="" loc="55:/home/zly/tinyos-main/tos/chips/cc2420/interfaces/CC2420Config.nc" name="syncDone" provided="0" ref="0x408f7398">
        <interfacedef-ref nicename="tos.chips.cc2420.interfaces.CC2420Config" qname="CC2420Config"/>
        <type-function alignment="I:1" size="I:1">
          <type-void alignment="I:1" size="I:1"/>
          <function-parameters>
            <type-int alignment="I:1" cname="unsigned char" size="I:1" unsigned="">
              <typename><typedef-ref name="error_t" ref="0x4038cda0"/></typename>
            </type-int>
          </function-parameters>
        </type-function>
        <parameters>
          <variable loc="55:/home/zly/tinyos-main/tos/chips/cc2420/interfaces/CC2420Config.nc" name="error" ref="0x408f7240">
            <type-int alignment="I:1" cname="unsigned char" size="I:1" unsigned="">
              <typename><typedef-ref name="error_t" ref="0x4038cda0"/></typename>
            </type-int>
          </variable>
        </parameters>
      </function>
      <function command="" loc="98:/home/zly/tinyos-main/tos/chips/cc2420/interfaces/CC2420Config.nc" name="isHwAddressRecognitionDefault" provided="0" ref="0x40911a20">
        <documentation loc="95:/home/zly/tinyos-main/tos/chips/cc2420/interfaces/CC2420Config.nc">
          <short>
 </short>
          <long>
 @return TRUE if address recognition is performed first in hardware.
</long>
        </documentation>
        <interfacedef-ref nicename="tos.chips.cc2420.interfaces.CC2420Config" qname="CC2420Config"/>
        <type-function alignment="I:1" size="I:1">
          <type-int alignment="I:1" cname="unsigned char" size="I:1" unsigned="">
            <typename><typedef-ref name="bool" ref="0x40384e80"/></typename>
          </type-int>
          <function-parameters>
          </function-parameters>
        </type-function>
        <parameters>
        </parameters>
      </function>
      <function command="" loc="72:/home/zly/tinyos-main/tos/chips/cc2420/interfaces/CC2420Config.nc" name="setShortAddr" provided="0" ref="0x40913c10">
        <interfacedef-ref nicename="tos.chips.cc2420.interfaces.CC2420Config" qname="CC2420Config"/>
        <type-function alignment="I:1" size="I:1">
          <type-void alignment="I:1" size="I:1"/>
          <function-parameters>
            <type-int alignment="I:2" cname="unsigned int" size="I:2" unsigned="">
              <typename><typedef-ref name="uint16_t" ref="0x40213010"/></typename>
            </type-int>
          </function-parameters>
        </type-function>
        <parameters>
          <variable loc="72:/home/zly/tinyos-main/tos/chips/cc2420/interfaces/CC2420Config.nc" name="address" ref="0x40913ab8">
            <type-int alignment="I:2" cname="unsigned int" size="I:2" unsigned="">
              <typename><typedef-ref name="uint16_t" ref="0x40213010"/></typename>
            </type-int>
          </variable>
        </parameters>
      </function>
      <function command="" loc="61:/home/zly/tinyos-main/tos/chips/cc2420/interfaces/CC2420Config.nc" name="setChannel" provided="0" ref="0x408f7d30">
        <interfacedef-ref nicename="tos.chips.cc2420.interfaces.CC2420Config" qname="CC2420Config"/>
        <type-function alignment="I:1" size="I:1">
          <type-void alignment="I:1" size="I:1"/>
          <function-parameters>
            <type-int alignment="I:1" cname="unsigned char" size="I:1" unsigned="">
              <typename><typedef-ref name="uint8_t" ref="0x40212dc8"/></typename>
            </type-int>
          </function-parameters>
        </type-function>
        <parameters>
          <variable loc="61:/home/zly/tinyos-main/tos/chips/cc2420/interfaces/CC2420Config.nc" name="channel" ref="0x408f7bd8">
            <type-int alignment="I:1" cname="unsigned char" size="I:1" unsigned="">
              <typename><typedef-ref name="uint8_t" ref="0x40212dc8"/></typename>
            </type-int>
          </variable>
        </parameters>
      </function>
      <function command="" loc="117:/home/zly/tinyos-main/tos/chips/cc2420/interfaces/CC2420Config.nc" name="isAutoAckEnabled" provided="0" ref="0x4090fd30">
        <documentation loc="114:/home/zly/tinyos-main/tos/chips/cc2420/interfaces/CC2420Config.nc">
          <short>
 </short>
          <long>
 @return TRUE if auto acks are enabled
</long>
        </documentation>
        <interfacedef-ref nicename="tos.chips.cc2420.interfaces.CC2420Config" qname="CC2420Config"/>
        <type-function alignment="I:1" size="I:1">
          <type-int alignment="I:1" cname="unsigned char" size="I:1" unsigned="">
            <typename><typedef-ref name="bool" ref="0x40384e80"/></typename>
          </type-int>
          <function-parameters>
          </function-parameters>
        </type-function>
        <parameters>
        </parameters>
      </function>
      <function command="" loc="78:/home/zly/tinyos-main/tos/chips/cc2420/interfaces/CC2420Config.nc" name="setPanAddr" provided="0" ref="0x409125f8">
        <interfacedef-ref nicename="tos.chips.cc2420.interfaces.CC2420Config" qname="CC2420Config"/>
        <type-function alignment="I:1" size="I:1">
          <type-void alignment="I:1" size="I:1"/>
          <function-parameters>
            <type-int alignment="I:2" cname="unsigned int" size="I:2" unsigned="">
              <typename><typedef-ref name="uint16_t" ref="0x40213010"/></typename>
            </type-int>
          </function-parameters>
        </type-function>
        <parameters>
          <variable loc="78:/home/zly/tinyos-main/tos/chips/cc2420/interfaces/CC2420Config.nc" name="address" ref="0x409124a0">
            <type-int alignment="I:2" cname="unsigned int" size="I:2" unsigned="">
              <typename><typedef-ref name="uint16_t" ref="0x40213010"/></typename>
            </type-int>
          </variable>
        </parameters>
      </function>
      <function command="" loc="112:/home/zly/tinyos-main/tos/chips/cc2420/interfaces/CC2420Config.nc" name="isHwAutoAckDefault" provided="0" ref="0x4090f868">
        <documentation loc="108:/home/zly/tinyos-main/tos/chips/cc2420/interfaces/CC2420Config.nc">
          <short>
 </short>
          <long>
 @return TRUE if hardware auto acks are the default, FALSE if software
     acks are the default
</long>
        </documentation>
        <interfacedef-ref nicename="tos.chips.cc2420.interfaces.CC2420Config" qname="CC2420Config"/>
        <type-function alignment="I:1" size="I:1">
          <type-int alignment="I:1" cname="unsigned char" size="I:1" unsigned="">
            <typename><typedef-ref name="bool" ref="0x40384e80"/></typename>
          </type-int>
          <function-parameters>
          </function-parameters>
        </type-function>
        <parameters>
        </parameters>
      </function>
      <function command="" loc="66:/home/zly/tinyos-main/tos/chips/cc2420/interfaces/CC2420Config.nc" name="getExtAddr" provided="0" ref="0x409131a8">
        <documentation loc="63:/home/zly/tinyos-main/tos/chips/cc2420/interfaces/CC2420Config.nc">
          <short>
 Get the long address of the radio: set in hardware
</short>
        </documentation>
        <interfacedef-ref nicename="tos.chips.cc2420.interfaces.CC2420Config" qname="CC2420Config"/>
        <type-function alignment="I:1" size="I:1">
          <type-tag alignment="I:1" size="I:8"><struct-ref name="ieee_eui64" ref="0x40881ad8"/>
            <typename><typedef-ref name="ieee_eui64_t" ref="0x4087b010"/></typename>
          </type-tag>
          <function-parameters>
          </function-parameters>
        </type-function>
        <parameters>
        </parameters>
      </function>
      <function command="" loc="71:/home/zly/tinyos-main/tos/chips/cc2420/interfaces/CC2420Config.nc" name="getShortAddr" provided="0" ref="0x40913638">
        <documentation loc="68:/home/zly/tinyos-main/tos/chips/cc2420/interfaces/CC2420Config.nc">
          <short>
 Change the short address of the radio.</short>
          <long>
 Change the short address of the radio.
</long>
        </documentation>
        <interfacedef-ref nicename="tos.chips.cc2420.interfaces.CC2420Config" qname="CC2420Config"/>
        <type-function alignment="I:1" size="I:1">
          <type-int alignment="I:2" cname="unsigned int" size="I:2" unsigned="">
            <typename><typedef-ref name="uint16_t" ref="0x40213010"/></typename>
          </type-int>
          <function-parameters>
          </function-parameters>
        </type-function>
        <parameters>
        </parameters>
      </function>
      <function command="" loc="54:/home/zly/tinyos-main/tos/chips/cc2420/interfaces/CC2420Config.nc" name="sync" provided="0" ref="0x408fbd78">
        <documentation loc="48:/home/zly/tinyos-main/tos/chips/cc2420/interfaces/CC2420Config.nc">
          <short>
 Sync configuration changes with the radio hardware.</short>
          <long>
 Sync configuration changes with the radio hardware. This only
 applies to set commands below.

 @return SUCCESS if the request was accepted, FAIL otherwise.
</long>
        </documentation>
        <interfacedef-ref nicename="tos.chips.cc2420.interfaces.CC2420Config" qname="CC2420Config"/>
        <type-function alignment="I:1" size="I:1">
          <type-int alignment="I:1" cname="unsigned char" size="I:1" unsigned="">
            <typename><typedef-ref name="error_t" ref="0x4038cda0"/></typename>
          </type-int>
          <function-parameters>
          </function-parameters>
        </type-function>
        <parameters>
        </parameters>
      </function>
      <function command="" loc="60:/home/zly/tinyos-main/tos/chips/cc2420/interfaces/CC2420Config.nc" name="getChannel" provided="0" ref="0x408f77a8">
        <documentation loc="57:/home/zly/tinyos-main/tos/chips/cc2420/interfaces/CC2420Config.nc">
          <short>
 Change the channel of the radio, between 11 and 26
</short>
        </documentation>
        <interfacedef-ref nicename="tos.chips.cc2420.interfaces.CC2420Config" qname="CC2420Config"/>
        <type-function alignment="I:1" size="I:1">
          <type-int alignment="I:1" cname="unsigned char" size="I:1" unsigned="">
            <typename><typedef-ref name="uint8_t" ref="0x40212dc8"/></typename>
          </type-int>
          <function-parameters>
          </function-parameters>
        </type-function>
        <parameters>
        </parameters>
      </function>
      <function command="" loc="77:/home/zly/tinyos-main/tos/chips/cc2420/interfaces/CC2420Config.nc" name="getPanAddr" provided="0" ref="0x40912070">
        <documentation loc="74:/home/zly/tinyos-main/tos/chips/cc2420/interfaces/CC2420Config.nc">
          <short>
 Change the PAN address of the radio.</short>
        </documentation>
        <interfacedef-ref nicename="tos.chips.cc2420.interfaces.CC2420Config" qname="CC2420Config"/>
        <type-function alignment="I:1" size="I:1">
          <type-int alignment="I:2" cname="unsigned int" size="I:2" unsigned="">
            <typename><typedef-ref name="uint16_t" ref="0x40213010"/></typename>
          </type-int>
          <function-parameters>
          </function-parameters>
        </type-function>
        <parameters>
        </parameters>
      </function>
    </interfacedef>